slope_deg,insar_creep_mm,rainfall_72h_mm,soil_moisture_pct,elevation_m,landslide
30.599706536604938,36.01339619736978,7.178796456874208,71.89882524589942,366.6443123325686,0
62.28928685254539,34.364150220656384,5.163428833440836,53.80838986695065,319.90141991397854,0
50.25966679962728,4.787709933167883,238.7704130936316,19.6236723425542,860.9386732006044,0
42.92621663083701,46.12862024529,19.500383977658473,91.23634250714964,2298.3023700233243,1
18.581025224334006,28.42361010784098,487.39361406287543,96.36731802873962,2561.8691454359678,1
18.579698618491143,18.186276056784212,114.92226139798902,50.7766034625823,1279.4209147464953,0
13.19459866925097,37.82692917476533,238.96904103559814,65.93384701497416,1707.9964915166966,0
57.63968801762144,12.868272920081703,35.26312685605069,52.374785978230975,2065.1315048884517,0
43.06132564587649,34.67549185231602,263.413966004773,41.716011023548006,2682.3417481293163,1
48.943991778782504,1.985560378612361,193.0782819479672,21.417459807198032,2582.330593243579,0
11.132147186269135,41.9704018804636,27.10671429422576,52.85362162297581,442.9807584534498,0
63.34504186890969,22.408542351065925,170.88651201463125,82.92591817783448,920.414608023202,1
55.78434524402319,31.834645717897086,198.76083001031353,16.413611270304298,422.86135988794274,0
21.67865108730519,11.061890990334183,495.0111381810953,63.31493770395845,1841.3560524726283,0
20.000373196390534,33.8536856329224,107.90350660009085,88.10408502431518,2076.2332911815975,0
20.08724804193886,38.61201379466383,274.66590960819934,33.05660269119171,1070.7085308912788,0
26.733323362774573,23.660659344219937,493.72119685332115,30.21023676919216,2434.6297703330365,1
38.86160373977308,30.886346203089715,397.0495079303669,79.09895993326128,1432.0318760287444,1
33.75697602531636,22.81629619111993,496.716912936634,36.17217378290134,2795.9537877425314,1
26.017602710892305,44.704568462892276,484.30766575678376,30.934694207533823,300.9992314733123,1
43.651909209730874,24.89345902571596,247.32207333660637,46.373107797246504,573.7242710463916,0
17.6721623358623,42.090435451440946,349.70604568593006,47.577667018428095,1054.483107338351,1
26.067955669436998,40.06760291351243,59.66934783586979,87.55038823037498,363.7689948842829,0
30.149901381153043,20.525241067417827,223.36866839816693,66.33080817049517,2255.848644345627,0
35.08384913193697,11.504224592873753,405.4641784220152,48.694800876185916,431.9294696782181,0
53.18467787661575,20.30410662798855,255.14098388368598,59.354201035718646,2172.449083234568,0
20.982058018709786,41.310868788761006,352.8360212445298,94.17911436599776,431.42114697387353,1
38.282894112748636,11.381626790969618,374.1469083422171,24.396818158621315,931.8181616326141,0
42.58280128741234,26.22181729288747,130.46722491523246,32.24038830314939,2403.192039146324,0
12.554772699599875,40.30483739803737,438.4711896065699,94.88988264668409,2677.7382355943105,1
43.41496685457911,17.67387375641894,232.61210330004357,94.45796242775795,1336.3158566512807,0
19.378826802801036,32.11048185013487,109.04162629266415,29.70472996497613,2724.847410781378,0
13.577837614190374,12.281578702440726,433.38086148527964,27.044031821399752,1867.2023093963564,0
62.18870454893333,5.463972268407996,211.82030902259555,49.95006615010544,1339.5878060823286,0
63.10976181910077,39.719211254642815,376.40465699796124,19.126618276501436,2307.0033599197923,1
54.461854146405365,4.948431170435342,276.2763707496885,69.35699317966663,1038.321300350503,0
26.753757304535387,13.56906975397923,194.0265173560777,21.4321697979246,964.490653400546,0
15.371966270351113,42.755471099872004,405.8888254440918,19.8164590488253,1941.3691922776857,1
47.63281645816863,17.32346435393336,294.31261616408347,55.27051570533449,1276.2184049202374,0
34.20838715567807,48.65226747570806,198.3282407013807,94.49629079713843,639.7950673624489,1
16.712102916462836,48.986716738692984,59.250945815887874,50.42406269324224,467.410588224772,0
37.23473005611986,13.413801022677834,448.2454303145204,44.587936168825735,2269.6064406211935,0
11.891368661337012,2.0489111124945225,22.557444744124943,97.83040738668973,1989.7768295058615,0
60.01262211433301,35.253164210268956,432.2777374421878,59.153423744672224,1329.4955615165084,1
24.23289898800093,22.549325132417188,183.18095481716196,46.14503677189063,2540.5690879276417,0
46.438725639469006,5.037642197978815,321.4726879331959,47.02644750735295,1327.1418811064989,0
27.144109184917603,35.37614094890214,461.4888632986642,31.18163817078137,2075.738678663459,1
38.60374116477959,1.5587454555960611,80.09477467442971,57.51451376814573,2572.788188018232,0
40.069065363880384,43.50983452461211,285.640485441211,51.42496733794448,2401.7886467711087,1
20.16699505390399,6.932626455665186,383.39426687324504,37.47600959683531,1577.7619408489475,0
63.32715452705072,6.36559393733625,380.0039971959334,28.324827187946063,2001.5909811168317,0
52.6323052848613,8.783614898429226,265.18779772675447,40.83282609940696,1334.1644418184226,0
61.672441786030404,48.01331792460333,314.2460326536968,57.22071619808153,1917.992930735285,1
59.215504273520686,34.6584680126923,379.97586209575803,19.841661599638538,943.8810958634897,1
42.88449883460968,40.06857677318184,421.3086806899188,27.760754372468348,1386.8552844238832,1
60.70308292627143,19.88174928663765,382.09748295355257,93.65555315843491,823.8643440045976,1
14.867087612855572,16.815636375247777,180.23244687471512,60.05699413560114,395.46238169887005,0
20.779057433052984,11.724200339158497,498.3795685235779,20.266292203783145,1771.3496264384307,0
12.487500890079595,24.03240141562045,220.07883339105567,72.52628397787456,2461.073363376994,0
27.893168191979537,27.591436676708426,17.110027865672045,20.129638216559883,363.9456865579788,0
31.37725093292151,31.58874218263777,184.4953910348037,76.32656084484896,790.0743518232398,0
24.924196747564274,12.855925199934726,68.25256251405241,77.24690590276222,1450.46264817605,0
55.58056300335611,47.432704045149535,65.11409478554563,69.03955498718797,1964.7420421056333,1
29.62143296814741,8.487924910356792,144.3598448529127,75.77297720340601,728.0729841747161,0
25.45139803280594,48.28265873832061,31.420869617744117,22.301159824083793,441.7370724265607,0
39.848284573703666,0.7428061253751894,345.8135332627337,75.3227858454872,1597.621794317223,0
17.750832373611946,24.05628459084228,41.62449767994301,26.345130537082284,2346.7742826432723,0
54.120833941472185,16.668391905828138,105.62832994079831,43.17899030356304,388.0872732819282,0
14.100285402387396,22.45617069651254,50.985358674589094,93.24785604055253,1173.4236258975648,0
64.27878151302845,28.53322894903945,36.26802679700038,56.738664645708624,1958.786856983338,0
52.473462311316155,21.779457900635453,137.53707444207313,95.29639386289014,626.8550152561675,0
20.92936248437948,20.74234251507975,288.0899889918831,22.38056408759922,889.8669422318919,0
10.303716441798132,36.63617077066533,482.51935044118665,54.63719776374395,1638.731609465665,1
54.85037856501588,34.29381375432323,438.4005439030551,20.179392582980263,2683.079240910545,1
48.87715391161894,41.663564101792396,438.58729309543577,67.30745177914064,1018.3565456093902,1
50.0953942422543,12.497949061974778,92.15318283864052,21.53268111358686,1518.8185530517758,0
52.419869067727014,30.476425487703178,136.12906078142095,29.555527610851318,1299.8271576610457,0
14.07245584537497,29.259739269642694,42.81469181367632,36.48291573575028,2543.4916800752,0
29.715615069934994,18.486890543634438,390.3418282580166,77.1457396881521,479.72466007778905,1
16.372798273882132,24.302877095134047,39.559069235353164,28.608855861900203,1715.3689783519108,0
57.47068842315765,15.689107165286437,280.56435705632236,85.27046042332462,2415.29924797486,1
44.28139697551568,7.09221988084926,127.69840830035562,25.948026922956473,2770.2939426564794,0
28.199391366895703,10.690060533136641,125.50558884422865,17.925289272822976,2046.8137438045185,0
13.4957092657313,5.275682320060055,495.40890234756455,47.78876977448243,1249.8386891663113,0
27.10402769436142,34.15347875950621,379.60600445437603,96.2936562836175,1329.5608813348597,1
27.88508271147109,33.03636965545758,419.2849823540698,24.158404906468512,1179.2055493569098,1
50.12833980859352,47.53031857899364,288.13142924528626,23.44263085528921,1809.0327495173835,1
45.06566092453672,36.48392068236206,436.1520722599059,77.34682039603678,2148.5144267956275,1
58.79670084169796,2.602291937806572,324.5178168873447,40.909420601465925,2348.6689089723272,0
35.97182088390721,44.21225869644771,473.35598387419094,74.53437422973451,1341.4827742079297,1
16.57768352660659,43.13375814728629,144.2626000925902,31.600878923799158,2091.771255647598,0
49.228463297264724,22.166016038634933,299.683175162533,53.18597551844752,2590.556480074441,1
51.84317767392936,29.293152526396078,346.6150172287616,37.019059853160186,2602.0619861267633,1
40.87024586632229,48.803916623625945,199.5039659887643,52.47684183496421,2060.072506786606,1
52.40319489750085,26.615218192408314,440.45545129000635,78.83505868458022,1892.2554820313403,1
37.15875780004149,45.266091418804486,490.00256573655645,78.24682505964591,1628.815188812517,1
38.75030561600967,4.151937890509322,249.41589822946747,57.80909987691906,757.9941704553214,0
33.51475600972023,9.552593435434142,198.36712412814785,92.05486302884724,609.0741315135463,0
11.398051970925236,22.03774717206589,238.60927463544704,36.89408050320674,1514.2775169734507,0
15.934028484631746,29.237840416865236,427.10468913730614,34.945842142896346,698.6103905186483,1
11.728605212770384,40.81139259314001,324.506870631493,65.945931297561,1742.49981417334,1
45.00257261950792,49.41310575715934,27.16232439645706,66.56765383999348,1914.2568257530454,1
27.289578959197968,19.442574823705822,273.37410567062886,18.86282328389284,1614.0389938001017,0
37.971388014058654,2.3707818070042466,13.563560756780058,65.4455501281125,391.06678128153413,0
59.91615606593512,40.05857516476624,390.37500864668567,46.078201059968194,444.3198970058304,1
23.71107260318812,30.219035954140406,167.51457540351956,77.0377296016064,583.3529617037136,0
32.57106076695963,9.927142943410082,238.64370364807803,82.07277015725765,684.1145124708476,0
51.55531261986768,24.74142283107101,400.34566242427786,60.82876702240404,2774.706534423333,1
22.583899102039236,37.11551227668622,27.99216455645197,15.141517614688002,1161.2375421578063,0
14.233895040583615,38.520589353432186,83.47806011784716,67.81836224383129,1029.9334341032154,0
25.936329910257243,24.9809205999381,201.99038634033184,77.15714621227255,430.6665891605727,0
18.867170798970243,15.260726506442957,118.81295595505249,35.66561109721568,1888.3009767139913,0
61.13337087884152,48.687129101924675,172.26120575865625,53.56561809468547,1930.4769628282017,1
54.446620876042935,33.168130547824646,499.0964952567702,95.15530974317842,738.6217239466616,1
44.83720660807329,20.411875967314934,413.5801465990363,39.743590931710585,2598.1038523115326,1
57.93033246032447,14.02316121023262,442.53139840525375,33.521719836464484,2301.233866487818,1
54.20196422945129,36.55514915017811,468.8420436150588,32.50094760967484,875.7982920187701,1
20.26135323873197,12.109172279688385,173.76326075552683,61.38046925138169,1514.6243272913434,0
59.09074491694878,8.58549944868441,152.05309410925398,93.83232940856453,1445.9771404971248,0
39.66382330536079,26.491694448103516,120.86093382317708,65.52128072362945,1171.3011108558019,0
54.40920853402344,14.499369632207094,415.9078710975207,40.175818979725776,2344.086782064033,1
59.28502149579213,31.445257246180752,341.3781718311665,68.00129157959869,573.1612140528775,1
27.49019112345251,5.896933743711674,121.90513132902426,66.86191070061636,1338.2855995694817,0
16.052855849022222,32.74705522836608,191.61194545917516,64.5447862655613,1370.0778263730426,0
22.53643393980679,14.164826399885111,255.82232314673513,28.232375171729068,1471.8140115354493,0
33.490928374444096,0.012146721725636578,266.42932835050806,67.66904434563452,2453.3749777465714,0
54.99081212573712,6.346802883708818,444.92022563309877,50.70364955870347,845.4171755037531,1
57.34018207909889,46.6807688917547,193.38023580887207,16.54314086571177,557.3079337806819,1
10.382367179215489,43.367731955767894,454.7193950977536,59.8004524332421,1844.5211570527701,1
38.091101641766116,11.680451601811843,223.47694235829587,97.10913985312867,734.586187445118,0
32.95760517318284,38.91859522727456,374.45447402221515,44.028386040050634,487.3302146365494,1
22.215929575890165,30.428579658698713,465.4758883926027,95.14141512044863,1366.6230514276338,1
16.592595203352555,48.545235572493475,454.24997346181686,22.98507655799535,849.1160771453524,1
28.568834427199537,18.680282976702955,33.191669311362176,75.79335961698641,1203.041547169959,0
61.86003371518856,34.073030625858564,106.82362601340206,24.489389557015333,949.2777002561437,0
27.77616126114154,3.176786121195929,241.06818563847617,37.70644060508776,531.5911568085394,0
38.53348419588514,19.8123673408203,218.6193735267881,62.379789331736326,1700.868007310504,0
48.66604273923478,48.190883059409025,322.2413740944175,64.20071460007016,367.5460450987142,1
29.99962813086117,26.949043722506026,472.63098015857906,79.34253933043621,2715.9383699859986,1
63.44801454965284,14.393975166742228,60.64033208258466,66.07084679987746,1153.3263043374156,0
62.934601221816116,6.013548156430343,228.67003924144902,64.27002046358655,2037.8937762245096,0
23.848026270395028,35.17641700907652,100.24346375413396,90.72530622009847,2325.9071813686246,0
37.348667824081204,32.24280217148634,447.583261206984,52.52934243336005,997.7619888488879,1
26.54830703992233,18.69693568018873,482.4671919718182,33.69705963168957,2171.8467727751704,1
25.66622719076072,47.547067593291715,241.9573325357233,28.42845255696131,2381.052138561774,1
12.028782104499303,1.1101406493925159,56.48509737542967,48.19955153518848,903.2930845290338,0
43.526038368894326,15.18619258159129,393.72086002772323,74.15847868107674,2781.236692240182,1
37.64734627758738,46.05347431497907,350.0849684937375,18.531109249181775,351.7217071052234,1
12.831331318749415,16.04677191597202,180.5620591721037,25.711431080280708,842.5012005888527,0
25.325555533013627,12.612641692758519,444.26669961463693,23.807417188602074,2250.051890692482,0
59.954623728165956,26.711020496562366,488.0367854424401,63.57576270327108,785.3275626393822,1
23.175903986683483,41.1900874960269,281.1376553194467,35.1577659940951,2045.649658265516,1
17.969217965017272,5.1573380439180525,285.03531611542473,28.799532549015908,2438.8260124572594,0
36.919901815265966,47.15103548228681,152.26918503132003,64.19996973867086,2698.0356815856503,1
64.21077497608303,39.7536440590582,294.3304878117405,78.18872298254747,1485.6187885006739,1
23.313039933132522,9.062512777577597,222.62294865979902,42.56885806557114,2727.7728074552933,0
46.96745510732332,35.60039805990813,154.5845583293857,62.99098227115748,1329.0557417041964,1
51.88907884307947,19.247936131877857,38.25667227933115,23.144326295555196,845.3200991859644,0
23.07006491958198,20.114733903815935,130.0903905560168,92.6208555279783,1584.8046327118132,0
50.051899173652274,39.16450462194332,102.93805159044389,42.962383381126145,1924.5581107787316,1
30.228072299558928,48.13924039903661,273.3107823542047,97.7929725334006,1444.9082901248594,1
44.77682068264687,6.332793642359697,302.826660772979,96.22278373553192,1717.431109916979,0
44.844134091849206,21.03151184394097,306.24300353147817,79.64234629487235,1341.0229693179715,1
39.46760762411172,24.047080404215176,197.14959551761115,16.665568918778238,1611.9048850531244,0
14.965937352992457,18.81559084774988,213.5087181743205,60.108418391902156,2681.489179866404,0
55.94163725740809,18.15945618581125,417.9480226721168,22.207422896520953,1549.5778813408301,1
27.64290357344547,2.6134333780798267,240.7352426909954,89.29645615480584,932.9490820231506,0
20.258518071991983,34.276931028131166,493.94779940787555,80.53980896973444,2196.866553781427,1
12.242632785512015,21.81072085600227,222.61052885438812,95.70425125744168,1143.9611444538732,0
42.4991118753533,9.739690132196339,326.5425675858303,65.49578511143301,2340.517927053477,0
47.266039901325534,40.80167511510342,29.92968450173092,58.34034277220005,442.1049724597129,0
10.912330591032088,40.128037407581395,328.40326258731136,58.074830043384175,1130.4449427717284,1
38.165118206460455,24.31958140444469,426.456065235428,47.075215079710624,535.8997706515986,1
22.457267635886588,14.922533057388026,471.5166300739816,53.9012755800187,513.2945606145786,0
45.48450347251974,31.90463628982262,498.6737027616864,67.73924440023407,1945.973897931093,1
19.59015359527453,14.407606788870153,144.6784295963704,92.434651427171,1263.3370033840185,0
48.00157559563563,11.800396516185602,289.80818208872984,64.45840007525058,2478.6973549627814,0
31.27044404652956,36.52573270131633,228.10540283841294,86.14062321234148,1591.0128446838228,1
61.5201493805204,2.0162619860475353,284.08965288470966,86.61073263810755,1038.358052930707,0
17.56365192802963,4.7384235517296975,82.93921380897409,58.063112095405515,2102.222219905487,0
28.75864930776422,0.33940870117948885,428.794038434991,43.839980244302595,1860.0419789642492,0
16.2410436682324,7.647159323771308,455.23662695557084,68.08463148656273,2298.9865520730086,0
60.85814900532095,3.449500435522973,227.58252324089665,52.00781937893195,1908.9706908547125,0
58.25366443595396,49.79011838899593,143.81278147892056,21.75959198772043,717.5335427473007,1
24.18678952433356,14.440498497704478,74.7125466882411,46.35815533589199,1975.775094167665,0
46.299122531879846,7.4634006334623635,343.4635882650132,97.50798745809396,1278.8729940395258,1
54.94722101106687,12.049812899795898,159.55476061226392,19.02648521218184,1457.8575756439202,0
40.53604463797043,46.80627857700673,455.2215921071274,72.82335368777692,2603.911439343362,1
39.130781809580355,26.008011151219783,337.1511750482107,84.8186625209135,1199.9101157443674,1
23.301875999524842,18.240904815392845,324.61423596124916,68.84424998845643,1829.897857477097,0
15.120652229324456,43.669572895460966,281.9040473696292,62.28910318655307,1208.704333530599,1
59.34686668743297,19.749513527451622,27.659288017219176,73.72701660923687,536.8187133944793,0
59.52299314398317,16.75042849788479,466.3016056643655,50.63544719587142,1433.8133551207513,1
44.820580150029734,10.364126127486777,315.8290591832327,22.58302419663677,1792.6537611491297,0
28.64663850767854,18.889841195470574,497.06068177463965,94.87685560718069,1318.7582300939966,1
29.20652660369635,15.8342178008463,270.9914203625791,50.88096390868827,1276.665461695461,0
49.927562337863165,33.865197964907054,356.5048914935755,70.22730668494546,2350.9462847359923,1
59.34106429739174,14.479135233536356,32.82373114377997,59.098766261811505,374.2129307236755,0
58.78975333458145,28.859987321128074,317.7094075275884,19.53786497413703,1038.9634918502998,1
52.89315502216931,3.2946082515986355,383.50155773722685,94.07796788238069,2329.393163443029,1
45.31174053848583,9.564457834825719,390.36457595201585,80.78058976748883,2601.3253715279093,1
14.627698074727686,20.37026358056744,386.2052678539913,27.37512524095978,1330.7489646020706,0
18.889579275203758,46.84746269543477,117.0099005103655,96.47685673192615,2521.985607990191,1
59.42048036898936,18.86259928578477,487.8222464145868,76.16281389025175,797.3253053125818,1
43.35359828127745,33.2037060599917,497.6151497093447,54.202696985549636,853.5676696504315,1
10.50583783891463,12.754361121069907,42.419958204992625,65.74371469444458,2415.4784414620085,0
15.580934857631766,6.351678798661586,468.54097929181984,23.859144607211594,2558.1443533515453,0
46.49259730094307,2.9268300040025066,148.2773511806628,61.51415533129571,857.0144199066688,0
10.278387111542028,15.270674927137568,346.1956204667276,21.11386897741593,448.31047492152777,0
18.844442827962425,7.883051339845398,172.3649057643854,60.22298634090206,525.8103426382194,0
40.18035841516223,8.70052240080621,484.03839006969514,60.87374216731119,953.4520884409081,1
48.05423587309813,38.0379654193475,55.24440986025006,87.57841916834174,2203.622692866987,1
45.85786927264303,0.7919035472437108,251.38467439340613,75.1797725226004,1574.979569490707,0
22.334812020330787,27.89050628677172,216.88365701132696,35.71284855385497,1438.972105606924,0
49.16985717411447,18.97306902967324,166.38160887760253,88.73936980159212,1760.3498279150024,0
23.048699812324003,25.32749999542736,324.53932548567354,62.57914118238448,2525.5577836554653,0
27.896983398759726,28.141511860730144,69.8725929937254,65.3294967216448,526.075948914144,0
51.05702728149133,15.668384722863909,359.74789697617996,29.0254536454408,2036.8103190914533,0
45.72980944759681,14.755443009214265,490.39310128336973,86.19520846543645,2616.9771141385127,1
56.707287577179784,36.67009246674529,403.25656366197194,92.27010454637315,833.375104396,1
46.16870907651889,43.563849406057855,430.70829269022494,79.32422390807737,2394.430789904586,1
41.25697318345094,9.629081622926394,183.02018787360623,93.08245356953552,2045.0617768987556,0
15.152112230545086,4.880938026757447,165.81887020820326,40.09089204215471,336.17134018286174,0
30.224369168268844,44.889790319601296,260.93893557161596,86.47289097411,879.0292009053205,1
24.5861302224949,17.494773182369933,27.634674307324982,55.57813085769063,1814.611902239702,0
23.419430385849594,27.565869533140706,472.95227655598364,28.60512784431755,1556.000848728029,1
63.515580511384506,17.977157226000173,76.17366064301514,70.5104497197723,1619.840631317165,0
31.620374856671823,6.290116817302565,451.99145438820574,71.78198246858796,879.8260615170567,0
59.06256053474123,29.466582247386402,46.37319989017607,38.81473464180528,1987.5086767715666,0
44.712624429849456,26.257042588481482,412.19933920088727,17.281946525088316,966.0459273419423,1
53.714621694790665,10.149677959559861,80.22145030971649,31.587322504101756,1273.5874161961347,0
37.645040120785566,22.593452232613892,23.875148975278986,48.1815364569326,1222.2897897001906,0
41.72971365444975,39.847375200782295,361.1472778784073,28.907721617969088,1980.0625552997465,1
37.088473160037516,29.52130515539457,143.731323586342,31.104485703887146,525.6319042080435,0
20.738364328892448,4.845866353349742,358.675595628253,47.48542514372837,813.854752600463,0
49.73486633938279,27.401074861456753,279.76719898404576,94.8282889876105,801.2426767126697,1
25.442479934247068,35.136914964479345,58.859658163882465,78.43221177883481,571.0616852892753,0
11.337378153729961,39.63517028903757,466.40438628407605,41.53911730180482,818.9874470911476,1
45.50097627489423,31.45587893171334,228.8955165079214,93.9831377202395,1817.6506698083858,1
19.741087367387692,7.632908227039187,368.55140251035056,68.58868375747481,2130.4204271854705,0
61.725222139410285,35.50866332950803,253.00518314773444,52.80232050513163,1950.7586174228068,1
62.46607173514231,33.86709230407582,304.15893010579634,53.868916513277206,1487.9703449522058,1
60.317541462124666,1.221344147031661,154.87292821656274,49.09179083033752,431.08642774015914,0
30.358728514049442,20.587383379512158,104.1783504817079,34.338340361312994,2697.5175267169375,0
10.850113909087709,16.647512348118664,273.5722506869936,47.09047195373758,720.1911520937299,0
61.0575209423249,33.47060321268217,222.90839162064597,58.815399875601585,1971.0534260141771,1
33.55012815745229,10.806790615546035,198.1060406497969,58.82627011060834,2582.2265387052776,0
63.16601504740183,29.543596148712925,337.9207615718384,78.224162883639,2044.4427399524714,1
62.99909873990891,45.660298090708615,346.8007828455123,44.78022214406026,845.1241004723756,1
56.91552005070481,39.890118610430385,27.730427765175204,74.49423643222805,1089.4907469100576,1
26.194689063827212,46.07288681082652,172.6785246506177,62.981622617800824,375.51466752773797,1
31.18037507310589,48.9252983466345,208.8234523620568,94.83316857572726,1831.8956021052838,1
56.812516933427126,0.5335063503081383,52.96161977626321,46.97864886082056,1832.4824522039166,0
27.43071028359527,31.137063818873877,121.77092901565274,89.80096653364559,2113.7514534409484,0
19.322101067735087,20.641969887945322,30.562689625264536,83.11333142575802,327.49072318905337,0
40.62406943520926,42.992724516756084,498.1398388154252,67.92613562092492,2344.6032220611664,1
61.48851257884295,12.590735100456584,369.59581547007303,69.32470073959573,2146.7773935007704,1
48.281638817123515,49.051474455753805,48.28782746886307,22.025944572332087,652.216523810222,1
41.35336435491507,30.685398477187363,15.023442996095596,93.86864226425489,1169.0665231724465,0
15.34470715739227,39.676870111441545,361.0474610753787,23.875693270146744,1896.312232260542,1
43.825397468454334,4.279977641138416,222.40012201292015,61.74836462571109,1539.4921873508197,0
64.45296175573448,9.172894237943252,394.4643709869651,42.395876437279824,587.7356597531561,1
17.70462083800882,37.92018365171016,462.1206387200999,50.6777141980577,518.3634378414747,1
38.508130880005524,1.0993261019661804,301.6536925631044,65.64518989945581,2253.6407477702287,0
58.25551895603755,40.84389929468914,97.61866934404026,90.43466436423269,689.9177950445246,1
50.74227397648124,0.6974509345955726,392.186047842994,52.97807125650102,730.2316848261089,0
48.335865754739736,32.85594195306366,478.12681287131534,96.98155309043462,2377.307813391894,1
48.63662461929101,18.254696011590294,292.2144870946782,64.20340142417447,1830.3490864080427,1
29.772013317086532,30.574742635959957,342.5887364039631,28.32597723930048,1811.789020384931,1
26.147551434547136,34.80157034945569,172.04997404315316,30.77077147099394,1498.36442840835,0
54.51486355131825,17.12376095931521,193.85620885685407,74.43721595390784,1722.4875360057274,0
54.55623670735494,5.398122405541778,368.65397643726664,19.183016922200686,1804.4242259295277,0
57.688977521905706,3.482293387413282,464.2466937113755,54.868350826444825,2719.5655871089507,1
60.22823039060592,29.446801128127394,316.34925167605434,27.302186113691878,857.4332686689481,1
38.12383193735158,26.032767686705576,395.974714700247,50.957146719761134,836.4060492511477,1
37.58339620779598,37.110050456056626,89.95933362060964,77.24314603195272,443.04621926328923,0
53.90623484317263,25.486775500196856,109.91974967769691,53.081473044039036,1945.4969970233058,0
45.74801619277709,21.122289501543957,268.3571699825281,28.566442045416938,1672.6054520556547,0
48.60817824917368,19.904358911811542,92.39432516020607,35.909805739601325,578.0980096165995,0
53.76859681898556,1.3223451298833733,319.3225597593572,45.505785858131134,1211.347337795468,0
58.95029379996615,16.777860084832856,149.368326770376,20.773578229372422,746.6580133280096,0
28.58973362683447,48.80100787622471,396.8086462401115,63.50002379473312,1128.704351002154,1
30.65706239519692,43.67777881135444,405.01462157410003,65.42530467607816,2678.1604234865254,1
15.169006691247795,16.468903351710885,234.57479059889977,20.158609952003097,2008.2970972013222,0
41.80540775478957,29.38977025331861,94.50126434362946,48.39183965745545,318.9227519878549,0
11.976825058820815,42.3648372767747,325.1536057355566,49.362056679432165,931.2701844603091,1
35.60789099728531,22.063716837503435,496.42957404047525,42.7070241898659,325.90386769444757,1
39.845454908916714,0.897893187507548,313.18249448154904,61.292398447482284,2087.171246921702,0
25.75976886705564,3.7255230909320036,22.708471903433885,43.71447167498928,1473.554505138696,0
42.49582933129559,25.519636067435332,13.560518004705878,49.5619701966579,2785.046729535973,0
11.677513746647719,48.47196878379392,163.57917539369157,81.19445443765326,2133.9581525566455,1
12.054150381206792,34.66047711094339,101.91298439590041,28.455076500706717,1594.7823567697048,0
55.24303083628121,3.5458095719284763,407.46034753593756,66.38651971018393,2311.763570520338,0
29.81048527761946,9.468043789593139,423.1788051828202,56.964335340340185,2062.0091280851902,0
16.98832819585366,38.5661571608425,133.0162917986857,40.32094591078597,909.4404440899679,0
38.72337930301424,42.071987997812236,166.1941645901969,75.38537648870408,1625.6456870687914,1
52.3496454204236,30.88472930942954,121.94224901898176,60.74863384191528,1689.9968120851772,0
21.870156512326375,32.22115848149083,454.64936094877567,54.621006737737716,1428.0792465195086,1
44.25897617004502,1.4168725191692322,253.81142063802972,70.4165531260096,747.9815571384049,0
14.69411057465724,41.426512979075426,329.78783682059986,81.59009556245294,858.4226291447176,1
12.842494664273424,39.413760408541485,210.66363291630364,95.73150957278682,1002.6185023899039,1
39.224504736248136,12.951757205167358,317.3520257847429,67.236080575239,325.63787344540935,0
39.73493168855586,35.43383599827535,195.99841147725937,87.57851878823178,2592.3597304237733,1
45.058644582401364,10.742730321249905,173.1408266759666,15.090597904905426,2015.2399789586973,0
49.935023354746384,2.0165080525756496,319.0676362208727,59.00956249624897,2024.043289461177,0
63.6718643704394,10.056827129518863,297.5757286342497,32.81574654792644,1730.8265345228033,0
38.396519156565745,8.931443837714975,150.29633731313507,22.817973937900383,2023.2770204026478,0
27.76260601176853,16.88739983674236,78.92748290813934,59.153594416344546,2754.656374684091,0
53.7352407122787,20.922474858772905,187.44546344987813,76.98660001037481,1262.9008440862333,0
24.89577381941408,25.426944574885397,210.52283137524506,49.21861936537352,2081.3139671914096,0
34.14342813880999,23.837693775416408,316.1987450451794,70.61891829558809,1198.8225109438206,1
14.315100973824627,13.533730298264468,457.69173800024754,55.64669806879885,2435.7219968670647,0
11.394290887850163,1.4585334287037233,22.911474778797945,51.278126874632356,2445.0715172250875,0
62.94566280728588,30.255081111857535,125.61220120821324,39.09130115617643,2555.6660635587127,0
55.97890662817132,19.78724149236772,100.88939142838237,46.75526170358337,313.6583106046959,0
48.27858133515339,14.933607869377486,253.63573230342288,44.03303735593751,1045.478612490237,0
32.49241194278484,43.347052141525616,217.7018994863641,68.63353627323517,634.8108780039902,1
19.53118760389652,37.33716538990799,365.8736237909933,24.629536436168582,1434.965494725392,1
18.604037346909735,42.88827741862211,124.9958767097076,22.6888186010879,1538.6241066982445,0
23.763359399052742,24.74913973562305,299.2766910461305,69.78107851930221,939.7601070741388,0
40.20746655883663,6.546562606338874,442.50934548197984,60.342739799947104,2108.616230112676,0
49.30277574850343,34.81107180606362,455.7854812595608,50.70660802964058,974.4242929724234,1
46.31085571947522,10.303688996858762,479.5983793388904,27.652759405855996,2434.7284382083963,0
25.396364332026856,22.06148345458584,387.76427027959437,49.115250285152854,744.1484203544671,0
62.51759043647567,3.2500394474444247,453.4640135981629,80.54773635556096,1218.0882369132091,1
50.58433041826727,41.26542012114912,121.09278163271074,88.83856257050833,1855.5943960607626,1
40.48947288812704,6.2970320523750285,102.80256745348612,73.31385530703028,1813.3376761581333,0
43.644641042889376,45.15487535246548,8.211601471360595,19.97271059811311,495.07278001285874,0
33.078003433528444,43.211530113077856,354.8879569274037,70.64401145789284,2415.6465304773706,1
23.625204422563662,23.2291382219623,469.04625796780346,35.00180393234245,1795.162333574438,1
29.578497325819388,37.21841021519953,97.53299579562983,41.16585317119162,2474.6488717679213,0
51.6815360755403,30.972253690907664,320.287069836305,31.257476260678715,2469.0889455696715,1
10.791641874636573,40.15378211688724,374.4975808147799,79.38773062147698,1664.7967259375775,1
16.383995227880394,21.590255039295602,464.169046398288,68.83397617889415,2576.953643278595,1
12.530145311196401,39.2904242122175,325.1958108885247,65.78230953173201,2421.0194970336397,1
12.240084127543359,23.122840853257397,485.2953977106324,70.44172660254992,2695.3073614044274,1
57.0503321206054,47.048289392139694,175.61320480121114,34.65209769652398,2426.2459963985157,1
48.7011822659013,24.318605041257378,178.21462421684677,51.90548638900501,2353.0096275028736,0
36.07956059980289,23.130963596686478,273.7911924571011,67.5600588885661,1473.4012016922788,0
15.380878835805081,39.25359307817563,194.833431152374,67.83730429231893,830.0776509448193,0
37.03887313142578,41.078884588041895,5.705735502328649,80.72370460867583,2576.7718326887148,0
36.040947392931116,27.72445571605854,367.2271524180587,38.829629235113174,2106.3729661151892,1
19.526102845050836,8.98989067475377,377.09993553184927,78.93789810083626,1004.3696604963006,0
33.86184070808852,23.387911547878975,374.7524293199514,51.535311891205666,1152.4893068891063,1
31.917760391855538,48.40362514548392,175.78522997218096,70.62433344089159,2015.1962796430514,1
43.871755392871904,37.64930965195926,263.5332892890301,52.8247085454188,1494.5432708841772,1
44.93015079772041,40.55813019395661,183.18689149745137,93.7346440926483,503.70640461592063,1
12.491720537462449,1.6412749409620064,12.938018015169657,29.88208797355649,653.6198643641425,0
30.60369380445592,23.392973131707993,283.4122259293523,71.02542235233564,2164.121708780778,0
44.422295364283,32.331056682877765,66.26152971158547,62.85240506375719,1121.423821204577,0
37.67249422190483,41.50163418140374,44.620455425263096,29.336676398662803,1569.123571005098,0
57.106941265357726,2.4636826791385733,378.9720390049097,20.478525872368436,2216.5536956338146,0
46.228149739041974,42.62194428209366,9.705570196962285,81.32898428464809,2177.9389842651312,1
18.96139348947863,27.420046837095587,479.70917958631946,28.06846069264001,717.5375672181847,1
13.881281107023641,9.865698528802996,260.05140523572555,30.480054671219406,545.9846609975882,0
45.33306030134736,15.862760822485,491.59313319954344,96.21004059109026,1777.880732412725,1
11.458122079789199,14.096477587578038,33.708798373990675,74.53265067256035,2154.082184828099,0
42.21765697004048,26.54295171442379,293.84712668862704,35.79040785290147,672.599804988526,0
61.712663278372666,2.584283995556591,177.91688280807605,64.0487636925829,1229.888218318187,0
41.651079783173344,7.926807924996177,422.52383394307145,59.3312825874086,2475.6949899191018,0
31.349345941358706,40.63465216878912,183.8052539409717,85.09128120364934,2660.5578539008025,1
45.38085201432943,6.630199537340554,133.9413516333878,75.53362207010781,1435.1744023742108,0
35.203908977033414,11.669813472906348,429.48879791445705,84.03285341593443,498.78983507708256,1
40.00892341237642,22.668530280207865,190.4532803683642,32.55504680212108,944.2411405059433,0
61.78056448270888,25.856044405666523,13.332493330977927,68.13819396246143,882.4248007888325,0
31.235645079042584,38.18052398070793,198.19310491547023,18.339991248725568,897.4093013526424,0
62.86548101031528,22.36662133330939,328.98852316041626,20.72207081917527,1534.704263448125,1
59.79428530758351,39.49323105177694,130.90797170915903,74.22274371448157,1758.0641292289279,1
20.768512413411305,30.917315352272873,218.83385825045286,17.026868519446303,606.2739716998383,0
13.8148715481341,5.654986971191123,33.07399344970163,63.120495738742264,2523.390016320836,0
15.542790075758466,7.816571919641929,296.10593179940884,84.75362317089599,1849.934558202787,0
11.002200410835234,21.85168627248854,379.3659873108949,46.53517009869637,1793.1293256700135,0
15.194362841576062,19.84446965445198,209.5897178935496,18.721756257712762,2768.1974959607105,0
47.56537253789963,37.177213481864726,213.01515323672274,74.24933831918432,1870.3599437328132,1
13.915375665312595,29.036856989867594,48.699836799533635,92.16397555452451,2622.397873252962,0
27.54365966615687,19.406654050112465,104.96072793343137,74.52522554083623,1015.6424308994793,0
56.46814210332,8.538014172519281,81.56427504831677,63.01112116923035,900.3237258662439,0
11.279956465470423,11.341855116274758,243.4354454874613,34.092392879961984,1591.2967170611328,0
54.79576654239147,28.775050923452948,266.9814927706213,16.27617679569325,1571.5223690916653,1
25.502012612536994,21.171940244989624,474.7253649857087,72.65778500376142,866.2091237097422,1
16.49906551919109,25.746375443033603,41.249594617230784,34.17517259507632,2049.139142249869,0
48.32054409502828,8.533871765111684,301.9346467117483,86.22750220613567,374.0845480917332,0
44.59185657289362,33.14531261722829,265.61677102747944,53.708221863106736,2026.5761813736317,1
58.260960743987916,42.62693704279835,260.5353834782354,59.04275333691387,1442.9447153082504,1
50.428907409213714,12.89697533934503,437.2138472544991,77.57673317410843,2022.5187771126975,1
54.19145117116667,24.57571129159133,106.7415429942658,79.69274044767748,1492.7015766037973,0
25.511901491421856,48.77636645104509,25.182770798978872,68.34001914568717,2743.3344572117376,0
19.759174907884756,16.662087027536383,337.7743962789253,92.88984067925767,1136.7123777577945,0
51.28381134024721,29.75231724618806,175.85294474731018,96.53077021459481,2756.4323425059706,1
54.37591065969952,4.5097850100122185,13.707008525199672,93.5914918830932,462.4348561974384,0
64.47778281003704,30.300750123972158,129.43013360875483,83.40687238354731,2009.4019368938914,1
32.69397223012845,4.481588665230896,158.1167532373219,73.56689328027286,1435.5480169622804,0
30.460994718603075,47.961771766191106,310.3349965081998,70.05604620417841,2355.3440638242505,1
52.70271284080982,35.78313260361557,90.42996805438969,23.61126468440431,2274.040174292495,0
28.74419471391598,39.40798940678532,209.46190223693202,37.53320078598634,2300.525457189843,0
61.19165290819606,35.20521803858184,243.8253449868271,15.472122552938293,536.8464982562992,1
57.21270135136565,29.48645180382329,232.322508725225,26.405019229421328,2355.9142496532368,1
33.59467150562601,22.49563905427527,487.10067950005697,51.45604660504264,835.1003936094023,1
51.297908728532356,42.91866898805312,27.524597706196573,27.16253371549309,364.2006596475869,0
51.49985807465753,47.84178337715315,475.7292522939377,89.8380634181709,844.3467992110285,1
15.671812785976293,24.951808645204064,293.0589209270465,81.8730323828284,1498.212761749582,0
59.640409867376164,46.5767524577631,398.88521891006997,20.943788703430013,2155.27839977858,1
37.788880484632145,29.166645499425876,218.04434591795734,35.65983838378308,846.5812020821343,0
55.455160635925786,26.91920934482166,229.6497512222053,82.98296642275523,582.5188702256784,1
27.602728056683645,22.724136647767835,440.2666170128327,81.6528285044695,1914.9181375598557,1
59.253777567291024,10.464388076505992,448.48757566449154,93.47239565977647,2759.745090900044,1
31.40609233037897,0.18598304090295947,123.15099630849232,97.7964642142409,1802.1757552140452,0
10.59607083141641,12.075311342803063,103.624729899386,96.03041524901312,2027.6434103085544,0
59.7960087030595,25.48615858017826,250.6364110656258,49.04145281487964,1702.91860936605,1
15.020767223237346,18.99799761298763,450.63712842820735,35.777260835568676,2255.87111057126,0
27.562250067472817,22.42426140013169,164.56577123605726,77.94804580544618,2739.511050523612,0
62.25340818779427,49.03241097820248,327.74723459287,39.83965009775456,1660.323073510462,1
62.283393081565585,17.513618533466378,355.53508543159757,81.93122989090037,1341.9762793568145,1
41.53908384678074,22.609146968005394,390.4439591226071,59.31824262302773,2450.857652900316,1
44.75104666933896,6.675777567640978,284.14260667087683,80.89596384450117,2724.3208593999752,0
34.66450370880759,2.3978866218493824,204.21531324808996,37.89803001651187,622.9541021739199,0
26.126592443393548,38.770475729624735,483.6729144554916,57.16626719096713,1745.4274136846948,1
28.076549995345378,28.53415875359893,307.6087228849121,61.813974868981106,2281.1499813649934,1
46.988515084237115,38.03524030219475,365.63977975846905,93.27796962077096,1633.348512890977,1
51.3805991190724,7.493139944327582,175.76650861945978,37.12759887692464,1322.992420482372,0
53.536847404921666,28.591438559134545,336.62484459652467,92.74512386064626,1938.0745528385514,1
53.428997853700466,12.682123717068777,132.6098427712423,81.80328998365442,975.3202362833707,0
15.016335667677971,11.403090845000996,126.3229741766749,75.6642064891957,1172.8343573459235,0
37.19311675864198,0.5763007026492628,358.78748989566606,80.31023234236538,2780.6916472033618,0
13.165731800915434,6.517036178453594,263.09039445015287,65.25027880804473,1891.1633359362384,0
40.22408852780545,15.463405574984767,343.2219221590829,35.25864086838632,2482.3182457776866,0
34.284177575535736,5.843938029546952,138.37205292030538,30.728082413707774,2319.421282592859,0
58.823730051706484,49.292922020546875,301.36805382308154,86.9063391755824,1930.6813859850602,1
29.30032569036433,15.431632426197533,224.7471566030407,75.18657041545416,2401.822706146933,0
16.438685903518323,6.516197335116408,300.4953419885363,32.695955469158775,1017.8962385839275,0
17.86454251290597,9.954115641397888,148.9854674608886,66.05274936757533,1892.7911220307458,0
51.88308474446097,29.385161417073824,359.1482270063163,52.14635795738058,1776.5087238099522,1
44.00199348239436,3.2021761932394255,403.93503624893543,28.168379106936797,1856.049001983362,0
15.561747186753465,43.121706507057844,133.6586545595732,59.14414007664464,721.5798178669381,0
14.62587433632486,48.07498396185736,153.80717712854283,38.36608467471263,993.1075999951711,0
48.553302230251596,12.337371033369044,332.271363510951,22.98826230507844,1016.6457969813478,0
14.001965350030645,22.50476342954297,349.31466128025437,53.7575387792691,1804.865406431908,0
55.20230326096959,1.1067225514748535,353.5293437767378,63.97900982376563,2731.367201099465,0
48.84332249360729,32.035511236361074,342.93575986403926,18.893232061635494,2685.16887795537,1
14.474182935304487,20.696302902629444,199.43981989150672,48.37369820111274,867.9738824742415,0
14.666074274685556,13.502923305077786,200.4525688298208,36.38593934644488,1062.1131076669312,0
64.26517681756465,10.341855530830424,131.1347237039688,17.54399902870029,390.1547306979178,0
30.584893766586617,32.70115388293802,82.63268144869967,25.429991617754983,1297.0389746484852,0
30.385318088679,20.810851551615723,347.8258028014683,26.539835181925337,2386.685304200909,0
54.70397619916264,8.9829644514956,51.128449056294855,30.178562593791604,2589.3793474653503,0
62.09867175611223,34.455454074341205,469.2071819594569,81.68033842934746,891.241198919859,1
64.23005851025789,28.253614151834682,414.2097203173684,51.47782491768555,964.4861837220981,1
51.43580018924179,42.93360274647481,429.4653412788418,27.20813735844211,852.1245412718843,1
30.694277204200368,5.873794943824645,453.8010632345192,23.324648255014807,1175.2589189364467,0
14.592539418426782,39.28333009722281,207.25946050800385,39.72905807451024,2311.8984964763617,0
52.743080376009026,33.67583934086295,424.1168580584485,81.23528805246954,1917.1436747111504,1
40.712233735469276,5.750546841404891,83.24034364436642,45.25016737899041,2264.85229465925,0
33.3322105085837,34.74103649358604,15.71268833107666,28.27148090439686,1757.5777658382656,0
59.84949118021048,22.07736444399152,393.52124035860584,48.541643068331275,944.332695147867,1
16.115861526838323,47.24923927779216,42.02434075848495,61.09085925482577,869.9854505313604,0
37.09438073599725,7.080567530894966,494.3197103263312,17.45548724195515,322.5017646593745,0
10.62445046220805,32.1416695407869,339.0242326527702,67.09426951953438,2252.4553421851815,1
35.776335309676945,19.0990022731473,377.9576065698422,47.79336250022751,2417.8030654117943,0
13.096680162501055,47.84073352954389,126.67290885754365,15.807247635889134,2220.7064990710405,0
16.534985394743956,16.498744764513823,338.56336999024563,70.93282011254962,486.0051443212268,0
16.463943572740767,48.109295474590006,26.393868941203817,74.12817375169979,2205.554067924665,0
45.7065666163835,45.07429255503745,419.72373136218243,67.19370245037067,414.41863287567327,1
51.03246835959828,13.519161765532816,88.96392605062836,43.38020806066905,563.9826642659779,0
42.08528208034378,40.177088841321385,350.1922430827164,58.95720288747477,1401.188432331668,1
62.919490166099806,49.780210090175295,116.11784811020053,47.13408960907513,1490.3675223121002,1
30.617881873803725,12.633150108564116,38.88431886589115,73.15160360325464,2340.2965915467407,0
25.71416474550234,21.838858466165984,243.33937088195017,63.43715545739616,1998.8172301022764,0
57.772952050420315,26.009036828337983,88.79667408503077,21.78932644767833,683.3004465780407,0
22.297771118569894,14.746556790193216,366.07477422164214,68.37676533217677,865.3669580720033,0
62.977239669233626,0.763241982301488,122.59509247482501,72.04078839003753,1014.187970646717,0
10.668496107939898,11.006462209876332,174.52391533673529,45.76828099102005,609.1815936371459,0
63.343335468920145,14.096844217087924,285.8824293759141,87.69021981965547,1019.1122158980767,1
12.373795157281686,22.179985065909356,146.05929740076922,84.9701914521319,2121.495388849333,0
59.01287125339391,8.555123920670093,192.10411752393102,29.53882148367824,903.5036752682074,0
39.02356099974649,43.66271783458363,408.73277666499143,90.05410360432708,2388.399117650966,1
64.61306378656153,35.2455566365668,93.70887553270772,51.592406834091435,1473.7924878130195,1
14.058811060446939,4.260023877983099,45.68978679355717,75.07122116864635,1107.339403110972,0
40.46198564207265,32.50462255699657,167.53710364084455,82.57005157828058,1331.0452613721827,1
63.31163945905044,32.68282382028102,215.06649967186968,56.92433094878426,2073.7418514837286,1
38.77038142935818,47.81105868218138,273.616344657601,48.125460967777705,1591.9817581149757,1
44.61692509743944,0.15104356780806238,189.34972960662847,90.98246359505316,318.1966599376451,0
48.26617789415394,12.39662249029036,396.00629161028854,34.160844893640125,2605.8096164626877,0
34.99975856222753,46.389573968765774,24.463146395894267,36.328516450688994,464.99000750462926,0
44.51569440462349,46.606695769914154,218.72493140828618,45.01448606311528,2646.5533720359645,1
42.137287155770515,36.02932096853187,194.21667775492028,86.33565957155695,370.38205905013666,1
59.563690577004394,38.288166052377,325.5513529493952,92.9194259296853,2227.448337393621,1
12.499550918780184,4.574147896482356,483.30674468921103,33.26562032465354,1636.6867704582205,0
25.452975427572667,25.69379173891168,257.63582628128677,86.70122225339337,1564.3154515102651,0
62.27263162421073,11.57914956444997,493.50403923615164,36.43084563589125,481.9462563600113,1
58.964508114000395,9.060902180680863,154.61345048203273,95.56322348024071,896.8625258447908,0
35.061121403214216,40.51516495616663,20.279725608518202,64.58485503447133,2243.86829266298,0
44.10729287908452,6.751906834027372,87.00326790082431,15.58817679813274,2528.1495748062353,0
25.255965063962297,23.43258184981926,200.58681796341082,17.832782037907766,1622.7967026324488,0
20.34666378480687,46.92891197930165,161.58528504833333,27.241216056790805,1183.3584909064884,0
35.50341227169902,9.291602778267126,53.04179483677195,30.568572098956807,449.8580201605271,0
29.434372541432904,48.89967118691173,219.16675330690484,78.71238719460752,2005.446315165851,1
42.101086151797965,49.71439928805295,172.36730697148357,33.48956774260684,996.1165267157065,1
14.275405033074165,27.780857734120147,65.69651412643204,95.43875446413837,437.53428748036697,0
63.59171442163915,8.507137008857896,151.57797965289492,67.79730074784388,1964.6293227465553,0
64.24159094637815,15.805244397044781,443.78584740091827,72.47895326804198,1514.299483834396,1
48.398894271085986,21.224641633826757,154.51418841722338,33.07877110067223,329.90537425430983,0
39.485300148926626,15.466211217911146,358.40793450481556,89.09462406989203,577.3100977658677,1
27.024018895748025,14.031778993825789,307.963304430589,70.4286095440543,2048.0048231148603,0
54.75872608388218,48.611485460817875,216.45467539214403,86.7456668203747,459.1783326644713,1
47.66021449046336,7.668241370787282,123.31769021781624,94.38793107019184,2464.9076621074755,0
18.94393166396902,36.666395435843114,187.66227617624298,25.4282011000965,1078.3156935498318,0
60.100995147161335,0.020514471958743563,298.09307066816615,23.01674011232249,521.6661760910615,0
55.23954836077429,29.809133470118844,178.6228413009307,81.68284960693977,2199.3934454201635,1
62.238995231055824,45.79715019770262,111.37373461924476,86.88846290481614,1611.0680861325593,1
49.914572961359795,14.396704704660952,62.64906070135789,63.45219793287281,1066.6000809482439,0
43.737835776468444,9.27629876288596,440.48463426523483,45.378045463293205,1315.2458541731698,0
33.00336699598404,32.58398974392135,222.9549229971933,69.16825979424357,353.5309890120647,1
61.30006658447073,35.63007036491966,314.4781192627504,40.37011802517396,1956.7463438485725,1
57.63351392252246,34.40152594759907,247.7531287627186,34.78601244873786,1214.4342224086113,1
12.487026855840417,15.965844001068701,436.92042658719186,55.516052390763036,2085.0939243203243,0
11.450183597348861,12.610120107966544,275.7327519618644,32.94076769132951,1870.427864881368,0
30.70548517829273,47.79593999810221,242.9868018848111,55.14739949015935,1928.1354647743449,1
54.58043319300081,46.16497541349647,462.67749025874775,94.39833995347647,2282.231777511081,1
64.30018711232194,22.865830494641017,361.2463500424505,84.70207495624341,1877.8951959406277,1
18.27292901069405,42.30969330771867,60.21720413669438,93.15536631850185,1346.8148231047312,0
42.677189344367434,22.6161738817148,92.96370829242295,81.92530491233076,1274.8189043365892,0
30.948997114706184,21.21945090362552,394.62581715502375,44.44432768354096,598.9552669121395,0
63.34529187980318,7.838147379964733,418.7464039840774,82.3997547997794,2248.6085328906047,1
56.31654077246398,21.32030282459864,274.8694603996968,91.60200671491677,2202.7711043865547,1
56.10807875911258,26.87084692999035,279.4553377939864,93.60397039047552,915.7459177138086,1
35.77812378872336,1.1252163714343233,317.806816611465,71.70542160685476,2456.7047817453617,0
32.815072628571585,22.20565025877032,222.36230826990655,32.543431436654394,1772.5081444765706,0
25.037388956188842,39.067810919760014,341.6985661245325,18.29751972926934,1496.7171059864181,1
13.10065231580099,34.002302818713495,58.69822249537577,27.21761893729293,343.7407540637397,0
57.55973069402793,31.75784944319675,480.8332249718563,95.14039418519747,1256.8529646607908,1
54.70955550215427,45.477771421860126,376.32663777848626,53.354036407999864,1901.6769205891576,1
64.98447203073718,0.9016004912615005,317.4312309844584,85.96383923106077,524.3695942209587,0
64.8150260390648,27.852379309611706,161.57941821969294,53.59866474533816,1448.9182722188707,1
40.54874380814451,39.367442420485354,84.67296629108094,69.84785942716667,2783.5898784039905,1
52.29430783492808,27.06676913506336,207.6247670953276,17.003684501153693,2091.3465930226685,0
61.96211514353354,16.194777629018958,332.48048658415894,35.73879024570744,1667.177218754011,1
56.73060648725763,6.812528254598893,318.68632299443993,51.210350243534904,1632.5822123476917,0
23.60414559587587,44.37815359080957,194.4073717574579,67.34237691379555,409.4127056454861,1
34.77992744205514,23.538119619380147,308.5767649473992,29.236258608413817,2693.28609351984,0
17.103767833332224,43.90575984928507,407.80540630593606,78.45777153445067,2620.4441507126076,1
62.47280649922973,29.292606121658416,18.0109623071155,45.2455906093077,2006.0117766886162,0
43.339604894798406,33.709605830750036,228.05741872548646,82.8471273464124,547.529124203875,1
22.57535430269045,40.2130577189225,380.48483809106153,23.131434502790583,819.5847418735955,1
46.94353764232212,32.95777723000672,275.34151287937175,71.41979677763686,759.7738396889631,1
43.997053225184274,19.902742033946886,327.4806635248896,39.346251656140346,1598.9462127530471,0
29.69894949180623,25.681669196432548,260.7548143396443,81.01680345217729,819.5096862549639,1
16.245667570979595,40.15227623379399,495.9778996177439,48.380145444520075,2039.5014038604957,1
46.93652575760398,18.68251481864921,32.037660562073924,70.22401947787603,1663.0747149234726,0
38.61692354970863,19.406072838424855,248.06718677732675,92.5473372968273,344.1454426066387,0
52.47751154546016,4.784505802900058,50.251191811686255,16.71201045714244,2160.143092589129,0
38.60899256115964,45.72922176108739,84.09385324621736,15.922692933753012,772.0718416348712,0
56.86998251751971,4.551815747272086,194.60398345703962,78.93317793066721,2362.212799201692,0
40.3548761325967,32.410458872427796,81.99234529274122,68.65062327517049,1187.6135928074475,0
40.85158843444624,20.659723940139884,482.02514714854226,39.31731680186791,1146.5491999540911,1
58.21594814620897,20.280969512772117,473.66093947895376,56.03492633026378,329.5433394455263,1
32.19155764168184,33.977591828634196,171.37427487919888,18.480660244706105,2769.3224573075427,0
17.37083756478524,3.3546866314939363,321.67511745865136,30.972985244982986,1830.0108479296596,0
11.583047197233643,29.68528914757173,269.2078936939241,50.233199085754904,1356.8254154649767,0
51.53254906204904,38.60158929861774,408.71555535530547,84.22568654638303,541.5535111533476,1
44.117025324440554,41.41063789432971,315.5855768593864,54.81237617738704,2047.870160377542,1
48.724387245457294,8.526519469688765,5.124964972828241,63.668087875656234,1006.8261749798471,0
21.713028882990088,44.87095250390868,382.7713208768207,87.52156473548378,2770.7020459388223,1
17.500431157272338,32.80730459237211,374.68982004157846,40.63196982787416,2676.368397873308,1
10.799956611733506,44.09274004103414,257.31273925540813,73.15804365147065,2138.2416970069717,1
29.282315734362832,24.264035855509913,451.94489175036165,86.51838247029502,2727.6798257074224,1
42.44547277700482,27.1016672548601,454.6808718167488,31.817103157782668,564.084656134407,1
31.573422480485277,45.95191385143356,264.3362799686766,44.58768770727009,999.7884013413629,1
34.061120711305094,44.99547716773359,305.95417444228616,96.32424443281647,933.1082219779477,1
59.728728197156165,22.4080436684501,498.2784256027128,96.60714087808552,480.03164614825624,1
29.15405068628152,13.720631581784087,152.91601623165167,33.52808421439684,2730.5664949286397,0
38.26942190378959,19.65852172821321,165.6855349441813,20.515004628088136,449.93521661723463,0
53.10091570076287,19.388216426487485,95.4730818184307,37.48649373873439,2441.722259985824,0
31.80985302766986,14.343343749139697,448.45413488314466,48.01175245620604,2220.403561442098,0
44.21476851253304,13.428980216648329,373.5217530248868,51.603464877286584,1239.6677186786487,0
57.43000398107098,43.05314682398597,57.293210190769734,66.36092350842516,347.0184065744975,1
62.223634301170314,3.4930960342330843,490.974838842993,89.65872909091836,315.2397624546738,1
18.08904145109709,33.88055910497971,366.82604553975244,42.41888498829448,809.9846017348082,1
60.96231938388219,8.641002572822615,426.0084442544624,85.5487164464343,1534.6914500844828,1
37.0663961193746,17.22529466970316,28.83464064073446,22.758750436910034,1444.7749454628783,0
24.20344135644271,3.077151706741843,254.955654876373,18.475600014776823,1763.2314414123186,0
35.25246659310437,13.498681842773102,350.80615192988444,56.835750199247286,2229.8982741519053,0
63.90179164070124,38.42105355586211,273.75855936306147,19.951964536440208,1243.3865371505144,1
37.09399516960783,44.25076622736293,334.99049552114235,47.576653502441104,700.9092387732935,1
28.081338565812953,11.076357595118353,409.8476614772839,89.43258370014645,2300.1222920710597,0
44.83704698741992,23.177391962946093,190.29684616529713,35.04309200522029,1131.726703328027,0
23.208009032800618,23.51620239686032,425.0909944312613,73.59598933536697,1017.2047444833768,1
14.172483045976517,43.67876528798671,85.64347185881891,40.09632756837555,2210.7800960730883,0
17.08838470508571,38.139952643790274,139.0885972380555,18.728364585097253,2635.3485952078613,0
17.042521142677483,25.653860918402493,26.45608186402626,61.20531825705568,2587.403205026892,0
18.354648143176192,33.53736002358867,185.3912716109493,84.2928397145504,643.6060646429464,0
17.63549449571756,42.36775269546834,193.05522468793956,48.98588121243741,1557.895383673249,0
45.2481109641768,0.47694770127724717,403.6089456175892,66.23538759602123,532.1757093204335,0
20.003404641952965,20.14450155250243,328.2996817933797,89.70195860559124,2702.439897265999,0
29.011700582812477,45.362158363853936,221.177666287055,80.54464455716999,838.0697146920985,1
59.32336254483065,37.01565154219757,327.79641941875536,31.091741149604,793.5739369144368,1
36.067890214457975,27.142068716703733,31.127758505267124,75.87086862729548,2522.214182516199,0
46.7156756186565,26.482226351756672,94.23441032909616,56.65712108829261,2719.626387804912,0
19.47759291608964,17.388504880221888,315.33918834466874,76.91524505454504,2044.0806482381415,0
20.57589603447689,26.026026682075727,322.47657551652463,56.04479069334411,602.5125842480622,0
12.247773894656337,32.76915997317266,388.19665606017645,25.620527620989137,1514.6390263516846,0
19.291428468969052,20.918151921439655,204.48488073153308,62.30248407520685,2341.5127351540095,0
25.322468646757724,35.7076573196087,362.6642778249973,55.84712136897921,1731.192959270613,1
19.735576635221076,43.061611363019296,343.5702646172938,57.987503892239666,631.4871368208367,1
14.878639356638057,7.734242409243058,481.8797222930753,87.94890365260723,729.7193737580697,0
16.634972910533044,22.577351140871222,111.48946208021619,89.27147487661887,2460.3541895870126,0
35.34283224179992,20.401004564254055,278.08138405755653,52.64357986155462,1617.5729092187087,0
21.348354512318586,34.37324020248641,302.8733988446823,52.82575942624734,2064.591934416781,1
30.034842357644152,12.493373262896467,499.33070304243927,57.76051758642713,1232.656315582662,1
37.68794989701713,32.012545747613814,104.5861503724926,58.12591010174333,1631.213957297104,0
47.97171557461509,43.874462086574404,263.99291988380963,93.88213296686635,2742.7578509692294,1
12.162167691260441,20.906579989681134,176.36172731825124,68.90023879233195,1124.2575924203452,0
53.96757193999734,45.550784998961,265.3170194466049,38.02893057569935,1986.9713187706861,1
44.534521421999926,49.65818694667392,119.90365804103743,59.11755414718117,731.2638929880743,1
14.496746757187955,5.304602497397603,28.568127321606614,67.05955738136258,604.3497131508333,0
58.04682432587275,11.652659399242932,288.419899679356,68.10105284415906,2259.1002781475745,0
60.647982029249725,47.518987574104656,171.2478863511119,63.57610077776916,2410.270524967914,1
13.359287792017506,47.91638432406934,95.06099386547466,29.7521008335876,1970.7792383735386,0
25.228270648096206,4.885363769337925,165.34810520862672,17.788234693599122,695.4895938611877,0
54.34107038861838,0.749925018856834,29.393699716633737,43.040973346448915,901.4699141063464,0
51.15428297110121,8.055001162821112,475.46890587460115,50.484338828501045,2577.939270237779,1
20.14865606460075,49.800639169112415,292.6682179117639,20.12975188481519,1021.7601219993908,1
21.514212783519067,8.999980830534343,408.3104972667773,82.64228905564723,2347.151290492794,0
30.37596565352601,25.127380336101158,214.44350778612653,43.55842731335272,1014.843222276004,0
36.648764185506174,42.42088632152555,452.14076044526195,90.83151793281588,2648.6564233085865,1
44.00401243416628,1.020080534410317,244.24251966836542,27.81603895090801,2586.1322820925075,0
30.290250176337484,30.224449112922976,289.10293448933135,19.725601425797016,408.15793407196986,0
35.43940938732314,13.851272443481216,248.43802013101515,55.032236664064705,2226.0349671685217,0
51.11090159735661,43.11674582198658,367.9727564544875,30.69773495653365,723.6544005860177,1
12.017576158982884,14.173057463203959,285.49475841302086,92.80413987296248,838.1790647659537,0
23.88403193892114,34.33778601409544,139.44146717229688,15.855182071660334,1449.6130308286895,0
49.234227223650386,33.71098162236984,77.04206800470992,49.2474330298999,1740.7953743736252,0
59.23637607279596,11.074677442982,305.03157249707397,91.92006502164897,1114.49929742623,1
38.14225931636164,1.7399599934175058,247.14408096578293,46.90671115857077,1738.458413885523,0
39.26624168959236,20.462478689269865,52.507969864575905,22.728070289838243,726.6459283528416,0
15.894460623687683,14.459657598293486,200.83064556766786,40.14028025752833,355.8441359525927,0
34.60768017529001,40.44888748068543,259.8143288902245,56.33486268825798,1728.060970904408,1
39.293949655026275,40.018209422767264,414.312150743667,30.36759004949665,1593.5381499057971,1
23.33587769991013,22.851197609631274,42.670022637514364,53.724621526890736,2024.1349101898124,0
24.808377702215953,30.325611266160944,177.50519738177144,84.41648525022451,1924.5551549195613,0
30.750628970754246,30.21297579934626,412.21478074164077,87.42729152631888,2543.7159505848886,1
11.10391587777495,41.35790742138117,325.9698462269315,19.088640980990768,1448.6715504038648,0
27.714354107074804,21.250120706159876,148.52936929287446,28.3549787183636,320.92368673235507,0
21.629640384809953,13.772333989525453,423.440885401208,37.849081268644746,1876.631703992135,0
28.012354369785307,13.251745907027374,249.1803223785327,64.37386562367095,1987.831074008046,0
16.586917250058818,26.809613964110206,251.68418619867796,44.96256497977477,1603.7374734899242,0
58.97900044069422,22.45741013661063,488.41073290419024,85.05539581602426,2023.2621756030392,1
42.64758494547267,22.00603854924681,473.8226691020073,74.48376506748383,1108.9595330903817,1
47.350627552946925,4.556866954485361,182.47367826807272,23.33784991842118,672.0207579776979,0
53.40441812340361,35.93018703450978,74.58666868822574,66.83827270850357,1961.3841598910165,1
37.414320941098154,10.686834399095535,166.20503247765657,24.38004790379921,912.9660730388217,0
14.780615844808302,9.847681510436068,20.08921385413708,36.167960579826186,1440.789773210512,0
39.54085980002013,20.637916013869674,15.280103921643645,29.76326258334093,1529.0568265291215,0
42.276261491148354,11.38891708089007,200.7834574444525,29.36414178365851,1492.9988761709712,0
50.99917108013815,29.19291336540077,470.8048122351309,66.16082855647932,1796.1228591998895,1
33.74127504263237,18.573166966723576,436.32188390994287,61.779208571995404,373.63427231464715,1
17.016916653756006,22.445586129639505,258.1642027892234,29.61033668138133,2774.20623732522,0
25.607674818929844,26.858466080201442,284.7870586795612,97.18434284972983,2090.776184846428,1
29.96952630192493,10.176776124090242,7.937080889297956,50.012448786568385,1363.4694544969068,0
45.52544827323807,7.78758114327649,111.67307213771392,23.05675423685974,778.3250757256108,0
41.39280675679015,44.02109514368024,17.263192832519955,25.007228407274553,500.44330610839074,0
29.585319924381544,21.686185141571052,378.49706868421686,63.46317823930736,1980.4760515653047,1
64.25833868361389,20.604680481626957,77.09466903311639,96.26276048082825,1092.3890373963957,0
43.3176150646288,1.780607513642074,435.1783157260244,62.47194143439342,873.6961456246701,0
23.047473545479697,24.898815129369662,323.4455352695152,93.77044255918089,1249.8859677808337,1
15.598035994122206,27.708486080550003,118.56224487527811,51.86302661291622,1782.3077195192752,0
18.40725265513826,27.942043547733324,83.07155695620862,51.174811603117,1979.2630417100029,0
23.527675061147946,35.35155846614422,315.6742269569113,56.500610823218224,1912.9251733863252,1
18.83747552927556,8.874091749550589,450.91430523975015,72.88631302691108,2458.163958729934,0
20.261186322821818,12.61115671153094,360.5883083626189,45.512125215460614,846.8935776752882,0
25.680234278161592,40.536523261520635,177.53059254367193,86.70254071235344,1891.8654079928388,1
19.535547741211516,47.3585308421697,295.7548796579803,17.43035493575614,552.7859404652352,1
59.32209835445338,6.7966373683660315,158.82703920934858,51.50042818736071,1669.8367247479446,0
14.412856011390321,24.88247772526091,499.5790355554361,57.412323548333184,1759.896006224178,1
38.848126426364004,10.708812636979342,375.67539828861635,65.38367577583699,840.5932473354342,0
32.571825484431386,3.003658417749122,309.11891167959305,37.91396872636665,1279.2328249780921,0
64.03082392997335,16.275166906306772,214.51327566908546,50.48083759182433,2367.982223959506,0
16.16213961924288,7.184381259210637,310.98538367848084,55.2166332677667,671.0226343824086,0
31.88205794751579,35.496653671712316,174.0999509213307,72.0135282307067,1386.2654940396005,1
63.32087383014529,26.68627068357222,19.288095531725226,79.20416733307256,2631.8326780286297,0
57.602891924168915,7.191723549515544,200.56881856653325,76.23966816953434,1560.2723192490023,0
54.938963902210396,0.46207942027571836,465.58800569203413,43.35139334003558,2112.8342795832177,0
24.18465548747169,40.40785245121064,315.0190419130636,97.95439340833298,2367.1650988888773,1
19.398817306453623,8.809720308212377,46.558073020096295,85.43922087833589,809.4359371137311,0
46.7753770958437,30.310832111038298,443.07183863053785,36.581939971032426,845.5430888323309,1
61.11567940201722,16.846095653837278,138.09305042404984,31.193781870844685,2196.4786402459586,0
40.62195911576614,29.27429691575178,125.66589907595008,41.063763798421405,2183.2668454410023,0
41.43869792084449,15.782681349116201,152.06002954625882,52.54462279897052,450.4583015990477,0
25.398850151315628,4.346978034612708,290.71510688234895,85.61634840052795,1106.2456017374109,0
52.32211132555653,11.14750042788768,274.6206062498184,79.60406789494635,1296.331229771095,0
20.287406170663786,9.40292832395378,248.24980853832645,85.65342825098772,2372.6010086778842,0
27.8023580022334,21.400967621982193,360.18074743875036,37.57244053755726,1354.6556385743436,0
33.39900412390293,32.91418917130787,161.6861770108047,64.25728146350241,2614.8222260081093,0
37.91857082764503,13.190303747317877,392.1219381783534,38.50967216902208,2791.5194428516,0
23.33253528282941,0.6034967650308976,91.78423079740656,24.048922339717933,2251.815414235874,0
16.316025360656194,25.946868213237845,392.3972905931196,71.7884127083985,1965.9667239181435,1
43.584102334289796,30.287974467948604,333.58600209889,26.868796749221417,1279.7429149678069,1
25.874680428214067,48.14352470009048,343.1881132260553,70.41891422163712,467.59861513008343,1
41.968102178243676,29.47354015466234,243.3689315779937,68.78103730714895,1732.8468909903263,1
18.489949340081125,23.558627968907093,335.165758677028,82.2506208871934,1204.2622638599773,0
36.462705602014964,28.67008129488519,44.49953804693142,26.583032178775845,1177.245189580859,0
39.29241879033722,46.39503149310135,426.5178029394368,80.0288523262313,2019.273131773589,1
12.85029452523348,41.418907280082315,32.49588057638478,97.93995165353768,1459.0983964915893,0
28.51323530066563,16.1489366681904,78.62704738639125,85.63652323262988,2180.234611928625,0
17.392807231643584,11.862718182856863,290.51090570613195,77.4004023351963,1295.433056713448,0
13.485623376002227,13.131680618303681,371.0086704510623,69.95972443966073,677.1584637164066,0
64.447812781447,25.22105198576065,42.74452435139546,50.00786322889064,1453.3688154756164,0
27.729461473609764,37.20247256142889,460.77858299054833,75.63151393500299,2677.531285813408,1
54.543094522004914,25.160960359148106,486.9357861563458,75.10677691665762,2303.8115727913955,1
24.00523601200701,3.389819791405629,304.94533563881697,67.41435746304492,814.3731376834168,0
47.48264972231611,36.17903502199905,243.2155104115341,81.09110539871976,1278.2512541123567,1
51.81253229393276,40.29850643354769,371.9905112784761,52.24740273942728,2619.4802380513443,1
42.76013073343144,14.474893255985982,167.53688940196668,25.063975106988423,609.2476468164162,0
35.93669037025871,33.20628696416752,249.1658948820277,61.402621391566704,934.8756046623399,1
32.651250278099766,21.329595052719668,458.49475827312864,36.99861288304144,955.556614679741,1
29.18775465986474,44.45596778637214,478.04943549455913,46.90794708661947,1727.3321891549588,1
61.12410293363042,42.261277908036995,463.8992124453366,16.44543702712176,1326.8332992783069,1
55.6840674283251,26.271599915482113,134.91179314710087,46.77161879718432,499.67668499074966,0
63.076480086658194,34.57527729067972,120.07217490729788,82.13049180924274,1872.953636442714,1
16.83634729170496,44.167485051105196,152.34393043501055,60.04595645587515,547.6946613003755,0
50.19771113620043,24.785850503913775,223.4490006322878,15.813443735519597,1816.0373299476953,0
61.60872512515708,15.662537024441098,160.51286933202198,53.99703707990732,1567.5209505650644,0
19.967818639111307,37.68330689547906,190.2353338908337,39.190486754568816,1534.1716518132814,0
13.657294705172763,11.00331273923459,312.21529129977597,54.636704397965204,468.7406132480745,0
50.76163571095325,19.4265574003021,382.45021016151804,48.58949588017379,1898.0511172088397,1
41.59602122489515,43.286361855339685,369.1013081426189,92.35427522326266,1378.3006464733269,1
56.30058272170496,36.22111701346575,408.13966570418023,18.41771581393031,1327.7653057142163,1
17.687480714445922,20.190550262374963,20.931279591624076,71.73780493640038,1791.1284910463419,0
53.73970215229396,10.73722512041787,28.628225890984258,85.63520749304455,1815.6201498663686,0
21.08950260262595,17.798419541611825,395.7445655408715,94.61680252598946,337.5832394049713,1
19.001076857613747,14.20520746137165,268.87401705069277,29.74380680317656,613.0647530080166,0
19.034618886204612,8.804464397192696,291.17963351224955,59.09829856319409,891.2955521118016,0
54.80160961272602,37.16664567828283,31.030495806116658,18.61793491732859,1994.9433333649476,0
46.58584713829101,12.603494342508576,131.3803315797791,56.43223252977235,1741.8528175740187,0
38.76859836230156,22.708373508388192,320.9853809183115,25.413021431901498,2194.0728309618844,0
29.735676626792635,19.292972341805452,430.2950356047847,84.54542399999322,2151.5195138596428,1
58.24602974472096,49.10386893178154,458.9067816047943,24.45121021624528,2432.9571730153766,1
31.584480908244945,19.554612207411026,252.70765043836545,57.60293391207911,1242.0371531810347,0
54.91296917093674,3.9991241398377397,275.0097452054078,58.25097372639856,1162.6596654582568,0
34.15241997136201,4.491287628604201,417.35956737915046,95.64699132832325,2377.538507633658,0
30.731943618369918,29.53768606765324,271.1241773699405,69.36339760522772,894.0038346679613,1
35.447388211828354,29.96817758691328,260.8449701409721,38.890744325374556,1452.9309341840174,0
26.575783079027815,20.937949524132748,453.0165986916721,34.986342724865494,785.8141300556242,1
51.11851590969381,21.592184615601482,396.0166969226606,25.644601068540386,2584.601855348034,1
37.649621455086354,2.6966291420435606,454.9909005488408,77.79072209607193,1319.5075327415634,0
22.77169823307495,25.827325519463113,113.03229211667113,72.3328024631341,831.2172455770708,0
59.47660153010126,25.236973769017585,264.56586589440155,65.61980156657279,2030.03347642228,1
31.114017175526627,7.477465927847227,422.0237036537122,18.389756764849032,911.6116955261966,0
39.89540736126938,5.191969305546379,60.01817459621893,78.31479591072645,2658.7590079255588,0
59.85596610305008,6.178624529974525,398.3577663755111,68.27666890332378,1219.0425370235287,1
44.33308977526956,5.051412324562926,95.57182479036038,95.00277605317054,1961.6017802545925,0
16.429392238960023,30.48540977683799,405.018783717734,63.7377767797754,1163.1123278935333,1
61.69076679874113,9.824132620145932,307.9404640906497,40.228008252921775,2318.1139574836843,0
44.52394291892798,12.571507609373173,100.65181578500923,46.66620583171358,2542.3068525569397,0
28.419808806139738,8.678607207571986,239.31031876973654,29.594778546393297,2269.795898536965,0
17.659963996486297,47.89176522242515,342.54305739808194,75.00187712271497,2421.2475468188,1
53.671385409866275,42.73087315759177,318.7571859373535,73.7408977818032,554.7020698440899,1
44.10400157606824,11.524741867576044,216.48736213469365,31.65395128464713,2610.161692582666,0
39.340360058697684,16.3783146961063,450.18643181585884,28.15461382412912,1860.7518221882008,0
59.16409206780267,10.494642115249858,262.0353901714829,21.391409455782153,2473.043830415499,0
53.37284661734919,24.593797973041188,255.40431277170075,90.69398672558596,2011.0919104635386,1
18.342118385301315,0.9805266237126797,35.814042021019866,34.34479619667265,804.6191713592759,0
27.144713728755153,33.56840044483979,461.4495929498304,43.56557272039973,1823.8877541141912,1
23.666902689795617,26.15790749088208,92.67270149579464,38.281874195331724,527.3655993078524,0
50.917046091497234,44.931946415055165,266.5306232510943,49.330842016695655,2039.3075755453965,1
11.844283910467865,8.219634216420706,402.76596269315354,74.26605034874612,1322.502852701432,0
41.34393266792241,40.205462303056585,111.64937209304344,87.25943759928161,679.3329327505223,1
51.93522771573798,39.59805072333579,266.04977853556636,30.155696210868832,2748.0745396710354,1
58.22211002189622,6.359059460844346,124.13903006555373,71.97222453051671,2552.711060526703,0
28.81449617937491,19.92796120720638,381.04902391095635,44.26265780612627,2533.8592835081345,0
55.16915175696071,8.507632057225845,284.3488780972096,96.3837549686753,2272.050765880632,0
16.084745532536395,12.736025022877445,428.70805089559605,39.81029022057838,2029.952812858794,0
56.5548760453985,13.162308741527218,447.80621142430454,15.597015348652377,1937.698700730613,1
17.011876428259033,27.811819701288638,326.123073810472,57.79811784364715,565.2345942596382,0
31.8508009808202,20.570546588023277,364.0686668486775,27.51067999490283,2551.4155882961354,0
53.85124511787545,47.38664020031527,276.8639494439975,18.693037425927127,2502.820990761526,1
18.245458504182558,6.318507097350256,195.29222286835454,72.95634625165981,2169.6315663121336,0
22.608826737795283,48.68460674250994,325.81837189531313,75.7775204482019,2618.2873976878063,1
49.72389126161865,11.531932010713197,454.6028686262278,53.23801808866971,1682.7086284949798,1
49.60200951003409,38.64369681909265,211.2567883135618,71.18149789079591,1419.1058367938883,1
45.26311980869135,16.94849630864107,160.63296305502868,59.67387420451211,2719.8685054156967,0
48.1671644456905,7.1540697708656955,197.2762845835242,67.27349194092034,1460.3279694941402,0
39.84984438411779,42.894459262312,220.5218269547418,64.52642977460079,1903.3111026678941,1
23.848948239882404,15.44304496182316,41.412709343969524,70.26328941661416,1232.6553671460974,0
29.01327964271557,32.94277021134211,251.72871101532223,31.569343839873216,1890.8155650493197,0
19.987874424078413,28.32218425433133,249.68555278477953,37.302649463046116,2100.2474890642193,0
59.96478087334956,23.587815469543717,296.27969468205896,51.51694140913843,1861.638813221376,1
42.086548712136626,24.790973632426955,184.59591508330908,52.02862478179247,1586.4073530404944,0
32.04682792200019,36.611895704614376,308.48825999801693,79.27617206171305,1050.2769940630822,1
35.410319200427296,4.388645706172029,439.7170735857305,45.49367371605116,1909.6141903405583,0
62.10058367864984,33.40903309789526,477.9581402951063,28.487927952912138,2571.072238153407,1
18.43432717138441,44.79060506992894,293.88804698981954,35.8716755507593,317.28147792416837,1
42.24264076092385,2.8894098509932076,26.082522215304984,32.82288069789095,634.8225685742259,0
37.82387733864563,7.032666961683337,484.77181864721894,75.72778159824983,599.4328962496393,1
43.62998294890563,35.83159683510157,354.40172014364686,54.038188013956514,2608.0132572321354,1
10.996060110146228,21.86408241223088,171.3020060340578,73.81634793159162,1956.869222406537,0
57.96681499192833,20.177431040684418,77.84306197704308,49.546233502883034,2679.4702661753763,0
61.26650553659868,6.848331727211793,75.9922130569561,88.84805500782413,1757.0331830310706,0
41.082325097406496,25.338502035889405,88.03348103910335,96.63218554098697,1454.3322428981342,0
48.315795313229074,6.327265559818862,27.55839819884105,70.59692822231676,2280.857279535906,0
60.737465964751266,23.83102281552702,451.5663233831912,86.69644225060617,702.3556686880613,1
48.898124887236925,38.18076494808283,272.68027524953146,57.158461175281204,1253.3452907933033,1
18.389647360284375,12.913217894358176,351.4799092933494,92.57352974937436,1465.6856013355593,0
41.69585980917472,24.039308408986365,414.9137120878122,84.02167831084472,1046.1459862802953,1
43.369327551057076,49.600798469841784,396.8127981349341,97.31762145658125,1228.2140310211962,1
33.32718692163123,34.33252116770186,441.8897837457766,66.71678003220579,495.26296731104566,1
50.504432959359754,42.06783856525993,483.79103814985115,79.67415944226298,794.958973623895,1
61.39018581229582,20.742380328027288,222.33995429726008,60.058055618191716,1138.741800827321,1
60.9062682098727,38.39304615629276,475.4160560008533,36.506968654528094,2289.726083082836,1
34.796165427227265,2.025458647066092,363.0285244296941,44.444679203769894,756.2433871071597,0
16.22809252124154,6.145559127112249,39.980754202498844,89.20244942269923,1166.6009349605615,0
64.1662659429284,10.153529646003106,342.482645000111,19.643679567685506,462.300720492338,0
56.13939475452638,20.097596230760978,344.92474650440005,64.09283054417588,1692.7608620665148,1
16.856447466179677,42.28724391628816,453.4009790773009,45.916174697841015,1828.1272203523195,1
60.646303543955476,17.313302539396524,189.60140557269557,47.09548065446112,2463.7911586554173,0
57.84429991341705,32.731059675773146,294.5311926345498,88.41941013234269,2347.78999625491,1
38.53609314193397,35.46571474017417,11.032837750812543,85.86725708733681,1013.4448867097012,0
42.52014896597111,29.30911770441707,169.37724487976132,64.7039171725149,642.3842229746493,0
31.945148712857165,17.86209840850681,35.81064444859656,37.65226433455972,690.2079555260093,0
13.011890135211724,28.852667085677215,263.327121518624,54.46287673144799,2722.4098576011115,0
28.43584829052455,17.11327963948731,409.63658700094186,48.88835168450493,1983.0645350183934,0
54.15693967289063,4.193686927600604,107.18913260388913,44.35029642380711,406.4269695080983,0
10.254761265253157,49.64019890930072,266.0833175511004,23.531203020255603,641.9481376127364,1
28.34245444301293,6.3591226816255455,105.98427507282969,60.07845259737159,1514.5001627523893,0
31.89927814750188,3.6174191918028678,64.740791583889,40.05199772358214,819.5720107327994,0
39.55675816158576,43.92653746035779,257.94341200749955,69.84705926298486,2309.1474625000474,1
60.59205890270183,15.091733044644757,44.178567370115175,41.493926673519056,1733.0427939234123,0
29.04902969012787,32.51484870367538,295.74054241330475,50.78656993018854,1831.5805194732459,1
29.082426104292523,16.450286483111643,20.512043034979506,19.345911058135826,1457.0638701230296,0
50.56256864603616,19.57271353972356,57.82391107484589,97.38065980215464,940.1569385657888,0
34.87198674893939,13.105648600839825,277.2487553162421,57.13166181183959,1773.5090330063663,0
22.353265261699008,17.15220028965051,297.74666938496233,17.011720315626345,2092.4251154018293,0
34.884173387298134,20.535020029327157,19.348530396410247,59.922144677174956,1227.3701940754172,0
17.747136120888992,36.020803454617145,288.82151006077146,87.23938194236892,1562.3590765445883,1
19.701284257842282,25.57680971173959,420.0587500352003,79.12182714409482,2399.209926180083,1
37.41022750067138,47.17826085784885,362.5465077605072,73.1752547827447,671.7044045561507,1
33.04089972275014,2.0940196919387755,69.93662644079532,26.575566331719898,1663.061048185251,0
60.3165245587455,25.153416131601407,298.27495054398935,69.5921775559602,1171.0316545730702,1
29.93166445141482,29.211239441585906,337.76498753673565,78.60276537501761,2056.986895543076,1
41.93235926529239,46.00984930371369,23.42944486738443,62.51078230913622,347.02560790598665,1
44.77453583557417,2.4579261810713793,428.39709599839324,89.09816737518918,1976.1832495079718,0
10.72019511235835,28.674979246760802,453.60236165846595,37.99015188814549,557.2443350404685,1
46.49455546091908,42.68149642639785,425.973875314318,35.0980100783578,461.919382484145,1
19.791978177836327,12.096386405961828,413.19257665461106,87.17428883023962,2111.558252396532,0
62.858867460820036,43.814617426196875,373.7577732381422,66.90805416829055,1900.8553822601837,1
18.176450026421215,0.9521704637145911,318.54885548457025,15.120119303242944,2537.3398272316467,0
32.8043268049863,36.62273145668649,340.92036746918467,44.30990690641735,1599.137389501613,1
14.694231744325412,46.65566105843265,404.16567020081663,86.20204682261799,1625.0610638179178,1
64.82808385152711,32.85988308200311,332.93673688884576,17.267519466264694,2067.5445889413763,1
37.62072556821835,21.951462199022398,167.22484355762512,15.269578045705238,1108.4939408831278,0
42.74617595260241,2.2440508236359014,191.10074556987018,38.34452111358577,392.2811385548314,0
13.689206256363512,46.005690666131436,449.04344684428463,90.86200307177006,875.1145642976446,1
51.24782587195478,23.51481113457874,13.475432469595141,89.82263926201135,895.0335297409165,0
21.544807620257217,1.4498372167974005,350.9161877159196,58.057241501525155,1139.1471256954846,0
59.39298591923926,34.4910535664381,477.61488845048166,60.91866030458868,2658.6568326011575,1
21.282680226510394,24.09186267881291,354.58294412919696,42.55666493932667,2312.10699665787,0
20.487824636501664,6.217265872120537,496.9864341747321,35.23014294830821,2639.8906130129803,0
12.010231731645218,10.71359046551298,345.33472823652374,82.66341389960581,2796.523975282501,0
35.96368198104996,3.2245340227923136,22.00969946234623,23.82247342147024,1384.4475102176114,0
41.0662623294439,28.714676985428678,414.3698914152272,55.45041278292677,867.6832917007615,1
13.61397516855938,31.101473962600462,145.89180640996295,67.65497253825802,1700.0104031381227,0
52.65401891822558,25.287114917772218,225.79832670389828,23.605464100795423,2502.8360348702968,0
34.930885911141516,40.85510665013074,159.48549837400563,58.12738892420473,1464.3296525364456,1
38.8414648130169,43.050441065400676,137.93428257379134,62.93426689673278,1563.4982564306338,1
34.24195108160255,30.78121983415633,218.54582331654376,76.62717302211128,636.0977648195667,1
32.04196834814293,0.6378239853715273,192.48196697813353,34.49139207924523,1351.1387314194026,0
40.78021822195198,34.76148278738678,318.50259801208176,39.34618277313294,1267.4870245214454,1
18.53821352618919,20.899960846017578,407.50984448881775,62.27025517054177,1179.2212571636242,0
20.006047177239914,28.27787416131935,152.05888332768419,96.59949202847397,2518.2466748104994,0
57.39820915574345,32.45403010094422,110.79197064689862,33.0519341740695,448.2535830308324,0
62.0363504173498,17.51183071635384,335.11315908081946,96.83001765124752,2730.367957243367,1
30.532012395386413,45.85492525858971,336.8084325862369,74.29043024352194,320.61706318284007,1
24.890957022895456,6.69874333748906,451.05996344665505,83.56481177929193,2663.9850348745226,0
45.419974878145865,33.57559036405187,12.89311479438887,22.440225263616156,1670.1187570963589,0
32.4803794103953,0.21797899782902141,427.2551277476724,39.934875556742476,2056.11311100029,0
11.396249561318967,46.23255527025904,262.8960756094367,19.792111211031425,767.8321242378081,0
18.58839285514047,5.625206661904575,312.54453414018894,45.83840058526354,1935.5288475415175,0
49.37847258660686,4.744211507378732,50.228863077900314,96.4470417733643,2504.8941713193317,0
46.24081680505832,16.65038165261221,219.1443917716626,23.73766416312609,648.7003495841291,0
11.490279587691592,18.67831430195403,117.51469158306928,61.67694093680956,617.7040306832249,0
22.20846890631222,10.715003616143932,130.84138989084198,15.503861693546423,1059.9447728736818,0
22.70911381234393,29.256083046356235,254.52708176463358,74.1526737316572,704.3147311884954,0
46.95410089793006,22.145704902098178,407.16569544954064,31.366993466879407,576.6146202333678,1
11.084079576490028,1.7087794520543709,373.17156042170376,25.755516581355323,1995.7975899632295,0
15.725972009151562,15.982603112765032,297.54497974754713,42.97247840934537,834.566534781227,0
53.995384695525416,40.52164567865852,272.0120054129662,78.99667672893547,1967.5372485049656,1
19.819956412988347,34.48507674309343,216.51649140107253,23.848886163830496,2454.823067789541,0
45.90103593185311,36.243542678994025,486.49143691288623,34.07663665129172,1930.0619785325014,1
23.100052957569957,34.90584620417618,282.2953143459455,15.702546994236691,598.4176747885023,0
15.469276601763983,15.548651069151664,130.71336716454994,95.3784336037363,1733.9439351186127,0
23.374470504969974,4.983196103838794,118.89494205981958,64.14808479907569,1284.0717105288772,0
49.72468125206125,13.6233592016548,307.6197502336952,74.75166981993006,1158.4273418062369,0
57.06330574584572,41.589265009257964,263.79962601890975,69.0648032059492,1096.3286715745803,1
55.662092551184536,49.023539889153554,8.810412462582828,26.98225838618297,2623.580559549114,1
31.845094129015017,24.692350737078065,415.88235923691076,64.38001493650151,2156.2686416943197,1
46.74468251138554,0.485017746152111,353.54056534505514,25.907494396724754,634.6219739507376,0
21.274136247870153,7.002240606711451,332.60549839066124,48.30262567893961,1490.0136993311594,0
26.12312516435573,16.10402876581329,39.046425560341184,62.22394028179932,1095.5576881347988,0
59.29847001866159,28.92926742964749,184.21764583538325,61.38713247047894,2744.8457813648956,1
10.715105793090482,3.7546822902656984,468.0142190627292,24.883094356567497,2745.0724323829236,0
14.702969196995745,47.16786493549408,431.981674463975,17.85818548066134,1098.8361858325875,1
21.433744033031502,18.254183664220037,146.34375424541906,81.25344805152655,1180.2827903636366,0
11.459271213060084,45.629210896241155,82.74414762907367,75.25156227066844,1798.535517841364,0
19.978948929938852,39.026090137851085,227.29853879844566,21.79096907887326,1498.2675358187503,0
42.06728585333307,37.771863625779055,181.13603744049215,25.575488060528933,832.7521803961035,0
33.17835028258739,30.335978989111602,342.70205646946556,89.08445344033848,1951.0304174715284,1
59.09694410923362,31.339190852592232,483.38523099173824,78.83769883460774,1135.321609688096,1
54.95939589561425,31.900161760812406,184.6857177413679,97.68130458598395,1934.291245830419,1
28.799954343383178,31.436069351279105,35.80096546285979,36.0809582840168,1259.2038058194994,0
24.268288838721087,27.68641156991806,449.3189341294807,55.48764807611164,2050.524734640679,1
30.88308244919968,49.32070092414445,23.78511646873605,34.62614481317552,1969.4986772241264,0
42.466221838314425,36.614528371284806,476.61911909089986,66.6924114936167,1572.0318898025018,1
24.743500245258193,38.84731941962606,333.9668168644747,24.579381844579395,2061.8499767770772,1
44.32818993170237,43.62314075418371,471.13615817876484,25.561183337671746,1452.4141905800382,1
32.51764087051822,10.781988136292458,103.83154489124423,20.96669498662518,590.3457491253073,0
40.36259494685891,4.190207954753039,25.146398650634776,72.56764482792586,755.2656333433865,0
33.98695910244242,24.14472182992993,246.66393924686346,56.00802392695616,914.9828354140321,0
26.195616774805472,25.70403478096366,228.05859021221198,66.27169095743429,458.07232056424147,0
62.164931882918616,41.45908899749588,169.088675261167,87.98198686691678,2078.4530515766755,1
51.998318678786845,22.189178964116785,479.03995482240526,76.44726423469476,1218.475567079046,1
17.706224667154892,28.542651277215636,412.1789474199089,53.32300220783535,533.8082408174932,1
57.765738674385204,26.353546925672916,332.4831005809187,96.7015470367208,2349.8953018139505,1
36.808715903723254,1.9101391878695528,85.61485436072472,52.869256394783775,2009.1357111589373,0
59.20037247917503,30.7607448298457,368.4900870681697,24.333405878383253,1430.5605928192522,1
53.99203907710233,41.40216428871261,364.87116507636335,97.39034402197542,918.5633377318355,1
33.38674274580784,7.875027403790192,215.4087459399237,16.894120591232326,679.3647344821169,0
11.235811957606456,29.716586696329788,462.76902530843677,60.64033543748343,1445.935479387655,1
24.777254766172035,29.68052722232072,87.65405170336017,40.65492556207587,2513.114357526406,0
39.78988180634768,8.209248202817937,137.33209339377382,56.79482853440974,770.9883081799248,0
44.8413020904381,6.173178686536801,36.296047929063654,61.37317506534529,1721.6480724787198,0
24.183822698826127,49.002597148824236,398.7482242979058,34.92795939111447,2704.21498805564,1
17.664584074005326,19.685958482651877,312.77089611722164,61.21927672619273,1892.7914369115324,0
55.921163023961455,11.371086436176464,160.8954513122185,77.7530722964596,1399.9118253896709,0
64.14211993869537,8.566227222718748,86.08776347918611,37.12031649125186,2090.932432347271,0
38.912960026647724,33.38008567916175,24.873146164226483,46.824369065054285,2361.444797546766,0
19.44236072165669,30.47226486636394,87.53905646983861,37.26414353261681,1776.2907447171053,0
24.97690295856529,32.177606149370874,229.37589993714082,83.10645767202081,2479.5808974824813,1
11.01148721011067,4.400301375572613,127.35259966025005,75.17352751439653,1586.479398439344,0
60.28643436082744,44.676729174921846,133.19617782882352,87.30930428912781,2375.0725055156418,1
16.476309558957762,19.463319840452414,438.4103015005186,29.11414111083772,2680.048101014238,0
41.708406153283946,15.668470321517896,259.9931483632448,21.10710996725938,1553.1086675587926,0
25.07303713779633,23.11807236238696,365.97972669856523,24.90883082026989,1812.504288963313,0
40.47979013836864,19.503303287381414,22.67691976893083,28.364521624411623,1823.6688573745873,0
45.82812135935253,43.178850156957296,185.7558610606242,59.245860836008596,2253.5871589957264,1
55.63579920389609,46.463048759894605,242.1888269607437,95.58570184010948,2357.414600443557,1
21.353169946833177,15.17266082248031,97.27634332904142,44.65053957919291,368.0732905151518,0
10.604770576216426,43.19679037299774,64.49481301554164,94.55618635689703,2133.3989102259693,0
17.5287096537844,39.07615647665336,435.800370357422,18.170665984101916,2259.5381115755945,1
59.50102530164578,46.54038361723809,470.0186554143993,91.93039283361664,2051.073598645592,1
58.063954265938335,12.287515609294392,44.00931553247667,30.035666406312608,2084.23914830774,0
42.85772061936696,28.847957506048953,177.76426270850934,90.73542381470595,403.5071479606736,1
43.028427323850934,13.727229237022232,479.35138593151447,19.666876699583277,1405.0966548722652,0
46.57701710004405,41.20472452421871,46.16505790057012,93.70221414208771,2345.4491243043512,1
19.645420324289727,0.2662095285532129,323.6024795749695,31.666255938465447,2635.017853237759,0
60.292657025872785,28.240958144319805,486.24957862866773,40.12526698607234,873.669801429837,1
33.03237886906402,16.9601715635959,489.2207159477804,55.74821456054552,1747.9873508819876,1
31.07261905372236,16.134185353891013,238.2555487973529,46.59983314254444,2310.8255988764595,0
38.540473790556064,32.24531619324585,85.5608083522784,70.40482144884145,2181.019107147964,0
12.583128172628028,42.5742224656997,105.03173591383222,95.90904468175641,1847.2252924501977,0
19.145585281584367,30.45976956966631,445.35269058657536,65.33339873681008,346.72797065500055,1
50.591848903450376,42.65864893233612,456.2830871432193,74.8832889832336,2109.714600278915,1
14.553926735881955,13.229855594051498,305.9004237174096,22.304435775373225,2233.1062581970373,0
43.17336602065135,25.975092738249057,384.2573177376061,67.10843161281045,2107.1237665640874,1
23.494201032472652,22.5268269533538,371.265969477852,52.66953149485229,2214.522903724892,0
31.41125877230871,0.5822449751548109,332.60169100460797,88.51993570732915,1377.2872316971507,0
25.878155522388493,27.840607157037006,414.5020926616098,47.221521270377465,2784.3803648134776,1
29.5619994055722,33.07621620730875,344.27627840495893,71.39469395614329,2226.9672896816473,1
49.547524785133504,29.595720220953503,269.33114134501216,33.93675944550357,1746.700013199964,1
26.341694359274626,36.813994939171074,122.2933994811376,36.52792028250826,2635.47817436656,0
41.152255216329344,28.566976422653855,373.22463133871645,46.218161766548704,2570.495848645046,1
36.18277212095048,3.3375127425378457,239.35174457994586,40.237273613039726,2336.4176633356624,0
46.50191409494565,5.822276204235571,150.92188358371712,36.07194366937621,1709.237297459416,0
61.52563566286169,29.82372887719762,401.9634064921788,19.122502589767173,1617.7525478667837,1
50.29146534656377,13.74895959868201,349.87323217474903,84.4499455354541,1121.769829936302,1
21.82172082249162,3.9822564517382917,468.9830837467265,20.3370270639766,927.194947759871,0
11.715072428370657,21.480137172427337,86.89361180934448,88.65133779504632,1580.8987924377163,0
24.424522436490378,27.71612990418277,326.3486958950641,25.413627292649004,1744.4544042799346,0
42.72928618851402,16.43729941748033,125.89853670364711,20.4167241762007,911.316078647114,0
12.82841974163377,36.021685111288896,452.27357772431264,61.729395410397856,2606.503109133697,1
37.300143596068,32.18853040506223,54.25221005702476,56.70266878370191,1693.1849918357964,0
42.82635669042891,16.640918054583597,329.8000941902142,55.77246921304646,1616.2633134553664,0
28.383413994932845,37.74362644542803,396.5874321563748,62.68385918261602,1389.0959709153506,1
52.400171206020204,32.43475212665177,180.68433098053006,38.82569830788992,445.1782392921514,1
15.86290392235745,31.872268935895104,477.2983492949856,70.02478969465773,2506.003336149623,1
14.132577995469482,27.671385039353403,426.11168887008847,56.69938423569621,1092.4855661075744,1
50.05038159119818,0.5694834044276398,150.83605834402718,42.783707757458,1906.150836170736,0
37.252022391340915,34.825359173844454,8.732840894419345,83.59955535940043,1818.5838974250885,0
47.86213180352548,18.802089555457822,151.84530217844014,75.40085099511694,1761.217063461317,0
33.91550362320604,47.13048550793278,144.24868288301755,47.66965838140362,1614.2805050289603,1
23.552111828150874,40.899238553860265,445.53248071294996,85.35227617399644,753.5995835783202,1
55.05062747208098,29.38472347656561,483.7249832361,91.38143475927725,1001.5143526199139,1
53.96787334329386,12.609099090963472,39.867793055278874,59.55990016800209,1610.4701781757503,0
48.20830589699347,10.185869663883329,238.2909401239918,32.84105336302443,2273.3561289923146,0
24.96798254764795,17.019241883877456,276.4243392722489,91.01074899339991,1379.9724266260466,0
42.46268667779979,23.828397179000927,50.99127235820313,30.72680846792793,809.806382615327,0
29.853564331701474,14.803275501947354,191.86136602307366,19.01912779263334,519.861062013565,0
15.037014032964878,25.74647476962414,161.95579660951057,42.18142173646986,1957.5275087350606,0
60.452246650423355,8.268521275659296,270.3478953919082,75.33820659026631,1358.3499265529115,0
17.52502470054288,48.885640641274996,332.2894953673093,91.63174916734461,613.4272315566047,1
62.26305446014413,5.396227748249693,353.2251296958005,67.89470868559852,1986.1671999674593,0
34.53031751268757,46.5972069827186,72.69373668862683,94.00259939823279,818.946827135933,1
20.18231108612408,45.67890057013474,407.4091124625876,22.66677965989942,1572.5401207591926,1
39.8045521058097,26.2680240909749,340.87830474642567,20.042559555805664,1065.4699376921512,0
58.01202097320245,36.24551359180422,445.0920837896262,65.14793191172411,2629.2251610850008,1
50.272368752525864,21.80241489862939,227.42134942053988,95.18765476689865,870.720165677914,1
54.360863132379734,31.50172887712191,447.47543254748484,56.725868643242094,1349.796303855071,1
46.233085169089456,17.028796871055935,433.55819056625734,19.275763752962327,2698.7339920700147,1
48.07521104848188,15.057950989272268,222.01261951783846,33.36114845442886,1096.8129498457884,0
56.70576083609256,28.911489308475684,193.66594107002442,35.317811232508966,1911.4829075275002,0
23.731740487255227,24.90648370919902,466.74194741027713,43.04214171836685,1091.817609265813,1
36.918373000372725,28.976818457499053,359.0065435965266,18.61908083765565,576.6874477931225,1
22.16651930007812,14.33302906435115,464.48144648684746,90.10609414132705,1868.868081710732,1
64.32174043981558,18.347891590849763,399.50251555342743,57.79180741188411,2590.078838213351,1
61.92326368276373,4.194898031445465,306.6022324492501,70.68725581519105,1431.4116680852296,0
12.168474625267825,2.613818613610286,62.34712461686343,20.575345462285746,1865.4413567311678,0
48.80663448836287,12.672856483650813,149.28293292665376,19.4915838277029,1822.2460331415577,0
60.88865745786162,3.712342966527288,484.57699151370383,63.67682507936542,1337.7242565696897,1
19.931643982003344,5.188735431737035,163.11393886353122,88.64556887184926,1837.2415969118265,0
41.23698768039462,40.646420269696854,51.16116054375854,58.8640060796424,948.2952110474305,0
60.3518563673423,1.943684850834465,355.23891118006327,87.85899132331593,1245.0947615076302,0
11.867028822218936,32.94713969673714,368.3321059991237,82.31227566358487,1405.7971409059378,1
48.358114698576195,13.627887440770026,146.30157154213964,21.295864220978423,2460.021708906201,0
26.35419540549029,43.57728403540632,152.34762977642035,31.76247037401226,1170.8322370831374,0
60.84179074570917,24.24961422887498,237.10202782684803,69.58998553989343,1887.842620289566,1
63.408203484095225,15.278822966391287,15.785530132316492,51.81061475165345,833.5095935472467,0
61.93465690123887,25.881946784471726,395.714890128776,39.1280845326944,931.4243226348168,1
36.08178191616051,19.09790095226344,161.95894970069216,49.746610051982266,1921.072188649944,0
57.41234580441224,28.21505323349151,427.6127354909789,51.95157064046265,2205.7748184165093,1
56.45021691942887,5.726643416317412,402.3020586920167,90.57583681819251,1455.2929413157037,1
27.55052602837906,49.849525140627556,332.3940063937976,23.587037547511102,1137.7492419444163,1
55.590351078287256,21.277793884835877,165.8130592141479,38.21765198503205,2575.6788898306813,0
12.035419909352093,17.411531985368434,260.5766980222792,59.61787977636526,639.5195376226068,0
42.79484331651292,35.510492415813246,225.1904825109897,72.95781491033911,2101.7855941233674,1
22.650486050823666,18.194970324766622,172.74653369309374,67.34289498361721,2025.4268743677574,0
16.631178717750334,41.663715251437885,424.82746320507323,93.15634723220374,2025.6129068194853,1
14.232426089606504,22.713536218021265,244.3360019159443,81.03554076001627,2638.551111058811,0
48.29588267329768,35.977920663271746,417.1979334095875,61.23737788387771,2120.4757524519805,1
28.69312300724364,5.3726608220943275,57.08314470020302,32.81866340890112,1053.9129735239603,0
49.86217243408188,42.30595927775559,74.80727035716619,52.42256120638591,1183.5230605807733,1
13.59459874394183,36.785899338905494,488.7735510309235,72.55072626814163,1277.7774329997358,1
27.34096858068357,10.585838923098285,295.94538899001435,84.55086051139504,377.02168524526513,0
39.672021080643546,7.264300487289333,257.33598838202926,94.65810662705815,2583.7757885206424,0
53.48977406614299,15.81461743628122,263.96225125633526,65.25257958944717,483.88150966200976,0
27.531387661263846,48.80352930159522,111.55804314626562,58.734307486267895,2049.485705243679,1
44.4240257040355,12.841578728352932,360.7584550034766,16.46842961905531,2125.4025121082796,0
58.72877615299029,22.806360447331663,46.96640874622841,20.984222739464933,2409.287626576349,0
43.872475350026754,1.5010112858668156,288.7952379859965,27.956714803904223,1683.4056389888065,0
22.812771111449855,19.861376478311627,287.5305543100212,19.54507428873913,2113.161059641342,0
11.342042985609591,28.566000771655137,457.5232699460879,48.2716488208089,1056.8073111648778,1
57.855438064551144,47.65623062539825,265.4604910019059,42.96091924652639,2163.9600272819753,1
11.169817596771292,25.83680224700322,72.84603450721886,67.90039510307662,1158.5393431547147,0
58.10859199763097,40.955366308884386,288.5128633278405,59.46020395847243,2557.09619606674,1
39.09154237149666,27.356382128445027,50.207183960839515,64.46557302919236,708.454519415957,0
61.648723418209286,2.039250671775905,105.87794847346123,54.17410784382529,1089.3932766848839,0
53.9330779675516,15.750413759488701,20.398749172770984,38.052183330003345,1546.9236288878267,0
64.88637607933356,28.777475391555164,259.08032331745164,94.08450114055759,2239.6263928702447,1
29.28914984984406,47.52969829655622,46.84364457031832,22.171960260091534,2171.99776275758,0
52.19535589121198,42.95651798756167,237.35021737300787,92.9279529556205,826.7921858112587,1
32.106200248508316,11.417780708942383,466.80779248545133,40.83275788977298,660.5892415294909,0
36.39315911671498,11.005491500958176,361.2818994445694,57.550899965485684,1059.9240107352457,0
44.51280047701035,10.058648355695038,43.318778741520056,24.03391279468633,1509.3853791897563,0
58.05224128024863,46.124944815125154,115.98385704337737,20.88727867479377,1647.5126120643765,1
64.12459080596123,42.633307655086035,338.46289784724996,50.65227224364404,1372.8439773881978,1
52.255037762548504,38.744171612647435,447.87742120697095,76.56088223951329,1957.7252916200175,1
32.977173019203356,19.63675571121138,21.294700448157112,37.35727653652956,1368.8973589930943,0
33.174635125238865,25.21903521493834,407.16331020169406,61.674874781631566,2665.8225248469867,1
50.56702658738903,23.21658723975764,283.0978707674628,38.12797826339392,952.4221199538399,0
23.13274301725663,12.669905377968632,275.31520602171435,47.254884054122385,1868.430301675237,0
16.076076222226707,25.251402307438347,479.11752546291217,90.23504443332746,1828.4448466503295,1
29.50421867024271,1.5248273926377232,375.08408323540266,86.03468891607832,1003.9368047057101,0
25.798144540974498,6.590518674872959,425.8088396877754,57.829456103663276,1329.2190612850682,0
26.296946625079453,44.32947980844732,180.22780692461004,34.762767080182535,1213.6840485999269,1
22.848426307745047,37.583988351571165,279.4102002100629,31.034264756840894,731.2476500512232,0
12.315125429999902,21.143420452954352,309.62581032674655,94.18925030196428,1493.2380315788598,0
10.98306641033776,25.857518114193862,164.18405047942022,31.825477510387064,1266.6556325546035,0
64.32473143548174,18.499944297998873,287.27282184896274,82.07796980574075,745.7934001678984,1
33.52752235547243,37.03899335803362,122.14441284245834,45.62452739144959,1424.7001135444038,0
31.137965593782493,39.20935896160398,75.97095717877859,96.80976734733377,1354.609920646848,1
47.38060054811884,38.164259510157954,190.11527834227965,45.55692645011139,628.4141941486494,1
22.003963832578528,36.130586241722476,370.94836622948634,44.17587986759027,627.9688547950271,1
62.24786511726239,10.225216934639791,458.5126382965743,67.90948119684272,1918.7684496142435,1
53.24897579285536,16.89849896202394,231.5684554916251,94.805894950026,2066.4520117927595,1
14.917605127174273,23.492271749183747,323.1977256963387,96.02539728110393,2652.9510497722617,1
32.96694266817106,16.539649571382782,56.00337983267474,73.69811015675978,517.5117261527496,0
58.35150691591906,37.74701000791645,452.70956048340275,77.63232834781735,594.6537309456337,1
61.96026122602757,16.467676212497732,286.45908571711755,61.762380605761294,429.5453211697775,1
35.70708311874284,6.911604339266858,391.2674325744527,77.72938634798354,1630.5710768923252,0
43.73762640658892,19.952022602415205,398.24839445608995,86.36171136255122,1856.8665357380662,1
19.18686703506414,48.99572163911902,131.95786055221242,55.34591016518693,1308.8086298303942,1
64.51427443753371,11.294070646678794,266.94135432501554,66.44856781489855,2294.755552402832,0
22.741943576089387,30.607932947161455,480.4374770226838,59.59728570434296,2016.7485900095003,1
61.85024757743191,21.648652491985317,49.36909968630975,61.68506092288021,2764.60105236715,0
45.730565694580264,3.5512283824663315,343.10969952463387,88.8739765195371,644.7374582491966,0
43.42552371833725,24.393830299902973,481.32071862741014,44.51619690706233,445.7891608562534,1
38.19786810590797,35.108216432415624,153.78566848674097,32.27927412485181,987.0092639234696,0
22.686839644476727,25.660998791390938,431.4167210951523,52.871249152711215,347.6254882921101,1
19.709041760302952,43.605303187329056,467.1604849770944,32.27107080994501,2631.528569666282,1
22.126741498859644,14.446850832879132,374.8076736504384,56.36723532994759,1059.8791467204387,0
20.254104417934,4.312458565198246,119.50751459194434,89.99117274463586,1681.0754174286471,0
52.87714604617143,46.828280582900305,170.33035581916397,66.24698220004566,1095.1740821968547,1
29.256889254170154,18.90981747641095,22.725600736776713,86.00092682415546,914.5215549720587,0
13.1813472109868,28.82027757268167,416.5693509514508,28.79384632808748,680.9118099371999,0
63.30064465774462,39.600156306509795,425.55753732298456,89.77250818058567,1100.914800822839,1
58.608223672988416,16.21568319377903,318.1916034332654,64.94833464579061,1838.5473260199365,1
61.026375575736715,35.808226908880556,179.5012863756064,17.636062465459823,2729.0529992188194,1
64.71993024555394,6.770942490891402,43.02145868176066,67.54887328865806,1695.2301009178736,0
19.5642387070718,14.564687360275263,377.76351690788016,93.96594736965619,1631.7726652475128,0
31.79331103964623,7.235531806825995,364.6304658369118,21.570861039455053,388.1575452628672,0
51.70311616372502,40.56152792006789,456.738248260756,63.34385882897448,2400.247539169232,1
48.28113399295857,11.132461761339268,366.6133503976543,90.98472403818633,412.1034374939331,1
18.46427484869203,35.87017777026051,415.2039964107809,15.804698971753089,2565.580685258698,1
54.87082187448398,47.16491986228263,374.24753586247977,67.36577289666332,1646.6793133917947,1
22.344231451016334,26.38861045344385,317.19015821459664,54.4168902219699,721.1665130850886,0
22.309968815244268,27.001459613034385,216.34836512454956,43.800113447834676,1429.2684800161467,0
39.533593259137746,23.051678404890602,451.5480677779275,67.08552866546621,2787.4612017079958,1
42.611696416293675,16.294507169682138,327.22944309419756,19.374273850755607,1062.7071301102326,0
41.904741431079614,23.782751546245855,202.185884373125,77.50423284185422,973.6494213714467,0
15.031776056876518,30.14037661333797,46.31730111506883,15.371796584335733,595.0147376062648,0
58.26034744467092,49.29957860853297,148.89890367266915,40.475666734765234,1792.855871977097,1
24.608002342378832,46.88822796591121,274.14473374093154,56.828566927828305,523.0674975349073,1
17.12332067055423,43.10764791465609,141.4395081580163,46.29284679702379,2215.0201595101926,0
58.88114439279374,44.456526785242914,114.51149721936154,40.52050262206335,2598.0587858263953,1
62.560832402636436,23.392459164602148,266.05978947348433,83.95931707385198,2629.6777780387483,1
57.417018949599786,32.87221635887324,89.06107121838862,92.59110366456844,569.7906321935944,1
54.523384109868296,44.75333614681071,401.2029813459262,87.51815284718876,1695.656493382422,1
46.0383089351462,19.647538249567653,244.7622349146157,58.361798983149974,542.7746372554166,0
40.29715538350266,48.08812391727344,289.06207311151184,88.38562654105908,1730.0403537107431,1
14.784271795127559,20.78930310345915,77.95471746068753,91.43150991006813,2337.451463023953,0
32.46492671888843,30.05413326966078,165.66528613653685,48.966786954939344,1644.4754057582118,0
30.49786843567727,35.4902356636186,207.9943932142707,38.52600633895197,2480.134565266703,0
24.28645810681794,47.52960065379692,405.065351105669,23.156012082505587,2304.1858871234444,1
49.78810625287217,12.230813702613302,386.2289639276455,54.76462944708601,991.370874849821,1
37.273165429332394,37.30654891193211,115.37385001990228,93.54264439639063,1875.255707206104,1
14.457541874920636,26.040779307204108,310.0086453954688,61.55532482984079,318.53031619032856,0
22.11007610723962,13.427857031032053,125.51089709713881,70.40765444825225,1290.104789812161,0
47.579232001277774,38.83034198981953,494.1823420666714,24.36935693482335,894.9004194607379,1
14.187197271966511,27.61111400869233,476.301319674781,26.912132123807268,2642.7908648587154,1
56.81638027268228,33.04869103248379,283.8160366577071,53.55128074265282,1313.4725293079,1
37.23305898576859,16.14505342889505,350.95677308760077,93.95497831564924,1935.1610710562015,1
36.432261752965644,24.06369759138025,401.7080391932793,44.9451252520969,2129.9540231840183,1
42.582428156273465,30.867712549403354,361.8942179222274,87.83117542935528,2233.0313467037686,1
55.357453125883204,20.2455407134922,351.41520208579834,24.983953254334054,2139.437980043822,1
29.129506434620616,9.918626992385066,479.4842339350164,66.21242817549793,1022.9126524693369,0
47.29088839074849,48.0820246157652,300.2457726221052,64.85087708357301,2015.1692418230552,1
41.115258019768504,25.57337700213087,319.9698225504325,86.36960425583229,1672.5237056557082,1
24.68655485931817,36.696018514385024,425.3880314668997,15.275286465606825,1793.431661993797,1
58.32464924953369,20.552359677802905,336.59597958991134,30.76432837739849,302.0365432718872,1
53.85843118838105,17.756588201285815,367.80164789867365,33.23407291064699,945.6440023821414,1
46.2148509062134,20.35821492335625,120.913499667338,93.8471853115312,2626.709241789139,0
56.7819951001833,20.45983218928249,188.7771274369601,27.756573470401282,1025.1902082643144,0
57.70118105278913,27.209005797097678,77.91416612738705,18.067875068306513,1395.0388056241065,0
48.959963719326915,27.173493499068158,255.35389395572872,59.36030406357007,766.6849554893527,1
56.03573306000196,24.857690794143583,230.58506333672193,58.87035238199558,646.5063797592244,1
48.3609303918106,6.7392892458719045,498.59559306833114,85.05589812553274,821.6724215967628,1
47.40774244681652,24.803773925026558,307.54828314369354,93.75535096475757,1684.1183221674326,1
44.02362580183514,8.455195021032575,394.29018748123957,59.69927169763087,2597.5716284752702,0
51.39941517567027,6.306789314788258,170.33726202503885,92.1895171408314,1115.4979497404756,0
18.723280791119052,46.632285867058386,416.6149390146843,75.18820955788587,1108.5198805199275,1
58.447891755941065,30.247500657385213,309.4670584114033,36.958407623633555,1710.3514672171707,1
57.95139402598776,32.97450290622921,350.01120414122704,92.05891900834588,1191.8567942328382,1
11.608600566900753,20.089683516668188,150.74323508497991,70.3977836230956,2576.04011995997,0
55.419921281061946,45.44904459574321,276.5760038893107,49.369962417638604,1244.6201066056547,1
17.087842711039485,31.896524478983274,318.8483018397363,71.46009301490525,1526.1056312986677,1
28.431536984252805,38.45849347617937,296.6018645292076,48.30896470273132,1633.473209926027,1
50.89295409603843,18.42812345138569,458.02088715516044,24.47725274300062,2255.169487826178,1
18.84179428265695,48.00059404095627,449.64496892381396,74.67523601568269,1709.7648485372092,1
54.98818632654842,41.02306450791575,485.63710864905096,83.39927181017174,897.8877503683103,1
55.76737978767581,42.69742315072718,335.37686297345977,75.49091451860917,609.9680165659183,1
37.91072535684599,8.609713371287715,486.0974944122139,34.01651742380415,2644.43636672241,0
10.351222944425848,13.548160393560977,417.07661001579487,94.40070611864188,2303.907486597768,0
25.787097324620202,14.281329984178853,139.06190946827985,17.096128620365942,357.4130257222894,0
43.93098051066582,13.545461162343559,216.58065642789205,42.61287968217817,2353.822460808869,0
63.96523979150829,42.7704081052144,123.00425888355984,36.58767206639632,1776.494484761922,1
44.74974398591676,1.5942397604296055,7.0775946111297765,18.99447689203263,1597.2355875873584,0
24.28919695852879,3.804999449038715,98.08413280771975,48.67556451805948,330.5729475588973,0
44.87031367047862,13.695743531495186,7.009990212003455,66.71853173351028,2252.1601409610375,0
39.69919588437205,9.993648732472183,361.32003836849253,88.25188766926341,795.1625356031252,0
52.8914967333129,11.592980694142419,215.6394773719938,97.14424644389202,2119.9530329851978,0
15.883935135482712,39.897159462665,159.72448990353985,82.07143567156504,339.6706184145432,0
51.85653463761154,28.156329694602345,382.051841092118,53.90048305316446,2290.8841241654654,1
39.76966182718607,0.2885330646483997,417.0809534367243,75.06746735526355,357.59867088760143,0
62.964560212244706,21.466138285209762,487.7732716316906,85.02077445294017,889.7322601812976,1
28.802969132127735,20.394246342517945,322.79672441424435,53.62049730275055,970.6955312817836,0
44.79420412236715,5.697263472227176,233.4568344773256,80.1595180241165,693.771595267316,0
61.261545803050964,33.80708943007286,156.10582929568076,55.06015071996877,1502.6454904884226,1
15.63803503948736,35.104859418974556,115.04751356104201,47.07916724276799,1009.2198990417722,0
61.547566798004816,36.044660952604886,110.3983454888876,58.66553953605218,2783.2199393181418,1
47.833714726544734,36.4235472779296,207.5487404863004,71.09594322305303,1749.9219834135974,1
13.731038250784454,0.0026413466148400566,495.93424586752525,75.33121067444358,1716.1945626356012,0
26.552996182074892,47.696040192336106,5.422580231514617,44.609110318044955,852.1740752661381,0
48.949464875490484,40.71043835273315,102.61691912934539,62.41958087915089,1321.7235967872784,1
13.704283080782442,45.19908482946426,98.25452628976905,90.51928254867711,609.9449859,1
42.01937530969503,0.7821647653717068,359.9741453384847,96.0339707091831,2206.323130625966,0
29.02356813241262,46.69293978928697,179.4799401610406,33.861591568268224,1127.8981153836921,1
44.15035347721124,40.48942643440523,231.34409827295121,31.00498675420734,2179.914583483026,1
12.515811859688206,41.86095714793493,78.56894458260297,71.16490757457782,1229.2399998236885,0
57.9345243383807,4.664369236098426,205.4735342440891,49.41876252334584,2771.893100287114,0
63.54189330475683,36.938901445929886,56.08390689338884,17.010454088705373,727.8040556365545,0
63.28828204071303,47.99583448210455,268.8564275048486,43.78953526372459,303.8097347083282,1
51.230850745860856,33.92736707090803,53.47949086451369,81.95981370819692,1787.0638534459642,1
17.154743207184758,28.528070231230323,396.30164868071233,81.18643522180416,2682.3830002195955,1
51.704475776096245,47.28148388744985,285.4678501825423,56.05886735177629,1917.6351372649483,1
11.352280405234083,22.1468560867218,363.36409751789085,54.22396859566543,514.3088068704524,0
11.216795334094849,29.964678315523933,212.1656113930785,63.09911772205333,1651.2009561655636,0
27.798562053224767,23.81691467471831,193.83819015490252,33.20992697677681,2573.7173403443185,0
36.87537547225662,46.642311068014955,53.613400079187485,58.6616208659493,316.26516970003183,1
52.37240797942863,3.804236338275363,264.3085254861972,15.916847884701816,717.280532094497,0
47.58124571335779,25.05598504126741,259.6785716042605,54.4714430470001,2336.4038902565408,1
34.524648850721164,34.347622069271914,236.71051200255465,42.89223683879918,2534.767766443707,1
25.049466645491623,39.59532692111185,371.55659051781237,71.01417729000374,2067.9015521706774,1
64.8418475086741,29.150932372206817,417.08967801601545,67.98334748466809,2778.900409099552,1
33.43997162297851,45.4458872060727,376.6408890995115,46.60937805517315,525.5398239664233,1
34.82628633813215,47.09957234419358,76.2135426893877,15.6036574627231,1664.1912895914008,0
18.999310165541807,3.2159611596791757,312.9194570946435,35.93871123978172,2012.4868066189656,0
53.71452518124612,20.11852697706872,44.759937316319025,67.56787156570047,2056.6118009227193,0
48.15252241798188,1.172951086057722,348.8380322830359,21.006987470452877,2283.711538360457,0
22.14232870338182,16.470832868722145,194.01035279775772,23.9343210121775,2594.065112748458,0
14.53095750887135,26.843410898530106,70.58698335181187,68.70390703906824,1204.1036140427866,0
47.42746161410922,45.53974652549744,431.71517420318327,77.72869427879127,407.4084820190896,1
45.998116785462436,42.32771612327014,308.934127824274,41.68862576505511,1206.1047862023956,1
25.029273984901515,6.374986333599287,180.5888591340261,55.642864437874636,1979.0369084680872,0
62.29749592377257,4.6515187370447855,20.209953926997272,93.49404329364367,833.6402183341088,0
18.308184047949513,29.463366937833353,270.9685782067872,93.48011566060546,2324.932378896776,1
33.778414057343106,26.605898622939133,461.99680985068517,40.5227302804647,849.411144307077,1
61.89887560921794,13.318882071501193,300.20801718767103,82.22899362641849,325.1585059504333,1
33.085002430936726,44.97265422769176,485.9670492866491,64.29735638296928,1570.2019355589484,1
45.118927121524706,46.368320473077674,72.54330354387697,95.96521294808154,2116.1539285090503,1
31.867691887953686,20.130571917008133,286.31102677444426,54.641926286021004,1174.1383513420851,0
25.08183612917685,44.51512785567601,400.0718987631826,79.30067004529161,2172.239498841967,1
64.11877063779056,19.19744471314863,265.1426619072295,78.7553817580343,1396.0108353025205,1
32.51337034732737,36.84084159148501,50.077846213798935,56.28692801354532,729.2865432668386,0
59.17545620235239,23.797110877386206,293.52857076587276,81.03729948667655,526.3959844973873,1
22.64750332400974,6.129157825359149,307.8102633920235,36.66634766448071,2076.4679122683683,0
21.720758721379582,46.396710061851074,365.71107799529955,25.147002012088997,1264.2869690071946,1
11.712374558648126,22.70482966887683,381.7997000069096,50.28859080639125,2581.934419809426,0
45.841675395673676,36.72435201612018,386.53248066425056,93.32134450058753,1650.6376464348743,1
30.268948904806862,18.358690721564606,333.40497485128816,56.56180248080989,1171.0810455517565,0
57.53970374118004,0.944043928811733,111.82653727723579,67.72650850769494,1172.4773174743077,0
36.02654486803564,5.026517934591795,205.09669914054228,66.80548384035365,628.5946611316228,0
63.2506385353097,24.81097397449622,389.1843364441273,26.00354798337103,1784.4728839728916,1
20.203903363671664,34.49821785631812,476.94635678340256,47.394641237308456,1755.4178385258053,1
57.77427423755859,16.736766328963952,44.07874759412789,73.67593475251562,2299.984229841234,0
52.712826903545796,34.77442295888252,270.09065550961145,95.67517818220028,802.9924061676902,1
52.40070145542286,34.9317794715978,159.6985243055317,28.94547227865317,1026.9741061895684,0
56.46307754642882,35.19679536639154,116.56997768683074,49.06667689814665,543.0949227389542,1
51.85631950186494,24.62609270102542,255.37628834225893,22.89278538362654,1038.3555056722669,0
44.442117689727844,45.7443075060752,305.0142235754857,35.11724615088825,1370.2552893860018,1
17.218468272531318,24.45982589903078,9.837254552643218,46.27102549607047,2710.0710148849594,0
11.788939872018855,22.513259674831907,391.20225323958954,59.873389580045085,1932.6650071872834,0
60.646631629862775,9.96904095053135,410.84165497342656,34.13705122584372,2257.184824447989,1
43.915767298640596,15.382754367816826,482.92785816112684,33.887700877830916,1113.7747130512255,1
53.8095510036897,2.1167246259151673,94.418647946224,79.55988826863691,661.2820320202411,0
36.483729333190254,31.67676468080851,299.30351836866924,94.89925802459115,941.7998547833245,1
16.451950392931696,12.426787196354644,216.17955987081527,41.85987632337087,941.1692274983027,0
16.885218571140275,15.207762724273255,170.7397865198986,72.10333754676145,1757.7883207335678,0
47.706090797593426,38.54072608321606,284.9885584615648,36.42067829270742,1153.6778311375717,1
33.66682421947045,16.361059158072695,392.2796311456574,92.02003716214746,2443.497160833197,1
21.028859968518518,12.109794600657109,16.411127805379003,70.85089589372805,2771.361298091245,0
37.037700070779024,8.452887456685287,484.85305572026243,81.62217893491831,1158.2460131586213,1
13.531491539132375,38.742920109097795,405.8913849243268,19.09638558553068,2062.6506842175268,1
42.008427105291936,6.485312899501344,376.82108330456134,64.67599536397185,1943.716454800922,0
24.794637243930374,22.687688012517675,381.3917541793492,58.79182350274573,786.1562193307036,1
53.86575053504535,25.34650580385972,197.58505126123302,39.31874327365716,2595.021487051585,0
27.06990774079656,34.36949563428573,377.0521726681828,36.7816887597574,798.6064679710031,1
35.037108199499066,31.664174116649775,196.45125325846402,63.14205859230849,2142.392829174247,0
10.639129694945535,40.53603364725874,449.8598806395226,73.63830770559969,1169.0241056857813,1
13.984578828700737,2.2375716963119077,92.72507973670248,17.753338833920683,1217.7039175224284,0
31.587145602367666,14.82203623896986,149.71197498649997,62.094331299667466,1438.6226322224009,0
36.3966359094418,14.006705938768988,277.91208363604267,29.148140902570177,2461.269945137849,0
43.00113014656171,7.3008452796054115,163.0094627641999,26.650106705046348,650.6298537780303,0
26.041441829011678,14.458912692822157,214.99743642116033,66.71891751185882,436.4239445868848,0
48.22400373695984,15.488265707145171,248.74923125230436,40.802219729050265,1305.1020472844534,0
57.306731845406254,26.094223096373913,428.89490766268676,51.59305935019371,438.9627478552202,1
52.891804389134236,33.1852239463128,263.98016553630293,44.87990118350115,2019.0022076436012,1
12.179035394159643,19.055025680590703,184.41762506420744,68.81191457265948,2200.812687568033,0
36.42788209918059,35.97351156566906,127.62940119738231,54.01994058351692,2436.7809868831473,0
15.771159812999617,16.808266928979,207.2946095021376,94.96706894914965,2159.605613708992,0
23.31247587243901,14.514183865738017,260.2893716851131,44.24776900583662,2590.8784842316977,0
64.26644262969305,27.059402792851216,374.32685431560196,76.44360024181532,2170.7528068080555,1
17.837254859583226,1.1858180152895303,64.91914420530765,36.3552831093927,2640.189099696004,0
37.43884843982458,3.9894561817000183,114.69654817837969,57.22650668797019,782.7769855234079,0
43.99856538749655,20.898477179326353,192.92873785499324,60.86328940786243,1549.6578321693255,0
48.63557337992572,47.145635569587824,183.39721053415974,42.31607032820677,2784.8264992622717,1
40.780677591780275,36.075588992171184,198.9153033645798,54.15778389974822,2003.945456356789,1
10.5373966080551,4.4063284750278875,397.79302599696064,38.18012694557485,2496.6027949731433,0
27.955371953419554,42.31590063904368,165.4564294662757,15.498064878940506,375.98448458213807,0
38.47414038615913,36.61503853040905,253.439599299319,32.898809035943934,2479.3947464210933,1
14.832657452965835,30.54732628513266,313.83398126465875,73.10532631693565,2044.283086430244,1
29.284481216504943,41.014648030458865,119.92838234088453,78.9899310322863,726.8885849692766,1
11.826170983525161,20.205492387147856,360.7542166380318,38.256837972530356,364.20239105899145,0
14.321817343526142,11.075052542692637,275.82010327044907,48.86756890189997,949.8164453141322,0
31.830780191087783,25.601169455437965,226.15667570053213,18.10134979150472,2589.4333974819256,0
17.29936647236832,27.44208777967369,405.84309323546535,34.67622079110749,1970.3323467507162,0
41.2147466543857,26.916318600495604,125.53015329666509,79.67520051990083,2598.6727607083108,0
47.92057330254961,28.253689574005264,442.17210545409,65.29686043199976,1415.3769562356485,1
54.03226845099956,47.435245911959036,282.71912400651837,32.078953322212826,2641.5677380881025,1
21.008263433464556,45.11228115481157,306.5415652929308,36.36768559516187,1457.399538612514,1
19.211542024248836,43.78585182794697,438.1541872636267,82.79456790813349,810.6368110458361,1
15.751231218392014,40.07084054543136,409.7034304854213,32.353988844426766,678.4836604611182,1
45.003663724900015,47.17140536326427,302.77322406684067,42.73509124531189,2784.529532587611,1
48.856164956779566,4.924732083970163,377.8279134048462,70.14177140733548,1134.6566536864273,0
11.737237965410312,13.256163072286975,219.49314766528394,61.57232801377053,700.1325632939693,0
61.49167354340294,24.752797282729244,275.9519879823744,53.25222703440659,321.0210772268804,1
12.858420600830982,42.32672465617026,35.72471767071301,89.67851055131878,1013.923916324056,0
39.771298441558876,25.258285576136625,49.479669410023185,33.23596840534929,2522.7903590063474,0
48.9983285698004,37.40173696707944,415.56557507223437,76.53785094162899,1635.023301693254,1
57.903301806034705,6.947995262445811,34.537469562835845,28.202298771309216,1881.0876288123873,0
49.27478126728353,12.62069064882801,88.85256718814061,66.10590817901806,2605.9777597263324,0
54.09504456883855,36.58880475188362,398.9371661804686,87.26175576313899,1582.099795267573,1
28.669760589854334,8.236700444386202,5.567245560986862,53.00584819468544,2395.6996146315364,0
54.815381256058174,17.567796732746338,144.79014277870283,75.1164440968803,1109.583195190884,0
14.406316551157133,13.24331289067857,294.0991356241778,83.09264829891602,2742.75465710305,0
59.21491608332902,17.493084711123924,299.7477160773018,26.29019326484103,497.034683781131,0
40.11758068845549,35.416202453898514,389.6906895735894,73.58363230841513,2112.0738137831613,1
54.951377347937154,18.39235905714005,255.43349597362436,91.34680499106013,1951.415716900736,1
34.87750564850651,27.76316613039701,257.15392541783035,62.83876061801017,779.1787646270424,1
45.39677323580887,4.9965938527204825,364.0287348926467,30.44814629588675,1272.1099971163399,0
38.95214635148623,40.25088466173139,251.81910931681034,25.53623012188227,1082.072791942516,1
50.23742369654325,18.494431282406243,306.2030878489903,36.55803242874008,536.2321708312384,0
14.489649011682427,32.42670795166712,449.3981637862503,23.591601328384655,1761.970057377103,1
13.319364619481009,36.26948008309163,203.7182487681241,57.61170794155894,2784.1746139129136,0
23.590677870558054,10.48304610558502,195.636910105015,20.78548866465897,1698.970352633473,0
18.774957406225358,44.2337492476675,6.756750973061799,33.5425838448068,1663.149767198405,0
57.94809616257109,30.811212580347647,308.6459994530098,51.51256684471379,400.7842683863708,1
22.056769304692438,21.436257087574074,19.73709416653033,54.33492428336778,648.0505584092261,0
63.67258907005222,9.116759178910977,254.55350241551656,61.92807426719805,1583.0477227556526,0
28.529268547410876,47.11504689506034,403.0957255709522,73.5660419083103,2762.9464104601784,1
20.016485362878463,37.75341020658126,277.2109299072332,18.919977092233804,2491.519338654647,0
53.43341789283635,10.401228136662443,138.46990178225462,21.691539030590008,1150.5228034329189,0
46.22892765254819,16.885538736211224,394.1533686174388,20.051309599796802,1657.5106355703188,0
37.40076440492264,40.48371290440366,138.50991702085673,50.12147618358756,1681.7555556353416,1
40.54499530156971,34.78388316076695,367.8507315682199,18.473379425283547,2013.401531905458,1
49.55609780497451,38.289214635786216,307.07793531916445,76.92474514700008,2019.4551030978464,1
22.56501077322143,22.06005511064662,89.1481668902606,33.509015026193666,2274.4812209649344,0
64.7983653831208,35.82381313210835,453.04126804787194,92.95463694306657,362.42756209920594,1
63.613623918073074,19.324686143195684,104.31862306381187,55.37151167306025,2659.2004765936144,0
45.76791274908153,10.563145846909821,494.8456016996316,52.045037452702736,475.1551149731165,1
20.974834801102983,31.633851742067996,8.618691884195682,79.78471148907852,1490.4002786923497,0
47.41255333372102,48.80069627993971,135.424271685737,74.19178066311827,2598.9481908976068,1
13.970912493854671,15.53004856976648,103.93084715072843,65.40665039869586,1519.1720730776995,0
11.685887621319333,23.04847961062698,11.926738034379001,92.6171766187807,459.0920855827921,0
24.172558868116752,33.70006855349268,367.5221105729212,50.04751866192739,873.100049529848,1
35.4442626206624,27.07531410612439,348.24577203930016,82.10812908909978,1746.6668884210567,1
57.75498779746093,42.17138978545246,397.2137273556906,46.54771449690294,519.6540447474226,1
49.99429883714694,38.0871353234758,132.0657804999598,84.5826909665767,1359.1948275432412,1
50.84885866599896,2.914860193117852,224.94590770607013,36.536394204175394,1122.733165478512,0
33.402133394644146,49.9210616961887,331.261193202666,39.0091670453907,2338.019069560599,1
29.02642459008296,37.620122685973364,222.68540942463108,71.26317132344869,575.329845838623,1
30.407131964153148,43.19516581470566,350.1762563073683,32.6552034809991,2006.9961253969657,1
64.32072600548318,32.55988560476732,318.8168371780189,34.01979752311059,1316.4726771897726,1
12.206005527686536,42.81425640233812,61.75066249597735,40.33678160844542,1769.3767011808216,0
57.686732286734674,5.619148746435471,391.6163449330992,71.3510878818112,813.8294298013618,1
41.82714747148164,17.38689177796578,361.73479775079653,88.81921167112824,1824.2592119040637,1
34.12384805542747,43.82104718022464,329.6380218706156,70.9891150435399,1984.9443185402818,1
49.88917132283251,10.082760563344612,81.77133510414615,83.7085822805624,475.57891165269456,0
36.76679177835865,3.9121049290011367,137.658242153705,60.115528944640985,2360.8606689573426,0
58.03827809449133,39.40594699726095,199.6226306358622,20.72062737164706,2453.1352822206036,1
59.53860252061922,41.77430778216481,143.56516271993948,23.338695555205554,458.88513920698676,1
33.194650978040045,8.13261090949503,117.76609388468508,61.01453420445398,1807.9687202432144,0
25.225528847927837,42.717299139135775,403.652046730079,42.2074803972951,1785.0287424305675,1
42.579268072634925,34.33838977985848,320.92496194830017,33.307150111866235,331.1460296711083,1
60.179984008918005,26.004134160829196,284.9087051173739,53.69932496611753,1155.8660348898784,1
21.586420395311663,41.51250963906925,116.84659187236066,70.31922949505703,2722.314456784369,0
44.263162095991554,20.96246246594829,459.44789832297744,46.95433166207625,1688.6268806718574,1
44.73581210508863,9.69969781116986,99.63560435317154,81.61100734405936,2633.0295068537625,0
50.321216232840456,14.242633830530682,398.50071174821517,76.29742946542567,1989.11158969346,1
17.236222681999287,25.25820091466574,483.5029700191201,75.99793521924404,370.97629555819105,1
49.37037305751487,26.56653963365879,364.91090096599686,96.77074424322325,494.2829951209801,1
59.996788636610255,40.27904132206168,496.4650937163917,39.50408812184569,2105.4473884185572,1
19.88257098786331,39.567636182616724,327.2703029040836,68.51222366629429,1686.4194759225484,1
23.06488287081327,29.06832786022874,112.64287008392802,86.00470223330602,617.8791614996892,0
63.42673017229018,39.03927416827382,105.8906493896731,63.10052801485461,1835.1566958840408,1
19.953732399021938,9.58867291468355,165.6593207064608,80.52868061757759,2325.7184014204904,0
56.99118013532685,2.503226354664717,8.529360009398001,49.39953142471272,2182.45607533153,0
37.075282104641914,43.68169113173501,342.4407426910031,64.01078168934879,915.4061500801674,1
23.59770909217474,3.7777246881384787,137.99055339077466,19.620310602759247,945.4874166401098,0
57.891244569988125,12.334421487199865,408.51569998491266,96.8187112834595,2719.594512755284,1
34.4917890251466,34.76594748121923,182.79046202685362,81.40153396021863,2518.5120053817905,1
38.31495446613296,20.472396881365455,242.5784642643398,87.11115294541031,1095.84328607718,0
29.757835316987112,43.81569849577544,483.0160136973828,72.62642508586453,2360.136224172521,1
42.61229682892101,14.898989733113478,124.87520090840216,30.442152723122057,704.3463243313636,0
18.993812992176252,0.5935673334679648,362.0207782277211,17.57536072069668,792.102753316411,0
31.50948451584684,15.032782028037206,378.7833057061815,86.76649844208913,752.9901346133634,1
63.31767772844081,28.903752459241584,114.39408797419941,47.895444260098216,519.3019375337879,0
24.197338798562015,18.796918770164666,252.99343412303685,36.90078471131335,2436.6952904033883,0
46.12051654977107,26.743637787937764,178.34995302991933,61.61885558363239,1747.0172455114382,0
27.88545353235822,43.82990594175094,387.0935904830441,49.93457736548471,947.3902312348465,1
52.541021912763036,45.62425271151842,313.1292429193735,69.08827764206723,2421.6375818189854,1
17.19805133950924,13.298703232705606,240.6116121559708,55.15483834352463,2306.6168984820506,0
63.34015747931996,23.107023663495035,390.78481619862055,72.87035065654246,552.378795319389,1
34.95842477610016,27.45720076207256,121.40200715416643,85.83413136925887,1910.3484343374296,0
22.982775484055516,47.45562284441235,378.04283088925774,31.23123190933049,2104.5840038144265,1
14.042321103150696,49.930865958219236,433.36028448594806,42.342929086935406,2089.5683424649096,1
19.33668477981474,11.770362442076332,439.91769041974834,51.25569368536303,2107.8567696348437,0
38.58756717058097,36.34899356729077,392.9184285447039,94.85085118629397,723.6444641225934,1
28.535174703720745,18.90155311165976,206.96701266414303,45.32268992444128,1087.7161356719234,0
55.588585123543524,0.4054098443106613,490.99497124532434,46.63128751618825,2410.446271261156,0
33.698813801399325,0.46262612179511775,192.89885369210774,69.23821940564358,2545.979375568874,0
23.679284992319644,23.02830037811279,321.1195725557007,49.79357592086579,997.9722164121757,0
43.94297426322165,24.416745650216733,84.73171814438699,93.95157088808723,357.5487904443811,0
48.87274692869952,1.1284848286721327,490.3222048250144,89.24090711946184,2449.4173679152705,1
19.187304934552245,34.346370838715124,353.4730313230083,57.612928555380854,1242.7295945627066,1
19.21905689585747,14.700169429747657,377.92188489695235,68.51634441767155,1123.658889899841,0
12.016928481344863,27.99465507679747,37.55946818851658,19.816536636340505,1167.4991992215641,0
50.50211082861023,15.045953658270939,382.89181803923253,72.74563382668904,1339.2410599191037,1
46.50924901919928,8.35671574346536,388.48809746419766,73.69767245476967,1245.6665541373027,0
36.104698166239764,20.358686929943765,337.5274995493038,44.813541538386275,1716.0772478339009,0
56.42937469330584,11.613668239525039,149.4952588262201,33.23367934089763,497.35069624547543,0
54.311858412252924,26.740048845958402,247.39657086963635,90.95150735081239,2728.850485771288,1
42.19449004182137,9.941426514323998,59.66501379781465,50.4165067668256,2641.1275861804033,0
57.75492042822923,25.420298832231353,238.43559789728053,69.25760669854199,2636.016616538748,1
21.32126655202225,7.868925743443378,125.6928070372004,17.766289983029246,2498.1940602047835,0
16.155579066875035,33.548735474289245,177.8030083145706,49.36757482587741,1950.8157554543243,0
24.83622863343443,37.696884222071205,85.48720215983082,82.83248131415203,852.7714068710809,0
13.139777084912318,5.519711712496688,118.87691203471402,47.168808033259346,423.70871786593074,0
39.21432404005676,23.39012060186696,42.90147770095754,65.06237629136078,548.3026619544165,0
61.51331307622288,3.543585032743679,460.35117638627605,32.41803144021677,1109.9812511640139,0
12.16389473676803,29.90912227710012,267.55329054782464,49.57162885368344,1559.7075637394637,0
16.716045270551476,13.220214896482268,201.38727577505614,91.9939305984145,2783.132677961985,0
34.870946555588944,26.381222841935394,269.839460320548,62.015495225186086,1388.6087294864979,0
61.36312596403477,25.873050469214558,316.0051480983686,89.86031110471332,1611.615226228442,1
27.388585773721278,46.21771730969002,461.33000271782777,89.8676018576321,2037.8931179702015,1
37.89791447786158,27.454161128436144,93.45301138172509,93.3642674352318,751.8349261194907,0
12.286507247771565,29.149923985915784,151.2984868244327,89.31750778664873,2632.067503905639,0
18.158876052914888,20.082656288219013,488.0157214903368,15.272333707854953,1622.5865146068354,0
64.26465676273658,47.45398015914084,188.74052839101958,92.52323600127254,990.6408640044215,1
63.0815283039825,38.85929547198048,16.168017124877178,26.40913344408624,2637.772465847101,0
10.271698951392528,14.270264515142077,78.08352885539361,18.313878842225495,1863.6265463973753,0
62.349648198278146,42.210479288811605,18.03765736553325,19.597248369978384,1509.224328123026,0
45.15159657985252,21.619818009254498,495.0119554982606,43.96004419964399,1750.3897749019354,1
57.735506198601215,41.4333571766797,143.04107025065542,66.52673907730987,2170.7555472630665,1
35.01069205986225,41.144403414675104,462.1536646834319,48.39182931107679,686.3450092323833,1
38.357781571858766,9.44350933814272,497.96370650105933,17.121005625898498,2462.076076758063,0
36.88656191413061,35.05705656917885,301.92140446584153,54.548058636501324,2698.7670257455325,1
46.67753416503574,14.532148465326555,21.43217595745307,51.69685160844155,1717.4991293751862,0
17.680819011597208,14.874633499633411,45.38785704152885,77.81848903663669,2005.6771169939952,0
11.648547442997288,14.817403844029037,243.3865822783995,38.20787056931138,2449.583702115602,0
26.9361467875155,36.27841237799741,206.05514639118556,33.05508742493247,1237.0265785412512,0
48.75744195051557,11.491302089626803,305.057766361975,36.24293348715997,2782.079487205996,0
21.10193986676216,0.04529176230451126,222.22966580712514,40.210405278277385,2001.2534232672442,0
47.03878383287045,35.76184267413166,467.36804038938476,64.73068448947481,1359.9967458949552,1
63.345162535899874,8.559237191756264,269.696159129688,54.13661529252263,1993.344937504068,0
15.164539368418012,5.224119765391732,348.3944004239089,42.962248909861806,1604.200081283591,0
46.993116502381945,11.875806029703007,448.7602099580358,46.06807513754531,579.103928845913,1
34.40626206175141,18.9950261161352,77.70157853743765,45.78666379319502,2289.663261923296,0
57.7478239907628,23.795316373660036,118.71865378867163,95.70975566095635,1710.9389506323303,1
19.743238419606225,2.228502035631541,58.12273693463745,34.33875000839506,2289.6138946847213,0
48.09442737243905,48.528666631368026,74.12100761880657,82.89910950259747,687.2798509186646,1
56.096340930646065,35.80315267097791,258.72906363244545,73.78149951981953,1645.8928920019391,1
61.95378207107128,16.15970326621681,163.9837331888947,15.4623104650947,2216.5606805322823,0
47.57864155593052,15.934862864269867,214.47055556574367,97.4336261044155,2770.7614189769956,0
37.3446120204635,22.42712746842297,491.3324667380606,77.78446776258662,2510.993190963147,1
43.98159821106676,31.31224113815165,82.56865215899431,71.64331566711567,2460.874067651598,0
57.7897741463295,7.318653329448388,272.7019750450474,48.6419507371609,918.650345365995,0
41.38353606513563,9.446490688247616,53.94122175155722,61.081856379886034,2394.9615042726186,0
11.671288283326028,42.97172914167754,162.6556750656199,36.02148434040002,723.2031938574077,0
61.202178252883776,12.812746194453627,266.1253322189263,17.94512262709289,795.2691613710838,0
47.923971306735865,19.009749898758876,473.58271425284215,84.38979765101575,575.2918593586801,1
47.208236217748556,43.563592547505856,198.6579695353241,89.40821297553725,2443.991326784468,1
21.862133381874443,33.157391469991126,37.128814626261565,28.48506283898191,570.6362411282967,0
46.238700862796144,17.085593967084417,197.13991674035688,80.32565595519584,645.278699362525,0
31.662542310978715,34.18497728623104,77.14188205761897,76.51567188270968,914.7178752059646,0
45.817813737282066,0.9841607690706855,118.84485857926542,29.80512516069551,1731.6560228016026,0
15.86261666693949,36.782133000568265,310.95485846667026,50.01179061370789,2500.450463251008,1
46.18149175316698,24.350802025811973,38.374813770822435,50.08890742923058,1345.5703881389202,0
64.96775491738666,40.65910736422306,235.0382593437685,78.07703343933562,1665.714872979463,1
12.651662137330582,47.73188260032342,306.68348507532835,84.5258551794126,716.2234998931324,1
63.74458013217245,46.28942747472842,213.81990422191097,22.866335075483793,964.8646397444791,1
32.379937839757886,45.463252172767035,14.467543558746527,61.72644649704884,634.8144062144373,0
57.891439768549255,25.60849779669436,492.8320816669184,78.22512524509747,1324.7971121677244,1
53.03120162320504,18.007105706946902,186.72230483356498,80.25381930740815,1775.8391466954808,0
41.18589435426673,23.251766236533637,390.39570753196716,27.28346252772394,1010.0488250836354,1
50.614706508822955,34.49480016566804,166.19501363278934,58.61692688151591,2414.9896389369815,1
58.318355871574134,44.199888843559336,240.1332947117423,86.17737262810434,2753.095877516586,1
32.22771769080681,10.349315150005978,197.28950309244328,41.43704185657859,600.3871307864525,0
27.98682388597813,45.90965792308515,174.5569186072558,50.284702609679165,344.6501400383104,1
46.71763620599716,40.75901159849445,15.816431717850477,81.76175644091559,2274.4422684869596,1
54.43152680676922,48.94280075891173,183.21036423797923,22.41352025825227,776.6066945083621,1
51.92568241271387,44.012588664084355,445.29754524776735,86.3379430607852,1182.8664816521475,1
53.8797506872249,13.996866484595333,346.7447026038734,40.82600748865715,1285.5780456895259,0
33.957082314711315,5.297795567202384,76.98431525224272,15.120376277063555,2591.4984722523614,0
54.98088188962619,5.612053599579431,297.6217272882559,34.43520903967774,1947.095539415405,0
16.611498045383463,14.561165928913805,446.6542756746914,22.428553194327037,401.5237257572268,0
39.946900387846725,30.709186199226963,351.51685027760345,22.667947280688264,337.02560178538647,1
10.316726327396687,40.21601630485863,78.59877421656488,72.5053659338351,798.9202438257004,0
27.852220644514865,44.96251534907824,434.5770858835759,32.76003585804238,1095.4298521817786,1
30.155384417926882,31.18766921846164,154.26428657798837,92.58361612708954,1511.3095852164975,0
31.789498038509045,0.2815656374026865,229.7676914346092,57.864897367078235,2394.598530772139,0
48.25069636794242,9.315838825926676,265.44066604612743,53.18815541025824,1087.0443900868986,0
31.370695569869014,4.986310192668397,426.00076916720667,51.04553201227259,1241.3430481791383,0
34.67814924423919,18.1662237784505,466.14571009809225,72.48477409274544,1123.344825024144,1
23.06492719808801,25.067549681687296,465.17817450632526,52.537809289459496,322.413340082264,1
30.528848539613705,2.1698589289280426,8.937319732877617,25.673829566690923,2688.0038477952994,0
22.49982949947333,17.423898789782765,461.3348003648013,88.05429099318279,647.4897103411845,1
14.0257758072644,8.958983731266128,31.921548170778305,50.55681396082967,1019.1686955081175,0
43.18967263597578,32.353508312943696,136.5579601246305,21.142379783058704,623.2582552411045,0
46.75170392052589,23.213618466217,259.9189880902773,58.93737696231417,1526.3578903918064,1
44.0719690305288,24.765882346695438,242.56321605717505,68.72978925182338,2630.415287356248,1
35.49217240903148,21.384589401673054,304.331347974259,37.873344525093955,551.7517940637157,0
30.88821790985764,47.80098552432835,242.3258832248179,81.42825383692892,1402.2423089712402,1
57.48335072645039,10.736756256078161,467.5159614220083,70.59139522110118,355.93711442894613,1
38.549498182491995,25.833212992193715,124.07167986622056,68.97831704894797,2227.2455534653704,0
36.355003269635205,36.800868418266795,140.6422235490505,49.92847108802692,1903.0653588860625,0
11.410313619353962,27.842220656728127,460.7652781680628,94.83897001713689,2049.2466592678757,1
28.7686305194386,46.451044285840055,42.98605930390183,37.757700939787554,1480.8409022393319,0
30.91075903322214,18.898417782064207,306.7326068428809,62.94955658428257,2569.0825738910144,0
31.935252949329527,23.1837902886589,342.45929627247733,40.65157807022726,1323.8936271815237,0
41.90948030750327,4.426115760736421,255.24315309772103,76.81879449663899,1585.2126869676924,0
39.348140069978314,30.449955552596425,348.6447800174529,18.96669316122008,2038.2230556765735,1
43.434780103639454,14.410598422405302,90.51354977592366,18.809191033629087,1601.40160273865,0
52.068579384817056,8.015451975778443,427.0529552219122,82.30146047005968,773.33911979082,1
54.714215629385144,27.226564645225405,74.31271628759336,51.0442573682847,1092.67654511228,0
49.496769192457194,26.61551316899553,203.4021599362961,43.317944531829525,530.7361703470132,0
62.55380327752141,3.793582061202377,42.25251264756187,65.42472956055309,1381.5337430432446,0
11.00279204719989,34.91077267472364,274.87948401461307,73.25764554112482,1823.48023271582,1
20.767789212595034,31.188609532542642,336.52417467569137,31.699711788085747,596.3248606728516,0
10.415958123797816,9.45086413732486,470.90470937216884,30.39079303659272,1876.4678036753223,0
45.611109278503164,23.471743107702192,370.97141696852043,94.52651206407016,2532.180349380273,1
59.39168019224928,36.016145823928,272.8459436448048,63.942137429919256,1144.309332463799,1
23.39152631169646,26.471787027063826,466.6454234993152,47.37966761542425,855.0827405470496,1
60.986899963796866,19.77445380917851,241.8262348302339,81.51966065756903,2532.5151596047576,1
13.314706465925847,16.116922904047183,282.79679828394035,58.58819357856713,2029.8630897438716,0
61.39398147430329,30.519693332202678,300.0687711966974,35.05801326109025,563.4871701413847,1
29.339247798179894,46.95543491551203,207.9399643138506,32.159030368250626,1320.2798801543313,1
15.578145564706908,33.58724202387417,420.04893183008295,47.939319092095204,1985.2239993863718,1
36.72294675524791,3.7372951818157754,96.66208972830427,86.37135640157001,1735.9596874386368,0
24.122711224627935,23.03424867410669,279.64688423394597,20.10017703167349,1846.3677983746827,0
25.668009607905756,44.541206575531376,362.50546181266105,33.13765806264534,1717.8379349348152,1
26.900948070945763,4.723121290054344,452.4682050789057,89.13160096476508,2295.1534132622255,0
54.166424380796485,49.443785606877164,442.5396062349678,25.10396922444779,1101.0673919924466,1
39.653870217139,47.45346968227106,256.82644326792024,67.25893461592597,2071.1558697484074,1
27.1219234535802,3.913724036493793,323.36491832585415,32.72144355404508,2777.6986062357105,0
43.56835808210051,46.67066602247775,200.147679384004,65.28694834348673,1274.8971444529507,1
49.388287082275646,18.15662951297311,236.74799262569914,46.79764584807126,2277.6207863869827,0
24.994320040344356,42.23545835379313,453.6015673236595,23.439182403772325,915.2730928404277,1
32.74520058389433,20.919166885663575,465.6984766302746,63.34543060699083,1004.7417807101233,1
16.703735133532113,22.042755635125793,448.22995874317473,71.69254800802064,2637.159685458858,1
19.963214224407416,31.71215454887713,73.49357659775092,71.46262737416163,364.845890621722,0
47.461481968074054,38.723870963799165,425.79159055866495,67.8738559530349,843.5683621520732,1
19.979109123259484,1.6894575474124318,474.4400468556328,56.5186568176503,1507.3017445300077,0
38.88398610168831,29.657799776356715,183.8185988139343,58.11622719932403,1304.619054260466,0
48.9975443947338,9.336649704868549,261.72991326372625,67.75812911406064,1872.9243280875783,0
15.878230770210912,17.297475893160147,390.65215162743294,72.2915270249712,781.8051259009549,0
41.202172079589694,17.398433307760826,283.2286780949961,69.35476932300496,476.36751092132835,0
24.110953103575007,23.453017011057682,496.77434324459347,63.71648188781649,1223.3334945118927,1
62.96097813806689,16.70682059380867,230.57811575263005,27.934635738741825,1610.8881053604523,0
36.59501056959586,5.368055922533388,358.40164204765193,32.48117269490753,1705.0045927122785,0
54.329590237633695,7.281436926272572,397.3326143972894,36.59859374593391,1803.733808856167,0
40.262459818594394,1.6718992780548836,249.57970580042752,91.33191753826269,1671.6549894038874,0
12.387689307015055,23.512454266437715,429.206983827131,78.02979261914822,914.379927427969,1
44.82332565767123,47.722384742649425,275.34652264756227,60.88794602156089,2211.3743399225045,1
62.327183821366134,5.7837611824058275,208.76714441680755,35.920725069155885,519.4506543484964,0
43.08865010804821,47.3132246501541,58.37271855671378,24.20399642926621,795.8846988804574,0
55.05538726847346,36.66807573660468,199.73972029345995,89.5970157563379,2148.4450225477854,1
58.63135548416243,31.87494014670816,368.29854509297564,89.09127931330211,999.3153352631293,1
22.544387457191284,32.263887766178144,461.0367737816531,24.187734442742396,1533.683604023513,1
21.662466194952465,41.33638241981411,129.5813049108536,81.16898328600918,1117.9943521388973,1
43.603954386804546,5.345993218991069,180.8415810785988,52.071540752722754,1567.453029040008,0
32.606565839368756,25.237716178277086,81.21069208169098,41.88925542493483,1166.6394998684127,0
56.19237165766962,34.854556913037925,346.9078326433396,76.3456765053227,2785.519974765126,1
59.50127178689061,29.341022253678183,480.293272854913,65.98935190804065,1193.6939733953668,1
29.438175861649498,41.63895355116473,322.2713488248469,79.742498930247,1867.6235434941136,1
23.027880743596512,3.613585450567575,310.45288235308203,21.16929543253378,2520.8580441271934,0
52.9289033384124,34.5350519749583,278.9775155977148,41.44272265646889,1894.837485911876,1
25.114331955147485,26.701386519235886,48.78559163934058,41.50329858458907,1714.6431377740214,0
55.24378751825231,18.95804319899717,366.1043940825449,42.369506659884536,1723.0736368905207,1
33.305603950681956,17.013749111701543,303.0145240569286,56.70582942943585,1541.1517773084638,0
46.71524446103088,31.041631638709642,332.4310005838621,38.490145655718635,2318.951003511138,1
15.25444226090675,44.54976873221324,449.9114910485737,51.88383963726414,426.0601959034549,1
44.312262857211515,24.808796305055765,393.06058959520385,45.525540228579516,2512.824769823319,1
34.8472223305476,41.23615820384601,391.5530498164904,76.02957198570243,1765.730550614107,1
42.26346547465108,20.107819092198376,463.95596559527706,65.09056604102915,2422.1830531393707,1
19.240781425967487,5.119723139658827,495.0178009741848,69.25124288233718,325.98175636052133,0
50.528055971930016,3.0752868229319272,292.7349523207245,32.47846320885949,2473.191009904044,0
57.45383926487757,2.5667185661838787,58.89639993542705,42.01667972213181,600.3437979331673,0
21.92068900499266,19.007507097883497,232.26930434884102,16.756732151802165,2103.045015980998,0
15.264300553608894,16.861887541792104,394.86256749851395,23.9951007053331,1341.3034822196094,0
11.300122232548501,35.896851181128476,18.72403575711535,36.99950125507765,2002.680977744811,0
45.30843252437963,37.14107507924329,33.15928198629379,20.433488868067748,1870.4743441934104,0
43.39017198488294,2.5426984416869916,38.24310227949656,65.0184892294403,708.4913676681045,0
40.06835769927385,11.056163144450748,366.86270037251387,97.8447996216775,1586.5344111188795,1
22.75709028637865,13.713092507944985,253.07748113877017,23.367662767427248,993.0761829863519,0
31.499829774803306,27.38059920714047,187.60448204269383,83.16210765154901,1701.092107120031,0
42.696198435239516,7.225761195347513,57.280437404559315,24.861748523007215,2145.00820763211,0
37.322177237254316,6.6970609700000185,367.45892385191513,70.6028635601042,503.14603645459476,0
64.3282036118188,47.1894444603979,163.90480622269533,68.38208105389842,1589.4060588275634,1
17.504186390620323,40.21014536488905,136.33541468201025,89.92550558932955,1844.074551905646,1
48.23295047261766,9.032745104558515,327.89800476900774,24.457485935482527,1038.4186339930347,0
32.23753224573606,20.32839039527455,281.71039183543667,41.181890684797516,2682.508706990018,0
33.55097882090881,17.781099962878276,184.3932676975843,22.534720109438915,1600.7570637670738,0
49.46787711119969,39.55020370327036,322.5362980487661,48.81281604176801,756.2927246148319,1
48.083988322840334,25.510645823906103,139.2546525901385,90.66223340526793,569.47065449821,0
64.51907965362037,6.392486849673351,398.44097949414174,79.86642153813406,1654.1488729134137,1
17.061685919976888,36.94960315781219,118.51288040228869,75.00070833696148,1238.0959528173225,0
15.726030716129149,19.844398911245946,83.62465921409775,59.241282903604265,781.3677444209616,0
49.838634942080766,13.146212381607352,392.3075077019431,88.3293166138484,376.7462169644365,1
41.8112804353525,18.774931101036007,355.4065551954769,52.303669254030254,1716.5002000947,1
25.07883666078932,24.88782818034482,95.40629297239022,27.423910369352974,1796.5005920841547,0
14.368065294394263,17.155775820850472,62.5416475815193,84.51957351902468,654.5065029536712,0
14.71120372780368,12.095288629587891,420.00754880091256,38.20998122829333,1804.3451244257608,0
59.18049810652651,19.92510144019902,389.41624868736056,19.45158390502919,2679.9318867689963,1
20.55270285953086,0.9586455374949121,166.9923999813338,25.461156545509684,2745.7390249743485,0
27.78543591635364,38.624892304815695,330.8077170656165,65.5518900441143,2521.2323413925124,1
22.46610212248434,8.54724467837929,66.45929234116635,65.38780300545733,2317.6964520893516,0
29.524796820756553,2.1952306815318625,255.98859122860068,36.595203199808864,823.4195917833281,0
13.818311351035135,32.68493464525396,14.271494569907837,75.35595227951626,691.0879562398254,0
38.54828849995487,38.69680644118361,198.84293105616996,79.21213289816136,1412.369005713386,1
13.71869099757182,40.69145657964216,42.04719662834552,91.40171796909031,1849.079378296381,0
54.01960793022989,24.675459133029996,240.19785417765684,63.54981239029367,2426.696710020945,1
22.85416450507382,10.268409234499265,213.73241519218269,79.69213922424855,879.9076028420038,0
39.700655303248084,36.86138386249134,224.97058818583773,77.5072734210456,1499.1197513008315,1
58.4043498158802,34.985653857716855,27.438994513757066,36.39815102277701,1918.6006048921147,0
45.79825529759568,12.313536705158661,184.00008893450703,40.748752018825726,1413.9846363360477,0
39.31267826032344,45.170387793139646,379.4595053044587,54.71403884748833,1435.4841926982106,1
27.838356421345658,5.21857290414145,187.61261481004195,16.580234304927625,862.7929025706976,0
28.315105218200888,49.13441197956628,359.01011654174243,39.68401517209105,2766.6522622776897,1
46.821782535900454,43.01239054887323,187.89196819869795,54.33227848757175,1487.9832085186085,1
64.67766486716421,34.394932273953756,214.50352353764228,23.96975150833493,1631.8548635137297,1
46.40115544171582,46.937494413991644,284.1265958504867,25.48089868533541,846.3982282170726,1
40.67808795535137,36.11555841618539,475.5875587195058,53.448649066199316,1585.3417958295465,1
50.18577806315854,9.522849851502297,58.885921090094314,75.6700976216323,938.3738963357669,0
35.5863086756045,22.107806905640587,21.292315487280973,84.2011612664167,805.8406284586661,0
13.307828843043186,3.5751512165817676,305.93880598597235,60.34405349289413,989.3056273573361,0
40.92632487328504,19.48287111440577,474.80305901957104,54.404165966378685,306.89912126320246,1
62.669390647795915,37.08015098686043,494.91295061458385,46.895287182159684,1725.3777800042096,1
19.64166182967128,19.322167546540868,244.66130245904088,31.014766372321315,1268.700013807108,0
47.95026899513662,16.514708773406706,236.70040243712373,27.164646233592272,2546.7225479848257,0
21.051352876248107,29.767786125515595,324.2570665188721,80.72740548793007,401.76793403130296,1
39.47052264601947,43.61022644994475,280.03920481646,53.5955504736239,408.00075213937527,1
15.317204730569578,2.3791596273056212,318.87358851898847,80.59658037481964,2514.6837932814587,0
34.770401494200186,19.27352173498677,437.62971564125763,73.43889197975227,616.6116055108531,1
51.58898308923853,7.912037090763135,374.4215538963666,31.093360893820442,305.4002603100045,0
29.116433833144015,34.76771253659348,250.9543088849638,57.35550292953174,747.2846592825344,1
46.57014484679699,5.286228021556743,233.62290720508395,51.8533803250825,2359.6904377440105,0
53.7497478434351,33.24038792901223,321.6028655139924,50.18150100552783,2306.7852069002556,1
60.994780071369895,14.309043539895367,230.57461078804727,60.03339708391655,1150.3305271086274,0
22.905314502049947,9.945840686861235,231.60077887649172,96.51279778926134,1970.07729314963,0
31.962375369511946,46.817627891249266,13.071421384319885,82.47074960667186,1568.1242683395694,1
18.38288073317296,0.9262288372977934,91.16174801661766,90.00813182532251,2561.837474614765,0
64.58659261871064,21.888863594478448,246.81425179789775,17.460085403611117,441.05868854355583,0
60.98505323583624,1.081349623089689,412.2134622299327,26.647918443777993,2332.9478218415798,0
39.69764216543078,24.17965240521645,142.96986832992644,22.03538379863877,726.4966735686501,0
56.31183119070317,25.05236888972091,263.70849939991876,36.848173420417965,1279.0522435793982,1
38.65268874996232,16.08312356973735,175.75623195581994,51.67707683323199,779.8928785869148,0
44.297212840151786,6.608088876251184,56.87797482209657,68.29041955543883,2056.5360239853476,0
14.901843766380914,18.819376886723767,479.3577491202938,56.56899510178797,1995.8154493831444,1
51.539873127324434,33.6131469966283,428.06356577389937,89.9642649377906,1669.7440042475673,1
17.024241599937916,39.119790432222956,43.85375011111867,93.00804458819069,2045.407592009138,0
55.433719663889065,26.537530119407116,361.2946949218009,28.57223894938909,1898.9119515116845,1
53.011544821871226,29.49171972198778,177.0520526569626,85.79177238197715,2241.10513921067,1
48.98095837586371,10.030818556232635,497.45065449558734,54.982942933103985,898.5166282263718,1
11.988820928861916,14.366516661382473,154.68726731534397,52.6263461193429,1372.2815373518013,0
26.672059576993075,8.09478050261792,123.17553045448696,80.14996592421916,679.0663233855718,0
24.471191345096358,12.464767500230566,286.10582141117555,22.730662250724755,1373.983910550485,0
29.80750241093355,11.244339011276589,418.387450854886,88.24692957578917,2054.229378550853,1
14.82035107201112,25.97243931956188,100.29684155080001,70.68165842745202,2028.477901960879,0
61.532680266708454,28.13443778953647,356.154371011069,87.64671343561382,2073.5672582373572,1
40.4591232391807,47.247371041075226,35.39625865485523,97.54163894973269,1071.9188216108914,1
26.803837086191294,9.778532355076152,459.8726978396962,57.99436954565203,1955.5349344773097,0
31.83398343908559,32.0837855080748,45.1320834929129,22.740762426441105,1218.6657989723453,0
34.59613972776596,40.862963449376146,457.54453129036045,28.82148062326358,2661.2301152626246,1
43.03268833483395,28.012073189152627,247.9495884790879,41.86031413200772,1158.4159147008468,0
38.36236852330738,12.750182625053785,226.80510083398033,23.594894197180892,1807.54558511097,0
60.56655852679295,13.127511501000011,486.7870043526864,82.67337156943489,2175.3642854804402,1
37.33299155982066,1.9626526535499955,495.24016796061846,39.64003163571978,2566.018572565853,0
64.5686908152822,15.272211327424085,326.8381723507009,95.99855360564882,1394.8215086347773,1
56.82837267598027,37.23018395016901,67.92404946923901,73.31508885034403,1201.21277052067,1
21.46807828965347,2.375887860355519,255.55419239932525,29.394720731211283,1375.0704382914726,0
61.182736805415395,10.964764125241533,266.9357349730529,54.51153969634704,1109.240878874452,0
16.400151883701184,35.3116249265891,259.6509819269783,53.75139039556565,1934.811225168285,0
54.95973396701554,39.13257814114383,286.8984600674048,55.87846764169161,2631.7919100214604,1
30.934281141211905,22.76592050309642,14.26873332822338,59.46236716336365,615.1775162234169,0
58.28858762447882,34.90371692393244,357.0575043278987,17.58736583237166,1702.3051619253924,1
57.74311795590977,19.3976084327446,357.6351794667291,71.96299343672075,2544.1218134008277,1
54.32589700646916,7.995662251206376,62.15753871305452,55.43691734894079,550.2863616400439,0
53.451673996888374,19.907474676145327,287.26852401067134,80.65012810610202,1534.6635269157023,1
26.757352650392242,28.998391010157142,286.3387853057084,82.67401458061573,2463.0739896511154,1
14.450560567818869,47.402664092644514,342.81295799424805,34.13441512531254,2551.130529280206,1
32.16390983208388,3.437547604433866,47.27185760686513,19.019104553422558,1585.8804028822913,0
19.54384832425798,25.36970469224803,315.1191370967177,73.36841005732278,362.3797111692936,0
48.2223098896354,16.44598891053622,143.97221561943888,96.15431144250157,564.0979460695542,0
29.035484959578206,25.415584713834726,255.9664802956051,52.072612886214785,1766.7918631030843,0
63.65856104729532,1.198772368826584,387.79515858851795,36.54786319626845,609.6465161658623,0
45.25346425399326,15.651267735079067,354.2947384996916,28.003767250428922,673.544442278177,0
55.236430999889855,40.99340737635025,63.856993750606726,38.857984583418556,2230.2927444552847,1
17.288857000801663,27.697086692731876,297.6364696224563,42.21732276383033,2176.730146438751,0
57.41079652499424,22.52912464080587,484.7126828156656,50.18160370506055,2406.9318985636796,1
60.75164547823669,14.276253585766979,82.60087148082611,69.39879122681069,564.3378412652642,0
36.78840553504148,14.902126139567795,427.1890084240804,37.67253365465885,795.3622027420442,0
43.34391157630376,19.15507167952922,352.7612998741196,19.231071367900107,2382.4035746466266,0
52.06453904966475,41.77853549822802,388.13163989033103,45.982124760535726,2102.7190217444804,1
19.61612449932269,48.36066034041342,144.5693719356095,86.01725814120329,2314.8903195701005,1
37.64113420548934,21.932769067518727,147.505020043022,56.36317540070635,2774.3641872698054,0
31.92646652747722,19.66764193738809,453.4796306093616,95.07705189286901,2461.0790153892553,1
18.0505695689237,42.32753879099314,183.11685588581653,56.800587080364735,1601.1581271244008,0
30.21439322603423,21.34526603181518,36.192618392941185,37.89960180451337,1076.9204619931436,0
13.749477016202146,27.60090861478256,302.2953682718278,31.04506177135281,1724.1914664367528,0
11.419654882221785,11.547083229937222,66.78474617571212,72.64553323320284,1896.466375586131,0
17.43414590351525,37.17512678895376,399.3151394969145,59.519646719527216,1138.2803531490524,1
62.97133113740456,26.599415913539094,322.6644890380234,65.13191110662164,2227.3425937116963,1
40.22412447422593,40.45172751201708,437.9896200844981,77.67552351473289,531.8844816447169,1
63.1202188634271,39.036636501433485,393.4944386424045,75.24998753398611,2248.482126704275,1
33.78738330815726,10.750238413501428,60.49625592740709,18.59915391396284,379.99629670487116,0
27.149887319689277,35.78177752788812,193.62998483503904,81.61346813948734,1544.9151518037254,1
37.837802456213424,40.00272039756857,388.4073237077207,59.21437448529205,2453.591158708166,1
34.173142874810054,17.305362039119753,211.58402926683124,47.511808057626126,516.2381850534939,0
15.811557634395914,8.630455645113727,486.3209149660893,59.61411238024984,1594.3473412354242,0
45.24544730796134,0.131607778979409,369.19152269725737,65.83347022195798,698.4785974032909,0
21.88210003802798,22.54518265465741,12.672458761708906,27.409023719525152,2537.0393751523384,0
44.07733751938063,17.62163657694208,440.592917322614,49.64547781209494,2380.8638175840756,1
45.761060081898435,27.745491691270445,54.89836850993601,42.85365544561925,2634.793108233719,0
18.361366922075646,9.402054629439288,74.5592434691425,44.083942419897184,2487.455853825234,0
13.374229491086748,42.98327738332376,368.5737383024702,22.58079988780658,2141.383274664977,1
52.94188723376419,12.887760781405483,433.1594369180877,28.26700950401912,762.222988971257,1
35.28902330731261,11.321480254382498,270.4930658102802,28.432061609656373,1056.2565391722517,0
13.199008752801168,24.035702824217797,148.0796178081607,45.97765368739677,1542.1378957700185,0
64.71764744433719,24.942551187213713,178.90119490032188,89.2427982246077,1772.2419537868093,1
13.177930854800165,10.754261439254641,174.73021815004773,32.100271869438245,2255.458488283025,0
48.22693758722043,13.59303633629579,166.70566138570857,49.54397813700878,867.3990704676523,0
64.10234088948775,8.485261957762248,125.24028755171665,40.863581469828446,620.6934853674081,0
23.154905731875907,35.92300891615834,306.38921184147034,80.35281494176107,1506.5254264840903,1
17.82371527779579,38.5044515627041,450.7006326897083,19.16049388262774,694.6035271823014,1
16.67617166823359,23.11642487296413,157.00579447625387,31.313101829478903,2034.3420058239305,0
26.680133116217757,35.70435113425087,97.41367724339898,32.483248015447934,1739.0772252292932,0
15.557519605585568,36.796769596872274,420.0959448538553,97.4159124259982,2152.769492547212,1
48.068873793177254,6.91377638389043,372.18274879040314,62.3743264912032,458.5913991377711,0
13.426048897153448,48.308901241726836,465.7643306221557,26.533535943832014,2711.74390111051,1
38.018217048238434,41.05159735482155,86.93226912443026,37.592528559954935,300.013841689345,0
64.81832696191373,10.224173059791175,76.4044004877128,28.929233812202714,1113.606037533837,0
54.76836482283103,9.308251787303512,273.00755018097334,25.342179278414186,1999.0869834155994,0
43.8370691027056,6.283057278979137,309.14465914337217,81.16610835785508,412.8551846552972,0
26.843949143263643,6.918928127095919,242.68585372049682,56.147468178809454,508.37395339401735,0
44.314270996040115,37.40808995143481,301.4884849803184,67.39044135844885,491.7035930705507,1
38.98728051514084,23.482712847581176,94.28798559316031,42.493853500335675,1753.7743168024483,0
33.43458611397043,39.14670863699336,242.40880831122126,60.95669214358834,2539.813287596345,1
17.189070720710973,37.31274471751027,330.75581766513557,36.37822969946686,1688.592444280655,1
58.76323183822567,30.23063567526108,219.18969237810833,40.56701081904349,1808.9283806991791,1
34.73815568517274,34.318330328933975,341.3264312292159,69.13574938243883,1165.0041280199735,1
20.70423815014208,0.9177862189570896,228.3396838741506,27.47906045129611,346.85289663883066,0
30.226764298250927,15.588882340251098,170.13179251692725,66.22941431089933,354.03679437804095,0
32.777136389090984,31.89110896297051,155.28449830811073,85.73548976311956,2520.7749162022783,0
55.51458425617809,0.46724767431221004,208.39651919935108,24.99512777300383,556.4310967991169,0
50.348790930877115,1.6488471841296704,16.429363227689407,89.48928628730826,2799.4734295314884,0
52.31176915027369,42.59439912351916,335.9199435308263,21.593991464808283,711.0565287781953,1
10.606719543575597,34.20124308460359,423.32729228522965,43.95946583733746,1986.5861098879736,1
32.888469899886886,13.268486656017197,180.5404117493437,65.67227316475355,2672.3886804522645,0
36.4739283399428,34.39814200593545,27.786402390150684,61.43142508983856,1205.7231941050654,0
11.055575225268118,39.622833456963164,493.45392070585103,23.000459017037976,2136.0829718699733,1
24.28972648097688,15.339714155505064,135.53063644827813,81.30979292622581,1177.141608605838,0
51.81594027171742,1.8018688749593725,67.67745523693264,95.77172333105598,1062.3526419036134,0
17.54103381509495,46.638956234386725,188.02749144664884,30.041948002252916,804.5102064385973,0
39.44205722989254,17.258991914781525,370.58573511361055,89.29587049468341,2352.3372672471614,1
21.83610296094806,5.324088164235318,150.48871546083004,61.21518369527529,943.4676590228697,0
10.66664260541413,24.59284356965737,289.47808594014646,92.68250301336218,1007.895407264644,0
23.26608016797478,38.42338978320669,210.7021972463854,29.615134548591172,2797.4243554969435,0
63.67305652005296,11.082365730877958,63.29317617692615,80.73777563389224,1118.2760886132996,0
54.08454115356443,13.474502506668168,168.49207118359456,19.961870761962484,1356.9362220801224,0
62.77671543765684,12.13574933992916,363.810900328463,88.3053050846263,2775.138644437087,1
36.831972415949934,49.58365264158391,307.9419291790656,70.95523204256959,1223.2508635435656,1
16.035490927262693,9.870186686527127,64.29029804236269,45.73114706556169,1215.3800180896674,0
40.13777189355311,28.7760108483062,85.84459280858273,30.808746350321563,2369.2861655346505,0
34.99075340079785,46.26323208284822,322.1630128571855,82.772247181078,1079.8259212192302,1
56.439639550678876,7.344828443888963,407.64063008883005,65.06902967576936,884.4652591060179,1
15.394541943133452,48.54270989338501,177.9898754992938,44.914515794684114,1358.0256379383056,1
36.8532625361978,47.37386171978123,299.67882216250786,51.83837345860885,2051.6020014404817,1
18.252676558169135,44.22859935291313,89.46857643229211,83.60304045400726,408.1075624481634,0
27.857175978953297,10.727826066500112,159.1312867681353,43.13095704862002,1234.7900680464168,0
50.55463925632898,31.702752800549167,15.033751808161037,22.43951228312408,1165.6122548646008,0
36.18099711528216,38.044573648062006,385.2965941607637,90.63642029288823,912.0458681550814,1
30.67385568301731,49.301396409821486,203.49986078761856,47.14953039161687,1935.7183397608624,1
31.696195321351944,9.02119110406852,408.98215895870715,43.91616342256272,1024.9752010341933,0
35.26957226232926,38.30129497596482,355.6446330312495,31.96516836670297,1816.8288975200076,1
53.175909911038126,16.940058496355647,415.2284115355961,89.48607341195269,1560.8421036365673,1
59.06465789171289,8.781323278400116,146.40104144352696,33.05294269609021,842.9746770647464,0
62.543407757716054,21.068847060692747,96.6288215617834,67.84384804411485,966.415142605454,0
53.27968624404123,39.69179560743082,486.0933129125769,88.10349596347254,726.5001332664098,1
27.3473792661407,23.24249018520261,360.07725458523043,17.897830012067043,441.5730371273946,0
47.84740883475982,26.876155010152424,417.8509226237018,83.78971153991624,1847.971157762279,1
34.068171823046555,49.75797051000606,11.501019986417194,49.07975200025128,1981.971734785836,0
24.006884212532814,19.9554649778713,180.45850204646385,69.61188974701258,714.9999840216748,0
56.24793686842575,30.77003773546199,372.6942618357792,45.90957874772097,1838.4809617151832,1
12.113449192927874,18.262210080768593,43.60150233004174,72.727849276842,2755.211850143945,0
59.59690956744829,19.639282316435246,285.83326513662314,36.10647790828903,486.0052373445553,0
35.38126055436038,34.782037672270405,217.3910198902266,16.82023502213789,1525.9271812471593,0
45.04608122445542,46.894348804744176,13.72017103484811,93.66636372740014,2132.595534109634,1
46.26446572131805,27.11794752461607,121.80791067412844,16.35852441532687,415.02299457431724,0
59.2314757388595,38.41999644743899,145.97203458802355,83.40024103958109,2245.6837349940392,1
45.016832519196406,4.460327940848191,60.370673441429616,29.038420245765323,2748.7780927322146,0
43.766347161803395,10.557901871596348,317.61077032261693,47.554278973968316,521.219658831883,0
13.665862230837948,25.106582045976623,124.98694874468507,83.26686725000263,2355.5747636648134,0
38.512441206986225,1.0005861814387396,142.42165231159723,32.092368475924665,1246.4538612802357,0
18.25929504493729,12.64274893812794,449.628106109073,86.85373125857797,660.2905060850295,0
50.55885727968171,25.870064491248307,236.22593088310404,56.313991945457815,1532.9830229908696,1
38.1722056446971,0.7480599128150356,199.10343274978982,45.390737405533955,478.7968394530393,0
47.412527856459434,13.227314311302084,363.31616396578505,69.98233297911591,1605.2535204179605,1
12.292009533131134,25.701540973793474,455.2588294570415,43.335346924419476,348.391970010124,1
14.663560882519178,28.657462399062283,17.3929864375347,43.824933796697636,2121.5286041818254,0
49.39778634344752,46.287584652765275,226.87822904492126,75.88269044787916,1519.9242145289716,1
13.964638479927036,32.267281162530395,307.3367712585839,40.71607463674595,1447.3491523379514,0
13.919120027089223,20.736790126499688,162.68873357236484,31.664129813417283,790.4787343552091,0
10.66596613791881,46.51755885665339,387.34182245100465,82.03462862371548,1203.1578894869144,1
62.60757690647141,39.244149169389715,485.88114978378553,81.84579579936023,754.6735810541658,1
50.562959770245385,10.00044605563738,471.9965462938902,56.29961340767015,2138.4752513393482,1
29.42882746761353,6.542118067440988,136.66135699307122,58.712416141525274,797.5632485825681,0
26.30945697082104,33.790581787136645,117.03744782655556,72.77435993871401,1841.8833176292876,0
29.233677636021724,27.99415827884919,478.9578128555044,57.26976621628197,999.0187526693803,1
52.605944214965,39.48368068963779,232.02110127857563,49.6143165944463,1942.455489808318,1
46.375383608872795,36.940252503934325,108.10737292692241,97.5762180436299,1651.1373973033558,1
20.185756232710737,31.260576692875752,354.963496997057,27.25415551176239,1358.5965791318,0
19.57601344337464,49.31910858144461,145.78806033237683,64.19642227690844,1982.5020835261787,1
15.411760734236852,26.679486505520433,137.2872526601709,88.5266311642798,1339.305179020573,0
46.3166495835736,5.655287825085992,440.22827632350345,72.03884841803253,2353.426506437582,1
52.040496422195474,41.41367824079942,85.4271809215672,88.11663382432378,2123.996145588165,1
24.57755355787522,12.592668117285449,36.874508500787016,42.91578178943783,1651.597486282703,0
11.151972856700205,38.865107407195914,138.24728788498518,37.575417029599855,2492.6517064649925,0
14.519441711203504,47.85535480000257,305.4379793549109,85.65560811287469,2372.1545536701387,1
63.23230191647668,34.83977569821706,65.92848743461892,47.71150982339322,1629.598486551248,1
26.249462761258116,29.801508047490056,238.43936277701292,73.90363281375684,471.11923425199376,0
52.30727313109735,23.01930878375203,315.5318696605333,27.263132008371485,1714.99088049811,1
44.35649628698451,18.220493299770162,425.1248113336211,77.734564406264,1188.1424739007139,1
31.006680180909274,17.650237548591814,118.78544764511591,60.56555986906416,1650.2823570093353,0
21.312799420755532,31.81863528547953,409.5864300744808,37.294766112568254,1917.8261512439835,1
16.676252998767353,37.56365584688729,121.2785992599631,56.04382900858912,1912.096437126599,0
43.82571324213767,33.925853474220716,339.99943791362205,72.84632094469539,1983.8101087950035,1
52.604857935078336,9.920505059678137,218.18341788381528,15.986571934332845,1998.1715626125372,0
45.41473394476219,24.69935900717456,61.76721497744173,67.90976588157275,573.2035467837604,0
39.16661732870371,39.58200360915315,358.5604140968151,59.95203459668178,779.2808261432341,1
12.307317288739995,23.78520390945281,112.79249618176381,33.28375192297881,1876.3525113558774,0
63.26688276769111,26.83116398677469,92.42859588217277,77.49742914002434,1320.4309718275917,1
53.9292805410016,38.55680240854111,182.3698496517447,40.1872617245557,2207.129113264409,1
26.10521201855306,33.063265313254576,328.37867115594435,37.97945731836488,612.2732056570803,1
63.89836811473678,20.46724604411963,120.82825700136075,54.11112296694378,778.8074860513483,0
43.10348742999771,44.770635559710946,95.91246169703344,71.12042330905626,1696.1616060911824,1
42.033246201398555,8.12835343317393,9.927044728115344,92.09421599772911,1551.8700481697467,0
51.144024868624264,49.77582242951624,238.46333306535317,26.732651179964627,965.9928849417249,1
54.64733834495757,5.94262892381186,217.17955681101546,47.906854022393894,1320.8581087628963,0
46.10632340323264,0.7474985552119451,120.76453310050125,20.560136178548284,387.4531951416327,0
17.045266050141002,44.50094505743824,31.55782118479692,77.95971204015461,392.5952699859353,0
28.604712829697412,12.247675418297804,217.48165792493927,52.16182984355294,537.3175070621792,0
61.04460021793273,36.484981372336044,395.1615299804575,73.67511822061937,1741.9811330014013,1
22.353858651411855,40.55076874660347,359.0646550069526,41.74213719003184,2459.291036532884,1
30.469186311063233,42.94931955160584,431.0934704807843,85.07833103672485,950.5582231489376,1
33.76422856193078,49.57971178320834,9.743430418012034,59.39073049392952,384.8495743085506,0
34.16727443319487,14.701985501999953,483.37756181827626,93.31944921136338,2071.5677551307813,1
43.7116770371989,35.51216709636296,173.99906505058692,21.54161504895484,2438.380597512666,0
61.86917107595892,5.769992914041411,495.2469090655226,57.68497643699217,645.4319631577544,1
23.238099150787775,20.34046456784247,130.04663299787845,78.61578541780898,1264.3692398510002,0
16.682575696550494,42.39858466562952,238.41051185123118,64.81266979011002,696.842101475512,1
20.860876942296553,18.38290230295542,180.1941999047753,16.92511365542795,565.893576523413,0
58.78086951150982,29.554769026780704,181.1015539221798,95.7041103025421,1920.4213461859363,1
45.51959469603633,25.188672186231702,421.92963888036684,39.755886525299566,2718.8411904453283,1
25.724873408153805,32.297576555602255,374.4773751699827,35.690062908409715,1995.4140640519056,1
54.87708164327395,48.644719469384746,496.1149604388738,55.309769675346104,2762.0366570190454,1
57.37534979998898,2.786776325070106,308.6897679451687,59.99912292443796,1385.9881901757285,0
56.55828862796529,28.698075875081486,234.31201917527883,78.6019154199555,2544.6744720684005,1
60.5409593501755,43.15143896251424,49.586562158711104,47.641713585696095,812.7105616657615,1
23.873256109534886,24.069135587421375,498.2979026593591,51.51671124636361,594.7609175269827,1
51.5273060810453,3.926359297078641,278.00767320148003,59.40167302250797,2056.3001272810907,0
35.3296723500777,28.026967620838544,351.73634749662017,47.734129278556175,1228.5208271565893,1
56.30992040895338,16.60369454119102,206.33748165969914,90.90749056539595,1094.2190068677542,1
50.066987243888725,7.747089266896795,276.11927554872176,85.65391323064293,1978.201444994145,0
52.70460955748486,42.45172566417365,471.57597728697914,52.762816691463904,1133.7101044237202,1
46.08890107245893,26.07997564955608,87.37762177614336,15.016173573997323,1731.3954306213034,0
19.758582320833877,46.66382061895333,149.724429243476,89.7775631289303,1048.6377656532609,1
39.976480539331604,40.30082523015345,80.269565250126,25.319935595475616,2259.393970528128,0
64.15683567384795,34.648589688683366,397.1468723833635,35.294530461105836,1080.9708512382886,1
61.55634365734154,0.2512751682655967,35.71240390880563,27.64598660232805,1637.4853612405504,0
12.374555468835641,21.3911728319125,45.40766667641246,29.924692308424973,357.94020924252936,0
19.06481486511904,9.874314082601614,152.7545858297475,81.63883564485629,2279.326958395982,0
17.245082540000904,45.53989555244339,259.52314955590055,63.09861965827171,1850.84443705494,1
49.928895049191254,8.729199233818013,206.10602627699532,94.35589853940392,780.5926674822392,0
54.97819314213198,14.303002582964275,27.184073782049598,34.21064152286847,838.4334402275629,0
21.743125147086957,25.84183838672496,478.958321146121,55.30769737489242,956.2322962620551,1
37.821898112350596,13.168180949903963,476.67041257725145,96.126554633845,1741.3252614889047,1
56.238666540616,10.493233863956059,143.28138000417613,83.59481168480589,1670.7908327325574,0
50.30408496214378,29.95496625513762,367.10517955794785,75.47510136700076,984.6592991047235,1
39.82304630205165,4.446476137751193,291.3948286346958,30.68494171377573,2035.1557299425092,0
42.46912297523251,2.9083879360462364,122.55096402778392,78.86064827550643,2522.6029148343277,0
37.9598300803954,18.61226475930357,134.77491811209964,43.84790517546118,408.7886941338462,0
26.36516482253513,36.03322272539312,248.120821283673,59.034562454880884,1342.9915945567036,1
41.076209607245886,27.7403379136974,212.52228604119327,65.56038068228185,1783.8002963620247,0
47.88869161275499,21.143823423338944,149.1585174744758,65.57718805651308,1766.0880088424985,0
58.03276037234442,28.28757821122912,404.7182401710487,75.30144816882186,348.8383674737769,1
44.99602446885864,18.27257423266368,243.32414423050554,69.92127368930306,826.4151646215126,0
51.86168453737369,46.80731677160564,329.1497908826183,20.674782982778957,454.5768032803038,1
18.803939922501513,2.7452445455387164,98.69038258309835,52.9598031537759,1722.4126813748353,0
35.385661093088444,33.66957395149176,269.08629294566094,70.11379335775828,1913.4747191736678,1
10.513239090490131,44.56413324138752,162.39814447607765,39.56741751975548,699.355408558694,0
23.567337548689267,40.19423543676267,265.5747371454647,40.983705038960345,1132.5277983551814,1
49.95539433121527,9.202051741072337,391.5087875384094,25.33910646363309,1124.5093584400524,0
64.54954732421498,14.796317449014417,385.61203899517454,49.745043835912995,2349.5058289744584,1
15.454795477296875,35.85239693535524,180.33923562696657,96.9069260474125,786.6485113228333,1
32.08218737237085,4.213527959038277,348.66717295442135,38.6815069869071,1670.7853033141462,0
54.00390327845377,40.593084991629205,470.9385254451671,59.10926209294614,2257.3387812522105,1
21.221959904589436,35.94534723023951,314.70631831282867,76.688691980664,2373.9454822426196,1
40.529672211625744,36.48033246176713,78.46301107440539,16.120273483394463,1966.4152357118326,0
50.318921281632115,5.012068513379569,341.4557714931521,89.73648344665881,1048.8193806547072,0
43.879199764309845,35.888027240811546,56.9276712429091,47.0836653321699,2357.616437072141,0
20.341360403847887,33.9909062609985,436.6946523525484,87.13662689701152,2155.4150677503167,1
29.54615127771567,41.546124541092524,260.74694542196045,18.232655688656678,2061.172834573173,1
53.10854814669685,2.0797978128234753,195.64466447423186,27.090074804685095,468.33849721251795,0
40.48245827726092,1.1555334233896097,33.218264351597725,41.769944721637415,408.16220162887385,0
10.2876287448602,18.650354993928037,193.4879486230943,43.673327164252136,2038.4132442539487,0
51.85449180154516,7.439414192457644,452.08730061831574,85.36692051132538,2661.9870030848265,1
11.942124521713149,27.919223878511097,15.386583161720074,15.929692577223522,2234.3098201575485,0
51.01535805021777,45.86744507533744,239.95083810199344,68.21227744698339,2378.6889162342213,1
21.136430809088058,19.573986516700785,465.923255099758,25.898932202819672,1662.455702124476,0
62.69404140656591,42.247518863630205,200.44629488368543,83.3268990090171,1061.4653602201847,1
30.236741321614645,0.012043725893323698,216.94696529376444,79.62158107450672,1994.3422419172105,0
27.981238898594352,8.425732172959211,291.38722732356433,56.49344527512965,2079.9271887317313,0
18.18884276828446,1.521176982704281,234.15398012070582,32.653039717527136,1988.3949292350173,0
26.808231851961818,16.407359025753433,88.45783716258845,67.66311745014117,2666.7726417983013,0
58.21579190055103,45.40947978482514,14.184991839580901,27.96944036558459,1217.9475831613913,0
64.7983885694986,4.847606179949388,306.8567706994573,30.77197478519024,399.14384738945876,0
30.25702417787666,30.32048883719002,460.799260568867,67.0152618847047,2571.1108818935236,1
34.67358470249984,22.57479695597221,57.650245848446986,97.27196102535582,701.2477971352032,0
49.71390160115054,46.923410618290625,109.42159603011292,88.95804949196133,2043.2958484685812,1
58.7407679255791,6.125957126854692,188.26359548336188,64.2279106877452,2483.011099431711,0
42.61743838027313,10.601392525111446,405.32740336545424,59.69855180769617,1075.353495036588,0
31.533913399780612,1.4770984305746637,138.2838566531339,97.86594504067301,2376.038102137316,0
32.69420124667431,21.696762481568687,441.61693011799036,60.43396325361318,1130.1453156786104,1
48.258998057324376,13.891644978232714,32.20414795178287,49.86967132263385,2285.6448205906245,0
10.177004498235327,43.49529669451604,470.77352752317273,90.49310946935334,474.5746574343143,1
44.07741356029124,30.24704065988775,282.56980354751363,34.43729655715092,1938.1074966773192,1
29.552115574274655,30.704536898785083,331.0949508514137,23.094657194635147,1992.8452014469901,0
53.680853220239634,26.59553484406512,187.0063136554948,67.62947285203191,1528.564575202391,1
15.11448519027227,4.59251686146005,392.08717132797483,22.955519602806167,2017.727159656777,0
42.351124682161476,22.250934186267763,87.45029379178101,45.97132856709569,2607.9591763846024,0
36.45350894373681,49.97525948542582,29.21135351285108,50.156923003282806,2134.63706242057,1
45.327903924787506,41.76146454230074,200.78088683824078,60.44565956508635,2703.2400724616496,1
13.56694769656326,44.672952708355794,427.57937842061455,97.30774229708088,1421.5307846301794,1
41.89910830854722,41.16131796232497,378.68878413565886,33.341483036654004,1620.7268292598928,1
40.8816523377738,5.152084671549134,260.9922053920342,46.187779416073695,959.346743094267,0
40.8363051928894,11.37241270323998,288.20818484685,25.975930326084615,2764.004169502171,0
43.19182166280501,0.15608256782048135,69.29694901788393,65.43192266075849,437.84183790318093,0
47.20573654744992,15.175506243905573,421.13734676570317,75.39687413155019,1196.5510440420258,1
54.27439498244234,5.430370117324629,394.5450430672775,55.01237632857794,1044.2429119215321,0
24.84013960705179,23.63966726507915,329.9528449740366,35.4039952680676,1266.2792828201386,0
55.37771755990342,33.8563744286951,235.76456298282451,66.53372634208506,2594.294651299664,1
37.404062524489945,43.72526475190385,482.40733779835864,59.75009103961451,1220.094685171287,1
14.238205352388213,37.46085825454491,440.1208260788532,29.208415042508573,2592.4416317500013,1
13.220301108418855,46.92927978892526,323.9930942897362,48.67159774167681,1358.3471541580068,1
28.383107528283343,2.6949145196894397,189.0414938700575,51.12135860572118,2436.9219230505205,0
53.169333741130714,0.608991770827072,310.92102794734865,96.55727356302893,1604.375246251672,0
48.92245141075037,33.06690569181063,289.84325863267935,85.4907240689083,1078.3821085707873,1
53.37382305698235,14.467620511112312,200.1497839782836,75.95277542670829,1423.3744974197182,0
38.44979810428852,12.675050805288656,156.80361598559767,88.76849311674464,1360.9526974455086,0
34.21094488755198,16.544354384689715,206.4703421574746,76.04520568378334,949.7851552138773,0
18.109888968845617,13.489802894618208,289.08614598653196,89.98235397543587,1024.096824979767,0
28.050601448512136,25.571820315079364,216.92674813199173,19.527908534999163,766.1348032776361,0
33.87106513956314,22.007422361206626,135.469371659685,52.853495369154075,1140.0013930190207,0
14.873023632378947,25.621427568832818,381.67684229160034,76.99256182507219,1861.0145081229277,1
22.13365739911662,33.63568057502181,268.0764104989194,63.41355111863112,1266.395421774078,1
42.902391173505634,19.356525448557417,38.49920579667198,29.538791624515294,2080.8080273157307,0
50.46147128315544,12.56538435710784,187.31667028493212,43.26084318186834,2767.445424219883,0
64.90911312661223,8.310026840437274,443.0321613199368,41.37527312721538,1242.7526987112126,1
61.321233223895675,17.473705976631276,378.8420829439762,36.69179379429988,1456.5980352240424,1
45.341085974435536,37.0903237623086,165.0071580522835,43.48025094165918,710.2753923702439,1
33.16864293117396,37.835245505573475,469.400660262032,57.732822942273046,1280.53821444829,1
44.9897550589528,33.34526933421051,42.91843963731402,85.95412905701191,2117.081126976698,0
53.21083899441276,11.701408765343729,480.8111784266335,76.58871097868177,843.5119993561572,1
16.5084905007863,29.404312292734886,126.62402077991445,84.3257254333474,755.1351216380731,0
32.544768933295856,28.5344830788424,9.501619249697535,88.33911079873616,1240.9371841229795,0
56.189125709958944,24.213309905486273,219.73497807657176,49.5404878561014,2346.6237142943287,1
31.11081235631742,27.498949319193212,182.6903626950693,43.720181574220014,1859.1429742787086,0
41.452974917495254,24.589531631183405,271.84905757736294,19.78274067978543,2693.948443966516,0
42.3273148474209,28.27281830370541,399.4025659820735,92.23080461574405,2561.3510873190635,1
20.146193922350164,35.77529773105644,422.0032470644713,20.463310488865947,677.8429920581059,1
29.92294929087586,5.481409720171987,203.60884980778744,76.51424777574904,406.3819365180366,0
28.398120880806268,37.481287607451186,217.77364313464335,46.38298927064373,1297.7368354868854,1
11.440818969263564,6.79430750637971,78.34797651308948,93.74880428343246,1605.198697046599,0
11.330547014024539,3.3313999205187352,28.53606639617593,49.826967737532705,1588.9265380467862,0
55.74333740216754,48.80398431107338,322.40142016633723,82.77849316244146,635.2681694276382,1
25.018894548504683,47.84958844352207,36.89662464858267,38.46035106958516,612.043580386526,0
38.49433214313485,3.0218272470282024,368.2459091136207,39.82436353123927,417.15188944800923,0
26.42990654738252,22.16267207374811,271.8496217860125,64.42811101991003,2427.149815138501,0
61.737358481343726,9.312246914988737,103.29857422191128,97.83255859772032,2669.360345170447,0
24.261321737617557,24.267244856720904,272.06385703876157,57.95851069227329,589.2125505449292,0
33.63112470064143,41.50886214997937,95.58386971803893,92.71361682064311,832.805921372779,1
58.0001637766531,47.53058873714451,222.17491771765395,80.25873574464441,524.6572118372758,1
56.30634617354948,31.712632672576866,400.7823565399033,81.0567380767105,2493.7554278520875,1
20.235577981545255,17.695283360590853,233.65005023826552,51.18467909768742,2696.7718338406025,0
54.145382038764076,30.166278282229918,78.60616255728638,47.08300676434245,954.4914418022252,0
35.20027877058409,15.600065305422516,363.29519750235784,30.929510071537678,1058.9595748384372,0
36.56328796469454,45.49118204160302,97.45036605365438,95.00712515964325,1206.674211032349,1
17.341398482876908,43.520023155291845,370.5821878132042,94.62966983283707,1556.159398451828,1
14.433083256641856,27.91158751398305,242.27938316183747,77.00662194774517,2006.1524466123171,0
50.03666188355709,16.23994576901803,229.6021707516793,39.58895333777157,1560.9764581365605,0
37.30536337954149,14.669483779148917,426.46034373945,35.34990184840942,2677.503954190603,0
34.02678864383488,1.670899735252973,355.75874454863106,97.05465011811792,549.7336463037467,0
50.12295257588182,40.79104255126476,21.290844492694934,20.52305365397873,2296.5137806876573,0
52.10320944451104,22.519160651950397,151.60628572779316,85.01583624772864,1136.2077270336777,0
18.739949221814445,16.256646420013222,436.10572712069984,44.5030140400454,1243.8692202163688,0
43.562383221270274,23.555517749887695,14.071453429873326,49.766186737359305,2072.0736092755633,0
17.444474525272703,40.9368995227326,274.9004558996753,84.05414484615349,2623.4427746859474,1
51.32562973159751,6.230710385376059,365.2737062411022,22.520050328444718,2090.5019463839417,0
46.132533594692674,42.882799412091366,312.818762314865,44.39608331718134,2239.6514384484917,1
62.61380415959019,44.8754417554177,381.463440041696,94.01801500507456,2176.948105396997,1
13.792690899603166,47.335395751694406,364.2174652127992,73.02247076001427,1102.446514959312,1
13.138009663318988,19.87439962113139,347.5551941007911,77.6599506788889,2192.3260829556193,0
25.520289108126008,10.857020201883593,411.6622311581978,77.87293997930453,2261.3019005495044,0
24.393812605474828,18.682040923334924,324.6168808825215,20.027316902607396,1633.500801626282,0
23.58383394895999,16.645604811570163,204.1971546572061,31.866230240615785,1641.8905966670409,0
59.844001928657015,8.807695625143003,238.59500940772085,55.77485025474058,2199.3020076562098,0
23.725040991722835,30.363333505074397,359.77876742731803,45.55646929545614,2342.5771555610186,1
24.957234937074706,23.831208025431444,438.771484685063,49.10572033002684,1142.988605076676,1
51.76690443298801,43.28504961620018,139.74830641568897,79.86013242593083,2303.9055439382264,1
34.7356913347797,1.6054790241029127,174.32801400568002,16.21837651062203,2335.522516688528,0
52.71908063253497,32.193396377756315,465.71600119939427,69.82082988466281,885.3141022964484,1
13.595138666041189,38.14744392557806,291.36333724267547,15.009149239551263,2092.37686329179,0
36.81641565203614,37.974328459415354,93.58609948182551,20.233857622828225,766.3348045903958,0
11.848748010080545,44.30369835477626,333.52909376162944,48.887747946522786,532.622782470323,1
13.4459261900445,36.4516871414747,495.4272669919929,84.79872714380018,1736.3575301255692,1
59.8540599339426,46.39050308238482,412.60951441284806,27.03464854185022,2571.6304969584976,1
17.658495411467733,16.632829991044574,374.14186259294434,61.03357695767476,388.6475588144081,0
39.28313752513694,25.160470837577154,107.98309386180327,71.31593382661977,2366.2540939873043,0
32.61025814303886,0.7039831641445338,438.68919341858356,34.05122938628932,1566.1780267587667,0
29.103882944236346,0.34787936516456064,265.2654775500955,57.52341118737539,2452.2386218030747,0
59.490834012799986,12.006331022575994,445.19856092561804,90.64680450046995,2408.6923379276172,1
11.200286822651922,5.040359856954263,168.26477556531526,57.51496760533922,2488.2170120407213,0
46.5084327396574,13.010568396787681,35.715271054539215,28.057814128374783,2222.184887016683,0
62.986693881745275,8.85216472641987,240.60810448657432,67.10858662506621,2407.4808863674875,0
40.80925009040131,1.426001241932412,138.56961438484944,64.15261494070666,740.0630180030091,0
61.52523541182005,45.46520732030247,359.0384984392676,17.23724506324489,1059.6328721873542,1
12.874183360731308,0.41115656944457624,478.76774366373604,22.519335677048026,906.215427018241,0
33.033632549078874,36.80410721685427,347.03220482002416,28.012852476703895,2156.0707593201514,1
24.308678502912812,7.607394345975827,444.0322952060557,26.311993437635202,684.1077984178398,0
50.19515307394014,45.61148109998,229.24688673259715,36.53565895655745,755.5694759444714,1
63.97133997734856,44.63979697949429,386.96216491167434,52.69074182855214,2497.411801804856,1
24.10915343443363,32.695057318462865,422.3065011524932,45.852452725615706,2064.7054822820955,1
45.979603081074096,33.611707490030255,356.8834356538535,88.92394098658154,2488.449944797717,1
20.895369801785705,0.26695709848442717,256.3497566044345,65.80508098072598,648.3881456517263,0
41.093164001438545,49.2435783056801,314.8037242596072,87.71998104683297,1297.451011403256,1
35.51628676785849,43.89163017879072,351.75096286104576,58.74426396816071,1007.877925190794,1
63.46029312973454,44.7553112865046,130.2767795946063,22.459249067215218,324.20271319912376,1
43.46899999830566,32.962226852543594,405.74173415291745,53.45285827251409,1011.3074010967671,1
29.222850464775032,17.239346432726826,475.4106467888003,83.22870138791629,1248.9581299446986,1
16.275268168836334,44.68243245452404,235.29346101406833,31.110612674869973,530.5490931067797,1
18.318575580421403,14.575846407559617,352.0282556393893,22.57078513646993,1716.2188945670496,0
22.39243114731793,28.135577167110142,369.82782336622523,42.34308328207558,1257.9316561815829,1
23.80316637371639,4.98654861719412,332.81253602313274,47.278519943131585,416.15415569386363,0
56.78388318126258,46.09778150663751,275.8219786226746,40.419387141690066,2059.947162169942,1
40.86725335553887,7.038522888560666,441.41573751453126,26.22498520683815,2123.1995846027585,0
38.78650012559015,11.244840286520363,227.21872108810274,35.819708356902304,2386.1786074235874,0
16.31228795280696,27.906707906410748,35.24596346086877,71.62943958197516,1513.8514996674564,0
57.30768313421892,38.204650010649075,423.05540597751934,47.032066852332605,2721.6469933362746,1
49.75478667646661,30.967565296814946,338.6207297966926,67.50160390334014,2585.1603613311413,1
13.721759904500086,11.606695640007809,425.38302011732503,59.513213733254794,1678.379062750329,0
48.93093034763728,0.04715212637451671,73.58098401012369,60.57139400818653,1412.379827673543,0
39.89460195384554,37.85752901537196,20.222705552309584,35.629613309667064,307.58606975730714,0
14.494894016072804,49.26036629555469,467.51539748933817,58.288071719759074,2077.4863293480844,1
35.206535284076104,40.49565601530452,78.12551139603427,16.958361250645748,1712.3862601242276,0
36.658295792152586,23.010330907830767,405.7779043748737,50.834730612968876,2643.860363715202,1
19.117599708980165,45.18836306995533,412.4889213794147,62.527694324762955,1785.5803131031103,1
62.013398085015524,20.4923836559175,355.80907427175646,30.10563657239107,2782.140234731825,1
56.74864543143641,26.246704212173377,69.97479449097112,36.29435601866297,2434.548179658226,0
46.79622855310096,23.856488369784163,335.36231915759976,33.221074644696415,2683.9948395373826,1
35.426255855033396,22.381193633276247,445.09785874679847,20.856310287030208,1119.1569282125974,1
32.64710478714797,38.75953846469529,215.63816417643721,43.87215765462747,673.3399869181661,1
45.80354069330248,26.338445363474598,209.69084291740643,96.25415861551097,2292.1802844878134,1
39.998752817379795,15.835856101260804,224.21486324181245,44.372073736479635,2265.4927574228313,0
13.425020823503708,12.907908382923916,45.72458588472219,53.22453961246898,828.622348513908,0
38.18764568236824,1.8873658483716693,446.55265666983684,69.20624182937914,2211.8616353372818,0
54.35219894780617,29.1597580941523,435.2455176703526,68.82531334703589,1754.9333951035153,1
35.258193267832695,11.49807077005171,498.9651142861917,93.8412833415458,573.8128622541824,1
12.857611765484762,7.406696100819154,294.6656550417147,86.17782365312739,1554.4589939255218,0
53.24530096612182,32.691498191383886,376.839860043436,80.89790702972763,2627.845002096696,1
21.07500801747859,34.06046289107744,105.32259362211582,93.98505973959978,1566.143863613072,0
24.224145918842133,37.607744612883295,335.4267650209639,34.15352699510324,2271.74747388368,1
19.058849438776274,25.178844816929573,326.6177601349084,66.21549815360879,372.27496660489135,0
28.161828567932364,44.70273026019433,451.09832424159816,88.63733163793897,2120.203532156484,1
51.621332812874925,46.81713766991139,416.2423978053417,66.80346713708245,2667.093465343693,1
38.56622227271656,40.36854698962447,469.54089899579276,96.12589939237017,1548.8194622323394,1
21.26847007828919,31.77967410040936,435.0725689872957,23.329275254229458,1144.274782563966,1
58.28065429836224,15.186047679559433,435.00347797493174,51.464431731835624,1916.626262217243,1
58.3770020223341,49.14724608101106,36.54304671091555,96.12112135641681,2590.653037733048,1
57.88181337753038,13.706808359596916,423.75116658449815,46.50414637130384,741.9241263333573,1
23.13379162598466,10.132846099521553,305.70180527904347,76.38317913324227,1309.2355250567743,0
34.818163929954345,22.107705689329137,193.3200036241508,17.523440789527882,690.7257024546029,0
64.17443108774813,2.842028535619423,32.97473907209085,72.67148051431599,1541.635580549732,0
52.46068619704947,48.92472323358954,340.44851851018313,92.57401879978902,1651.0550325763975,1
11.494208167405791,29.42167782082124,167.45986651612066,46.764621670770225,2660.5090368041506,0
13.586252519327063,27.847604583208764,236.5492511680872,16.767886547935145,1331.2878844190684,0
35.51622572467831,32.78981399498599,342.45557634229147,17.31651376482516,1717.3915338492457,1
60.00711132238581,24.851182388860334,456.32840077695073,89.03793437402038,2513.156435135381,1
39.62859888739928,1.6031758547270791,413.5912732244742,74.96883688898973,1103.5125004403967,0
37.37968794188596,30.61556444201984,228.04557890628192,23.854969890806125,1985.4096724189749,0
15.801053497614681,35.80869384782153,196.95266293595756,19.530992995249314,2192.904622055241,0
46.12290575983617,20.837453031202656,123.69097072780349,81.80050518008478,1126.3205867175236,0
55.2156738330124,37.86477860355964,189.35124183210428,82.2184325228448,710.8529638266111,1
30.92310041291593,11.35006496692103,59.967961709489664,25.003312702740068,1557.2738547556833,0
52.65865180089301,11.063829553309201,485.6972266405535,40.026193522756856,1192.0043253332542,1
63.046215964544636,8.070849384378697,289.08913475999157,79.74216335963284,966.1560794805349,0
21.2071552520229,18.59973798945809,68.26389218363039,58.60920188918252,2733.5532767352624,0
38.78312971571077,42.35060176945418,179.63897458662336,94.39654344019985,1555.382546753833,1
25.792587694651655,41.39560310745322,275.7843760922247,54.92819956371841,2441.1942346085593,1
53.60699304686116,19.14121039817519,268.7783901372305,71.18750881793756,788.2935263583979,1
41.76763512346366,29.455936799011827,22.574167515723015,57.31201935655149,2648.6069122478266,0
44.902032965266706,36.04081582374578,475.6663119434101,93.2661361418588,2286.0785864225545,1
53.885278778874174,12.06033873140115,141.3109623300976,48.088704641611535,2321.730390472856,0
31.77837599643502,8.407054294737353,13.011411121286137,34.073105779823806,1274.4121879898216,0
60.329953762387376,48.60479966061555,42.83978443038983,42.11061040332243,1514.0924826942157,1
39.3165876985377,30.877865660480925,292.1964771077486,85.78034194571403,1783.3858147467001,1
18.68751525594414,49.070786091683196,73.20383273417295,56.32890077150707,2274.413840512662,0
48.27445149928413,16.887799356611456,25.653772462484124,44.40294119068584,2422.641880151094,0
53.629374274103995,35.151584998706575,192.91510087429214,60.17358181018707,495.1132733798361,1
27.421892238713966,11.130181827061886,313.26679020839333,26.058065703977917,2560.155968832936,0
57.144859134931416,13.060008563695646,60.360703396598126,15.444822283924475,2643.7416312606524,0
59.83787901211715,25.5951060634812,160.0972769149012,38.288528746559734,1782.218510891964,0
25.22974680577949,15.980906275403562,211.7915324541484,65.21547474203402,766.8765331372649,0
64.09368099933721,8.381078192029223,83.93274840444975,74.06950388189514,2346.0370817587236,0
17.739134042681712,13.1440350994663,255.5065797410215,83.60871020721324,1671.4690363739974,0
21.11086176213695,1.787419723293232,47.1809730163766,91.91307542974099,2342.991134290949,0
20.132366158091436,35.221181073874334,28.026655690808987,49.20532479807575,2337.020316473291,0
59.169434050432876,24.60583285429308,262.31850674179174,76.46289436326873,516.8232892144811,1
45.986090377872905,4.712153320226281,127.70900151168344,21.19785320643919,1817.5535709266603,0
18.36573557722501,8.58469965642456,52.21003490952362,19.774989898082648,1507.8607481718032,0
34.2177880102592,5.126726905632201,214.83673080637797,25.358233334850997,2665.298674998794,0
43.84139137883911,30.629640413793823,457.99466606111037,52.231235119953276,1041.603229813491,1
14.59052467441608,4.71051818062469,363.4752610938067,32.536359395396246,815.0002654773125,0
58.53290026240363,37.714116651760804,408.72987809677863,38.814770180838714,2542.717140047887,1
54.198194449284436,1.0255459660195587,436.59742443552506,68.77405440152111,671.7889222502617,0
37.7863725467151,12.468789399794606,486.45073199122737,44.75734084063622,2016.2986468111544,1
63.19196383925437,44.53333379459536,382.80705388951566,61.26183929059584,1050.0495346045273,1
32.97685386013048,35.9265659061123,306.1619213600424,49.22951180913716,1719.614388743694,1
64.12606754700738,3.648416646284386,185.88581074961238,29.024448208145024,1840.5485821031527,0
46.73559993419949,41.056305224258985,94.91340209606946,21.143659191239212,1343.4232048949168,0
44.90692002896678,24.65175607701024,344.8966376217307,34.60721411072069,2737.4124505927393,1
19.127519241268175,42.33915135844146,497.50024313036124,19.78913896775668,629.5829202124478,1
58.50602670675542,30.03698872251967,236.34254888636494,66.34479267085396,1278.4977225918924,1
33.51193283563383,34.09165160164294,363.2212872059398,81.04456092168633,1375.9883171857896,1
18.922837318036365,49.67507801978541,250.0707627466123,43.198483763704274,1877.6173724904538,1
10.693413598666748,11.616777296200908,218.80704456492091,47.130217594245735,1318.1493954862976,0
40.78656260011104,31.197278738069418,208.10127871215798,82.74385820902245,542.5900284304081,1
39.0069792167472,23.016069502869918,254.78921805119032,33.4768717270055,2668.5749954520657,0
49.56444923030372,1.9725976461345718,186.61335262336064,24.890302011174562,1340.1977040967142,0
58.96419291597912,0.7235320751432517,375.6427943017949,56.59280373848018,1156.6843180426813,0
14.367362155366624,5.961428890892933,437.7646531628007,68.63378407125867,1416.8053104350117,0
50.23230696871993,32.454587026927406,442.02822678936616,64.77131727885778,841.4892053223061,1
20.30765692536702,28.35815439566961,117.71086314578383,74.25146275775701,550.5542116716272,0
57.199737923644015,27.671478058186374,448.47502367208796,19.710348120360983,671.4461977721564,1
55.048493262391084,1.5928381264130043,174.067859768277,50.54073385894495,716.637067508899,0
39.74365652420494,23.465149818000352,158.10729441522233,34.80135348749253,794.1835955397378,0
49.06335392428213,46.231140892126426,364.74424841212675,78.00706454232001,1349.9005305654807,1
27.28925622510616,19.87959346553233,155.82468834271327,87.43663017700902,1859.748172610384,0
35.91423444130481,31.246123489422818,31.218370776806506,38.35086648693243,1872.2195950668313,0
55.19002937407594,38.990933781157175,189.94079729360246,22.903100562760887,300.24392390481717,1
35.25958584452677,39.19626395709438,362.12547217738273,36.03452084528594,2602.3941672459996,1
29.678904592899297,25.96400411976357,166.84441803373738,23.632704591890334,2357.1179513308043,0
37.181684598766495,42.89759727011682,316.6317327175975,41.761039787416664,2709.8450985900995,1
55.55370888404701,19.568904668187347,331.75912491024957,59.67048200071154,1199.965861825482,1
28.436442605398,44.434660739239916,368.1993258045463,95.81551921505114,1961.9981917234925,1
19.556887622465908,12.011358319777266,449.07958082391355,48.147731111162756,720.0518731402428,0
49.16077111819294,14.010820349528553,219.11942713787357,33.26331367993355,2342.5825680508397,0
55.4288016989445,2.656031209950055,87.38387794791625,28.84454445077931,703.4193073859221,0
15.535061318794334,39.779091827114144,162.86822913878527,29.362300589510106,1114.9642520193738,0
23.193076201576957,20.85276181163528,218.92279131112304,30.985607710701114,1527.0871398674583,0
17.808459436854665,11.455830695569952,358.376277317416,78.26816287060811,1786.329172131876,0
29.136777637019165,11.589513880828983,11.495452153008584,20.065300048890855,1699.082560716829,0
34.7693038397977,45.069997061461656,161.31376480274008,97.78442467627183,555.2400292749932,1
51.18544853298186,41.69583002305185,391.02207760456184,58.38297046679968,1354.1900071596274,1
45.81311716849208,27.676544267859164,337.0745631486942,60.174567226968534,2607.2731605145564,1
44.15107121131371,30.805540020786054,367.21128692487457,44.6778019320672,2480.921319379629,1
29.380622063530993,23.71627852751455,406.8463308724014,72.291194831206,1776.9588081365994,1
56.279615419661795,19.583327143940444,392.70168084459135,54.130876293106205,1730.8114386340035,1
35.920794206899046,45.77384406091657,342.68066724562516,42.31208665205763,579.1879566233255,1
63.850771590833496,6.280635176015103,222.63245852344232,37.00648750776756,800.6486307757584,0
44.87781760626552,20.9223394858114,491.88117279468617,91.82905017546054,931.5993565102401,1
16.94456078604765,17.228095399393766,286.6912318170865,39.15212974935088,1520.4893213095143,0
47.18976591414887,24.90753601255742,105.37075863757536,51.22064053267688,2128.390120239297,0
27.880720848743444,22.881593727258753,149.94236327686826,44.078336375666865,1451.8133890106456,0
47.74799581773536,25.94447658255407,348.3134157053826,22.152842676526983,615.1526045934943,1
13.830263148932316,6.995948861349705,462.7460847737345,30.43255474202817,1398.3721925284513,0
19.618479044677766,25.657075075663855,93.46646395691927,30.728663952089708,706.5831343722209,0
57.065549239818246,12.120940694360543,45.76151539416424,72.57290969434135,2177.8683792322113,0
22.49487563629332,9.216567449409563,441.357868780793,48.74658902716216,716.2521510114475,0
56.037261888361705,3.241710939309561,458.062599561853,79.90330773486467,1506.3349738611416,1
25.360184864992576,38.132627937807044,141.80777593137023,73.84292671973503,2033.5340066527324,0
45.35850505322892,21.372096042827998,191.75643356376372,30.940130610871126,870.4951598630215,0
48.178281543040704,31.33218416558792,331.7930587614399,61.722104369968356,490.0752690933161,1
38.19601142297791,36.379667165237166,168.31536031702504,76.66143422205063,1708.2486901868717,1
26.79208721832022,33.965833265677674,439.1935605936762,67.54256264848502,435.5066587609813,1
21.695440700410288,23.525035954484114,58.25145784336205,64.80137017130241,1769.42160742042,0
11.825414500933443,19.394926447586492,23.80119937529663,76.38770365426373,2183.746343965504,0
26.71705206823981,18.797995482033187,108.2006723376808,19.712801358273474,1123.2899791807663,0
45.923953479220565,32.00243984650282,146.61345021145965,75.70802163099893,1520.8735227017303,1
61.60676501466655,24.73971774709367,60.89866268799315,37.630386841734556,2621.9045955623665,0
57.91624652446786,42.45661239942553,37.51676252362013,62.465397124276386,1477.772160438881,1
52.13356270944164,43.735099216335605,379.02581818339013,35.11131455981012,2791.385153483472,1
53.364603878931426,8.528018900325923,86.3169001216174,84.62185849316752,692.5060283941823,0
46.57416969117974,6.811682577286282,457.39148853782046,54.88642640696275,2072.3347562082226,0
24.315777166130164,31.520046301799976,187.15983241680755,68.36412059807364,1931.546495493135,0
59.895726688820645,15.06128740311397,336.949875812066,80.90880960856843,2480.762033815818,1
46.89027715482087,0.928535938254943,116.57404681055611,89.31116617092324,531.1080299763519,0
40.8242347039242,44.432133468147754,123.95977040347408,75.7611540567553,1000.5164787545417,1
16.10442080674146,11.345038362190413,289.4810554194498,27.347791823803675,630.4480644008381,0
34.5880549093534,46.46403258429046,282.51824794726315,85.92618667562027,2632.737805679804,1
35.31970491610595,35.87172254391268,385.52096786598025,66.341967016837,1366.5883116131429,1
57.55099852374685,38.132674495574214,380.11758631866167,65.5843299455627,2575.1646138376727,1
40.065652110328365,10.07307478965802,336.9904435085122,91.47126646380849,1036.0174858970568,0
30.92203019337253,11.709721280840647,227.31963011727802,35.6530191202683,615.9202534041297,0
63.72401806808627,26.06338769120329,445.86699120890546,34.885772335004766,1041.343182465041,1
16.089632632947364,8.604992632493108,313.1763526595429,57.595065039681835,1792.9358983201223,0
33.240163557156954,15.271584634151614,495.14825277886683,77.32163452239381,2413.081479461477,1
12.31135713442729,16.073123897390225,410.5880598775075,52.12097878296626,1263.4767330624923,0
50.694726642181166,7.981496662638205,26.933356562971483,67.61298536106938,2587.0216481337106,0
60.49421037095328,10.259141669758037,163.69398400475728,52.55955211048566,910.5801491948218,0
25.402053125276918,39.42759210041283,288.07847965312106,65.66213598041841,2033.851718259417,1
57.20879222395165,8.359792727363418,362.1274212463861,83.24777111693803,2139.2833762056807,1
26.072002675404377,1.4228695921961243,277.41656639216103,29.979565775546636,984.9072983265401,0
60.09235889041534,31.46774713144692,394.13455911878,72.71641832249668,367.4246957513186,1
51.467904697823116,48.7991559696225,144.91454811488558,80.35633636506921,1213.0933551268886,1
54.269872726279125,16.56069073115607,96.0364653602484,52.110246820987946,412.9903682653402,0
10.990360558024998,5.932785159812615,31.6887584759362,41.828386896631905,2551.8844385054445,0
62.95456963907143,28.51936626837654,288.79030356290343,16.12417888572537,2683.8131573351448,1
49.96690456386778,45.31771055478231,345.85676273437014,81.15971685372976,2138.4497898650015,1
26.761310246237333,39.20308899142394,166.44410997408397,42.21890869998701,2116.7114632845846,0
55.616706567236584,31.1257934206358,308.7241715036589,44.65668596086817,902.2316735293265,1
25.483665912821145,15.75282483037997,30.817829272397972,42.88851153720142,484.8139413952116,0
58.001461176137035,27.094008663810996,54.150206416917804,56.395364457424066,2305.2615896522916,0
16.191921472656535,4.562242065212768,352.3686122679567,73.3074645771834,1697.904828883419,0
48.70272876034377,33.9472712140335,187.19450408256287,79.0646398730424,2004.0688269679374,1
39.73841621547007,36.25480094488254,337.3103453959878,47.58336979346214,2249.102670215575,1
15.309395860749245,48.25158114549594,416.70195453855945,70.03746890874903,1323.5856723806721,1
23.304160554236145,13.019867937253583,427.04810655067786,74.81679277251916,661.3664749457943,0
10.682221995252313,0.9228209521511321,90.22298450490322,39.64413852922267,2287.5919984072384,0
35.78223810054782,27.28042322135753,245.71135831391652,23.01958197157874,1434.4140980710185,0
26.56958934180002,35.33952521984072,368.29372819808077,89.25725481349039,2367.3105771398314,1
42.90966163637673,39.5203737941494,388.12039515212064,71.20062565787221,1394.2478669000318,1
26.348079423973946,9.68694665124053,393.4146104607944,68.79316393673218,842.5410211432652,0
26.49555113288416,13.087643451851182,117.9428305183893,19.888908762594173,727.5125416344558,0
50.875625930238186,25.629546263364816,100.30473477326781,82.88346377282589,2159.8043913979195,0
12.647855978809439,16.530040498500092,297.0561717954795,61.982494955142414,1737.2228069849918,0
59.6592247355593,43.025574329372255,371.8374698804187,85.37440663735799,1311.5072511617163,1
56.87451309151498,23.688007686936015,162.97406018942567,95.8885782501512,1530.29189047833,1
46.72925757745236,39.97893220510015,56.82905264689867,94.43932663306009,1674.0965132163496,1
42.62718635590613,29.030988024117686,359.7894595404884,86.05541575038723,898.5411045644901,1
59.07663739768087,38.6545070808556,153.35042653310222,15.908632028003618,1245.4139492442227,1
20.193159874079292,16.633649326516192,87.3495485343023,88.5153582836674,1031.0286627743376,0
14.343303920495574,41.57083109651556,78.12314655658017,21.230172047694577,1271.0596168640682,0
23.173059345024598,13.728615777551079,160.88022602572457,85.64909952467168,1551.405533794762,0
53.70180532851047,27.30494040016454,298.37564262730405,38.254447694764764,733.3938476359148,1
11.906864669956583,10.700355658693711,182.4091081534392,65.63567209826951,1283.78765662222,0
42.05437592959193,23.77632608130967,15.227616538748638,18.159663185440014,1263.7361082673087,0
64.74906339052205,15.908760475435157,52.96967516551648,79.00808077781294,1015.0095421056568,0
57.06328516106467,13.335171531860713,148.79910736331644,24.271608145336636,2796.2408120061305,0
38.679512897397416,48.349250901401874,331.55371866281047,49.087118249089066,484.06877248572846,1
13.50025001076533,8.00370527433653,53.76496136692425,82.84801819300002,1907.3778482143393,0
55.72554329121404,39.366291872869766,282.5251424828375,72.71396671019181,736.096516341089,1
42.94381794974658,49.20824797416075,64.34350605788211,15.501543839219554,2398.809973212956,0
16.321314838276177,0.9950741870038915,109.74958703794384,48.451683767031554,2585.491340023252,0
15.162150665284592,34.951370702104754,90.23332114010256,18.479983908054166,1303.6949565223972,0
60.029475069012584,12.645590277814357,38.27817460755119,70.90048844793293,2358.6961235517742,0
46.806014461594316,2.0243912164152222,337.3082596063622,95.42272481552568,924.773623375151,0
55.610773962421554,20.14447894783154,234.38475595608708,69.38668477096302,650.171268323154,1
58.34383951552471,46.76089050854375,416.3714532441824,33.62291178275713,1089.6956660065275,1
41.447479362657724,0.5882547183498843,53.950965791246894,44.48434166152283,1154.1850347276181,0
38.45954934652727,29.394284596489083,76.64280200234576,96.06199611965282,1293.3938619639473,0
33.67350756765446,25.069823929766216,156.69657701847305,33.59635019868506,1232.3973548945469,0
27.43206232851156,43.66920821855238,384.10366353471005,61.60691306351874,1327.86113212626,1
33.902777847229146,4.200085726031283,156.35061746207091,48.23766612058481,2075.0834145128247,0
52.5633810651586,34.07630149433252,207.16726021185283,78.77016972804239,913.9503321643381,1
43.10578870583224,34.005484921663864,154.29376531709644,86.99330957433064,346.43898941280423,1
59.08878094751653,33.45400084311416,44.711024441509835,43.28949377107463,1524.2013784531791,0
34.385900790855324,47.11672474675185,470.01964333361275,69.81289818704875,1420.72811051216,1
43.38992682953147,41.154376450344024,276.5268010752385,60.570958893971365,450.16247460857613,1
44.72191542005938,2.0986363121753007,394.9774281518209,38.11089267460097,634.5035037535343,0
42.5433439268479,23.554142535225658,330.88676063172153,37.57108663347914,1574.8022367122346,1
48.6448575197034,19.897652810066674,259.55586813567766,59.70642674518123,886.8769000489482,0
23.058840760614345,15.507361054540103,49.390737046393156,27.782238503180885,2493.9957353536174,0
38.18000776501849,22.566836257704864,323.15310490880063,82.29722140804513,733.2312161487378,1
15.732364154459122,19.20970924629887,81.9083261887319,20.72740165363337,350.30657962129067,0
31.14812302046469,21.616694993933265,210.11966883135693,22.849682355290255,1418.909423477651,0
36.821688774169544,48.963093280432126,316.411006022813,43.40478364096321,2765.4077765206384,1
45.87233427500099,4.431648737479038,392.2033552337011,24.80161593036207,1884.681315766191,0
62.279207892241196,46.11154349193649,344.09736197576666,54.48310176420588,1185.074303154811,1
43.035808660159574,24.011835673551335,337.40909688204124,48.173098906675236,342.17002866964583,1
50.89766538971079,31.187112274977057,78.77589354172771,74.91021305851451,1512.371099355567,0
37.84463327223615,41.50914833088469,176.333627335436,94.0993448824068,816.1650053460756,1
44.87572172569822,18.023151457462777,26.241574966796104,77.54536253334746,1919.3852136166151,0
13.901271887357538,21.521095404398345,361.14106212235,29.89423901909016,1757.521234328253,0
23.991536946301586,20.475924013935696,476.53006075212244,92.64826669354545,963.0344384679623,1
29.90192012628263,18.736551126787994,135.73464313864253,47.54707490190458,472.2068355466791,0
35.98713452535824,46.27646608234475,48.40987103534311,54.35771695693377,2187.5479951008365,0
12.510681002631106,41.4464945596506,240.40718799305853,49.99082770176275,1763.6602364823557,0
17.701325365432474,5.449999493148805,429.06562044814655,38.28540293288067,2405.3156237715707,0
25.224786928521816,5.4061676238548015,278.22722665953097,89.28867588719116,949.5000390917908,0
63.434297999557785,21.39347574264956,28.154689344106085,42.575825869419134,1932.1551619510303,0
28.224085390667792,4.932868836640453,487.2647590613333,63.02350698340235,596.7012513217123,0
36.51225819616454,30.954654763555983,415.18170543148733,34.92278750306941,1029.5247697921093,1
20.785374200611614,7.184580363086695,70.13906814049753,81.18215610592497,1941.347779693424,0
43.592903909167255,26.11866319834005,461.2898894692369,79.25848874092249,2363.9532628619827,1
25.437576853378587,0.36099735018588763,228.09070285956835,39.593907491104645,1102.313754358367,0
21.38459181411347,15.829817420632336,189.0895053345959,71.56898807090664,2297.133891391253,0
38.41149456452885,33.85953618363277,233.22139861095818,73.42150324688083,1994.3811506832062,1
10.302818953823145,24.20194701139242,418.1131186511189,61.68844753669559,1171.6869287689997,0
10.421521795707394,48.91347429994941,331.44244075195894,64.84966572854862,2490.9923443610983,1
22.048784500602178,43.70518980331054,34.32798393786513,62.679734978136054,1573.0726650885779,0
12.019674937545162,17.95353895215756,479.0141637025046,21.794745531572186,1920.6170563652056,0
15.941416477188024,2.2743270736137298,78.1531460717673,70.63202361124415,1539.0783547587002,0
28.637335713631337,42.28131500575094,374.05613610899877,53.99132581661137,1431.79990122692,1
54.14221237688971,45.56171551573357,319.88758256192483,51.39195428493732,2419.944293097141,1
41.46267538531154,41.03136967095184,97.82638373354763,86.37993515888947,1036.7610375965644,1
38.1967249276029,6.397497045988243,89.51237767595957,16.92781721727277,391.5730559093117,0
26.14188527644669,49.895756720614386,435.8121588838226,35.85913819057668,2499.456608862403,1
61.2464545688049,12.92921107763869,212.74898713230058,25.076490486947947,2362.5598826279574,0
31.83582726804554,36.210245640418506,329.01537451619856,17.93330670260724,1216.401186424032,1
14.790102173767432,45.40174381678608,254.51514690905327,37.88119080710365,763.6278467630282,1
43.93865838647907,11.784355716535472,365.03999095259996,97.04353064195824,1988.8341076211775,1
16.261111641213077,45.4129277338533,242.22497564446863,37.42902137622862,496.90225908909815,1
28.987272854093064,15.474078959743348,147.25305805150634,70.08758304304902,1359.3868888470213,0
37.90765662947949,48.82066111920281,184.87476864326572,24.818807873379882,514.6558038500779,1
58.08223885768467,14.06300101902373,430.2434587529196,64.95335329392009,1794.774188321907,1
37.14506191870653,47.67179123789176,236.67717299674987,96.71196310048,368.02095952407495,1
48.624232131741536,2.6772325446337453,110.65741946108159,39.22251444721862,1873.095939085779,0
64.60492614494888,35.46360058349065,467.62966709824036,85.39027615917337,1983.0139332234914,1
17.23190159438899,26.605556691850186,399.3172259666966,97.79842457042244,1517.8611865628777,1
25.110233903573572,23.89385385613653,32.554742297818564,63.84998936382175,737.5183232440297,0
31.701684157870552,11.174715712791999,499.4767661803563,40.68029133552693,553.4848465680182,0
33.200549819635725,35.2797894888246,348.9887147378506,70.90309457162996,1083.230870342508,1
32.60615913960501,9.540474572315356,84.33196652509054,85.12240112029536,1463.016699000031,0
59.918605140610524,27.642089799238413,122.39800224280523,29.2220701658442,1905.5207921121112,0
49.27179544567711,12.66226815201254,347.7605132145657,52.558808398840625,303.1253187962491,0
43.43478677498871,47.781068989067805,390.9817223631654,41.4925799402788,2077.659798088408,1
27.015499482453016,1.4315596917826412,123.32279185915404,38.51879674787753,2081.7798303131913,0
55.308471132171206,9.986414005561828,132.19958268013906,86.44816464143433,1411.3445162312496,0
62.52832813167439,12.115530319372386,157.0247439616701,49.9972825662126,1158.5161143698792,0
55.16590554026246,20.703391288390822,301.0190905941352,43.143336369724764,2405.7714116758966,1
10.08608078553101,11.636512093502677,90.04900825913208,65.09137493835914,2261.46870507807,0
45.00207536008739,24.567454513439262,56.600383447964866,33.21033110990265,2758.19022129431,0
12.812445979315541,43.62327616292695,341.0377240973292,34.081159717150555,1229.8270133473802,1
24.168397118354704,35.60317107045854,390.6534801976192,58.18396466233489,2567.081512142746,1
13.273858519127444,28.998099026755554,252.9600551861702,48.96963647763328,518.5047147323808,0
43.20874991221633,4.450158899133982,185.09719158285077,39.48353786555293,1328.6651656271306,0
47.76244524209337,34.69960541946378,218.86114319560582,19.47794397875048,1463.4352968716473,1
16.29682009362478,8.320714215546992,197.26187776661618,58.22426180699729,1402.1857905086454,0
31.111138567473873,39.318369298084896,480.1925295776492,82.77856406488924,1862.7454710778093,1
35.09300799255481,12.50283792550766,385.20450308347444,85.6643080387428,725.5195970954223,1
30.297916196850412,20.852436416045045,108.00317135080459,34.54151831726466,2466.13042931563,0
16.656375026685616,17.523510115896396,195.17363026672012,64.77021992764153,1679.4100463490981,0
33.04212846031115,42.94069573374284,274.28608422473934,86.03814868542405,2560.523870033161,1
51.314792629463,6.327222935670407,308.4280017215258,48.92425204692997,306.5791100537119,0
13.90542154932905,28.28224411923943,236.7510285342397,92.36735583652487,1874.970283982491,0
14.40990077450469,7.103080472153112,406.0126843309198,89.9472179177529,1331.1446171370822,0
29.512421050979132,35.23979180660933,384.9649796318247,32.27511348576118,1562.7476543736439,1
61.79491413904088,45.25390638972406,255.05316972094252,36.494081130716914,2159.511276950713,1
46.771495569760276,21.73038269336267,427.94254645695656,29.976685887615417,867.879370841724,1
47.32684761699107,24.404613013248795,376.789317568981,31.27251117074029,812.2485880359701,1
29.905599496082573,46.371141824138114,390.39801511671845,90.35255323540034,2057.5195443428574,1
42.651343516469616,26.049569432467855,478.41838581954124,92.2844464629877,1603.4143973604503,1
10.557215121525886,24.379921902478046,136.9011358985553,19.307471018365867,884.0977451542259,0
44.98528255252482,28.91645513521521,137.48584037159034,64.26907852079299,1510.0465866735385,0
60.23078211669302,34.4614868181476,445.03136656686684,61.83121971717844,1448.8960144428988,1
43.691540758965054,5.3441687543515695,387.25205482591133,47.41545467813017,2028.611068538279,0
58.053422640648975,41.0555263870758,463.64004301063557,67.43090020431788,306.6527590481985,1
49.81851805063516,21.775251372662964,36.24942936060427,93.63152951740055,1766.9006644287074,0
16.630712902202966,3.6174254948742766,315.7397532444903,29.131155265938133,1814.1953762806886,0
59.63493190072129,39.309133459910655,76.59102737110648,24.994105506465818,2163.7753429697996,0
13.654411439567617,18.847498584313605,254.4291131548284,17.77141737880498,2523.076165088623,0
39.36821099012701,5.018374754752697,82.0947312674549,45.1981645507319,1400.4744927792221,0
17.817541808640172,31.688951977162528,68.39886194751523,43.02316359746288,1156.3005607722112,0
10.643863590199723,44.006567671682085,11.02333096410641,50.75803411716745,555.8009437782158,0
33.21188430702014,44.387675470699314,316.9682121295377,56.77473256311876,1142.0896122330826,1
26.227238920978593,47.88317374044866,182.7161952615926,77.89939150452773,471.2116611110192,1
36.73002715886817,43.3852729883344,57.06820101509099,47.54541140797402,2307.050513353637,0
41.74599377040029,0.10704596727376114,164.80469997699836,42.44088807698239,2317.5153696145912,0
12.405648976992104,19.01205832066951,88.62732526853455,83.63094208154904,1343.0941432369452,0
16.76518123180601,40.927128995275154,471.1389415933214,85.53312366425348,949.1030846912271,1
40.72533180477339,18.31265029992371,163.4024184518673,34.31957503634831,595.0501886306795,0
28.874204424496202,30.077425318985306,170.306994028248,41.1177612850386,2428.092915054616,0
50.10454181521964,30.3158473687266,420.72971168279486,83.48465878553732,2493.738195963513,1
45.876040672556684,18.251265201941152,325.6391018365721,21.59088427671448,965.7240364745351,0
56.508239964444876,45.22369636406438,356.5349456644857,42.04528277243125,1854.401371169409,1
48.087105466807394,25.16141726930588,319.82089297453547,52.21305888439148,946.6341619759717,1
33.64620925645815,23.23921029687504,473.36716055453985,30.526944061647395,862.816567858947,1
47.01316423169378,49.87568728309479,107.46541162123235,29.932878318687948,353.0201265785382,1
25.145964584048016,24.675018203630835,494.57442466911886,50.26355081512288,1742.8985439651563,1
26.847242432801696,8.919912596429052,416.32330789047404,77.62530315299301,674.853857963893,0
53.394183795643634,25.653471143171902,296.5414314937894,84.73933730245308,330.92795716732985,1
34.55307340208702,40.7008367759965,332.87395407614326,96.27651268050239,562.1279108420432,1
53.91091872850939,38.84301634491407,326.168808867804,21.14067615761268,1084.4229789695346,1
55.23323055175531,39.42908825542355,33.90613090928118,32.984622695117395,1972.907975279279,0
57.16592857137061,35.40118919989559,112.91816677330961,77.80027691788841,806.5576333303129,1
60.414937971266404,12.71089145333441,480.92808783975084,59.869692602619935,2518.9764063291796,1
33.7041871282313,43.10420429201157,269.51039228539275,42.19742123888071,1021.2210259573751,1
27.537675007662635,44.67217326881325,192.28503361464647,32.06394188352121,1128.0657235591248,1
42.02093106267626,9.707634830927454,382.20903937759215,38.27963678632319,844.9429498799433,0
30.414483289069516,6.522781827569696,264.63687661462575,50.63098287497901,934.513342679596,0
43.059079174012815,48.780248429455604,11.515571858789308,29.703551219000715,485.3377863828545,0
48.80722244541035,43.41619818251839,369.4376103739834,95.0307543377703,1036.9264467904736,1
47.86227601706753,44.661807360497335,367.44769222616634,23.929840901789575,2449.0436490015572,1
30.600408786106673,44.318819231219756,86.74861249443732,96.80292706260518,2021.0613534890335,1
19.177311093431406,27.084341201686417,478.5467437699856,84.87714273805582,2488.170509664041,1
33.679113615421414,32.320086833289984,115.8345251128516,50.12158425364034,562.1475359483916,0
17.84267792450498,27.268142606682083,231.58593685418865,76.40475575422144,1439.0415771053977,0
58.95533693510946,2.5603174595164537,61.794300824152764,70.73576522680004,873.1371824502876,0
29.02326034058216,37.275154267638634,303.6247481280413,32.70281418976127,2103.0389763903704,1
18.495286097282808,25.266601666794013,190.84830442832018,43.14281714787255,2725.594561814726,0
11.399626794816298,32.38545373951149,179.8208637938042,57.589172712853006,2338.3986976257193,0
45.520231245756634,25.131990248776763,414.3535542243689,67.94106693068133,388.1954168775159,1
45.02962746001088,24.590566116122798,9.73304786098673,60.060283452599585,1091.6492366105854,0
28.733229161971042,8.589455473888341,399.98365159174915,54.25795926353733,371.4492261263089,0
13.944153886620805,13.935685757057447,287.86704004529895,51.781638696756715,400.41741732746385,0
32.529589219237764,7.94263459719779,493.11876417269855,56.35595344148649,498.7882604110347,0
27.116962228486646,9.783314781267121,296.77439419910326,51.051176147215536,990.8173224264046,0
47.241635185425515,48.648869021015244,32.41267140323917,59.93039643629442,1060.5069190953277,1
43.31785871989797,7.655672288609922,30.069436589644532,88.70277982087335,1301.1337830872205,0
30.0526550508647,13.463521215260382,442.1607282540568,67.52483298353278,1312.3277361657404,1
21.984090484024456,29.529482886929248,421.4010020279713,74.97753262404882,2228.5225296079525,1
64.34197813855755,30.508928811832092,176.2155874131015,64.59110009965445,653.5081089472494,1
34.97008916578632,7.698706487191453,310.9260796696629,68.3704676403622,694.3515395106442,0
47.855082967913035,39.68587128926062,247.34772174252214,63.00303576119895,1866.472629180585,1
17.730413216809843,39.26014339564125,483.74620729234584,17.229921342253327,1729.3553804812418,1
36.707433481266875,11.865885210194554,475.23064593406133,97.96666572260165,685.011763705281,1
11.514519592820601,14.433315133773023,492.00030922768343,17.789566937670426,2430.6610671347976,0
37.80003148507475,46.89939327297485,433.8921464139608,47.79728468339326,1122.6485352530185,1
63.02095739147363,41.2835722989739,455.2280374336751,23.724601298811475,1217.4183713612156,1
31.131369214219013,34.88985165312619,112.55299548973252,23.045061386597396,1351.1502020864714,0
12.144780691620138,4.1116610755300265,416.3483605499384,80.86273698898214,1106.7546768473394,0
11.702568500563894,20.913204045128786,355.884271036116,50.35183968672039,1693.6376306815662,0
31.33927179707782,27.96509360384135,481.5793218698947,81.49451278879748,1271.6193078954961,1
18.80137150547567,9.370564399188847,287.7746050790966,37.64127706650902,948.586814863219,0
11.284365298050226,22.411329105411227,47.1577475217254,36.28641171991748,2561.187169276936,0
51.59174876725972,30.0512938744345,300.7124511376407,35.85220469060036,1070.8768503503868,1
35.21876548850399,16.368834005769962,344.85755937053744,66.14008699185729,2046.2223136720547,0
25.908462458495997,39.04724094752436,114.05890921265201,82.6449493571848,1168.0669258922405,0
59.50457506590644,42.022479081940276,200.08612483880054,52.53766383624497,1388.0499671936798,1
16.387642811028908,16.18047347170354,301.2591899555816,46.47765792320983,889.8588085033291,0
62.57553559254256,41.932857724622856,190.18233997167025,95.8071029987369,2180.8240484681355,1
27.268169455754403,5.178828305150751,190.59912003313866,24.690584988966023,2143.0081285656324,0
58.86220197697747,41.88645493113282,70.87788639053471,55.39051260972608,355.59986452025043,1
43.16185820637038,7.637521583380829,470.6696279234447,48.90448351405905,450.4851007532296,0
55.46890478578181,4.146357625486302,376.49472032507276,23.1445075167119,2605.941136862349,0
64.12072397657553,32.08877022205056,5.615502238720494,37.26063005332219,2522.067118094627,0
25.862299080031015,23.596868287764718,383.9785755909718,17.360620644066298,1565.2179819463258,0
62.86245169741761,45.39453002064164,371.1985213656401,87.78720598558543,1533.393478895841,1
31.42150421963312,18.15945980454246,9.81682527698388,65.4515109062033,2331.0604359594813,0
31.203154760530726,14.357613171881434,187.95412731881345,82.64653532323081,646.1253672121975,0
28.72129073399781,25.03674530720992,305.34010671113765,58.289019549448156,1934.2478033648977,0
39.777418404117185,22.797309288433066,229.11157266972776,64.75931584201723,1489.957486218149,0
18.47797737481679,17.221402310859414,390.1031287666511,73.1709216581607,2158.327573289057,0
40.454131694690616,34.68706493491643,215.60187465404482,90.36496507952984,375.2569782799761,1
39.79376468255022,37.97809169569541,81.16216987964934,22.615406689545196,1781.8138743098464,0
51.90459969326785,42.649198451506834,488.32573401554515,42.46871676306533,1691.820538038894,1
55.85074790656721,48.642830235517145,124.80979642414306,73.84917382810005,2402.120823972963,1
34.22427426718332,13.332809606625224,360.2576937179595,94.5430967291156,1992.0907438875695,1
26.628328714332156,35.80467412449808,75.86237427371562,96.40701656467046,2500.400895989094,0
24.263419352440195,19.712911774787262,167.86124382304666,67.96254975839278,2518.1833041063974,0
20.704311018767957,33.85409859755541,223.80366617305975,31.068673653653985,1320.4100022492946,0
13.170617020946368,23.799084517461015,100.15484224089663,24.894339647358407,643.5853343795328,0
28.834638835909235,49.688655138396584,227.72999030246172,93.52162247527531,1875.70913955547,1
24.86362306719308,36.4451067895375,82.79559738091625,51.015998225388124,2484.365246021276,0
63.152956222652406,47.62456502171622,281.7082367980156,31.16973076080284,487.3833604869019,1
40.673985443752414,41.748477474059285,333.538059997496,92.5130788095409,1694.8081827116605,1
29.100237146677916,45.145050558168556,35.90497059386533,23.675514539837884,587.4988166495598,0
41.92571805465328,40.72095986073375,436.2103999356732,75.55440103913723,367.4899793880049,1
17.655818574013253,22.95795651879557,96.64473809580758,66.89683128609673,1999.088384852084,0
34.42240620612116,12.58942266734422,116.55440053356028,22.28197714361402,2004.6240296804096,0
44.44288767815851,18.51600877252611,332.3681708411162,43.1161500380737,1801.645112490905,0
36.88938074858483,1.0118116319975223,237.03177491503496,27.444247231820885,2448.057009754493,0
32.09783403598783,26.19965837323336,252.2008215896775,65.17338318025239,502.1910994836959,0
64.6616613894834,25.252890013520435,68.43671735875068,54.60038162922659,563.1506542468984,0
58.41731191819098,26.26252324152441,403.8392318288221,15.35483534682075,2461.338594948618,1
44.287327698769204,48.70156124860319,310.44185182158395,95.98397700156437,1558.1917997156577,1
41.31575486502555,45.57270017274197,72.01411143818073,44.01552594083185,982.6320220955931,1
44.136326390352124,8.085638916505399,190.12968667767,36.430964605475154,2145.3924449632186,0
21.07216593023383,18.444126077794458,406.15291670383994,33.46276533091052,2536.009306511005,0
31.732575879537524,21.197808973163095,286.33574776337724,28.18171938240613,2024.0082155074056,0
12.170274308999463,18.026645892582387,58.78114567080058,97.92837732597032,2279.8314916961226,0
36.155032061775465,39.92479818019565,189.52463766569693,39.494085834173205,1006.2431004879812,1
39.866352117671475,26.201883493379345,125.13372723558862,48.65762026961538,1021.9383985263561,0
22.52623548567653,28.604990848581252,261.1454490585946,87.32254104278138,2460.309700886581,1
63.021586594103255,42.650677949396275,422.4637587916348,68.2766627940589,1837.1571216380385,1
60.02000360154831,40.296407670767934,220.9522317281878,45.60163617485762,885.4068791843412,1
49.71787795007482,6.610576141014985,219.50430503231993,89.5612601816798,1610.4045386555304,0
39.33626458209494,35.69572920418172,453.1486966518833,77.22710878372881,2014.6511786806232,1
57.84830378062267,21.771806445101777,290.2117791910998,33.915742125961074,846.3727031269699,1
17.185878910290462,14.732445153125024,285.2645882617164,68.4303365517934,1937.26602051934,0
53.478038685118676,2.5009410451093173,134.64539647831774,91.55907535826933,405.36212454441943,0
16.865144768176656,24.362478017272547,305.82276017937755,56.20625291138424,1059.229057510403,0
53.681586440217295,17.77183403622657,290.0756813716112,75.88982943502837,1984.9295293152868,1
25.167216253824634,12.575651983820041,201.44147781922265,95.60161075110021,673.3726637247539,0
58.23998195600039,34.73358647984788,495.3943051200944,72.30437369430267,855.4975766062473,1
61.92231516039688,38.47426936577935,441.5360276493029,23.502411250584693,2497.733225895973,1
18.18377831728136,12.23947595147124,376.04521358802367,35.298442727297015,1985.8027485790212,0
35.447158278596646,2.4723718339673626,270.98606626443524,64.39300429943987,1547.2967756416845,0
63.95430579894768,42.43763502826175,233.719601937842,37.87113267586821,827.2334803186307,1
36.587408978523065,0.4979870602151659,96.52421063548368,94.47596154729861,1153.5241414556453,0
57.495113738299985,46.8556246960736,156.34004963723874,48.644218823840426,1735.8262457183978,1
42.380233717222595,31.380993699135296,388.11059591248903,52.9501236757863,688.2814847616712,1
30.643144935578103,16.092331760066013,229.60573219908795,73.23297375801974,1504.3601997454723,0
25.71809555392286,12.32389547883681,441.72341070190316,58.51272770137555,1322.435985345056,0
21.177270009734798,0.4502832132237622,78.21601249103674,46.71811525176777,1491.7183535690456,0
51.89890052577335,11.773570850543857,256.6318125267501,21.360943637830037,563.9020532007486,0
31.259727875266535,6.886415075857055,325.2480135905478,64.5049839291527,566.2427176125715,0
38.120150421041316,30.608311036157282,260.83998587242337,87.00914255590487,2710.2773818658034,1
37.077901400065,8.327279429690066,445.16731133456864,71.91828266608466,2748.4193343119214,0
41.75034660782222,26.431491876830965,494.83382450542416,46.66408583389703,1365.4116447795457,1
57.606743009350375,29.50582111722354,62.33815587897802,25.60126336371974,2272.488634127093,0
63.94066389708862,14.902084917345725,69.3276775180759,82.75606951305224,1939.4785673076922,0
32.41713147155993,1.7532474509359353,69.51043621225993,93.16511406519,592.2921365459724,0
55.513540715846666,1.862694030709805,342.18266255491113,47.226658236089975,1041.6966433367445,0
52.04902870600947,1.3173666096958803,189.47466727043977,75.47730170227712,1084.128521611301,0
41.54409233005653,36.95623335682731,367.9907573266235,49.09336551093272,1789.4360871480596,1
62.58259289865632,15.900485240714907,205.70837907905445,56.68815592473255,1749.941780786175,0
21.026098354062153,39.81500929838318,315.6653270593715,84.427539591162,2608.771734256889,1
16.00953156702918,21.58664119214246,386.0797128110523,21.924220403525748,2275.090784940685,0
56.96790818254822,22.64990504149819,276.3668757741857,59.017833949296524,2442.119161507434,1
34.15323991485616,25.644130125478686,272.054277272753,32.813482797711465,2528.0715340275233,0
56.583286981388326,35.6515728187552,48.67599101638906,43.20389347614828,2303.191681387451,0
59.11996128574782,13.675143291485353,208.33696274017024,68.48759244530876,1132.2031526427693,0
13.435167649048928,6.079367476676345,275.1596908463441,17.259958223958414,837.5324283362501,0
58.59056196423334,27.802866759573075,233.68050870487292,64.28748321477251,1729.4183450526175,1
34.65754804531822,16.348881162136962,450.8870900932706,38.52570587466123,2023.920791133297,1
38.07378689523277,22.12456568340187,453.7326628991472,70.56720194706999,1266.4199224079146,1
44.46258811012656,32.34733541686527,411.84910339143704,26.751252208783498,2420.8466249112757,1
60.95104337015477,24.70628705706353,190.7725473096944,76.07236311674282,2701.4164820449587,1
11.05138519363702,31.013940855042144,360.0630800853295,68.58809674032719,1723.48931534338,1
36.22639075747994,27.21000010568139,200.66778822945685,95.61307212906915,1441.4801555405456,1
47.824712333680836,36.98981859680496,120.13383149300073,90.63253515042629,2407.217792356295,1
49.74888267340256,35.296830885581,174.7368085576864,38.51413764557529,360.67386747346666,1
48.08928373454094,26.70949459043096,40.127493476340064,17.26727553621127,622.5315395856201,0
17.393932117446703,33.945151042985344,169.22986695730037,69.39559057227589,2414.1441475156694,0
26.466757360442468,43.67798011363064,233.06739754427994,65.03965328738782,2130.071464119981,1
29.72935389793574,21.61356438940843,477.96304291651086,17.276587807615023,1340.341745510815,1
54.244046422372776,20.638153637439682,160.13824017871434,25.182234923815194,2522.1296443110127,0
25.331792982800415,38.212281042619004,451.7145019067327,63.5302414764868,1178.6457191134677,1
21.588773012696173,29.1276918520997,118.28484653263104,90.68166291560983,1884.6133946672935,0
62.65964104709529,3.5503390111294273,99.52960439082845,90.23952295061278,1885.8361758147898,0
10.48748068124079,44.60560078455407,261.90275093392165,27.57325953280221,760.8297315355906,0
64.8801470625088,1.5391551118820068,337.89312780221593,46.91963755163572,1012.129340410145,0
47.22517143715676,37.41981781048715,26.944464147129306,18.585837741230442,2590.0173067402143,0
55.56581146970144,37.93970713521564,114.42760319837227,53.94956324812311,758.5371344835426,1
26.204066799040625,47.65555426409652,230.56341491815164,77.50592715287607,733.9365546190613,1
10.787340271688299,2.7067204201160378,168.84714631167483,80.56773504334575,1499.038684334685,0
50.582823520884155,29.842843039224547,357.7474342774193,56.416125727515556,530.4934205946024,1
55.87795283503717,21.392028531352647,258.0244950404518,22.957183000782127,2536.5654724609335,0
50.726187257443556,16.5316477429771,84.3777572739306,46.65320994007001,550.3728457811777,0
17.856765801546125,4.515928014953651,447.7603627609698,92.36446267787224,1841.393692101986,0
51.4385357241333,28.132705983565458,149.988309364263,34.05784219113632,1149.454641113295,0
52.29075301592025,23.95203628373068,366.9098989373896,41.539619342756296,2310.6822136775845,1
46.21972836185302,5.227722907551213,391.0583106571779,76.98665556343488,1774.5268644188463,0
52.13637630375724,30.62447535485417,481.76306162677054,75.88720547753286,1270.7653526985955,1
56.52567918227527,36.89765601264693,251.7611959294302,90.71278990606939,2759.682461362027,1
43.74822628306021,38.363915052682415,309.8385801548939,47.21385132979116,465.57747116382666,1
14.873259268332347,45.26865941312137,170.7637652723692,57.711694081566165,1744.4657580766918,1
36.8195295316966,20.47353709443886,340.69875023897293,53.79357428129964,2773.920778860112,0
14.270713406938278,47.65363843110685,234.37482550382828,92.00343019486361,2027.3816080325428,1
32.4148667067837,43.2714702541343,221.63792053858901,78.85443887244469,2149.4240791054826,1
32.390856901909515,14.825078551196953,428.4564269124722,84.0096677262094,380.2278614487148,1
13.630541427713286,7.964151867472924,29.83357753185089,26.047156312841103,353.407907742406,0
29.185129368321363,21.76946980640067,441.5714017767749,80.72327550805727,390.27527995548206,1
16.104895433522316,20.09493539779833,426.7745697251357,50.93723758277225,2779.3097554405804,0
54.45293655050722,28.785965266560215,255.6512955130856,16.93711067494371,2748.7994018521285,0
62.122841428045895,29.1693116163874,247.65041283178599,19.987333277692624,1136.2723144106544,1
13.977406139186623,37.49934921899876,184.09464717756765,71.26635899799209,1027.454540664572,0
62.531336401043575,25.49449741028051,497.1160268824585,45.877032615115496,664.8968637946107,1
38.74171296352098,5.241132047038278,60.02881971315141,87.05359257754887,1122.850747911896,0
26.476112287463064,42.9145667776553,297.15654163616045,75.94467011169692,1225.3748263681757,1
14.227414140188994,15.488229159259353,342.4323871056464,16.799440968357825,2170.707041897584,0
37.534334743872975,48.5648730153296,467.4933540673875,72.01172988238815,2465.733882299337,1
53.69835494699118,5.893005433988508,391.20073094409696,30.965255236785566,2166.8377993534705,0
48.8897562496684,47.91255861162516,323.70436539171567,50.0743532024247,1916.1877527389313,1
12.762430630518557,4.550590344125849,62.822096822000724,66.8530217762059,2214.7501952219945,0
14.009600945234693,11.551806897352973,189.99809083157635,87.43558082754251,2146.243697879513,0
32.15803054479504,2.3289971043270796,73.7266130612527,52.85612473653095,1489.374234325987,0
26.24097717263688,35.25565733194975,441.20030257042924,82.10470769786416,1139.6285061533945,1
22.78113776808263,42.51493682858959,376.06247200400327,79.98615001245253,1006.9517921939988,1
25.455247439979246,21.70355409079902,379.9807094646285,49.40669656665444,1998.388648781954,0
54.19155088132865,46.426103752121485,327.86697629790433,56.581353564930936,2698.260311113063,1
61.107542949751966,29.514953587779978,255.98655078367128,73.14025583413448,1752.6367973390752,1
32.280648199016156,31.50035677232616,79.23567443443112,17.585320075695996,2581.3162561806653,0
59.83610511728734,42.270960085038496,168.19896891900063,88.93734734533741,335.5734274323688,1
27.68226356863351,14.840010252591945,72.77331727606082,78.89474123332855,2286.1766168400145,0
36.20403424890854,17.71328606638129,363.8320057119099,35.70151815639342,2434.006644900199,0
22.431594879879984,45.29759595973222,84.31324413089249,96.43793611468497,1877.4845948592395,1
45.226182319671416,45.04817480193819,352.54620733498433,29.88939926493836,2635.152498404324,1
63.84396133461449,48.82413881004354,347.66641784997285,90.86919391746535,1774.782482203249,1
43.19212028238582,45.09191582208356,232.355717100688,41.93129704081822,901.3422563168733,1
29.679774626245187,6.368601801668045,71.93818378843588,78.34117694362328,839.2930736204856,0
45.62995952947906,41.186214306849365,160.82640893634817,52.879257239579445,1689.5906667317881,1
16.760637315596316,20.4919239054797,163.44608899239796,76.12679315835018,2566.209826240527,0
58.87624941459693,49.54006779729689,351.69064090593025,27.929992978967398,480.9198643876925,1
37.669617292891004,23.614048216440054,61.302794609793544,37.36903604607807,1810.9762805272776,0
34.71423581218031,27.69180412511103,415.3889798769649,23.28819943117813,2224.5086824550617,1
42.222563364943554,26.488745762839926,381.6986086420274,86.80695045933766,588.5051740589229,1
44.36311245341714,16.08685149291389,97.22192449626559,39.592317984868444,591.9242267800323,0
13.947669342458216,3.7511044446459083,360.98636898055025,72.64152704158306,1215.3199916739702,0
47.54394716728713,44.782561520095925,335.9140248265718,83.07835941254683,984.7029338742922,1
23.306242417354127,40.133790626314344,375.3197960549085,89.81771361948572,795.7853972342243,1
49.267394787862436,6.976339027983464,98.51963494710377,23.82266057087258,796.735434028363,0
55.23941369113082,38.83841356750364,83.00720946745197,89.12023948154683,626.6725810620896,1
54.21771791538862,31.2923333025305,122.05957303176334,31.371980551649717,1827.135032704881,0
40.3875532074339,20.457189395881116,186.10649305874296,76.1628669620498,2020.3140089602175,0
38.609344077091315,12.701057454778136,397.8641656127216,75.49446860726273,2057.3405671976116,1
17.858177873667643,42.98643917511163,370.27234905203073,15.705760764499201,1630.8849403465154,1
52.64403827217246,35.009412964702655,463.0985381778739,33.311784389751104,2682.2656741639166,1
24.927515924569292,27.386995473456842,34.021631753814646,55.82840671718399,2501.3319439751644,0
37.31824825498706,30.478426694923204,10.72035910202187,49.862880653052414,2694.0778566657,0
25.63507511101342,4.553309104109049,351.0737207018956,91.24159883042259,1271.9886953179448,0
17.360559964983125,23.695988045559595,143.24731041811202,44.85849216870942,2494.457899887562,0
44.62567332904551,9.6850146392851,170.36905328923967,92.76964833138487,2207.1867485172097,0
12.988261915259711,10.419183950441269,275.6670028276835,53.13263342658008,1149.9322575850326,0
51.175487876941,33.06519811434334,55.69449594776526,95.04129042113375,566.4831462605482,1
27.467273739361417,45.5628075917144,323.1337361912846,76.20044923206348,2006.5531247420192,1
10.007408115246692,20.187830523917327,165.94798588441935,83.83477110546895,641.1308103047008,0
38.11210265804764,10.387463650609519,318.1939865289909,23.704781732967085,1034.4395175027803,0
12.576854969018171,32.43734686183271,417.833421971326,63.649738959116526,1550.9114411094681,1
25.189325680149473,43.55935231751589,89.70011000202769,26.844129865836116,1999.7063378711828,0
48.88370681006439,37.41594005612454,465.78218099268753,39.702543170230854,2615.569142993262,1
13.447929189202622,43.43786152682936,267.6906298259097,66.75592871188326,1783.1001121224915,1
56.16361707958013,26.827733550539968,461.84924376111434,75.27673348959294,1978.532749180237,1
10.210095746222072,37.59381221845955,107.82639068988017,18.25225390693382,1075.034625377445,0
23.575312806104623,7.003227967946824,304.2585189790976,59.06832967900627,2018.2315410713472,0
50.74972308836393,17.413730768159574,204.92412307518433,61.92106086206057,1394.4753018251863,0
27.394858235111872,19.477458224076123,388.23998462222653,21.542723760146696,2442.3279572094343,0
15.604081343630744,25.56478731230173,304.9249268905817,56.55710683866338,1281.126284753686,0
29.812865534023533,46.45381801284118,249.78515119436764,74.2489092441356,1470.6800541413922,1
24.871630751148906,43.714828011108715,456.9277761833493,19.41786464466907,1381.4693922756446,1
56.34915461883052,6.726274614459227,191.6729467649817,78.10222543488885,2327.8070857684625,0
27.234135467182874,8.63948259412316,113.89020142459984,62.843399907043356,2684.2479925297635,0
53.391285947680394,17.88202747944557,306.0100874917854,84.15785828655864,1118.190752458185,1
59.05296796459041,14.537193294533695,313.8940764005428,33.099193546887804,1487.5697519051919,0
33.85995807670912,30.738547657813115,222.3518376780783,84.16171578968883,2064.815666733089,1
60.046872911991564,45.13880238822725,245.87197162624426,22.848560947199843,2538.454055086828,1
30.752492967975606,48.11457708362934,479.9789400784505,48.517864804907724,1534.2517421150517,1
63.02431290695595,32.680147626761325,367.6794172414166,31.557237696545826,572.2337705668182,1
14.91092384890651,41.90796007005434,59.74786698387562,87.70972908014255,1221.6784587533039,0
47.78605965767835,26.260110011539854,110.00438508095243,73.50834475304723,1675.9047136002825,0
37.15977222513108,10.416347343001986,487.9104340456017,17.10502750434044,1343.8115149150815,0
31.320684300060588,26.23442060467387,364.60044912779796,15.790438515958359,766.3893169701753,0
44.79915333117305,27.754130071882553,457.94733744160334,39.173688121978586,392.47373835804376,1
48.71214003988822,37.122878210677825,155.41142467441742,26.89249848528693,2018.5216651997373,0
10.239979830767,10.994149485367455,372.2240957428632,67.31527163749625,2781.8429769428562,0
19.18241988109593,18.415519104336585,358.4313407191382,70.09514551225246,2598.016584741543,0
49.21753278488753,18.201373460728316,150.87154279249066,93.1819250038935,2008.1772771520336,0
46.65119774680136,47.971979787058245,277.65408109809914,94.01931373730478,2403.824521291073,1
63.132612782077246,22.197248016335948,315.57048007879615,69.68842654914168,939.319046167983,1
51.857078463793066,37.75469836490733,243.1602463595952,15.471034366774823,1856.086090196116,1
62.29249892522359,37.54056906872195,414.4534597957163,44.79682707527799,451.51053849741356,1
48.63972758441438,13.277209240162069,417.2701756900048,57.590745599523096,2067.959818281144,1
26.392871475169372,28.593484468586606,426.0472714092706,56.43191979020267,2724.6808475606717,1
15.795070723797107,44.71514466593241,402.6946667035906,65.0772722486848,2451.9932680446477,1
53.000312483971456,23.75988597284747,246.60132121258658,94.72577307279512,1636.1021869290935,1
45.428207181175374,47.2558753671273,193.81195758375856,88.47099343227777,2271.8505482819414,1
12.650230681631292,10.72291146620808,416.5312604386134,24.039366776390526,2659.7470248704117,0
29.80277562455381,3.7079552887015366,247.6497219853521,37.07637248565164,840.0439448480384,0
62.62398985163574,44.572693657237465,126.95384232085102,84.1480816458298,2283.1462824434448,1
37.52206301406107,42.384059898110834,256.1350484994971,83.41747343199418,974.6173949221335,1
33.800102481083755,49.62949379669224,75.21566185002484,37.85577010209869,2492.3685548491662,1
35.17347828376117,33.969674405621305,347.3565978464054,75.63880654694793,545.8862642253637,1
21.488549820284007,46.834396333357475,171.28103440383364,70.77910243358215,745.5460471746037,1
30.278894397563736,41.347451254205545,134.02610523148988,54.302489092506804,2101.5411586795044,0
30.339729079294713,42.22131665600434,478.4718293861988,31.720761072359437,736.9437596581224,1
12.879526110310982,28.457078522713413,389.5560929003623,88.75738401420915,695.1357547576109,1
52.216219568485506,19.118229895835544,394.5994038483461,71.26164829746729,1688.66719349718,1
32.907743754713344,46.72790362716409,313.7423747931958,29.0264127649051,2387.468094272677,1
55.219893774903284,21.605858780794723,420.3905412025971,73.49859462179145,971.1685631865727,1
56.76914006159425,26.940968362483453,380.78542817587373,76.53899872488932,2402.8454567637127,1
21.659673008426193,22.305715356259388,301.39298354614016,88.61106366504637,2319.8834913649366,0
46.15444151935707,28.240915698009854,480.75657891660006,33.4956581850806,1747.7635023983387,1
35.975499228964,23.52525394961636,99.8395000937894,97.06659074931275,1916.4068842181753,0
58.40862058568168,2.398377928973794,471.9729609024018,27.73165406973446,401.1029665297705,0
21.865737354704976,44.102409300384934,203.71189018943815,64.85717802434539,1217.838895759283,1
47.27972601705243,22.21969094578849,266.55749678373587,69.54564993769871,958.4873277958814,1
43.42636672389974,29.447182425367437,65.75596317443294,49.773090307066425,675.009651818681,0
26.241581266450805,6.9593901378993515,272.3531822662865,54.42812982794208,1274.148322892454,0
17.51304970081449,0.1693923991319568,307.54734216980575,88.9455380279374,1187.260490868582,0
45.84018682625021,12.264504682182148,498.8622631952194,68.55776106223334,2122.2291953243175,1
50.622860197278186,35.22930160666751,487.72024348040566,56.25107953347896,1795.2408511918832,1
27.35950390698425,4.95972650564393,483.3666594777722,25.65301368198255,2582.750172005048,0
45.46579322122726,45.444372019323396,177.45208975051838,15.609022893520175,663.5189576395973,1
31.73219991863268,10.75112846780923,495.67691687879653,25.37239530660218,449.371513308815,0
49.22637858054397,10.22968071458879,230.46168503957986,94.36331910054994,1636.5194687278217,0
20.95684011917292,9.075398081074775,426.65894808714074,78.41920298828045,302.5678465269627,0
58.96182514498959,0.6990856485682373,112.07838466439114,95.27065518335057,2269.297357837414,0
25.807527805606885,38.59027342391173,255.38742393001817,17.963822905778265,1564.9322217125236,0
30.22822932658841,43.751726562262924,483.17598758316467,71.45829352026706,1520.163940144734,1
13.195057364419238,30.708135130809943,473.7805414770966,18.676362691483693,1206.2399468104359,1
16.1331716776702,9.409999083993114,343.4487645216062,79.91068691611233,1237.4345903719063,0
38.37240464917805,14.263899847043987,399.91808966376465,46.61886433702112,1377.8341956266397,0
24.71759722003843,23.796334868248163,92.3312148181887,22.94852488883907,340.08086106507545,0
55.95141241582069,47.71729758116504,362.2209819946579,62.14787126836377,508.8644680405116,1
10.80813637602246,12.36756859088714,310.93515012600926,38.24997631791521,1562.6200500280927,0
30.85017267695649,36.582295195994405,50.318109196866814,69.74463717536094,675.3056630495103,0
28.554005072300097,21.972411164646015,61.01370826188975,69.62850503964461,2246.9065208674956,0
11.063019700468057,14.89236741800109,58.67959078687463,73.51562035202248,986.2129350113145,0
16.84026194502806,22.79579685110569,363.5566827407686,97.374601538554,544.7490933733102,1
32.750347120524935,3.5603358770616267,75.14902808254836,47.09590992563464,888.0248147586245,0
37.10755214460956,39.93436854651812,236.52747420166287,53.62118438226337,1192.7455753894703,1
32.2359360990178,12.165096399148357,181.70599390949008,81.78277118510329,388.291521487209,0
39.201572312665164,36.27060615964852,277.4995496812578,63.00471191081648,654.1888109658225,1
42.73224211981248,3.417418572409736,354.7058611736044,18.09234848708737,1109.616886193799,0
10.54581016203096,47.7549278082843,343.93765592455935,84.9755171815681,1076.20118452441,1
35.525233769942716,9.65074927028493,260.1823583776164,19.2743906008574,2300.966741399598,0
62.99245824881736,44.13710381035402,234.84576243714082,29.178071328818096,2408.1386882816328,1
38.54677540712518,40.47366048077172,201.91871958551806,23.47263725885754,783.546497858875,1
47.26482471024242,48.3929962040708,431.6454244106678,21.467952029132974,609.8497097821185,1
27.152512185428577,23.89453304728748,168.77164341195927,17.131844650290947,1885.4062108035457,0
52.56952579840194,36.369864692297575,133.38608147790995,19.567300259706492,2311.5588892385786,0
52.51068150318633,18.5355328518892,372.94116935935926,51.72245270184123,2709.307743060329,1
38.67128262097764,9.218411900984691,183.0829135398796,35.98673840855695,316.9907118662857,0
63.68076028035675,22.15379664667244,424.2643068798479,25.502561323761956,1334.1952835670113,1
16.905261811945934,8.287450769422744,167.30491572538665,69.67256004630167,2134.969585235964,0
10.932121568926954,49.102231139319194,352.46268816442114,33.76728858264346,2371.3982471858862,1
52.35870164664028,4.812324557035819,27.328958111241366,16.572779893619185,455.71487170774446,0
54.39355455506854,29.46058617263102,195.8536256546084,49.7288420526882,2001.5362986603184,1
16.611397601631694,31.323192762702796,174.898936608938,40.76593833419932,1022.3467934974251,0
24.607055812723335,26.90397714370271,409.25597594158205,41.444167801758894,486.4923983328134,1
10.96537998516459,33.10929428559168,483.6924245980135,51.9574123390696,1522.756454386668,1
26.131973592931057,5.8090387505945476,233.1362319630159,70.51985596044506,695.3833580103649,0
52.52280306552693,27.750926210264552,413.2939571911102,66.1677669631535,2142.518795154212,1
38.48782902419184,14.360628556368077,351.3488769738957,92.79271361247667,2153.154499248634,1
29.145257624255844,47.00880316505283,483.85606389352813,57.97048330310928,2405.1694124687738,1
30.445661219848166,38.10358267198629,406.49871459969825,54.22330250718099,1243.9217128693804,1
10.074449414350749,48.62572410798713,43.35164265204661,32.71339812300245,333.2744930766091,0
26.489029016087976,1.8778034870094773,358.07445257920693,77.69664697439701,949.3398459361994,0
45.55523079008618,14.256658759035435,270.07235913407493,26.684389425785632,1469.5292488131922,0
63.58069440989964,9.77112933191745,13.135848676501945,55.764029855100176,2035.0281985401261,0
56.58834548411447,0.557729365591525,129.39991456909462,49.96974246615789,1255.1014642168534,0
11.297723055504102,12.116286512316071,461.26884628831203,69.63897290756546,1640.120990167845,0
59.420833257116165,33.93879917602145,463.4003795294427,91.16258200640269,1610.6589686392922,1
53.075912731424424,11.554446106728427,400.43097779931406,93.56743409435246,712.4558733957914,1
52.92068679640392,25.45017227413091,490.9809036226048,28.927339174542148,1857.6237502000317,1
35.18976674519643,44.390905748249935,404.2398861889814,36.73082911617579,1398.1293205134946,1
31.890291112497657,34.68789601745376,10.05107270619637,82.36573155707065,2319.796754131233,0
26.660365085825593,19.731453495301597,147.47799844924833,58.017220283283,2026.5280203222496,0
13.613217242490117,18.623446945605416,20.15897020769262,52.60186917352574,578.6729654938865,0
22.55294499215345,22.786790700424238,51.58344452509193,73.98191254759858,1521.8960250914213,0
23.563199923791352,8.852072052995318,113.32620439063415,64.95977106637866,2056.2358962354683,0
36.62423883406109,31.700038370799405,254.2614804311336,95.56926651697077,517.5293145183566,1
51.10944236281817,18.207640955230275,424.52834171369875,63.469896139926156,2281.242581391579,1
36.05954056188706,42.618267463102185,431.6735442977685,53.675827586822024,855.0112866109985,1
13.181444719593834,37.82763300289081,310.01991998586175,60.05384105248858,1557.7119886842243,1
62.678439054351216,30.525658204608003,464.44708983778634,82.10880478584878,2651.4032186815903,1
61.849837550176176,18.210111132475802,252.53085166215303,65.85202971317332,1728.33558705571,1
53.18542487316246,10.49659158367422,445.07284184593476,68.70499158509756,1360.1361292598685,1
64.52303458603214,38.807593205281144,229.762301884346,95.62942704303713,316.9873184978567,1
39.946528304014464,24.320454949554325,142.22637867383173,66.32682520731296,633.5340569351952,0
62.95225926392634,11.237501908867875,458.6243944597117,46.563675611766804,1746.659712744969,1
14.158277233921293,9.75873075200031,197.0278624610403,72.38006024206211,1534.5626016343456,0
30.11244115437542,8.270045225067951,254.1850338780085,69.73512994911684,1209.5729391170785,0
22.39596974037212,38.85805981027975,167.78601310268522,16.1493537470297,2608.0397134852933,0
20.770819627384853,11.449359265015586,333.10461214391125,53.788331633224146,1131.206343564852,0
17.744162189097185,26.332113176259874,497.54045637798754,76.66099903923914,1642.8768911102666,1
44.232750286129814,22.577318048652824,17.629206688060975,56.420440990853706,1721.7835238103253,0
52.97270206610178,28.980544961414196,450.4247629735152,79.70855428263732,1618.6709751598066,1
41.80641196811983,43.85774501855971,6.943398209686374,52.423346803491995,1493.963478850248,0
18.082949027351532,43.38736950408653,185.29280116737448,96.61569260389057,1142.6593400297702,1
54.6118073463409,22.553803591242982,88.46036911330958,39.31000190392276,2571.909082599049,0
44.97750889400507,0.7683125367361654,379.8841814329129,22.646176476124104,1427.008154397862,0
31.349113836984753,21.32219028571516,30.052366174800873,50.690979495790074,1621.122168365189,0
47.077166254483465,30.30967687120702,278.9750520242423,59.96184906453528,1941.1949595756057,1
24.294773858355807,27.88823795490309,150.98843625342974,43.974779729644304,469.14010607883665,0
28.98557146718158,32.56680529001027,71.16677318802756,35.10933628979059,2253.220353658113,0
60.46172137225946,7.7037866236541745,387.0500149908072,70.78087138499558,1581.2682752150888,1
25.977747811928122,32.326754939036626,112.62133295635208,46.30138328806892,1942.942339612417,0
35.84935474868651,9.132580937188612,115.71922996719475,67.40358791535286,2230.0301635342284,0
58.95776255678081,37.52619903483745,141.1630086432719,79.66293023369839,2485.2484769105367,1
48.924674264714014,16.954380663134,295.44954809487353,78.16321810408198,1280.5510423823275,1
13.421177439058651,35.494771669072676,331.5346361869204,46.15067278276238,2328.5747317056375,1
18.10166743534337,2.3932799453053546,13.713249232165756,62.135553002864505,947.0922389147543,0
10.431287492455425,20.39300127954567,124.7254698763262,52.32163262874762,1950.8391273934158,0
44.70069846260399,35.25172611316664,218.330567040115,87.2768359749018,556.7682516990985,1
34.62203839757301,11.343525816574706,169.32859131981039,87.93695382339993,350.076168560188,0
17.385116799625155,39.764352239861125,442.6644759628886,43.530551379707056,539.4078152815993,1
62.68637665812238,31.5389866552466,394.9158217887773,22.61420817393465,1098.4562164061895,1
39.13128481700909,29.378088607489914,314.8156566917196,28.90934611589362,377.7365345616607,1
23.304131176208905,17.677442710216855,172.33099591853468,45.46114459686335,1876.2281804681563,0
37.53319641350892,24.12257351905588,351.83281069884913,61.832746245328224,1091.361345955662,1
47.37911830043093,29.867465048892655,422.6008163586682,69.51332191004764,2140.940169285745,1
14.193156988546047,23.623105695744524,299.4410367926984,42.50379684173802,414.7878406740141,0
25.10870982763406,34.915666197028,393.30842611222266,70.40242692879082,841.7539163687454,1
54.38310199861965,21.68484665534798,375.8069558928752,92.83241864492174,1320.0085633242466,1
35.28156787214637,10.113659087101517,288.0099690243595,69.11717255502289,1256.6289057351157,0
40.06174281177622,10.696689140052362,159.53069232664794,28.160914043881156,627.4966820908512,0
33.80488012152081,0.29018844214705464,374.16216821062955,63.11251977714309,2785.3420339541426,0
12.414496845365282,15.047885777933622,107.3642013470152,59.97732789165957,1011.0989520845898,0
19.116237890108575,37.44588202392598,390.8467315034092,87.26810920456892,2102.5802116286577,1
34.504790130804,39.70813544188048,403.25061261055384,44.07515358267687,850.0667430292955,1
21.50520059743603,10.123377104787501,411.96171538733466,50.10448563470444,2494.62802681521,0
12.74884657628233,47.952199843570384,239.0934056343365,64.68870160537898,1269.395775374231,1
56.40073152285031,25.120139674006335,100.27798004635872,58.527300874588114,2552.2562224727612,0
63.96558910402637,45.848937450925135,54.363182032704024,74.67837716962947,1154.5872990849275,1
53.622858069820666,35.338264093081555,372.9638189915225,18.352286245737155,321.60955374228365,1
56.958170693756685,36.12167115112065,443.69938534225753,61.77182959417767,1592.5510776961535,1
23.308742167437494,4.2521810653035566,327.1649876242688,25.098767119321646,1611.969840377741,0
62.83448365322599,10.999556344846534,76.35922989224295,41.16234637913687,599.5854569715889,0
20.830913744938563,0.44074166472363174,467.77374201619915,69.9150295071884,887.4089335482311,0
62.32863956990077,35.806382023836875,494.6054971969632,28.065378649150748,2258.738977453373,1
64.7150611681273,17.2219144214255,219.52241191778637,40.63387234688419,391.8895615716481,0
49.14475431603268,39.332625803817336,299.43851819051673,73.34953807533088,1523.8167167167016,1
63.96290524855021,16.946810996851312,389.72811740082057,69.01683512972721,1626.020308533907,1
41.3246878761907,40.966687614943055,369.5129460747721,22.556292544408258,2021.78015169031,1
24.274798074684966,6.53491268741565,484.05466000705735,62.913284959862885,393.640668500338,0
34.03477371160915,8.66865783787541,61.867130084000515,27.222120339247073,1764.1158177261598,0
42.64585144583323,17.043826979196826,292.4588087406888,35.93852443330289,307.745091445458,0
14.019485911485823,20.424369444113665,347.5060527381806,53.114536126769636,962.9459182229766,0
44.22887955394854,17.43514054214892,445.5987199728967,24.075786333749697,1549.210638291203,1
63.9647810219262,38.182351626160994,437.6842657204846,97.47269833724104,2578.203343564043,1
20.45592073810502,4.847569631335736,489.10989781283854,28.725673567482094,616.4745400138386,0
53.59273139586108,17.560850981924403,258.4788346991511,79.84894815957416,723.2228225081877,1
59.93443365787906,41.86199997577297,416.22662907254715,83.87662413692767,1973.125160959569,1
61.90358760511214,3.3398538631085994,216.50444552302721,97.54050950136812,1237.1542345559972,0
62.807458242299596,47.11717538356787,214.04536953873597,50.57821708173827,1858.5535048071795,1
38.68028012968095,49.315842113600645,130.4074404140652,87.54984517156522,2793.635417835668,1
63.7519349395327,4.428408691254004,410.02745707451874,94.47577343839863,2767.1791533721353,1
51.65206139239414,14.563626112786848,492.97847737769024,29.350214026257373,1184.2839487360534,1
18.891928993032906,18.62003330176781,131.88915553189264,54.793195391941204,1559.8133845620816,0
36.22950585573835,38.8195684326363,32.785136070430795,19.98089796505528,2561.725396573483,0
49.50821464546022,29.79634060583669,408.69350652240865,66.52009299800872,530.4191560213939,1
23.603717370049583,32.218285024628365,312.0138760047043,63.25671101909501,1430.7597595921177,1
45.2338350951888,37.8754911409253,480.05090627274717,31.942481627045364,1243.9433707911473,1
46.663026347564056,5.898949971851286,129.85841344309137,81.22592898821246,1037.206931652493,0
18.948485909471124,41.66047284551312,40.15869071063413,18.09330398937381,2785.5105298058706,0
41.079692184901596,35.2809902090072,248.75891912891828,81.91686790258723,2133.873234930945,1
52.43948010382342,28.867086259818514,47.30568136774801,17.211559166600992,1271.867480982305,0
37.439261549476804,44.486766739152834,134.58605054584018,69.51679140731707,2372.554729163548,1
10.665671422685909,35.01531769419036,67.3590411054883,21.537869654936806,1524.1652517801422,0
10.497115799361069,10.08499813155127,115.94542893173896,35.8517181029228,2482.061030919647,0
29.63661391835067,21.487269053783336,57.54160314658897,74.91880799288236,965.949614076446,0
60.94067376374801,24.702143346786663,477.18346971650624,38.2735983689071,859.0005684676636,1
22.577222878198484,2.7608813375202823,142.88854315761907,57.42742944357198,918.216703118619,0
44.89000288794279,47.731875668002786,224.7293050663199,90.9656063701695,1646.201440312631,1
22.21417288813263,6.4288630398439235,449.8128447789401,19.119651385036,1028.2834778878366,0
27.691849431275173,34.87306336133634,340.2741860409298,82.3196228800609,667.7992103659603,1
56.64231492808162,25.31155180454401,310.9285528780783,20.417575881184632,2786.5697962643303,1
50.08737932484708,1.2816124942211293,354.2537792286144,25.523972079944162,2551.083068603525,0
15.246960252226584,46.23737379321808,415.267017267164,24.903485622804503,1887.5310937326992,1
33.57861115425385,42.59184044094666,439.4462875866217,97.51048950649027,2528.857184809865,1
11.604337000489545,26.212896395191777,323.1066369791881,29.955464504517273,2638.656843769547,0
36.44895806316549,11.447116806972263,445.55360097355856,89.43123323927026,1990.2707296645888,1
46.43387064355874,6.0811445340047126,270.02177607561106,97.247369524564,1596.6994467282705,0
16.517644297898336,18.16962397160633,142.2589738528696,46.85413594422073,2505.004480536693,0
25.888671640004112,12.771414052304525,440.63797089750295,67.37702911288089,1719.4924922822738,0
31.881014402618632,25.334560050314934,273.0290495694781,79.66457406237984,617.0013571346849,1
60.57420635608273,48.32046480617145,453.538105845781,47.589541792405285,1217.1400011437645,1
64.62902584826301,28.74767466148207,24.883067905537704,28.430573661318007,1414.8023793384425,0
12.470121444758872,44.49655279450489,201.77029701291158,51.002307734782576,2638.4225403389887,0
51.85543579224656,32.543941874788864,474.1634840894218,79.0666745352444,1947.9636807645559,1
30.44482365212888,23.76232632936002,128.57679591535987,79.80330930811745,2488.1939069897267,0
31.5852002426214,42.73037813666856,471.06044178905387,34.13471975018581,2193.979252099841,1
51.484573534086245,23.568405508649874,477.1817182589787,29.522148110931962,1074.6522163067075,1
60.513453767997476,43.43140852551805,441.6604455418012,91.40653827432902,2096.772482660458,1
62.301072697640166,14.578838478788263,284.01568232118285,18.651919536339776,788.2493398096865,0
41.74174223210764,6.440653688149406,325.23502729491605,75.98329348850221,1320.3645292936692,0
29.641663761527653,42.76572321814692,435.46041423268525,18.852974992080583,2315.2296428898303,1
53.31519972223286,29.37075818963334,389.0690557826463,84.54570422146199,1829.8229047880707,1
23.805076079426513,44.45461991244801,316.89645548042876,90.14942950689647,2363.5312648815375,1
41.02407158584347,46.89136034961916,491.2184068959978,39.68578731101522,936.7589558751282,1
29.721815383868023,2.6814195185724587,344.4099349851786,21.136658411885897,2174.372081068237,0
46.11470905393318,25.048465092943417,487.8635862616418,54.89681651683657,805.8109036045913,1
23.22194020914288,18.748227453726464,33.40729493050991,39.772432049874574,1663.260430995018,0
20.53761201541542,31.292919853505857,73.78538351739516,49.62229985326146,1383.8364861360783,0
60.50314976714904,39.67955986011618,228.47212877024285,70.19379263956046,1691.1896444270176,1
15.59920256222453,14.029510798718448,195.51533313773598,32.415560983743504,638.8335600706812,0
37.82768492542124,27.839919218658583,392.4537464717287,44.62698026966917,1203.0696887825293,1
22.146903062965492,35.43642899524498,84.50394310225586,79.95268669429191,1967.2595771654342,0
12.14114798291171,6.721554141786701,488.1671136601868,68.4322418460842,1696.3269852025683,0
11.981035006028451,40.703345297563345,160.95760825415243,42.08086576555281,1672.424397279549,0
19.637197465820506,30.305479992648653,217.31723533137892,70.13703282157408,1577.075280328136,0
57.67236949783001,47.47687185568259,140.99879105781133,78.52097260003323,2659.712275097196,1
25.536330918736468,16.976445956534665,291.7849905766409,64.17630321908136,2636.4242448493355,0
62.27525438164126,5.407297116859933,34.021206709179054,34.87823709758371,1200.3624319957357,0
41.989226114405646,25.325060051846265,79.09036525737216,15.020359112495425,1179.737528960512,0
34.013780437282136,4.290538585471943,374.16986319226845,81.63647588002735,1687.2461414326528,0
41.90488590682,48.47632616620034,97.31778878537794,83.27858509124165,539.0157103480195,1
38.418411187444725,1.9342479128595769,121.5796535205481,72.90117361573205,1057.5167519187899,0
51.73269395665288,37.6751950553654,397.52620668379467,21.356217303511944,877.1689145029318,1
25.537283628506874,26.255119907112203,51.18408328684053,63.57344986316783,858.4741708410712,0
29.41777153801663,18.431032624914433,221.54954227156625,83.1447157155434,1896.2638147381697,0
59.17518663932879,3.2921082254327327,16.41637656362736,47.34247056897775,1260.8758358603732,0
62.0551082232723,31.108346208680388,176.66966266236238,31.43406094028109,727.9109368957656,1
59.0907025117561,29.261016469547762,350.99579429232347,63.77306567104207,2518.9296124693988,1
33.06963966765225,14.044163653379988,49.60112346002801,83.58345006597287,2485.3717198444856,0
52.920102665378494,45.511085070515605,444.7256402554862,19.056206572686442,2456.157308830588,1
36.198465331560435,15.205500367141845,455.20202625565446,64.54695102434107,1276.8623556444818,1
37.36469186803562,22.486270529605306,56.97023568694187,68.38342501316538,442.45613377613097,0
21.257405998150617,27.188122795932784,495.4125560060095,64.9964642659072,566.8550447360901,1
42.5121666792184,5.011593908814305,152.27712893076702,68.95279579167503,990.1201994282479,0
20.237474376434136,46.60808596068161,46.63032721014499,67.40415053114482,849.9250102716366,0
28.23605844869566,18.726807622552055,7.508221676144824,25.823522453368973,2484.9640503720884,0
57.026661089096436,4.038960693717181,207.21883340311197,34.499752486759974,2765.895450973149,0
21.389169506597035,19.364558683766496,316.75594292452826,66.37650243898784,2341.684155829506,0
13.913705684538805,30.010127354629034,169.42872870214006,16.468532374351973,2124.622256872971,0
13.795417593704897,25.682633591066477,419.17509590993825,67.68379505402929,1771.5603498182854,1
61.743148627670934,34.7270987018637,359.7201064046998,70.22708977415766,2224.770747949682,1
37.880624087900905,2.7741971033955313,178.32995832417618,34.85150506851765,2667.583280480977,0
32.51766394993601,14.227030513602806,368.4832849712593,64.64502486951059,1803.3616747677027,0
54.598321955435516,40.961528842005116,470.54142979977865,59.32947504007245,686.5331100495848,1
55.97042603507838,3.994684389568043,51.082519278793455,36.63739849670844,709.6457931717991,0
28.270506821358254,42.77429773479788,156.52146027802036,53.42684298560464,1759.6570078214654,1
48.14899316105874,4.594804603855312,234.3463398627632,90.49883594121107,1133.6713494620196,0
52.41175487185376,41.72271074458481,251.50511323861045,50.40803077817028,2575.6184381124235,1
46.005787777627496,18.039420053936333,273.3868442186064,67.27706668099864,1829.1058345899307,0
18.337729114005466,30.61045316286079,153.81031873663102,17.934118146377617,1991.2315335584008,0
58.17356959343814,7.644355782399908,335.2935247612628,21.4574094057342,314.55177525225645,0
39.65020040048048,3.308436086259042,324.31682924726573,21.748570084175434,1547.1213801565575,0
25.5359834503502,10.796910201006755,291.02164560444885,79.59398338099497,1377.9118034722792,0
33.38755019907316,6.392690895434777,61.31205224688392,44.07132226868657,2064.679641918832,0
12.066409971939906,15.62029488398159,241.09910609249252,33.89177013436251,1256.596650833414,0
17.032674067232968,25.71916232555101,181.3323093072409,77.02793918149298,2741.437579717906,0
52.10507127837235,29.437973178250477,248.06404256987068,29.10668519216248,1975.5079538910045,1
10.000639911545138,39.49340536898715,461.3238855799379,35.4588795808333,1949.7958328564735,1
32.911120566526066,32.81199466241793,242.8630148634121,50.76730979141173,2598.3528618949567,1
38.738059959707364,30.43791625647765,11.920491960558362,42.5093597282129,2788.0120847458643,0
13.004893100053476,20.58910137428873,222.22418535164482,63.587553516041474,794.5517231552832,0
63.519298963478306,23.690421748006933,411.22084912444416,43.04077138321236,2326.3328580368197,1
22.436893218731957,20.726041469509056,391.13015699299325,47.61498577628803,705.7987383050688,0
26.730929579995447,42.10830150306916,259.1280863964496,86.61958848470734,1442.6086326355248,1
26.716838174026503,11.500022627419993,128.63566136536107,88.4161094891242,550.4635108311753,0
22.672916416454242,0.2860465770982312,235.21888814269983,83.70002883751282,1858.427446167912,0
10.081060214747128,32.565994861311964,284.03259861200485,86.78096741448451,1471.2954085126876,1
50.1139636748398,10.123109181941569,499.93636194569626,62.28747955514672,1871.7473708142877,1
63.17650248896069,44.505756815490464,323.86815463384175,68.63735682436487,1994.9018815385325,1
22.336141580677477,42.9523164853328,348.6611403809937,61.24537282406006,1848.5806250780952,1
46.46759554918823,3.8363685964102947,248.26980106618572,80.20381097639236,1035.0728065184328,0
50.80429798272933,5.319420270703867,180.4723276373523,60.73304031819987,2392.397893109172,0
56.66339584997886,24.758579612333314,407.411726905367,24.219388057714784,1679.2154984378103,1
33.2446058357485,30.461133138467734,249.9915005479219,82.19514999791937,1524.627933042008,1
26.661199810223607,13.745416874112038,497.37161433243995,78.12856916623552,2767.659510587186,1
27.89123237126671,35.839885834968534,231.27468426268183,83.0849494084579,1008.7697667661921,1
49.19417332041821,29.745801045943576,38.6601404055508,30.805645461350235,1620.0757622379328,0
54.92287065780998,16.241205487427735,342.87617785959094,37.54421537534226,2005.8114465199785,0
19.988768226613146,1.2685744021157797,28.087518208276478,39.547390872872995,613.064832333084,0
30.401755448677086,37.507514064925886,128.99829045792814,57.17068450341091,1185.5993103663384,0
59.60671082120325,10.737683291254136,180.10043512605216,26.11179798556716,2304.2217899933157,0
54.36814358321066,41.72368717313142,371.0443748825572,46.98668552181399,891.8955864995751,1
64.16721215193617,21.01451300271276,249.64678357176834,30.119127369559457,1533.2259122590167,0
51.48365428251444,28.853872131588272,19.179735998577023,36.975305181717125,1876.5765149574277,0
31.625736056535725,43.64743652045009,310.3406763815815,73.63017366834947,1977.9058832690002,1
42.48508086970508,43.18115004599767,208.66093752619787,85.94932597433433,2120.776105119565,1
46.35578398360261,18.575978762178664,461.308082433718,16.90118692756626,2464.943292607361,1
14.315069897441816,10.444444635742157,252.28334401441654,61.96944795846503,1282.148607584094,0
39.947332750712576,38.75730388642973,355.9426972399728,17.99296025116817,2066.5798149096404,1
49.01264556599352,21.65401018010656,113.3399037031257,22.075687335958676,2130.436619425629,0
19.20267172005832,9.602099677950203,381.68191444316835,73.52197487297104,1050.6853253174754,0
52.934744458405646,45.22126711585751,361.8728786894178,76.05547283967567,2720.394875529103,1
42.10750292827614,9.905209712054369,452.52044572794756,82.5603958733423,2463.047933805155,1
62.3721982133677,1.290358409561554,21.74171265100361,54.36204547693531,1024.65332174891,0
12.333226401379044,1.0139986883709984,226.51284532063832,86.36402100734362,1987.671691717469,0
24.592937565550685,31.115767822713213,341.18192435611695,28.84757820625482,2094.501586148235,0
43.085463361490326,33.08375303587652,52.106130539706434,35.72646233170522,1378.7090906884484,0
26.310795171326188,15.552085252849196,208.24901323871163,26.16367825096362,2459.358214852416,0
49.29332902391832,16.00054946235317,471.3625685177667,81.19559262829576,2025.5733837725993,1
51.74529053870621,16.97469575299714,220.78757299110848,33.980034826089366,1945.3867128817953,0
15.638378023656095,34.00792733794393,492.7753678229126,27.907433148938537,852.1009307117955,1
38.26199553137222,2.9066895513414295,33.13533523451071,66.71818706980866,1319.6057783739561,0
37.98898055750807,46.45581763456628,360.32573918974117,21.397808187935976,1384.8062228308747,1
30.310442361854758,11.126052208872322,292.60303694289337,18.72672300927432,2134.1527414475513,0
61.310867441331965,49.983660262104614,252.7671401804021,23.85756482985409,1845.9863631438811,1
55.51284759302717,8.57613468935935,485.56946373507964,15.01999337093491,514.6514765656676,0
48.346516005030026,38.577322865618875,69.17694824310867,72.85018280040877,1069.2448797181,1
49.28796496542486,11.170627246481251,448.5194810820521,61.66553170230173,1482.6187611538637,1
35.39438790972155,4.042340082162699,347.16400351262206,32.41963405013108,2141.8323646424824,0
60.654698660311674,43.74666621753244,133.20305628331818,34.33941068214045,2158.9228251991854,1
48.202748498930696,42.93756295954459,451.3262270879852,82.3103936730133,1526.358271429092,1
50.093958391069904,20.178519622480067,217.50098434120156,56.65106961640493,592.330955651694,0
57.39299970830399,35.11980712702134,408.0425273961701,72.97785363778439,1032.2585084320976,1
25.073937413820506,27.853296634195857,197.474075938463,52.57870245581799,936.7309556176731,0
54.38889971266867,42.64780568368744,426.2107595794543,34.73059615972576,2252.566025770603,1
20.73823316260706,15.752798465932722,320.1314136302991,95.54343245668127,749.9657850141339,0
28.99380737346883,26.183619999949258,74.81808362394494,61.948747760157985,1462.3030559879805,0
28.45857498484135,24.268618560227523,326.58326591741616,25.87149801273673,1976.797008785975,0
63.81890076140273,17.695291312842937,99.71565753742695,48.70547350126426,2711.9653823750923,0
57.10954730613598,44.57275322781861,208.90170080761052,42.33500519159276,2798.1014505610997,1
48.564342387464286,8.293896233126773,89.2963142047567,32.76925989284727,2682.3053588885978,0
49.98812188884646,7.475431976034807,15.897977255223699,92.47551910694153,2095.6058631338374,0
40.91400369214141,28.84547676613757,109.88383702772896,88.11635962315945,2166.102082555229,0
62.08998669096855,32.8747114992471,270.50415174344226,31.52921067116966,2198.025244022543,1
37.29423140852988,9.730962716228259,243.37267904978629,44.22827479160789,2456.512191365725,0
30.9284740428442,19.535872112731205,253.24106229035152,78.2721775086782,2679.46365713052,0
18.966943531237504,47.328192148937184,127.60500483106765,32.3060019956379,1414.2653613008188,0
53.24131087435819,12.3308711345337,344.1547943040222,64.0998835961523,1341.2771951053173,1
50.39441626415753,33.418035105869706,353.6103269760712,73.08289719635978,1451.1611559465769,1
31.13952711882742,37.00746968487954,182.19407365203446,69.2797030339936,1949.5429286414853,1
11.385637767757615,22.406434973257976,441.1791937947163,73.63191714286654,2238.6134906944117,1
56.14485302449059,46.87629933797915,323.7914922345962,73.65606588938732,2476.3609772533227,1
10.627989089974049,36.83283676093952,357.9544412530227,95.07889134746105,1440.526885706514,1
48.7034878795978,22.896228993044893,142.28325937977502,43.759407830186525,1208.4315654503237,0
63.36414103493314,28.466760088804698,5.302759402015586,87.92300522319468,2758.3815367555662,0
34.07137304815119,34.630672171255036,433.3609279905442,16.80998618875386,879.7190525180656,1
22.923537274777402,29.609509021460912,412.1000703670052,38.920845955832505,855.0120881311932,1
48.767905552386,43.93487919130379,65.97998458120095,19.03842990592792,2088.518637066239,0
54.94204781085718,17.84443311402006,190.1820418033717,69.04992867633473,749.1432390066059,0
40.0536673842816,14.994287002790246,332.36295765234837,23.365600770724424,1298.522499365306,0
63.18694013908804,10.691944474763215,327.79487432327045,85.19366968311984,1030.9670557856298,1
12.84177969118786,1.8891484032297567,430.8734157302355,68.66710975459156,721.7761418923716,0
37.76375790674905,2.150698219002767,74.43274000953713,17.391678287449274,1749.268097744734,0
49.51496710274026,43.50275965546414,217.8201751536338,74.3265213310737,1233.7787268865723,1
57.445225913204844,33.919657320295364,53.12608687358026,86.54890062232776,1455.585432121115,1
19.859058654928454,33.026620771824305,197.84964797712092,69.8730436359584,789.6575120637899,0
54.000191497002476,30.732140946744302,12.47818556591367,17.53350992260767,2219.6670066793913,0
40.398889164519986,42.46095723470524,449.6451672295128,86.20732252221374,1086.7802086268644,1
31.810452509447977,24.013346283281372,265.8867784301971,75.7945047735249,1156.795447567247,0
17.244326571850145,43.52054142791501,425.65211909716504,46.41145893617069,930.3849052502816,1
57.59126673999018,17.972251309111957,34.652826996665056,42.27631144018672,1386.0089302975846,0
18.650026449884344,46.335375216954525,117.59176468409572,54.825075056817525,1458.94156809668,0
27.038332256500457,34.93284900406201,133.3930976344844,86.96944532784329,1624.1672908237879,0
25.952504257934027,12.858856801221364,196.41228984620008,35.920926205173274,2718.920704954849,0
57.927771880496984,28.204246084431254,402.41885433678533,23.379996333019694,2561.729520114259,1
46.99866468148939,26.651528074412777,196.34614749708885,86.76481895576714,1823.4815774676342,1
53.817476845525476,6.894941086516698,106.30349717493186,17.182057457100004,397.25866940774375,0
23.775734433587445,29.562145287530704,37.17017886769037,90.61275284625735,1830.6508521918363,0
44.36807547838494,15.739281185847897,44.348415434580296,40.37685112701625,524.1715169102906,0
41.44602907290618,2.6174383404801214,381.22336695068384,57.182484240126215,2075.860596296868,0
55.80567072335491,47.432807885328245,225.17748056313334,25.980528554434926,1275.1941164523264,1
59.83478832646933,32.07451845321439,364.4596553900076,89.88716245826488,2394.2412289212966,1
10.668622431256274,43.84594659354235,342.7321252730303,77.23640654090559,2656.3231131628263,1
47.07109554823359,33.802800250662656,72.0044185713276,91.70491368846685,1342.7758536640224,1
12.850968951585095,17.849184607005647,75.72952742517226,71.70801124280749,1451.3882386843654,0
40.18722657925458,25.634403616440572,378.8942976398963,30.32958346961307,1775.3689525321256,1
25.8198000974023,33.787338017358856,362.02780527528154,40.5861612478587,792.8318046451263,1
26.872712973717768,48.01261626007188,192.12522960278363,55.40843173358829,2618.332102070903,1
29.41271768987961,12.683472956084824,43.32402034975584,65.40243104489717,1382.4998162534316,0
44.17108469772856,43.74885293120588,10.98852074073384,91.89613329891071,717.0508397900182,1
28.372748111782307,46.20389026471347,147.63768998356372,46.86797166049853,2206.82958354721,1
50.29844778246542,33.520775732947826,9.565025425677334,73.35497781829311,847.878431109963,0
32.24900620656283,46.56333137006689,118.88594744633319,94.76373445959821,658.8231876796374,1
13.759426017047724,19.893929373868424,212.65286640461258,27.647047263482598,1707.1801887350177,0
53.106791336625896,47.65080880202214,65.10080382941732,86.6048958687025,1978.738138228977,1
25.71670785259883,35.139143858298745,56.617490126615394,49.918603842635484,1723.9068516622908,0
33.80217837795945,2.100288370940595,448.7365306807746,75.79100740213495,1941.276622368408,0
47.69941357720458,45.343641590952636,294.8076643663302,39.363682115177944,588.8100307693611,1
28.28508864317916,24.223640451659627,467.55556494757684,42.72069011607813,1490.0450947102684,1
13.112211088069358,23.016349238891642,176.1839510739112,17.252057664049488,1192.5466102213531,0
30.56565758570475,28.323330298981713,340.18674397793575,95.62654471285765,2733.4215406003045,1
61.94467204818669,7.469227338561396,106.32237893778624,82.5165637441551,424.05983544866854,0
45.2953918514207,23.458302428369933,311.0784570535709,22.7951905078763,1045.7355076498075,0
46.93135317669638,41.55636083588728,69.14493635494229,97.95923004009329,2654.655485229305,1
44.775518450070194,0.7741229568757668,6.029916392261451,65.21704156784415,2758.7404579608237,0
20.944567642769023,13.645858016218565,466.1082416977416,85.85947695104379,2362.254019317834,1
33.00836252562541,0.122729322192211,279.67271620672864,20.532843352063125,489.99561004102327,0
51.3016889099825,20.785565457492417,463.8356280771095,47.32444781482967,1703.387570858851,1
15.575509365423752,36.41577552468674,170.24660423252564,70.58104315119962,1300.3074816761678,0
25.281902684934174,39.93859145573143,167.2541042350696,23.833998652075227,2316.1314192385043,0
25.19755096562195,47.25948805635033,203.3242258776507,55.57893560828205,437.56058892833323,1
33.761041017697835,30.425230648539326,354.4902870592933,51.74226358716375,792.8218791117553,1
63.92028075182018,12.731343332644773,285.0752739221562,32.93133863130711,1522.9876655565736,0
13.712640067610206,46.20739745683495,463.0506790140634,39.922396375699584,694.1191573695673,1
38.52855469093272,38.765787694018805,17.59324606055748,95.27082342308354,2031.7878567357457,0
19.865057510671576,28.721424150157226,355.55698929640556,38.957824338824686,2351.918052849496,0
63.387209997535926,34.782010785946795,168.5122062364444,32.71436911937812,2061.2997340691086,1
16.23169276001053,46.21581775037146,94.21565765013828,59.50536119867167,1400.7092840999558,0
32.19805512988752,35.619701423646084,257.645833147449,70.68951682783472,2495.9691656316154,1
50.58367416590334,18.4187253792367,255.006573169098,75.18272821877389,644.2153292998543,1
48.75049354150949,35.65141011445483,72.82045920077206,77.60251631324405,950.8464597475222,1
33.250075029166275,2.0139081367693934,104.93854778578049,18.057096795724508,1523.8492131307582,0
29.058829237399504,19.32077809152906,207.0415091262697,47.68211323150375,453.3464971981299,0
31.86868082040788,20.316151592278963,207.36164913419609,79.23852062199649,539.2144539163683,0
24.535194473725163,8.341911721041734,162.19127911174394,90.10272444941074,1293.6084293059303,0
21.293311628873987,1.1542740275885088,78.52984999744056,64.98261023662101,2659.715741836385,0
36.56718336573895,6.669061831887141,7.164971154984864,19.34146884130391,2571.034233192501,0
24.7693565837184,32.731074789852755,485.2663559018702,47.92160188597589,1464.9371456960278,1
25.810391569348756,40.11444081818438,472.03211870344387,21.160850617081735,655.3963612768252,1
46.12158349110064,49.41017463634871,244.40693769218692,77.12864260282052,745.269139896089,1
63.26955324349407,17.318175155424715,497.5506178711278,20.270953950378214,1243.8651365228181,1
43.20004603076563,29.968961113055087,338.4588937372104,30.415678539019712,825.1854877169535,1
14.233870688573145,46.857248340756094,39.08448111573306,49.60754918907626,507.43898597594455,0
14.157098761973684,8.35208906690763,63.27050854590055,53.39981447053437,1984.4437087999927,0
62.328277146506124,35.88227931713713,458.4748677154707,48.73798112614602,1753.621594481737,1
26.35099346690335,37.74893665745816,316.8758400640661,53.461921668298,1028.2418949452126,1
15.063684234536149,4.4487767934669185,422.3758951953888,74.19884961767659,2247.3709563807606,0
42.947452293270985,43.062469259153254,449.64347656875293,45.64931230530995,2239.8722192645864,1
44.300682805964634,40.655252355542196,226.73129558478112,60.46328810950139,1527.5049255319045,1
45.667765106527845,1.6701503288717223,29.020346030463053,40.17964837488478,541.3313887797347,0
24.707111532164774,4.554220744002574,98.1987727041744,44.351082092510055,2596.1735002533937,0
10.831087631796127,2.456344694592616,37.953113914705376,65.94531360049271,1971.6513088524282,0
63.07584531999595,16.73717658996811,98.42622362076112,55.71105608587266,917.6270478798773,0
23.799117513010636,25.46444953399631,208.21379859565903,75.01201247332034,1826.1363675855666,0
47.18144584289011,26.61738639773144,63.50742120491779,61.524702808295224,1312.5537395690758,0
48.86464284332903,13.383337988472132,87.53295766364492,81.69664908686144,1888.3740993398949,0
43.550407939371716,45.579844328013706,225.68178212548122,51.80288167856148,1484.6772393275521,1
27.209906681750653,18.413139493595658,173.38462044230232,55.75579044894452,1513.6803755993337,0
24.91029395702362,2.2775077982676253,236.4907714730803,70.60762195877798,2139.7052297683986,0
42.87175554864867,15.011355577069319,217.44015374073572,33.36324738620006,1834.3143651599394,0
57.63525984864303,26.555471127207774,324.01662286004233,47.032151565294654,499.88172811056415,1
62.070355090786755,20.411091129411602,468.90882669354795,66.86182325297175,463.43392611575916,1
15.824819242206669,13.692125954962957,58.39284752990003,17.39673034905612,1062.5230937418132,0
18.51557369287459,6.566162488215871,54.13377390805148,51.268628991617156,1375.6149913468657,0
61.96049423306938,40.95822500481149,427.13902498999647,64.7045447134077,988.0563979482151,1
50.509437558413595,49.80726210620959,255.66636880296727,95.29216915419042,1928.649645174795,1
58.56466036563752,16.477106676194104,384.3704866663789,87.7923746142667,787.7698293140547,1
21.14479487744387,19.081052208830197,111.6338422856043,38.30158209424063,2060.3527409904245,0
42.317222911017105,30.90187623384785,415.2869737179381,57.09843863440075,2232.8768547223253,1
48.56267769296105,35.922073736777065,462.30407897538447,19.68239293078758,610.7982689891264,1
47.4061536995835,19.601476740179564,319.56409269551165,34.98261642987799,1927.01560840747,0
32.4483429976684,45.246475849090764,57.41011562953211,79.31303704965148,2703.5899397502853,1
10.846719043021967,28.000199461445916,448.1709330073877,25.235063018853598,782.0595431583669,0
42.060933124234474,22.51950382029655,397.2814250481853,36.388313561218396,2573.257077790386,1
23.920584654878482,32.333637657995254,376.68449937467244,93.35552764407205,1815.1198731850416,1
34.76398353785897,47.64019241245866,23.1804535084282,83.380031440874,1777.3621683292797,1
62.666955829609954,39.727614721085274,400.48645000220074,79.8917001498597,429.8067058021679,1
31.94694247033391,2.000656526756217,73.28575018183672,86.75827169507902,2170.750695965996,0
56.18908836654347,16.615495536997983,115.08115721745975,77.21727198633538,1495.6826316201455,0
20.369733316208812,23.527234247561136,290.6817432602825,25.0086559378135,2102.9359795878354,0
46.985327391376586,15.725878610455263,136.16548259385712,57.874590098274204,2322.952758616515,0
63.73538249414189,35.00937804152283,332.36736212440024,51.87224542659273,1609.4909334306965,1
15.604120548011522,41.31345749312905,305.99487161104537,40.825580996441545,959.1107831957854,1
10.45759682249556,36.56725475926358,58.534051016565,84.22535400672726,653.9312284820335,0
33.84705359479379,49.46666434141376,329.72721689779564,53.523553797061396,701.2578198310357,1
15.094401567825196,13.627382394651455,462.35768036334036,20.004700912676626,2467.336634864497,0
51.161139232192724,43.74947475122107,84.7494030669874,37.82214344878226,608.9452390759717,1
60.30017651167074,38.33113325872431,300.54570036672925,33.97554781644394,1261.735182616421,1
33.87115349898174,18.108937877907305,174.22335910866357,88.66074743933653,1135.686615722577,0
24.229140318549252,36.70622718284843,232.50777752793397,68.73736235303699,2463.6391668474257,1
33.89218254536354,5.203797820912348,147.0650886440901,61.511230068212235,1494.2337517357291,0
49.78962998175005,39.466674117027615,180.29466499210915,57.05188705933252,2791.116043370344,1
10.497978886920404,26.61653012935513,19.311352516945853,68.95938128594165,2142.636865757862,0
42.419969421658344,14.61450863546266,490.8681102690242,77.65467038250137,2427.308938510714,1
43.73104266880585,32.788865089209004,314.2759614260104,61.01393058401532,546.6806650666872,1
45.072853579276455,32.08099993572045,252.84926729447324,92.87768945766668,932.7556381622398,1
23.311214398948245,10.474311135979985,194.93909800266172,96.07723616398192,638.6154889295706,0
49.27289978579697,1.5198707405763068,271.99040661789365,97.61341227853231,1459.0549310013992,0
15.026531748247702,21.681129345083693,193.15246936432297,70.55946213735751,2095.7187204047746,0
20.959868505674045,28.47559346722106,183.15442410936828,92.4074987407379,722.6589205075004,0
58.26085256599651,43.83026391852992,234.6535381523965,48.57181471056024,625.421361424347,1
50.62977328996115,46.41083978237972,141.61160166723946,86.34616847353298,1836.5218719511008,1
10.75600547062399,26.44026090783832,94.1247004835588,90.46146679539352,875.7818844085599,0
23.66069432033901,37.69017418842724,280.51991959924527,90.04365920357887,1498.3126793843524,1
21.79235656462405,21.965163616399845,422.16889089439906,83.96024148139567,427.7943193192943,1
24.894348042033492,37.30410782864465,80.64994797431669,48.74773041622379,2001.532030168662,0
23.61578736539375,10.240076246958346,21.20349859908823,28.189321004400952,1653.290954105134,0
13.438946265856515,18.553236740176573,127.17181385124789,42.718377576589006,1918.557247396582,0
35.24172841282512,31.71139994068074,489.96171850963634,78.68495125174172,988.5159501493652,1
50.300341113239085,0.9078982803539415,415.235246502953,34.32949744038795,996.5074384038278,0
43.370244859459,36.1230655169477,299.9536964966553,54.696581380555706,2303.4013327268954,1
47.00794177289439,41.77677506340834,464.9782130453523,61.92815999272778,2096.4057824620654,1
14.463204819493154,19.957083054697573,225.4131628344361,65.12026068234366,1749.3216279965366,0
62.3319890597233,22.397120858858216,491.7238982747111,92.66522051544028,1870.3586894552013,1
56.117050861366366,42.56411061082655,151.6695123340456,69.90392069438836,535.1104487527637,1
54.27996751726145,38.78273176630167,123.95134601038984,80.26280173441609,2440.4282611281337,1
55.26410927729721,14.407474451668751,320.83385956777045,63.295902875005574,2224.7675825291567,1
61.299077947301875,16.198805328076947,192.1862141354284,84.18716646554294,1776.2288345586192,0
39.93396813625337,33.94391161952983,315.05094327824764,36.88407988479031,2596.487827752268,1
21.015510982719427,28.15990462240806,155.97278155982946,32.41984674850951,721.5947692484995,0
43.92309843188976,8.111478554824847,310.86953713480557,91.88456404691148,2016.6434650854171,0
50.858482151736645,15.49649546145832,141.494398989593,72.55891273766241,2707.454444130402,0
50.5854566344714,44.999163843932706,30.23117406535052,70.73662289583235,1075.0224114248022,1
38.679696329178405,34.40872183611317,456.5072714519758,53.78550480616134,338.2307851687738,1
13.765229563346793,49.29871588427597,442.1865749273638,46.26587252136137,2137.1686674228326,1
30.41121161365703,38.35062649903847,485.5450838899726,61.12236914172702,317.4508111403177,1
60.64216346548466,47.09872160717951,359.68095222959533,25.007007001998367,2481.3341229554176,1
42.14469003665843,10.80942869352377,342.946982978975,52.741142569897946,440.7531302589246,0
39.60825687906424,38.574243740846285,281.70651968704124,52.795519470634915,1931.911824679693,1
24.78694329102064,1.0108760073898715,67.34149609449872,59.681930574374014,1242.960361057876,0
30.26469059541184,33.538001085576695,98.67147891988867,67.67890599247778,808.351634291832,0
59.24403490342431,23.46411390601207,148.2874958929054,94.45742437678506,2545.6459996345725,1
46.655467613975965,17.338003596003432,445.6273994738302,69.13003754861583,2165.614629817155,1
53.30628647137831,43.12021761465446,90.61991467852219,88.34918761213315,1151.1014153581505,1
34.98899826872103,42.71338463287653,461.82222137150586,61.17322050194059,1010.3827321430625,1
44.663597070088684,1.115085244932179,263.7789378604515,67.03501425808165,2140.030735402848,0
23.66109848087641,30.47525612247155,359.2069695591707,20.796467108094276,2391.426906515826,0
48.80034566559174,18.39161121604782,59.57102090688043,26.060888999406494,2089.6261607395236,0
33.51807335368355,20.78305007502246,138.1716066440759,63.112646121395784,1899.9730625893535,0
34.34000331481101,41.6020369609388,479.466711049806,47.84416820651643,869.8118129716221,1
45.71272785172849,15.491988576383914,136.74422373021704,81.30127314883664,2432.0099581911804,0
61.495434180790966,47.152440531881005,151.7782515936173,60.08376361455661,2174.154958645937,1
13.52034906347415,8.981691318607037,102.81070549633434,88.23015623296104,1593.185724416036,0
55.36087805408542,33.13612116840889,68.89146432688061,95.70352931237018,1578.9694056669518,1
26.08107107267062,33.60525335068824,120.462532519729,27.253720365083254,1722.9325695183659,0
34.41556999785078,12.60975807139591,322.9518115156452,47.770703387417,2370.6909854466567,0
11.205233082625492,16.2375304483601,230.40702808426394,70.19342509475655,2155.6488720938937,0
26.557534280887218,41.739924628997024,279.1091389872598,40.355566698229026,2440.612484864708,1
37.64471834465718,38.09026274774762,65.57059023918202,37.1636840308841,1568.206929146806,0
13.089684254109146,16.454794015737978,402.04764134563555,82.54030053219344,1861.6226475456428,0
37.01026511607408,26.697827346746696,393.12687678702474,96.37141293187567,2436.429517239949,1
60.9910845872135,3.0840148126547726,15.687006015624318,79.22567649354096,880.8001504417884,0
15.796626995929287,10.437294119931462,194.83997178260097,58.46515969274142,1410.05170064056,0
52.04424004415274,24.291027943019955,39.04144797571817,51.72843225146112,1851.6305924484675,0
32.5319079356796,4.29868676396058,397.0923608104043,59.79076080402029,2587.8656433952533,0
46.03455429883859,42.16661774459688,369.9484931472237,53.415695281582074,339.59002761531247,1
24.313012889187615,35.90031050538239,451.48410667511223,56.73970871321045,831.4328954330688,1
18.772074439774705,47.18168353242474,122.01995968179173,31.886603193925897,886.1262694032259,0
18.825443784917454,34.673345298201355,230.86646214826047,90.01058179267419,1116.5317006544856,1
13.877057010372955,47.02006861310928,96.32149919637688,77.62640512643125,1004.4665510516974,0
20.21056876956837,27.72562778454825,188.76129256468914,71.52112608353727,1775.3469639055966,0
46.53206617439326,30.01093055309847,263.5104095256076,93.84377259088127,2514.0506606368635,1
58.49298365139294,48.84855273131304,31.39874097010154,38.604729548765555,1892.4446026809735,1
54.7769127075139,32.106457343213016,358.86085328530567,21.73623110416998,903.8163973858979,1
47.682387043096625,1.53932844303733,273.93021338368226,83.56950880949253,2459.382125175211,0
16.073752487610648,36.19013883152616,415.3347135192833,97.86860798288816,1880.1144728687832,1
25.90530954627724,45.27343460687078,139.53134808964262,63.00989235567655,847.4053124697539,1
27.039378142735792,39.77901248971633,452.14394710828094,19.881179196752594,1204.1663429162581,1
23.747632051869168,29.19166363127113,499.35365525006944,79.77884733286012,2274.9120168494564,1
38.32531128403477,33.56517565467582,460.0527269969489,21.121171054204847,2147.3279537177855,1
39.455459818381996,49.509589462583584,390.0567755374113,59.82116085952034,1741.4559237641065,1
29.62872863441106,4.533104425466917,407.1225574225215,38.03519535947375,661.9187568514046,0
29.45840373050398,33.36224143166198,289.0034000595703,90.94722278916882,2308.22324328626,1
55.57055788483447,14.169884728529691,99.1261621417422,52.46049070053726,1068.8563213818702,0
53.41110665758271,32.00451982930851,340.13513914812006,89.57245792371992,2228.994847497906,1
26.92877074244101,30.381178794196938,357.8127360196661,39.82373007612911,1918.915914405647,1
60.25836441302926,7.672841605408104,492.7656444326133,47.15109445717216,960.4257041087955,1
62.40482593513783,10.337332287011957,272.9441515468793,93.61089262450768,830.9230703316417,1
27.970839811652244,31.081478902160676,139.32766243740292,31.709099427325736,627.2748081442969,0
29.493372183618018,6.411497365188707,343.4178982610558,63.01559558704505,904.8655914702894,0
37.80987843820773,13.259043756516142,489.791030734895,47.24635727048924,694.57255612285,1
61.761644689352046,41.762277386900124,92.72088459320153,79.25585146070436,1842.6281194693784,1
58.19756882282714,16.35457530008193,166.3689696751233,25.731598807222664,1796.9577974431338,0
15.641237942097439,24.403007813483146,273.23107211747714,51.288842427387486,1765.430150331993,0
31.600190879927894,47.05701675729201,89.25624426659239,73.01140802815684,1904.724523062096,1
40.43541543623745,11.357454441847315,15.999216562369487,48.78234750551126,2336.9613349114156,0
37.6722859903347,19.48130086790052,171.80664560841905,19.858134359856265,2583.8817788745087,0
20.6624687365291,30.322888777177283,433.35854674302374,73.52431769083354,875.9388447544053,1
57.23492241424851,37.76694647519861,26.516857665238838,56.7654611978536,1769.4362254223142,0
47.231743064826055,45.08266933563526,217.31988421337414,15.938620994448344,495.84055311817866,1
56.084960616849195,45.773649378675756,382.28938259841084,65.85043930395497,600.3560958889877,1
57.23203536422097,38.83200371863115,476.8253854708882,91.35012486988927,1935.848282403476,1
51.15957195161569,11.416541829665523,492.810322507194,24.215153701570188,1516.4514042261271,1
34.15658306873445,1.2404665021282901,213.87484340132713,64.02571250576102,2195.8302170860843,0
43.58007152584835,19.18869651778119,475.44022571766317,75.47951718629832,1364.1937024764284,1
18.820097336585874,7.077442549391167,22.532391774027552,20.87421462164535,618.9960170823452,0
47.05049796111992,35.5193823719149,374.2288843092854,16.877083027627464,2480.134134577064,1
19.85892906566044,33.05652934128584,323.1592871436384,53.52825693153062,507.2211778633057,1
48.16722747805863,2.198582081072742,128.51331950514538,80.6684950404522,772.4116063384552,0
22.627898841468276,41.82968895654756,256.12265783642624,28.339711038244253,992.4421649046275,1
16.4653215082621,12.437163314559113,69.12910019144533,84.4408935938386,2788.201517663567,0
19.09064695786266,21.61135377455211,436.44058972102266,69.49591220015847,1342.1495504399597,1
10.109567437048865,33.39668677278712,182.15955234509573,42.57038288644431,1554.2713261952872,0
49.53067898194416,21.470939342612667,314.8920128805297,57.81354127487331,2224.241877434671,1
50.28205769821085,22.06439013999717,83.59426171219482,95.1427233173193,1891.0389633470343,0
38.32133424522927,3.2813997667870187,107.05159809244752,32.96426856248412,2403.5517298533337,0
18.874954058046104,20.07217746300019,496.01840354756024,56.46143801275534,1516.0836464697345,1
14.595488563087937,38.242394660999175,377.777765248458,66.83238415693252,2730.444218733055,1
11.052093154050786,45.75881685932989,481.17607553816504,26.455212254480298,2292.03090396577,1
19.11614973308714,20.67485685316859,151.44632677996185,18.612333355734698,1303.4134707831631,0
58.99705442407307,21.179291343953942,86.45862392681109,16.117176093312118,1253.1795573631198,0
23.2845262935925,35.131355316182606,254.01888942202132,41.949507097801344,2623.7279801105446,0
29.48492299694686,47.13860005526383,249.86079970253496,21.137625442243824,2011.039089536793,1
15.794001646473326,13.35304701196801,91.598524310204,81.71290606091252,1853.5840863140966,0
22.229871761149365,22.007210326896843,367.9436869427981,97.77752075442491,2194.576593584527,1
38.557351392911286,39.79866217761506,184.07987954717336,20.088217203960514,1702.0845702792785,0
43.42639757026089,30.484678468701926,97.25078931060605,50.916280902475485,697.9169327143168,0
23.49437727914161,5.529317198197736,169.33178029892775,17.135766207553704,1098.0386551960778,0
13.175268757381446,31.386636778113285,284.0110563193325,26.12124393285285,1694.8621592724244,0
31.506807802006925,9.337314229866344,364.6031114293194,41.80257255558595,345.4195523179174,0
22.881185400948375,25.510796703920207,243.53598859845485,47.676951683784935,1393.3767624080695,0
22.075465777639106,26.455163383021922,265.16951996504486,93.00198455357713,2189.507198189842,1
62.79245414924004,43.81016811124924,73.77823829166046,47.85445512682236,710.5850112906809,1
43.896526725914825,23.124713700621907,457.7720077305749,56.19104570176438,461.3973753922643,1
40.628314374465276,13.97212111179471,464.718478006062,35.38341956673091,2390.0728518192464,1
32.8676306937827,11.548317410801578,343.2961622569118,15.010386516795766,1843.1846711584049,0
33.59193833865794,43.712593834216804,13.72754742234223,89.64475990885022,741.4474312236599,1
39.749775211094445,8.55054272091142,270.8517368721464,21.782324834013302,2315.762451457984,0
48.3036393869859,21.293428044157185,316.46339118386373,95.03265380600702,1945.3236787180308,1
48.61803529000062,9.358655746347349,497.35384036426444,25.8600606403216,1135.2981741210956,1
19.443164923799728,38.66520200571877,498.05314282142444,65.20491390228653,1240.4906799043479,1
37.50620136421448,23.71863199873095,429.5175614861509,97.95107879210087,689.7204079676209,1
32.6576952268756,17.5571845278406,36.5963410529262,26.4925614737831,2388.138985521851,0
57.87898314481613,18.05498203132334,476.8718134354713,50.187276050005416,1572.516629109355,1
44.7280406670107,42.61071033614897,308.2673173402396,79.77516452463256,1692.5476916091513,1
39.287723652878995,27.688697714721904,401.4389513871938,17.671782437547364,2508.7297879943694,1
16.346705319840456,35.89339255656318,206.56046059449753,72.25196834462369,339.5765411327348,0
43.31008391278763,44.851925812534226,163.23638826112193,21.670987044936357,467.3076563082301,1
16.44621481241284,45.087083802032105,234.30585201448494,34.63117180867779,703.9474546495376,1
28.546361656116364,16.425452716893158,77.70288391956933,28.286321486948914,375.09453272036393,0
17.85630806478825,47.62256315731926,181.7477386828865,90.3089238266957,1945.3903915609988,1
48.06405058634029,1.2437941007302722,429.5206623852979,29.97790749287951,1884.698670470802,0
21.343866260988392,18.841778050808283,23.785490699136336,18.356029927758048,827.004757322464,0
31.55226552534143,44.78994287544208,79.68463317817923,63.77293131116426,673.5161122167369,1
59.262112769032825,13.731843990849146,66.93249902649534,43.733016809005264,664.2117534665168,0
21.237401086943365,13.654072516065918,204.5223936366129,48.67361631323341,2683.1035332966057,0
37.929278517732854,15.131114254094435,498.50851594097657,24.8822078235914,2033.761321561854,1
33.059941364131205,30.61566924234611,90.81217545463443,77.10346278895514,1763.5720711626982,0
10.996822257515134,21.91663878071769,77.01391155163378,64.928952920412,1106.2171795127356,0
53.6016962465047,36.33674181766713,457.9525862391965,45.23001471410724,1382.607994771974,1
13.797524847302984,44.74553212823329,441.615005898153,29.240720332340288,523.5147029980192,1
36.08402615373245,33.70996874714303,20.95898314829445,64.2564943511565,2795.3797201375037,0
40.83730622164225,10.223336009878775,377.0944502887609,79.62357419911231,2187.7136589290867,0
44.56345511380229,46.63409511802511,329.4555222308326,40.92897456097718,1853.6328920705696,1
47.87473961193316,13.224643667373925,385.03170087709094,17.14641183370356,1769.4179880697056,0
23.92998109374933,7.494714766407906,249.77871512398147,32.79055073449767,1560.7859300829314,0
10.548832716214715,4.498363943048044,495.73271313190634,71.63901896810484,943.5685691867396,0
49.78940142952016,28.16918703330828,26.70427426192678,97.09499932892459,865.9760086493343,0
39.46111296411682,5.6881231240325905,121.01393526988383,16.11022787092845,1673.8311429730609,0
55.98647367639868,6.938794205631538,201.29026355193946,40.410745656964366,475.5020363948792,0
55.17635995953818,15.001524029774831,227.64008107502306,20.147732247253625,486.1769971713392,0
56.382939228333576,14.08265048422319,461.07686433626174,41.25699088433167,1702.0340079008754,1
36.68020629887471,30.211975516607115,282.20216021824314,48.69089047957596,2599.530120525598,1
28.34956177102761,40.83726397363407,27.329942782594973,91.43155363153916,2585.6796278246366,0
53.53570114252535,38.06748281014462,206.89216689570262,21.686546350613234,327.0707516519808,1
34.82117621660902,13.124222735823837,211.16275412268962,79.5021264044589,568.4855391186245,0
20.089320802188897,12.265524899298995,482.9180145267035,47.82935487322596,1757.6942343967376,0
57.02357107588109,48.28957650534838,301.6025600554486,82.334816522355,2421.18930451541,1
58.5407932224791,0.41181207959800625,319.6472802236747,57.61238138202657,2686.1227166420717,0
35.64703658770935,43.98602665301079,358.06025046937907,18.260409224003038,2451.4555651144483,1
14.16348500203831,9.986425956120248,386.169461262651,93.53508843133162,1994.0328382411396,0
31.330434945431218,47.36421615448839,319.3502797502322,21.866927265065314,801.3126939730894,1
54.194571270443184,17.115364241375985,122.41120381129807,64.60773071030175,481.5536849474058,0
59.597571570042575,22.017588694662614,437.65272759887625,87.84642432348181,418.7894567141118,1
21.19100083736777,35.35603069721905,367.3993012032619,21.620893213266093,1830.1919615635284,1
13.683548661389935,29.383452573663014,372.2258901229931,60.97315123852907,390.4715100383943,1
58.254274922306124,15.89696648534114,498.2955859212008,83.41605966852953,2148.0998911638762,1
31.41727164383814,27.691545793391175,402.2506347573414,96.86495081760106,2081.1768433774228,1
39.79685303471598,36.53534421814431,415.4299445618008,75.11917426756376,499.0270619416973,1
63.243619662791744,2.116747295124605,475.9457302765284,38.101753163453374,2566.5559125919867,1
13.661060035282258,0.5599652627852059,79.81132992520246,73.06433737716898,1604.8232215632559,0
45.657490409865254,22.903346953644565,251.37505135664358,73.57864185253408,2561.0964183443293,1
14.07579824161769,6.591830890175709,292.38067667743985,73.09717900468324,2554.025140470805,0
30.650791065657522,33.21721457323572,167.9914859651165,85.90361627872778,792.5851597177957,1
54.20979998563957,10.70262281137171,420.50465522778023,22.252545189117747,1251.444069840712,0
33.84097280155989,21.64255533978355,382.3977127146331,23.998847169480968,636.5658337595406,0
64.84502946466228,9.883546843713448,361.8371218815214,68.17122131072132,2237.4450253408017,1
40.74826067206312,27.424179287456223,498.58897268029256,94.17213097614959,1560.3122888446565,1
27.663918394977443,5.802672969228445,133.39377983715332,53.66460703029741,2622.0189384874548,0
22.106122924761422,1.155342639374013,369.05133957933356,94.72670423493103,820.5380371906934,0
29.2786293857389,2.556581905334859,277.9452150784208,92.86107653984078,2020.919153798065,0
30.489330056775295,47.7129220757655,159.92964533446866,89.94150827344852,2773.092069431772,1
13.779252274817853,7.114310930546791,84.49050100794729,90.51763091371907,1963.4531545524783,0
30.326580968472523,35.42391265684176,448.4624993484358,89.56045984622284,471.9348320767816,1
35.53311858565737,3.396310211141312,299.75046394038344,83.05081883375212,1771.0608742379763,0
49.75057637313426,5.408017611759108,413.34224963219333,72.68325356424242,749.6068742030918,1
46.12012165968844,25.443812570466733,274.9457670807647,17.025878823186485,376.2569435482885,0
48.98211103760348,23.243546507717184,113.88865492373968,25.977048148952356,1137.4017432630353,0
10.460002503227141,47.57901547199348,172.086662484661,26.141260526111772,965.2602076351643,0
21.971706976929482,47.24177265103687,193.86172702440552,16.95384359520596,2271.9272470393853,0
46.392635861992105,38.98043212712325,486.60273218933264,24.68624677916184,1234.201352695251,1
36.61941524988609,30.105091506367486,7.788472798784338,91.33895398606982,2132.3969509629915,0
10.292241161759026,22.74801586965055,492.90468139713096,70.09575581359523,340.59747987332855,1
54.24720533375023,17.808926716421052,490.32850937936615,40.90206051852006,337.0303335834776,1
52.504526530968555,47.354377348777774,498.0946413124176,80.84888101564444,373.28364386889274,1
40.16305396464595,30.14544057123428,240.91114856521915,55.53466741725263,848.3961044564511,1
13.655482917694966,28.953626384299724,482.0854399623948,26.796544064017755,1234.9694625714042,1
52.15832772429216,11.595056088445743,200.82159501566454,88.41367274179889,1819.6145077921365,0
42.10424732522502,2.334890894255653,18.01574813085142,43.10894153762722,2764.784714567432,0
53.00779874368776,47.25942898797722,116.05185725402345,73.00531613398121,1186.0239175358315,1
51.34608458177122,15.686762942232695,472.9216412440054,39.11931532146741,439.1472668929156,1
54.165113957681044,22.129451166222935,11.81352320102299,56.505913805925395,787.2504041646216,0
38.49044365225437,5.731997179285342,275.2670970343726,82.74897505702448,2544.629584537155,0
17.717848500643324,41.8462164954646,42.42278650286613,28.01251975322252,2048.447975369272,0
46.913661035882875,1.3815916427965313,146.76630632165134,96.1118658048601,2275.5020600964,0
44.12605817785838,41.699538104954826,48.605961102383894,20.827921597440273,610.4205141819816,0
50.82392529594979,7.014250639398339,430.4666674509629,59.32273950846184,637.4674717687698,1
19.34345533279044,44.3282056315576,297.5800012756144,91.03011810621169,580.61501886224,1
20.72363599451591,36.48863186680787,451.5427005305649,93.4925924452496,2442.9229107738124,1
58.97252344706307,8.233513125365254,345.734833772413,34.26504391902141,824.919021734011,0
51.24877891486389,28.290899642973404,485.6594199663244,26.950753440829118,1907.879363449304,1
59.95256687851776,15.632815717760973,257.38943910640126,75.12544902638496,1590.4159154581478,1
51.72934266401564,8.911654945579173,321.1617379726229,18.48380616692768,1660.974779684634,0
42.8435418294666,42.95910997055542,290.272865845083,55.27483442951608,788.5883959781706,1
45.97730053653305,20.17613832536147,244.70891257607332,81.0974838238341,1888.1152336349737,1
58.90203581670055,19.927185718269126,423.74988588439123,61.501142134897215,407.75133614582796,1
41.83437149815673,8.494333740331001,324.0399421568283,30.605101059242415,2783.6806906440715,0
44.781522838061306,19.153283804288932,401.64957110345904,55.42467685600695,366.89726623182264,1
18.606219380198034,43.58084231644251,394.25014861819454,91.46580146525811,425.39135178965546,1
36.065667106385646,18.156435524481797,99.56735452437118,66.22867717767497,1111.6185497292033,0
49.40184115769544,47.5801781249894,326.8309485962336,74.88372208822864,2379.063389423846,1
24.9018484074001,47.31544496041937,103.8257694947604,42.909902011988734,942.9730294418573,0
21.123979928849423,7.244932965367301,293.7436367306666,30.64415333891227,1479.8375344783205,0
27.260474452342855,8.865562676132244,340.3301688009187,36.2183050816671,344.94332794048233,0
23.28253453960584,43.13370351659446,498.63136043585547,59.25374028210448,497.1982912091105,1
21.820195037001774,19.63804594623596,20.11827918412049,38.25827274968841,1819.9151213517678,0
33.36679635774478,0.21869911415046683,50.16498508629186,59.983077356366394,785.8961736235715,0
59.93111826359438,13.69359098526855,43.12821470375959,73.74672997222268,2035.6364075488134,0
37.888280570629504,29.881449659778,202.18883670203633,75.95485772213502,2263.4779375429425,1
20.335620944842766,39.9632982979984,411.6862389354778,28.668849991870754,2425.835498680708,1
14.233441815948074,6.669430854662978,422.8078847296321,77.28576045321064,634.4983449983066,0
48.28858798258589,5.527068220836767,369.8048998819701,70.8331155861658,1438.7713725798124,0
31.053932044001332,46.10463267861658,448.9547297058241,15.996426069602654,2667.7036247596143,1
55.20070206219476,37.55741839112913,164.815672363879,19.88639053244932,2230.2088561107694,1
46.27309227524236,29.48898003890392,48.636548904888066,68.63870865441157,592.4009546153708,0
53.79327977977527,38.4593394997964,33.78574885497581,46.8474236637879,1556.2506125459856,0
24.95703216801468,21.442718065331924,426.8056962115962,27.12663196478027,2605.951454597097,0
48.0797407353582,37.92278736545633,366.5659657050772,18.68491441107956,1400.0970138079647,1
24.523409158154532,18.590149563726786,350.81457647550485,28.23006227581176,2393.544022102422,0
61.64876636976604,12.204728624630118,173.13978758010606,94.47365903869418,1539.6093029713932,0
45.00058548433559,36.45067106464843,193.05306836602196,75.38794825039048,567.0291931143843,1
27.848149009643816,20.983614607863416,479.266196805163,58.79954993754639,669.6373151487684,1
24.823152426074998,49.06885521630974,36.58334832847783,93.14786150453112,416.6893820204493,1
20.50096217894039,17.47425911540505,387.99720978420737,66.38616632757312,788.2868514389113,0
48.20525273915503,46.086371026553294,158.2684952356546,75.22855062729539,2534.035249676085,1
22.029358714886,46.64812742835397,24.332036114215263,38.460100935987384,1925.4951148581417,0
42.7416796260119,12.092647353237307,372.57220481751574,63.88549301790325,2147.1423372072777,0
24.554926480894654,39.911059079400665,168.80138341079544,26.90861127672074,1854.1536459833194,0
46.40829196366277,21.653725257228256,362.46302177768433,48.57210105141536,1266.3482303458693,1
54.821685069729654,45.8762363615174,355.28891964346946,17.75894697388864,842.1528319900041,1
52.79138837295592,22.50621363176194,269.71950333939196,32.98013126936248,2614.036460024577,0
51.846823201193,37.2151858668683,389.79969895922164,21.214096242082,1587.0744538950537,1
20.324732313073866,23.348370458189894,292.6139704647655,47.1856420191002,1502.7497030198483,0
14.861172084148528,11.390037785642809,146.88524215988903,84.97191866499469,2790.2602214838644,0
48.44218556680621,9.967506447234314,368.38707402688743,46.36853082663941,1259.8249709711913,0
30.25909675868932,21.27155971281728,296.6242088594732,84.0260889575554,2435.313287230598,0
33.7790424521841,37.77473285071075,11.300004436510669,69.48935994404765,2455.8601507921403,0
11.713200103636508,30.25357425903834,451.31386799630314,57.290944070358705,881.6755258944889,1
24.276704710127706,34.431464495027164,275.0935910705351,34.66201054069043,537.0992308754053,0
11.852202213095522,14.116317536597123,434.9704964123682,91.53895570606464,2739.0502892896607,0
58.35521749306862,24.071767297880275,441.9547352962111,19.49866713388876,1364.7421603389173,1
23.386817577019176,2.21976324846635,225.2584950838688,72.17978046900167,305.5508050254888,0
40.653544326515444,40.876620797906035,256.2916982433593,66.56291110317761,1547.5445845723964,1
12.143862636362172,49.494608111993735,210.79842189942295,51.60644634729172,1848.2509093686258,1
46.676606521811195,20.343953131233544,227.47120377748251,34.94663928928624,2240.2206186200856,0
27.766504016475164,0.5481826565771675,448.09784369100527,50.74776275815715,2657.3552955590967,0
59.38555528267162,8.489631977547369,395.13128691411595,87.44013622093392,2587.926572363657,1
58.84650039137197,32.62634388752094,67.6302097762111,84.45158715116119,2650.3395501371715,1
27.890984009896126,30.603965910192958,307.10235186234746,93.13464374809342,380.31287064868195,1
59.552849262975734,39.39323597927719,497.9737869912394,40.54683614989558,2079.435334576169,1
64.78867204243284,12.694200548053407,299.79759711008046,47.129645144616454,864.6449070142165,0
55.397861526817145,38.181595777356705,394.00645466858725,16.554270670768656,768.881718014135,1
56.467924126537596,34.39920107618349,385.6854293236796,93.26484956176068,2300.7964214981257,1
23.695480485999944,16.140724885692165,178.40717530680263,42.33937762083332,1342.8242229321995,0
41.718631937176596,27.274407402848098,189.06540483845964,48.54559718723844,2591.5001894558395,0
13.699075268205231,7.363690424916336,363.4178287862496,90.34778275013375,406.08772698926657,0
15.220486525191834,22.628225171779132,252.49184814439337,58.7076697038455,2305.452073717908,0
64.93909366183098,44.05986697778205,287.43250101954203,61.99248696570467,642.0860282064891,1
27.9651587184251,21.05956899126954,357.8883662305946,29.627325566526096,741.4430039124611,0
51.150115162686554,41.9783353237711,389.8996383843299,56.38878172794832,1493.3792888112473,1
54.3665779164749,29.51266826298472,139.40070597787033,91.21131387542826,1288.9748521819988,1
57.19127990539761,9.593835655117838,77.66291092129666,61.37360131295786,1515.4307653216777,0
64.86955635711861,29.05531223489482,149.438350128244,36.17465826509992,2650.066305077638,0
23.28230668912773,25.299166457853172,256.2314709205774,17.588011723185318,1943.472338908933,0
12.219295477283485,19.9320667598192,174.35995206203435,42.91304719668764,1025.7734546050015,0
32.61553348970223,5.981521975803517,286.33956562955893,62.52504586735001,732.2717807946125,0
17.154436840592084,20.835433192361492,31.46553344218608,18.5369029347789,1350.115687827334,0
11.233423903913032,3.6381188119813554,257.32645374881474,65.61278391516596,1429.102568169344,0
29.823475492781736,4.938452569937563,187.15252893416542,58.44334765080336,1803.2360247487904,0
53.105603809138,20.795826646635803,269.6600436719768,80.02514394082539,965.00675884942,1
41.139938017378896,15.269074098423186,214.1540106680635,17.397718298572833,2218.773117742042,0
27.202789406569472,46.277216293111174,145.69179606558353,79.81032961995521,546.150613698454,1
45.98881030209959,18.785290269013526,452.5334132015297,58.23279479792287,1701.1334090016362,1
22.760999916984588,37.89290610360501,96.45866926857167,45.75393462071605,1858.8291331102782,0
10.790979533964677,26.512376318312135,342.275959912377,95.12678703778239,817.0789526628633,1
52.039436254003505,35.204283432116775,462.69913272829496,28.289922420592404,2365.0283762490526,1
44.3058696675205,13.00579915076996,271.6416300442894,59.92998488456184,1838.580313019194,0
51.9266443475528,47.095248641916456,438.8222018468436,41.641462308175704,1914.3055366199321,1
12.14159091782161,26.504424845721196,66.80148182447576,58.78136944001287,1544.3587644085962,0
56.04157953068587,41.56620356426248,249.42544127692202,60.83886256417421,2573.9855429408462,1
44.07394100199668,18.252284673805676,231.227513838065,22.4242046192622,2034.818953719061,0
40.98674428919521,5.010567452526226,9.018809483312454,69.87421719422304,1254.5889122394065,0
44.353772646299234,33.68558238604244,224.41238397287057,67.66196416127798,896.5147194602155,1
57.543828577760024,0.38798241687122426,187.66972940938592,78.8657837946605,477.6541870587181,0
42.281507860739886,23.764648828275416,336.5503702484346,22.524654973711193,713.4020929508988,0
41.952270893849864,9.640095133322962,469.4732403953767,39.672459393006086,2781.7073802091495,0
64.48735363861712,31.368775221768107,47.466588689708075,68.95917977743241,1316.9172399791005,1
51.62015918877124,48.97099365689261,167.10081142373843,26.348658550995502,2546.7180681935165,1
34.326159299812446,23.220145316032298,224.8120450101547,71.24065149544072,726.423392213161,0
48.906835001811025,40.874912826283335,230.31676212701973,19.899216998095106,1363.402178352124,1
31.407675943048368,25.38920934755605,388.5308118169156,42.7993188956491,2701.296167583622,1
22.588150436592443,24.792001555201203,224.4808545875532,85.27702315359909,527.8306285482498,0
42.82685322882677,46.52117465893889,18.444844219558416,79.2661771016363,1784.960709531257,1
61.050015396267334,44.49829343733408,356.5015268234515,68.51513936384829,2597.9297517407554,1
61.10267360085045,39.29002325939872,442.9906990971075,87.2480485798834,2674.2084323856266,1
28.80479029580197,14.812787665839206,259.3828327120881,73.86937216629264,2415.0186927794393,0
39.022260642193224,27.250420786197026,292.64871824076016,58.10813373249665,2439.8360809003734,1
21.639974421342366,11.19486166528425,85.65353728967781,96.3165525320203,1930.4573852936637,0
64.75971102243858,22.19583490232699,114.21974261608374,72.67305462251352,851.0577702374813,0
63.96148493273647,24.21065328798953,121.40926836668282,64.91347567547926,2126.696361212299,0
45.7229911339096,41.582002008466546,218.21727756624117,48.93625655914587,2745.961161146808,1
54.242773282261034,44.801418266249655,464.43188434334286,89.90023738206118,1614.833786682027,1
49.3305088706035,20.731003119823892,263.2834595238686,39.543854935214405,951.7433976922529,0
42.62370204717075,0.8852222536618604,100.08833437466956,15.765226319504922,1733.6776694124944,0
12.934139834389374,43.08869198946773,136.71342925513005,31.329463361885875,2026.525890601541,0
35.01203884039636,8.713933925068035,195.08743971495622,24.08995183121581,820.7007735610327,0
47.11324661920758,31.094098194519677,313.5131929679357,41.476483256364986,2097.973369023556,1
47.264238763602656,1.2485450217065597,222.81641073698265,83.54793022905176,1768.5821472109797,0
30.521744013231096,19.975323763028214,199.26019786757783,69.07696388529561,1830.8747728701305,0
61.79305926619168,49.29801510576749,284.5406571975024,29.02538890639814,1064.9698243495855,1
19.204636773022955,5.0346800551901545,124.7083225024604,80.47220285066409,688.1670252780028,0
37.51976954185584,21.184657599982117,44.057119929368184,56.85024888625043,1858.6247382641425,0
47.998618710295254,15.357497509497609,17.085085836999948,57.55531380181865,1765.5824728814296,0
48.34246932404951,45.254406169413215,129.3732859162279,45.05531102141248,1145.0304692845123,1
45.67514262228485,43.46700539536776,50.33805690151201,86.76315828022794,1039.734168864718,1
25.14085173985231,11.884938015311441,171.48861606777956,41.42116622003079,1168.1111541557102,0
18.591361277764207,4.059389352521558,387.602102478079,22.81360013558416,1524.7083462470505,0
44.9767179754691,31.356919703055873,359.56569359098495,40.12650649967144,2737.049337777903,1
42.961616387669075,16.818435594185488,307.40917328007424,74.37434434023452,2208.911555065516,0
19.864580565908255,33.604219530303155,426.98762072034197,69.5792966046763,2429.349347913721,1
48.78265300638098,1.6059878033907238,144.62347414941698,30.60542374494696,1564.1239222588276,0
35.0344595453511,6.669961758874471,443.101607749833,24.278096825710186,1615.3090294469425,0
46.72683253817341,34.31861163863217,202.6233889862437,69.85185794734494,810.8116535925692,1
56.05518938735829,10.618532765124888,203.44219254198015,71.13927735935772,2102.614590752696,0
19.335063571730775,42.87938378812008,205.64904874463315,45.39041988847737,1353.9600144765905,1
11.052967739826018,2.9295443855067713,53.556711289285815,84.95251483291362,2156.1171470442778,0
52.85064225176827,10.77409913927873,487.8677966738726,96.1910319153931,1322.6384532815637,1
43.533358383393875,49.92801242425343,73.5608550234538,32.06855354629982,571.2929680347703,1
48.4801763292167,21.65380512933963,173.73843361224635,62.896703403600355,732.6342194647086,0
56.09852362437534,35.14828317723217,163.05365856174478,15.443745307326951,2328.925195186708,0
54.15460141534753,9.133152442850683,41.96631924427127,74.18351487018185,946.5412238973314,0
62.850608081085355,30.493436749276885,80.36876440537895,49.385415425755376,960.8860564176733,0
39.4764293368665,36.30530341847093,27.20487641176598,31.04134583296268,2623.4202250058283,0
36.867259796294796,15.723831793325527,149.74022431245416,77.43441950644322,1944.0890571671239,0
32.103795993990154,41.444855598793886,433.9951773943087,82.28385019715469,585.7688847108908,1
18.45300735643125,30.170878923614165,173.02389184000532,24.226819597602795,658.9631753298356,0
41.49339780851123,19.45615048075151,66.22745687335271,18.40264823255682,980.9185818006986,0
25.235688837928834,27.88211966715793,324.6184648500394,42.728510658536734,1784.989219566582,0
60.67191317171365,28.838042371796213,498.3174514671807,66.95720865816595,2182.063674764182,1
42.07549423524036,8.2767646346933,120.00027581830415,80.85382075665655,986.2411086329926,0
42.60620992794606,20.13661849334831,143.3876476584319,60.32318722032799,2476.605093537411,0
29.52085634823555,17.171529400974656,486.0642918689903,63.202148433479394,572.9504472103713,1
12.859414358773911,20.045136128956305,93.49426233749114,81.38823240548996,818.997920107949,0
11.745907095514374,38.05552942426289,258.0509633922861,58.894000060157026,2726.162302857194,0
33.28343292842587,24.126920373333633,123.62780584296698,65.72582268878294,636.8621591341441,0
14.651095795348082,47.015807661963215,466.5141894611157,57.84603921805442,2520.2782693095273,1
43.37658255470765,14.68382066792181,490.85290221526554,88.07803336951943,2059.8376885102384,1
58.45351531018116,20.78517891424645,408.27543382940763,34.54787934256238,482.7177266042668,1
58.56031490852972,39.34784052395207,160.81798882734122,36.911467516862274,1509.2670722498597,1
46.24749755727278,27.301229666037514,204.72630026384996,25.620801312951535,1597.448382862016,0
21.617750731011206,27.35140732122239,124.94131341487856,83.01574037403701,2630.349078539594,0
57.46482572473796,2.667008150259176,445.9251936694508,49.17751511667566,1352.7614826929218,0
58.73513894222645,19.92998313592279,457.70634745563825,43.875197093143235,1416.9090386606897,1
20.815947172412727,13.536686621086623,212.34097781179335,96.45194351823396,581.2093869659457,0
50.55843471738725,49.96675614155577,329.98386960198593,91.9246794145022,1897.9314085941562,1
25.758575190991763,15.417753531615514,86.94882398847346,95.67497761635519,827.2424397227416,0
54.145217179411134,44.22482673969317,220.29327067988746,26.810816730971506,493.83314555926705,1
64.84808449469816,33.811686752023874,317.59205780338135,88.9739004912978,2792.297500176985,1
11.651430293116604,17.04582045960452,195.77454366641967,42.28289674915847,974.074069907013,0
59.355122618501255,27.176718918706182,182.01176521479766,16.050511927584587,652.6329128220099,0
44.244679347926194,42.02679399745969,5.49450117213662,47.477761886594706,2048.725936492941,0
63.536044054065165,44.168414901545596,403.12526456967146,57.26329731045895,2354.2053898047548,1
35.575523463953516,8.01969375030726,445.22211795061685,23.982295156094644,460.1937328158667,0
56.606336181425554,16.97865706040848,484.8844471251869,59.62724220056327,563.4832686744676,1
13.431673772905247,16.761159010678583,361.0393356092617,83.01547748666871,525.4345589551147,0
28.440347754306266,2.1022398037972345,276.65219462309284,46.3450289196531,417.39825830627797,0
13.685909576316549,29.911887992594828,138.29583730531115,44.269518942347084,1948.6411965857096,0
63.64387234134888,42.7410026496094,499.6532406019317,43.121264879146224,1770.78297434841,1
54.93356489995102,19.07871939127589,296.92766299339223,91.61683900834643,1957.0166413998325,1
56.89010816852838,37.00179724920885,342.17126580357086,19.046922199586525,1564.1679081854527,1
61.58808772886418,31.385020680036995,342.79105016788225,51.94131978541529,2343.769213513954,1
14.680691736588194,18.78243677465004,423.3996388998048,36.9617546944265,1666.6707562464387,0
31.207867588233334,7.052989974614854,9.787906729225009,89.18598310716202,2596.867336999062,0
13.906918897420116,35.46619263879837,114.02223551352905,22.972337877455725,1514.1213312599832,0
21.593620585251575,42.728258447062025,334.4393300841569,49.1497496344741,2276.646653028997,1
22.61511773707198,34.292724620074594,448.09713972816104,48.76574061858011,1318.4008842090852,1
35.80089660761683,0.8939242017409033,344.24269705107133,88.73673665640288,1388.059736941107,0
24.770919209950343,10.811644719549562,209.67818928937166,32.885955938400464,2422.480113094792,0
15.55379587497686,3.4739992441765954,183.96997045577947,68.52631905503372,569.1495883941583,0
19.21200990017592,28.519304978811338,370.2842641002436,26.155708531686493,1712.29438745802,0
18.100155995365,37.82388394202062,371.91266008291075,94.17998426868505,2115.841169446964,1
63.51922388517641,5.528959353432972,305.4937062903167,64.22024161959973,2176.0515385426343,0
51.76108788051605,41.91689102966926,149.27617692818183,66.97930861661564,1778.7338179249384,1
63.22688058982591,27.77544891977416,462.95163510331906,51.00319233781919,1420.1612103987845,1
34.18572675793497,34.49845060708625,278.18057134872635,43.409465151304744,951.9561096668943,1
25.310266491446114,48.57009243043231,396.29371634292363,32.652143648074734,2573.5655883853055,1
53.90612584650527,4.184049412384866,111.08258977010665,65.13098356807748,1224.4698688033136,0
27.94396549226307,45.06120114888946,175.3001903642903,94.22862486390376,2297.480221333364,1
26.466085553794155,6.305134799370466,437.9168606117345,44.862649189669455,379.16403240659065,0
22.787829571430716,19.647940331834114,29.80297982028436,88.3020217589505,880.4230367165228,0
17.132343802332944,42.57193481655572,258.5960790720477,27.34843396632172,1163.9619822103064,0
24.105468355922127,45.31271183689341,243.44421252278445,92.69845973318947,1978.9351582755105,1
29.542586166063824,25.318583677257266,376.85894350950065,44.090361563540355,1098.3270179047277,1
47.069681448015174,29.705231913771257,144.53741644666954,46.51735856224769,403.4095020482678,0
13.441066322069837,35.40736672992786,113.43807682050173,53.41590733384925,734.6687901350401,0
21.577881681593862,41.63793342263571,463.43575519275066,74.61427440565497,947.9133809233151,1
54.4963002160422,6.075558476883308,287.99627771944006,74.73123499618993,740.1186998395476,0
18.08070579710739,40.503465411461384,56.82133630040898,54.805852531732214,809.3114003528335,0
28.845483058738683,24.063807525580838,100.55290029608894,58.421690643056685,2222.392351683386,0
57.556240702197705,22.53117125540845,499.4188994595529,17.490870485253716,1330.0841098761505,1
18.520892112889346,21.194987599849913,101.82645314483524,40.25662622934103,1312.948111669813,0
14.550525959000444,25.46057926230213,307.185378120071,43.71941716114058,2716.515841648715,0
36.649589729400596,47.25252766973018,212.96339910283095,61.37436330423803,1416.7545948605007,1
26.6330731203195,27.41018863960758,443.3715519506685,61.338880691818275,2619.145331330987,1
40.98746004661197,47.65887691315696,378.80845318618725,73.92168321141347,1047.657745541701,1
54.20926897659113,9.014506530782029,300.4909411495988,74.51326558610072,1301.5656497604327,0
17.543166848400872,36.20679894163166,10.315795990001334,34.522490109602884,1290.7083901686553,0
41.93844965048567,40.61197693043736,440.4986277092625,78.92553354170045,1665.197080786611,1
37.802981821442515,33.956441566743095,225.11039806516456,16.62709614784141,1760.6182271348805,0
17.924333230725978,30.346114011327018,466.13093824419536,74.4414364223578,920.3125726056721,1
44.319916704094034,28.240639054309113,250.2918113628296,23.471071592112118,2283.9606260427963,0
25.05022298234244,43.0465241289348,348.6411221454491,75.56080129896118,1541.3148866919812,1
36.83088751992069,41.082329858225,39.29986148598787,58.75080151717756,317.6088837970187,0
14.524977835238403,6.114436059029976,373.850068495759,51.292123556696644,1778.3515832917005,0
35.27712314674927,42.429382851543906,172.30803549940183,72.3253103501986,2295.1486038228413,1
26.85549074235512,20.703430972022126,178.9227120942315,18.018779201020315,926.1668445386446,0
55.23096661519449,12.684841499790538,63.734643131148026,33.548037031073,394.677523404815,0
13.133829984855256,43.48842840069629,77.69428857690012,66.16453182481528,2317.946639126807,0
33.02340012050814,21.60123998168708,96.95073282207402,85.3188787503579,2740.691789929068,0
35.21372832722909,40.41823450884083,167.46205344285409,46.63193386644471,491.40903666225586,1
49.87533419645153,13.170180597792225,446.5251068239247,36.47720222858524,2645.092018314303,1
41.585816629961606,0.1964660711108901,187.28881792388984,58.05512417048653,1198.186029940155,0
46.69667854567996,24.772959645147218,363.5595397487931,66.65216594810784,2653.5990214702188,1
52.737710710846585,5.011412832144213,45.96001442548634,49.86855160667695,1922.0983100061171,0
57.42116355120038,37.71879777624548,297.5939056396363,87.76698666075967,2525.610781121033,1
27.263152319735877,13.803756803470518,243.53615947886757,58.44541283538111,2264.582562628533,0
39.591248795014664,22.182282330173937,489.08918374247975,17.973357768358557,369.9943570515671,1
56.20594431415599,4.351678254577712,423.8728460900867,33.5134782406138,463.6062558126347,0
64.4198122030781,14.332962422362632,230.14073735713163,52.403703566178606,1614.36151279636,0
58.92356210740697,39.0745121629286,388.6956682024427,72.91121807840547,624.0475496122816,1
30.430699444340725,7.579395595115973,100.55417694041986,33.239436234784876,1452.5855978928787,0
20.734158447025774,32.35797805634787,283.35648205893017,96.02936749654594,2686.575746411169,1
36.91658955736238,45.87129264022506,41.93643250651055,41.440335429610926,1036.8932188862107,0
50.79027985098232,33.991837987886015,177.30407096458313,59.195857169428834,1522.2817845393522,1
37.091298891431364,40.55108446461134,116.8017799029743,16.574209932676418,1260.6490751701735,0
36.574947482251766,5.44858146519579,360.8603585859794,88.44592987875676,1874.567410620621,0
56.102673159499034,12.536591300102723,247.59489215110892,80.47327624259023,784.6123266288971,0
29.87720784869525,44.72694261202955,376.7798870297652,31.223014356534193,949.8482253357082,1
57.28870711464051,35.75528068090446,260.07124162756554,92.45864537290696,2446.9196284100253,1
32.3742640523448,31.97769131886556,47.80979886506107,41.214700395184586,2328.3405596508455,0
28.052820812308667,33.188336806085,369.0069866176008,72.45146193554972,2272.974222176601,1
34.96944511598345,20.710027715232172,417.4484856739638,82.97503439537779,2227.2990232947404,1
51.934582727117764,2.227831580882661,452.2479568268323,76.49590028268601,1448.5937336539475,1
16.930111532519685,39.22207710353645,288.1360129268205,91.15937107447682,2122.2269313305205,1
20.80305687296096,33.93566181076769,378.0247527047501,86.7348051082788,1268.0120446802944,1
62.32946541147006,23.640223205636236,377.2619467569004,97.55275566960364,551.7739504737004,1
19.652039505974656,44.987980768412875,82.09613110047745,30.156747243820078,1283.4366041222308,0
41.225002486208,16.807983249254942,86.28924029248752,40.2952295018161,696.6576105698272,0
41.86229566640658,14.716087211561796,40.08832537551743,67.8067469968253,1277.1292015812742,0
36.92934541276347,43.63981625397214,163.3572493944492,75.84291642900145,1043.5630384072165,1
45.46098867172502,39.84938273794928,239.38675093182695,59.372219528123864,1797.9016676698122,1
22.640469918869016,25.74899053241724,498.9594371133374,21.13605428558904,1203.8510387460585,1
40.396424727721154,6.536736972892498,218.34170432374393,84.8524038244317,2063.974158447946,0
30.469529038579342,10.753573573252623,364.4900813111486,94.75257154976558,1580.3667026191235,0
46.3916992796054,32.81139952044033,348.23152800490465,48.65789803759076,2598.7306962884995,1
17.76729488552322,19.252061892020585,106.2185653740369,33.65943598100422,527.5635883759675,0
41.3982579261712,41.823659583298564,33.961039967471024,16.603041661853265,2019.2729716033307,0
20.189869546082804,47.497750466610206,275.27334200912577,34.69581999576758,1980.9921939250992,1
25.325368471327003,40.28184626374591,351.65126819566564,73.09325831158904,2676.566368531752,1
22.029039017797075,18.877271149777858,499.1346361421967,90.66191917683663,1228.8796676091313,1
20.05607789278494,39.4343214615712,182.51247087917952,22.761584513836564,1063.5949242804058,0
55.41410233583668,17.572083673534173,448.7004582301429,60.920512534440185,730.9836105341413,1
25.713916221348967,8.355004388281696,194.05656565524728,72.72909362648208,963.221288388234,0
60.991808002544715,1.6696602432928698,346.25879567310386,37.939608151820295,1554.7269318878466,0
63.3459588939855,19.285835638051,301.1352006059407,62.30145425113506,2394.282404899943,1
41.41932584654035,45.17796518486409,31.224502684785474,74.36561935847915,1010.7165087016032,1
17.865061746614952,11.949329387783825,43.802271350277955,84.53069718023627,694.3552916434764,0
30.60015338587697,10.3256582464892,15.278224413608184,52.55748761805842,980.3211776854217,0
53.875274484151774,48.49103926205201,188.56287187402478,77.07214917027373,552.3174375712115,1
30.206490078338874,1.250205642529606,374.1715191391753,40.047986654407524,2616.7385407699903,0
14.78594700665338,39.28910751968772,90.51392002540774,32.68287998208916,2481.5603800556178,0
40.623170101050334,16.06849778704352,304.8972193500284,30.547040925525394,1071.229292462881,0
56.48164683228191,1.8743978434829667,147.96975111538356,44.786436741535276,917.4695398296676,0
53.77595129289263,45.89012701047918,399.5113488696407,17.97801358847447,2563.493285162289,1
19.63177270716943,6.98211651047918,400.2060937564805,38.488322526215725,304.42987830238997,0
47.00205379268567,27.58896418628477,388.83018490837964,69.13449442878795,1801.4438199783667,1
22.12773448896059,13.702710371477389,264.7925893316815,68.77728091429134,2590.0094023641764,0
22.001414400369473,3.2596401092345517,145.86052148952658,21.10496593879377,1571.393722265882,0
58.07394753178518,2.4961242831689545,405.6748017199241,38.85549621769147,307.4173989990847,0
23.731792400712656,5.7778349418169395,97.11977815992455,62.2732861682675,847.1785734628892,0
24.478604058490617,3.5683506944690024,148.43100300418473,41.43982741275754,2606.1039847298352,0
10.035936491871475,38.027905775996146,96.0541145495077,49.6930060076765,342.5560604495731,0
57.886796876903475,24.278310114171457,338.7340293918856,74.16329284060842,1286.9494151580036,1
53.59271472650241,17.144604567448983,344.6868339173299,15.769146844900293,2274.3618158324452,0
44.50309142998729,20.918445506600357,327.99244642944274,37.94066415933973,2395.2274842125084,0
51.26461701663632,46.44733677863117,210.72272609801055,26.81689623415638,1494.0198315716752,1
18.36267120834705,45.53759063690736,54.584648564709454,25.591562169452814,881.2093793321313,0
35.207797702316654,35.783824006128846,456.0289443349355,94.6003379651215,1799.2617942153975,1
29.317066304182948,44.23411887108439,256.3268271860579,46.25450751968067,959.4450788932538,1
15.157708944135907,15.982401379381239,206.45123648099027,58.748352547500104,938.1606449897909,0
36.737176686820824,19.055466300414142,296.46832215790516,75.9072166267795,2318.999408492533,0
60.640680768844945,30.685609092711402,100.43126573045738,18.938140413384165,685.6645882415328,0
12.203251547788197,31.18129736486321,70.61164565691283,35.004879000288966,313.803696004977,0
26.030350242158665,24.084991900617048,205.73498462168206,84.06826634952814,1141.9380425146228,0
21.41475149131369,20.032892421897664,117.47424357945572,86.54522089376412,1527.4348874875748,0
23.098065951613297,49.30901558043475,125.92369579589645,45.95492641318657,2062.700979738309,1
59.96390035336564,41.05618130588622,446.79318645037205,46.113512771096765,2252.788144010721,1
35.74379798288596,21.74900989440226,267.7257927069833,77.82244080003719,1958.7980278340754,0
35.646467711690036,36.36462386197842,244.3171868400588,39.490828820239145,1866.2722007923167,1
51.831660335040525,13.478084662622974,346.2923988956557,24.71880873461984,1964.3718057985877,0
18.497071220270918,5.008466311866494,476.01631626998613,36.375442369968425,978.8162939527475,0
36.79959447550279,17.62155127763703,60.538289412929224,47.149612725769316,1255.9033074114195,0
33.64918677665828,20.14864000616971,417.5996107190823,19.332990896393156,1841.0912524989112,0
42.83008798006609,0.8268562280335401,294.0894940345837,54.730461098614505,463.92665088493214,0
64.97567367877411,40.739600081794805,77.35185013685944,76.42062356014061,1038.3133751696391,1
52.31968917451259,17.959670119459076,152.08891275105086,57.64084699187831,1316.0473618941328,0
31.882613665958495,29.02090828900735,243.76890115004605,20.967313262704078,1633.60170713484,0
55.515417875072586,3.6981593635477985,347.1326865658244,51.532419401714556,1516.2052684024027,0
19.38895998218641,8.749841437529199,125.09047339195885,73.83908246755512,2095.329695384984,0
11.675502746992807,44.484686266378,269.765013656457,19.822022281185763,1483.5666885411529,0
21.244660485535018,30.43437639414004,343.91245557085153,19.967316747331747,2560.324959562472,0
28.72263558628428,47.51420250852428,227.12667166951556,45.75991646402156,1250.7958553810433,1
38.081941660275795,49.937501719565844,432.19785075448704,31.182009022267856,1613.429265440391,1
43.83210272976599,18.59300576665472,435.3822559060002,92.58680567859889,308.025974005067,1
60.083314446793196,14.940153204163732,237.99215273202066,63.25151911039868,1076.1948911154734,0
38.041970525275175,42.91780275795484,486.59822665240534,38.84800815068938,2466.4324432849808,1
37.57016045441512,49.93057135187271,42.414620740696414,73.49646851654092,1133.940986490729,1
12.763365540264017,31.482061711622865,6.664377269853627,46.11911126282429,932.965833331155,0
11.92013539609231,39.757036125576114,193.43079058293992,25.965598483457832,1658.8424061055541,0
40.31379790540046,39.087292940763724,302.5430453793921,34.690275077017176,496.8252461051811,1
34.09982372865895,17.766985410977348,316.4540779375821,68.34802461012818,1629.012829125998,0
56.154921723916424,28.71351901285436,240.84063946544515,19.305716797750307,1059.1644956054706,0
18.837377159151487,41.65284706321068,66.81724005411985,37.63319032398929,1257.757224685969,0
11.373441416437728,34.40569381305277,89.39627328500765,32.289852644300495,2278.412510842862,0
34.69713223615692,1.058190699101913,426.81325200674456,31.694214186152156,1954.9100465352958,0
23.06132062137416,16.835283444876676,434.61601021093435,71.66928019400561,1415.2652328096071,1
12.72879053363606,7.223784829730268,338.5797762410565,83.54280409061225,1743.7907827123486,0
49.85290577661959,11.648610603901954,333.7878962780468,74.41692846933347,2217.1468883005728,0
16.137614997648612,45.27447387456628,300.8526533737647,68.5954087114425,2164.4593629904707,1
43.457572500427446,1.8446644455384076,105.44831342248416,91.0654970608827,763.304276377946,0
25.4577362591789,10.990035598096187,216.98409662865208,19.84656757521664,1052.2980549980118,0
19.54228276952621,15.478467611911572,349.4678524743725,28.90109613602798,1170.5923274150632,0
30.88633376056246,30.84420359831974,270.93987464165264,49.39576902065417,768.8557250125111,0
54.07951769226245,26.705084504293275,14.197265357274095,45.91348641082102,330.40363501576047,0
31.565146729751497,10.913474142669305,477.0106193264487,49.698283045930864,734.9181719720304,0
51.29233070660806,8.212053361157723,423.183946023211,32.1357571185446,2320.6108177037177,0
16.901746323953287,11.839901729805941,133.96978198432024,27.408775193158952,1664.8011284811778,0
52.50242808157935,25.12648133508278,310.1471729073166,57.26303953900803,1154.1450674679522,1
23.031332869865675,13.558889285560172,462.0034949454529,92.02835949770987,1820.8611140736618,1
47.256622143888,47.38012508038611,52.525450996257426,47.533465375043114,2149.5853133669793,1
41.1179855162548,23.19326107144238,253.99959299436682,18.59831677192083,1186.0694575521566,0
61.10295944664281,2.939800827231853,230.84029779391577,73.61188945983054,1465.187103837436,0
31.302738488642273,36.46332029183167,208.0514776153485,39.16170715875552,460.533041675289,0
13.639085385894225,16.442264410449482,418.61636140199784,35.34288560630604,1792.726340531198,0
11.05355170531891,32.674446602912376,193.41984261524138,41.91341405793085,1191.0177388804616,0
55.47722085350142,13.9797185261616,36.51334995429876,75.07668848435372,1383.809119001969,0
38.86046007137877,28.537187086665995,37.58968237132974,82.96200911023524,1356.5015448673118,0
52.63842285092221,38.60762524037323,26.158580229681448,63.80865358913398,1881.023221856357,0
22.893408000633308,46.4004370887277,207.52698382764842,41.76573655872278,1731.1633723862021,1
28.979606003227854,13.056357221653853,360.6111074606882,40.76969334873409,1355.26511944142,0
11.655712971622542,16.742847549949058,105.84261865560515,25.317593042153433,342.38755372682175,0
62.88207785157617,23.213321014296984,325.00191761361697,92.46398700352115,1852.4065365784481,1
46.73273486854474,46.35874188679944,345.1087936913336,67.96557011441203,2498.943685085818,1
61.32627982676184,45.069342840532855,131.32505138772098,17.238893448036713,2223.878928984744,1
24.60230240859898,4.493914005031901,302.2760397500115,69.9764689004945,2754.0390806252053,0
43.63049861741135,6.596491287690542,344.00982831328946,52.11373420806115,647.6883450517835,0
47.31749825609508,24.775458866531913,235.97374328705223,95.72231093289432,856.3001319696342,1
27.465233514167366,5.330963640271174,171.67471565364707,82.98271245893177,1648.1686630549477,0
56.64600792585966,17.279043667434873,311.480018029292,29.21920756812225,889.7042558595161,0
62.09388045951363,7.419268910873883,489.0343082273882,74.76922286661392,386.3744532042246,1
58.66703147328024,31.802017756594292,216.28649763764415,55.30197831832686,1305.7206904098653,1
50.64868367666549,47.474771586958084,198.90887266113492,30.52474858460404,1019.1118353849563,1
25.26055738487247,49.83668851471907,234.8121167009261,72.99541230838577,959.402114147207,1
25.488882315809747,18.76205662484574,42.728104755298865,60.43316903162236,2682.9320425606215,0
62.984817624532084,29.950631855730613,278.81582343733805,17.521031938040352,896.1352906636239,1
10.56564727646306,42.813382676204064,167.70520667254547,68.66679989389255,623.5814279684946,0
49.38274852831795,5.873103639819199,65.10395055397493,67.70392845858257,613.2981447696279,0
48.84353894053942,34.47822055259825,235.7970868530998,26.9590683672714,2315.810183721323,1
44.24792475223886,20.44218308625341,6.675073354118826,43.965981340725506,2087.120186316851,0
64.45598653477762,10.307308014008203,203.88369635556566,63.629614572336315,623.7154889176554,0
27.153368967004887,20.1376809373721,57.338957623593,26.51899017085858,849.3827971519657,0
28.698452508628648,3.798014348245843,17.024888182891246,85.77604036028478,2168.3575211088255,0
14.341667162060556,34.770357429465285,413.1151478910285,17.281341841879414,986.5409945865352,1
34.353897509905565,12.637133437422655,458.5431576249042,23.53550544245646,2753.8551878933804,0
24.357668942916646,15.5702822522439,107.7989509377578,24.636874347955377,1651.425166552272,0
28.886268619770433,6.054064912073137,271.9526405979593,58.83289145592958,780.0199260252205,0
55.90144846405952,43.232955694494585,142.58928777983755,66.4694630099959,2447.0211362818327,1
61.45164824401227,24.67221396413693,249.32083214273018,48.51048610962338,1098.6888647430878,1
20.21531896028521,28.607343889320013,221.1325038426093,38.9593466964578,1022.0183876609445,0
30.487991235440624,28.47163415474273,138.1802722648404,82.17334217692127,1118.6030836287462,0
61.07468091634667,20.52465572706709,351.69482191947236,20.66773664929287,2220.493120557594,1
13.399465337907245,9.626495771906974,67.61302486352585,38.26422447402171,733.0323742898704,0
15.079829046125818,37.256637424919994,31.271027174826727,18.24659304072957,1254.464450652345,0
18.953504406342617,6.352813267883716,384.9993393534532,16.152881202200245,377.0819319610261,0
42.736705876978114,5.193689513940525,334.63536545423653,44.3305306153727,2366.566543374019,0
18.27597490532986,35.50725187982517,251.770431452467,31.170363982929356,1151.7969157675132,0
63.24420097979034,10.441851022599192,236.55593638390806,37.27436595157444,920.432299520936,0
34.56929899921862,15.338637567641616,251.218632848256,83.13861406876235,1749.733105938748,0
37.58348781925915,23.761373350087013,221.32691766884307,28.527347988685374,2062.479709378438,0
23.566223869297357,22.46756583647731,199.48168643643368,79.75936947359948,2332.240092957358,0
35.90281388391034,35.42895625324996,252.34684842862956,71.02920172114818,1169.4623637476698,1
46.40524979503564,31.17158967216805,266.6150097240814,42.09497858668911,2330.752125372674,1
51.31474253247235,32.21980811409328,347.49164547139236,60.36416004963189,1462.2025009286456,1
51.46274454904522,35.70271653277287,357.04754456334115,51.88815561128672,552.8556688630623,1
41.78401119817486,14.630636371173267,191.92639466937158,25.656811186306225,2415.768706789448,0
59.73978762466215,16.116665590023683,209.70255875802692,90.29638170393658,1669.0869552615359,1
54.957431601836014,21.899887394777707,189.98009901943038,62.27829130961809,1806.1739298684638,0
51.6376463084244,15.373108651676304,270.5852079447266,88.05992380102276,2643.7281742368386,1
13.058303692425334,49.24689344854317,229.41000126752667,83.37760048050309,1697.8787123481382,1
10.378287922080712,40.70259632107148,445.35024925241584,21.62140180068213,313.9588266949725,1
21.684600245751014,8.232734412801479,349.6988271236539,32.20346527953156,2476.5396025077566,0
46.493797665239875,0.27970779409347557,449.83490995845057,27.05667249311096,1011.8777008086499,0
32.615861888540024,2.139163412363393,356.02281082191564,83.95470122131425,1554.4173019600094,0
32.132344261462144,12.203172552146263,485.64111351928796,86.5830699957818,812.2165064035505,1
58.652278852628754,5.714564291842827,319.6897052363582,58.82163531409437,1042.4589211374337,0
59.25595664725113,26.666905744628604,481.9573183907121,23.646780018164577,2016.6221201675846,1
60.004639522947215,42.89976113636793,83.29409575266591,26.256179339070343,1373.9333775947848,1
27.263294208326503,36.83751104566137,30.976452010554905,82.52455143237619,1867.8265764534676,0
48.0080697006594,10.780453154109521,291.6669666759103,92.1227813319344,2358.9392282823774,0
24.939824970090328,19.964962801289293,491.82913687088853,31.55648186418451,1152.055055465863,1
20.48354081909474,25.39471047656388,211.7145974146864,15.924418847190363,1720.8500958151023,0
20.154785154105305,40.51029247516678,109.961464285515,42.46909112751457,2243.9697334328407,0
28.81591914749767,41.95608015530824,263.1630173507894,17.531449340774152,2087.8079819234363,1
33.64766908789019,45.485915595388796,326.1553191665499,83.72191803447716,1649.6085899546274,1
55.70220440802876,25.462262525143757,161.01345428036504,55.79551734977888,1258.4587768183878,0
16.594010140999167,34.71373732179315,358.8108324571335,68.27444463733065,1318.7549530825438,1
50.42092160671918,5.590018561696858,487.68168098763425,49.153244719333,1382.838029990664,1
39.23002028041179,28.264447997699104,448.9967452467553,43.677126402035995,1172.1138223653797,1
25.836993847179585,12.434590473556757,149.33475988853667,33.44263428531504,2047.6890872242448,0
37.10507714930535,21.585844251330556,166.72822315657618,78.9542014041661,613.5381306795742,0
26.496813837736244,31.70252541533597,188.91290610254634,72.73044950648892,2718.635301793192,0
42.78450753810683,12.849296892689054,200.30362530485445,44.94050571317515,2247.4637549288504,0
33.86141575703843,2.609252889838054,54.65815210067332,41.652639146832186,1045.4076304169348,0
19.04230409933833,0.5116928204378757,382.1716052501982,15.103158927840358,406.3689231765891,0
16.41206910056332,1.1079767772260773,185.84293548729673,20.274826793774213,2078.2579309473153,0
40.068262513967156,0.4174868756884831,440.51088846919885,66.73020856608869,2135.897612424583,0
59.63271683073569,5.517752827893774,463.83560844445384,57.71240674954332,2709.0565263189415,1
28.917672760672705,11.974435728506494,17.093498107305614,51.08866597225687,934.2638939379125,0
50.315005897244276,11.06107570911496,494.3090196144621,83.68268598653765,506.8127255105595,1
46.226374521687184,49.339829708994834,356.4612520925914,56.82355096543627,2587.8368942960815,1
61.23552028702146,15.30030526044716,262.59415186651637,46.912967256807555,946.622586531938,0
55.153955951452744,6.371039167969955,197.81616614441387,28.384276844573755,2103.8286183097043,0
41.16328923980046,27.278127208387897,261.6664756418079,83.11710468181339,451.64909456919474,1
46.136677402875904,42.89787276987542,165.68923836932998,62.82860476005858,2201.4620124404173,1
59.41125566212192,33.90301883938376,313.23046777979135,22.674177171588855,617.564742842851,1
31.973533152281412,14.804104456772516,51.02523684017166,68.8585670337573,2038.9658701040087,0
27.973708822177755,28.080807989572747,312.45568844134607,50.280871875538026,1630.857619633512,0
10.594609599935799,35.74279871002046,141.29570081852984,82.34505655780366,2688.720326168151,0
55.460309080530536,36.405224618387116,13.729240380911452,91.26991155066769,392.29410769335755,1
54.05393852218507,33.32692276488444,278.5893542506244,64.83866249362842,1030.1218645001454,1
15.744998495508327,43.5405212387809,291.33163914708473,75.72386400300941,473.7722933356095,1
41.72715596229851,43.50527291720522,216.15165733221033,19.697040350979755,2497.994088099297,1
35.51899339917881,28.946827970350164,40.78168511240684,61.50120276509605,1784.7528841527694,0
16.52900025300113,21.492818455560613,447.2047616380748,77.69321820350434,1637.4240308947474,1
63.931252488339794,32.07851477825499,307.658249577805,56.231258406682606,628.6447302907744,1
21.80827381048455,40.91060006852316,62.27808328663995,64.26465742885998,1522.5806432826273,0
13.697879904980862,0.2826052420592362,257.9106354141031,89.61269940322667,1296.7591379395385,0
42.71660587260503,49.59985045074256,251.14088639449338,31.442264478589554,1089.3796703475582,1
50.637667242316795,9.144688616459963,34.89892505249885,23.154460126808686,2230.472388746486,0
11.784389532595283,23.51244928299881,305.39555328345904,72.32341989057858,453.19009958361187,0
46.22947012998622,43.60148674214334,405.1215674661744,83.29645915836285,1916.7143184055044,1
39.27605317733,11.252019952209968,375.7589868529967,85.59068565235278,2357.4825780055294,1
15.679575488127663,23.83976119501916,105.46986001127075,68.25649325857128,2568.268207150811,0
19.488813232049914,6.629109009058959,431.83480212933466,84.15671370817668,2164.7914868885255,0
41.23858635238443,19.75381626940963,174.5583720013787,73.15512907503309,1006.1391971455389,0
26.29966874323086,8.856772739650125,473.521647254511,22.25228402026363,1801.2686513092585,0
61.607365075822386,18.18138743855785,40.51524229172829,78.24961115445402,653.5090272858881,0
55.03071262162279,18.673210839636102,245.67330081732212,29.88685423267736,592.6515593619399,0
64.09619635825146,49.658539479916634,300.57656670288685,34.63857543505074,1896.5603553462865,1
24.28189614227277,49.74065146518861,127.58679874492934,47.75600204088918,2427.769136460507,1
63.334799803888735,5.739313933030621,386.8331934165127,41.10906650508596,468.1203142490473,0
33.71786283853568,36.298438966417365,315.31336150630494,41.6970942791417,565.0093303332468,1
29.113533742256504,2.5872739834550575,13.964171457537999,29.0485405089358,1714.0182685733923,0
12.76922398331443,1.5096007668594313,306.14245239463673,39.39129691009218,845.5296525483506,0
12.902089182278145,5.266694712248215,248.28172603713097,16.63199496799819,1829.5453069441196,0
48.06061907706601,48.2742828503967,102.0344548432363,54.25160857513106,836.3595631383497,1
35.18609469387154,47.04317739473487,497.89537239446713,78.79304957789395,591.2049357651485,1
22.458689431985814,9.696391014034022,449.0952864396694,86.5665316456617,1663.9374554120684,0
43.7683668478878,8.083616777685576,149.79130903938642,83.0955703936334,2455.487845081547,0
23.907196503756115,12.02675432579735,272.8301057953151,49.565990676594396,2012.8049303763248,0
41.76974648894324,25.777349703757107,161.66855925559392,75.62539793660007,2346.8128438399117,0
29.75648108404797,28.485231601770494,388.87039705985865,38.89493424990263,965.8379359751207,1
55.29537246365005,11.079671521972367,465.51405943224523,19.61168523556229,2514.946628242564,1
55.13828884217286,37.83113940449726,182.62016042261988,71.10563660747513,1242.5979364406767,1
36.25427189673207,15.477658470132539,403.7642033260956,68.85008167312171,2431.119169642484,1
29.29505101342586,46.10656627647052,251.7117336430364,81.53523982341868,1477.9389753718153,1
29.9407888107502,32.836135322836526,201.30638784923076,66.13681515633903,969.6441184012406,0
54.31429891175198,21.817559715180586,469.51881678889106,28.022004872835062,950.6470775669823,1
28.04987155386866,39.49560008514227,257.6503209159206,85.81247854016645,1719.1697109116321,1
21.49826555387653,40.89573130233324,236.3681976274451,67.06198140555216,497.52567551711456,1
14.657858803141876,14.524080280447183,337.8550289713598,82.03160501990533,2625.1404864712717,0
35.66812164864246,16.985727191804216,134.3109295040508,79.25089099121139,978.6587392463392,0
36.5172654405913,46.79775768643017,165.7724710402163,39.72275243968234,1139.0620446146381,1
56.249979072159896,8.237051918163596,466.36268893811825,21.187896912720348,883.2538843530818,0
22.168128304533518,2.1075208481467103,340.8722734912865,29.649865954435544,307.51990140180345,0
30.954520051761996,22.702766130477457,414.18538814664777,22.707573747999813,2031.3755920219944,0
54.462315639153005,40.06049501218145,139.20032215803766,35.20323186265132,1776.3822525855587,1
55.29929859119354,38.58340531553729,274.17614401528664,53.14117866115742,2324.111350492789,1
31.15360917883225,45.976531445641626,485.8411521598016,90.26528021344647,402.52693362745117,1
35.251821280767444,26.66003321845201,162.75843001896772,87.37755674141268,2621.639111833301,0
26.68072399671056,5.0032335783266655,84.43585577693572,74.64378465294543,1127.217350150914,0
61.290518313062165,29.434448716800805,257.8885740712087,17.001325842469555,2582.6746562644844,1
16.52540711578692,38.91978071766058,196.9714389188137,43.33530370960594,567.8287051688488,0
61.35621826508085,4.66640601349132,83.9907302294232,71.63491939821515,2159.801453674103,0
47.612654850943876,8.632870054879488,444.8329344381672,25.709398437642676,1748.3955785808164,0
39.23646839777022,0.6145330577835451,495.40833572412004,81.49029155132042,1195.47803813146,0
11.796248343147273,29.68262897234052,286.4481794415489,90.90961543897028,497.8559898325483,1
36.15779055021046,44.33671959729522,388.46500034485973,44.39066907093951,1811.8412746168513,1
32.426145775150275,33.533165800104975,430.22399292541826,73.58497413469817,366.09970768478274,1
18.86703465863174,49.1020043795491,351.9860929808043,27.300943011503207,1553.2052478650187,1
46.10252819253613,3.1516826249880783,26.85724431030695,72.33776527638125,1810.5214394841373,0
63.41329990525572,45.15005425757481,83.0289446998248,16.780799219824594,2131.309368218805,1
40.920384608548886,40.703414369334034,40.1396496199363,27.51403506532138,2778.3365855621146,0
49.31143020441702,15.712076024975246,9.890405287817998,73.9201600685196,950.2342837694122,0
13.764774891130923,48.67632759186259,156.4682223348321,74.08356849873341,1105.9745534336876,1
32.97168476993471,14.396887408570752,199.21620043837208,68.21650458514969,1152.86336702248,0
16.399716684047274,44.46523619141092,124.30971750628323,54.62121402388887,2128.9567796470874,0
43.70377095450807,44.03742885370947,36.979300802728865,71.01737156727144,2629.5481706402848,1
61.6165187017785,37.88288083014862,267.2822299641554,79.22546625796943,2735.8093739538967,1
46.39777528594012,28.173523690642593,140.29306337878512,95.21797770004973,2664.528416395323,1
14.224167657293183,6.000137480844403,399.03839165746336,88.75720561853421,2498.4575192881084,0
29.506641274179557,26.598586724824912,8.986047704514192,80.94633881298834,2777.4434345515774,0
40.28648586924683,17.839812782746726,422.0508903873671,72.66487388729294,1239.8643170862424,1
32.176426587328876,39.61085165776759,477.6030710782487,62.65491027088648,2670.803299996766,1
55.85042057613448,37.90646032484224,359.48685626101695,25.01053233820905,2202.5499059897793,1
54.80690525904941,45.53062536863026,368.1538123049704,28.741217894166613,721.1496488199457,1
43.65070610567718,0.7415081215853936,467.1133442433529,83.08320353568466,413.66296969300583,0
30.54018698229879,40.455160841152306,108.49028622367283,81.67497171319931,836.2098946758057,1
24.04350055697843,46.92310265623344,497.30995626324545,66.00009085578913,2246.8778107190656,1
15.823087501722112,39.46502245540751,387.87319567237824,51.42373101544073,1879.2422030647106,1
29.519372591760472,6.509722993518335,364.6525006222579,17.160709935359268,860.890643366713,0
32.72448844642457,4.063955242044387,183.7398366026699,42.15568622986915,2154.803636178398,0
47.17026088072405,1.0422619903850405,275.1598552757772,49.91309157792138,653.3055985955075,0
46.19879033636654,31.43726129140355,328.68930519530676,55.322751752393906,2354.603484646736,1
13.855947680269132,31.483632592994365,312.0697163520219,92.13394168058036,2285.40243992683,1
31.739262348713677,49.345685710910615,353.9673960464025,24.022880183411857,2731.439926765121,1
19.997837696954903,19.902158705204787,45.77896084381326,58.065954341720946,675.6989115732954,0
18.62469879242431,16.595314244874835,181.0459742516899,45.537550647537216,2566.532486036501,0
55.50161823554853,31.221246359219624,219.8300082147612,97.17814389493229,1152.7566593045963,1
12.305336919394165,41.2804336253797,134.01150244810842,86.53471335148114,1340.1496619882791,0
33.055058174616676,46.838697476150095,90.45049878326576,51.41922590183044,1471.1126572169237,1
19.2512010671585,40.15620830895193,73.76910255686708,97.97473557644511,1867.2601330063897,0
58.36316186231607,21.33369903079024,186.35977916700963,57.6672494571342,2786.908425295107,0
40.63722823012694,31.745711765603208,249.2536417784701,28.870777117086256,1799.8970076380829,0
22.725935000726643,42.81496633580585,36.173337872597045,61.13759942161731,2616.7896626010183,0
37.633500794150706,24.530484415586972,473.496756822322,33.77507856170267,937.5705052118075,1
50.23174978367137,10.834332185269634,383.79544481607536,67.81396572632892,1296.029154537874,1
62.696490490568856,8.486171987393648,366.77162772680595,92.80753451536583,1561.248823596452,1
22.124530233498042,0.00788722890283644,90.56595986941984,80.25448187730734,1107.2549744666767,0
58.73999746711398,35.91189974906421,303.8813801660335,37.67258630478158,2742.1677574108253,1
61.38672627921196,5.554860442299525,267.21384867029036,39.63926587217859,2114.2088847430678,0
60.40312994926364,12.191954984797022,491.3220786644134,20.7509208564959,1497.2033804564003,1
44.947789627405044,14.893816576139669,375.0975261896782,38.727030358641024,2178.2617530244847,0
44.64013599390892,28.018993006838418,290.0021324395344,22.68785837325883,1468.606247706628,0
32.176584825110254,19.897863864788462,426.1522699027105,56.45424370402836,343.0633184198151,1
51.381883526708336,33.733699601158094,81.7716640760512,73.79280759835538,1657.9835195258402,1
39.22117100930126,2.7819329664351358,12.532182197033713,77.34803640443016,1862.963046903004,0
47.25909391755619,6.196959713221972,346.665500040189,19.940926276598862,2753.0185467964043,0
33.56518471168375,24.960575176663337,53.664172817432544,43.216339553770766,401.9821206515442,0
50.23230552237265,16.84823939234149,62.13965179183705,38.918256623436996,1580.2423936378345,0
55.3459334682502,14.790668137567986,373.61695958014263,23.65692680794877,545.3868917709045,0
18.053994113154886,3.3514039518761365,138.9147478463246,45.08511880735647,672.4897539274011,0
55.81113435658254,44.78595873740007,316.172451706602,39.8435690585566,1826.15834742119,1
39.7163092484669,34.59092930625254,459.1164284159105,67.66343603515998,878.9192806662433,1
56.45662499996234,6.080907840982469,161.65489316073987,88.31412108989817,2172.9352782375613,0
33.7215938487558,3.252297886857031,112.48635813075981,52.75186283247692,1585.496731488182,0
30.847226696066926,48.743626671562154,57.7486274518206,76.97320933964593,845.5322129143431,1
60.32834028844724,34.05862752197525,69.57886890276443,27.118860470185965,1534.4791940026626,0
23.81430971516207,20.872803554687074,35.80023421252715,89.28220942744076,302.2043172703018,0
56.43167789073787,35.08655203778924,48.38297752072136,27.66536327185266,2456.8501091446024,0
36.62113148801723,37.81658932400796,218.8422714605312,30.944397989749312,331.695942639407,1
38.275249340319284,38.99811011943897,163.82819728686502,23.83649569777715,317.5247312304563,0
26.965755481921622,23.893865282652882,354.747603089884,40.70339862620453,1828.7598579491178,0
41.517321034045864,21.4941379062424,435.7696208322659,60.850067077388665,2733.8023144752074,1
27.886615795191624,0.551404213445017,393.4627355554802,97.00351124672513,2439.833710884947,0
12.159817783290876,46.3278557570919,267.6654420494978,80.84954687657614,930.0472814736291,1
24.959923293939582,30.165393919447155,55.70884753516344,46.5761716400345,791.6670278692143,0
10.350847387362487,10.157696859498405,356.334805551069,62.795222805996346,1865.2804515836385,0
63.809513288127114,45.98017097107183,184.60021873980241,66.73456656795423,2356.5943675551935,1
63.11609654008611,45.746595088514816,47.39694498812804,83.28635936352981,1205.1966772500746,1
31.733541360976776,49.459208218304795,422.0208715702497,76.12549818984344,1380.8864759176897,1
50.06039698868053,43.70282815694894,172.41717600534025,62.25116353860465,588.7237841943779,1
29.019335412573373,49.88921939100324,113.03317209322782,70.5421912442915,682.0660531383979,1
46.91012363972868,12.234309406163629,436.3687719863274,76.91116170992066,1720.878987565052,1
54.29865236752885,42.1124792599617,451.55626488126745,26.050956908072557,556.6403643710923,1
62.07159345807324,41.151415439788224,172.79056440982214,31.637803288346536,805.1153119897525,1
32.01167517173196,11.547017961036687,180.62670254427985,72.1524959793239,886.6925600297102,0
53.08138906258262,4.921877450049539,291.9161211536563,85.58532164497346,1409.811333034076,0
24.626064784766534,48.97102568387998,368.0535394362758,48.96876946408073,414.02991030909055,1
64.46827670865065,14.801227576030518,36.25885494389742,96.3308967651101,1549.4274292323464,0
11.417327932039314,43.5445895233903,298.7051103082935,32.93395381188995,2621.6860159852035,1
43.19408435756165,0.20635773373019473,476.6459305828729,49.586040409605424,361.15915279768154,0
46.272828990822994,1.0512403609801102,134.73647910407706,46.41741260745001,1877.4621630186634,0
47.84250563907709,23.29356543481842,454.86947097798225,92.21456308029362,2389.6059128788556,1
16.621316833399895,11.935734196753177,475.33332867773134,38.68641695852078,1081.1521063729429,0
61.61913809102217,34.49206417179821,138.23105228068943,54.07563457750389,628.7963625480622,1
19.965080347754554,28.278216278397718,378.3299236132485,30.540408688072347,408.3494690231576,0
44.25143717819126,3.8742898725245722,123.1936291181822,58.26509780068284,1909.7576485895063,0
22.247184351769672,8.131414815785853,370.1175250574057,86.16454606547806,1680.5859505726708,0
26.896902936169898,19.402463502920714,399.72288578796883,40.23527533691683,873.237470979994,0
40.05521979504684,9.280203197771659,127.36682333677146,82.29574198951474,2379.04326907937,0
32.94563802105171,39.61111736219643,359.35542407370133,90.63886132057696,2138.7658803808586,1
18.81240805370785,20.803511777664003,406.9917467377245,21.055504846308782,991.0719624669579,0
19.401502133146657,4.671593342124964,182.4965416929213,77.78323651449783,2183.407557161585,0
32.99796334895398,24.217145113606243,88.01287411491484,36.19350520049073,912.4855337519314,0
51.65056380515254,4.541909053070708,50.522460822169215,29.55219599054022,1988.1686546659023,0
59.38805557662837,6.446865270990859,289.81394328692124,64.89315853807798,596.3626026846986,0
14.627021424266056,11.980491601410264,489.15856906127806,73.56501714698207,2030.598658333018,0
31.620714915767056,42.97638526237449,412.36040841099697,47.76516181602275,896.9360474556506,1
15.513506004758215,46.23062661664859,220.74062127260365,18.25141768782182,1731.1733856042852,0
10.912586434792884,41.31288646660345,270.62734691320446,90.42247550833383,731.1596671297063,1
46.39452754541762,16.703860870892363,143.36630327885038,75.65199409834209,2114.9173689198806,0
43.13471930816233,13.622322055441582,85.71760434323147,37.54834495469022,452.1989359826292,0
18.96605125981874,27.45778453951196,243.63017332497526,56.23970002681341,713.544467006797,0
22.859705820118528,36.09265802665561,234.43327525275666,17.306801567267474,760.3411996770913,0
11.303926450448511,49.668639408008744,263.3553266378613,43.160470889893176,403.35896463499637,1
55.922096313192206,6.578535593946311,476.6382698541507,58.37042455356482,2162.531290400614,1
63.607982782670334,2.4645999511902215,303.9281735716622,57.92956005464876,2752.381261849832,0
17.450274523707996,34.71779444976355,304.85705912807504,32.27934487470891,2245.9944710292057,0
22.7311367570914,41.611289175195274,68.37225761623301,79.47003139326293,2451.579905305989,0
57.76252381708137,42.31743899332116,498.2619887575261,39.80555915771141,315.0191508456929,1
60.95550888759016,33.92317745385803,387.55824739616094,63.17403192377173,594.6749094364832,1
33.07950605437457,47.70079020595935,439.2156553265324,37.53634471965191,1697.550848237156,1
12.784235974799078,25.550238177229346,210.07870385634206,50.288933457901926,2744.6722119854185,0
12.166550853105067,45.69073991681062,253.55340741388432,32.22371389576911,1951.782327620509,1
41.56724263379557,48.39060684957615,263.4314855353269,67.53964678015919,1235.3417343451943,1
31.609230989124846,42.35787285015539,101.07679694835457,50.32350189173211,665.373263703648,0
11.575883516770999,15.48792816293103,346.2971323818438,16.337736272484435,682.0892359566269,0
42.07888157719062,9.810782558514763,451.973478190641,17.337694503391585,1206.8830057919595,0
10.621639512396236,27.406003249090922,86.0343799785174,54.10414843312804,2084.525493360018,0
53.30545769821001,22.65073751900942,47.727545375651424,30.20774695314441,379.5482275622766,0
26.853805248685436,43.887917109636646,370.41835824246937,63.55848999601362,2430.443978654096,1
12.214190165507766,5.001583553357686,140.23490667812612,48.87991788707777,2653.878589224514,0
42.359372154073434,12.88700306557593,313.811958100578,69.31684634979698,2522.041151327078,0
31.87264279381801,37.589947225935425,349.4003773061294,94.04879944730799,2582.5672734922327,1
63.55902273464322,4.749332248865606,164.3458279730018,58.88509918800605,338.34819854565933,0
39.93092643770362,16.03822070108501,408.49657572576325,80.35242409797827,2744.4807898747395,1
25.138154957035454,19.35776970269916,277.24454614653735,77.50240269422278,1215.892787225872,0
49.019137554868614,31.1296898281345,435.15470693614236,91.50866165888081,2473.202795912937,1
24.93206013984912,7.906632285968229,382.830308516679,32.76348298075452,767.0221767490355,0
59.73338102741608,43.03022451748548,434.9449378585396,83.6681385751501,1416.3143566555923,1
30.609708377905704,22.37711177331371,14.979884148357574,90.15819141588901,410.41097155994163,0
40.24277095269129,45.85108559402782,125.53559906560439,47.59932741864895,400.1899921070681,1
12.781520710332588,23.39349568169658,49.55393052073962,41.04674415171436,2658.1902519240953,0
33.436668087372695,13.752012947036668,223.83109350872783,94.01898050329788,2326.516531322598,0
55.77999468135472,7.091441434383744,445.53026019958253,67.09352423752604,1624.5651110344834,1
54.31068429498381,0.18725473556424066,236.43242982210023,46.59614827504187,1613.6454339113445,0
22.337520736943944,26.60787424924178,425.6079570672951,80.72170083732532,2171.8865461904657,1
22.434348905580947,5.357834846346171,166.95322781956236,40.271333834104354,1154.1719539262253,0
54.95179217172802,19.58638818155891,173.08718603859995,29.641829643798552,2204.67318965488,0
61.171913109312904,29.463588061854335,448.3030565118044,60.149479771209556,1512.520949983181,1
15.244850670015195,13.784294845135015,215.77948752329226,61.995599727580085,1894.7935072786622,0
34.753225168442384,8.761214618305763,395.9339164583599,83.53695802818906,2712.0736252578695,0
28.559985343032594,38.736081130467085,122.13855620154116,52.93327046669569,1478.2888938006538,0
57.887865050159164,47.33955861408103,474.65641069042954,82.61068277894334,1346.0116493661253,1
14.593870307401033,5.022020893098301,289.4162320326327,40.83978238591209,2564.3729348533966,0
21.611926840692057,7.779516219250393,380.86516644630893,62.75556078075673,2556.45123729086,0
51.38575856725719,48.00063286263593,49.31027139846832,32.30324064875941,2781.0467547079397,1
12.821161693966857,1.8892110906123138,248.8687917861117,46.992013926077504,1677.157498270773,0
37.08944593928591,48.88161682752361,451.0140563783415,86.17579492012665,1160.6538525665069,1
34.3158869073846,0.23222415424943854,439.13412137643576,32.92702005516767,900.9751579442591,0
28.392064844381178,43.68343278256657,28.172908830942635,82.24987542063923,385.2408923791545,0
31.70147734254081,15.366259049387477,155.33074221882862,38.47834760133472,2116.8215605272135,0
39.14673228116281,46.92944290886483,224.44340320714466,17.862646733394655,883.6904343386168,1
18.87520471136107,15.847264431779273,90.27108310611517,24.12456931471824,1816.6022130641431,0
41.4597733055976,32.7153160767028,366.34916394003534,76.90800226162543,2591.4809134109887,1
54.298778111499246,4.0016284882968325,96.33343782136222,36.751886899678304,2675.534018486317,0
51.80885113845875,12.11649057268695,176.58664871309367,69.2940841560256,311.0253349507758,0
18.464494758157553,38.683967323962534,333.32391524462,73.03350892885035,1092.687578440891,1
18.208720835781065,26.434292683940985,243.63422553961757,43.64483254807884,2393.445073663067,0
24.74959022597023,46.39845308935224,370.59266412427246,54.41827593852464,1641.113013378838,1
29.859109948757048,21.437570417067715,480.79791110531556,48.51266850783228,2318.771833705382,1
32.465056977466546,43.490618290696155,62.69061041902276,93.62996669742631,2433.308207094845,1
47.38334692583399,22.447771873911876,356.23601961704014,41.55575557518175,1406.565549853307,1
13.117423769120947,48.96241393509926,119.02035703789669,30.215812504671746,1197.4573450619637,0
11.906998732433651,47.99171906994384,210.16598006674678,45.344205958672994,1438.5831651263136,1
31.555080961914996,16.456835277804018,21.267049268594214,70.56980373096701,1931.9880065606658,0
48.34400306758893,44.29618352084016,72.27415423488597,72.88110330000163,1217.8978822170457,1
20.638943862606542,42.38056871078246,163.28975807920534,91.69675717488057,2237.470721744382,1
45.282746469093844,10.534019866378141,174.28297361755256,88.18562224469217,2559.981984212556,0
24.29054758671647,31.214520039163485,450.2946821487374,38.93060319463387,1005.7780053968163,1
58.7347359847434,3.634115779490743,372.197390086925,52.7785496643105,2712.4741104355985,0
59.26294693466391,41.835536029173085,486.2305692525853,77.02332601922502,1856.8131168132766,1
26.350796235472956,8.727294175174826,301.5403976159441,91.07259428996808,2495.4219280493526,0
22.64965646797823,3.5407350692882256,124.6482973852024,42.984696067122016,559.7910881802636,0
32.62171846364272,20.010954776940558,167.1892398112132,51.888639036690655,928.7478426405968,0
23.22923718490818,28.846106929982174,163.3187820295237,89.65669644764954,1102.5476985814805,0
46.9811113810437,42.74584792798855,166.61469219330954,44.75416147214908,1057.055377936283,1
55.433557650155706,48.71212627608683,338.11726569034875,54.88257785391407,729.6528914963296,1
47.020067200116934,21.974625628493182,267.74992440475603,90.07384372110054,2470.502368812081,1
55.33927459871422,3.0223461492635106,195.78496815288892,81.5861870931574,1346.5303532238752,0
31.834568921411076,37.45577895129353,78.79943552071471,35.20476677581363,2707.8255311669704,0
18.597433388987348,28.25866281119687,15.958885656362224,41.957990429190474,1758.6809169753678,0
50.58730210686757,22.394567242223157,113.32316540590783,44.29557437912514,645.9865891121577,0
29.826097782785464,15.463443939609483,58.198344964497224,90.75729329477795,1664.7617745848927,0
46.91989538760229,25.119926392176783,393.7952902718585,97.91150017967675,2783.8628693106057,1
24.885416808997114,16.933980222851545,60.686489117873265,79.2423570789015,1712.929217748187,0
14.467629914366997,37.850593387368015,363.49297746688393,55.19908310696105,304.67336282390653,1
64.59199875182699,27.194684824632056,195.9010514391609,15.844426899600755,2632.699758976048,0
18.59108293618296,43.842388707705595,41.322302923169104,72.89150869763046,887.2360153204734,0
64.36315466799147,27.177195732472104,407.30137446863495,47.31697665331613,2021.3226326723916,1
63.7503962911546,11.913120666996502,291.91713226712363,67.53787702897425,1587.7003873886067,1
53.65999571494218,42.55459411160722,121.70194886746866,65.35559896738158,1113.5843921022154,1
46.26826291450987,27.860952246502197,447.8671812946706,54.90906069567415,1006.5988091909717,1
41.77938776380966,10.342051907178062,27.40286536592297,93.3841540112848,2621.8996562677617,0
57.63558499578091,31.175390497811108,104.90070605789263,16.921146664493357,2579.814739799593,0
25.919173689071837,17.885838247121377,377.2632292639012,74.10699621122482,1582.837100134448,0
35.72246668666824,42.22028061460329,356.1420755033951,49.01670906886232,946.2379888378481,1
44.06644831515761,22.664986932327142,148.1894883936166,74.24460739080374,555.8550804299945,0
32.615476172822014,36.32206790537084,35.70231329962765,71.04323074578946,691.440957147714,0
33.51175497496474,4.776810381811858,429.74864575134717,15.849754213807618,1605.6293143515113,0
28.16565671261464,19.80121731511731,160.2803308446018,38.68309509949771,1069.5749014475227,0
41.03274991764948,49.16207182361993,101.87814038949128,30.694596201813773,405.17035564989175,1
56.78159904083138,40.423014473857414,260.4506020686837,28.85986729422686,1437.9184632777503,1
21.08406079034721,7.997040118346432,455.56246364481143,75.46356478205402,2165.473231160784,0
61.39381713143928,13.888202473862755,26.555556032470797,34.88276197472934,2529.237789899969,0
47.89982095615263,16.490790442818053,384.0730235752894,54.403222043945966,1763.2101142077233,1
55.28002669740166,32.518278024772286,288.37424782966093,35.5000866087114,2108.230309606115,1
40.59048809465064,37.84973797448278,215.59731269314938,63.15940734513239,1210.176177162331,1
52.873418578323495,37.476330440395486,373.3198198320047,74.80762274897734,1540.5954480423486,1
10.891021853670697,25.49370281532014,483.083090098608,42.47920331194865,2124.067141275073,1
55.010923362874436,40.54102689190756,118.45707452553205,65.05073040783113,2119.145568430736,1
12.207637249695159,21.85390413787375,76.10544571069921,83.46294627634033,1361.3156614237603,0
58.945235699957436,6.194028264778096,456.876463885235,22.820615668652806,1659.1683538958068,0
64.55795109812539,28.222092082690665,336.1317733413653,73.9856597204255,2609.6383488774236,1
26.17371041972278,47.61506923005533,221.80308067317316,41.82103038813656,1879.994012358084,1
21.56752059571865,39.64968256962557,288.76348728082013,25.179946391570375,1906.4365642164742,1
52.09498501219224,28.935032384612118,374.0788830622408,60.28929923199095,2261.5507309634004,1
23.916448750613927,32.340283017454844,387.65078985933,33.779772499221735,588.057240789932,1
57.605931074471194,46.52810135177863,460.34761950538746,83.17302879154009,1607.2107291218188,1
15.65634256866122,21.417139721748025,216.28718050333322,18.56036049107932,2698.579340677455,0
16.927535800864703,16.56970694713187,150.23840045960054,23.18819039048449,1204.1509804402472,0
63.853335530533855,48.86207825002245,321.63381206097176,58.2426784568228,1037.3153660552275,1
47.06113940485026,43.17215667551667,210.78531014336752,63.88216807838741,1803.0199140118941,1
56.578797343592406,16.15217923093012,299.3262347047441,75.58059315538799,852.7985614132585,1
27.83811575433349,23.18902986804614,212.89297023569534,36.51864044493209,1689.8628913091225,0
47.206606223633244,20.75390645038995,80.73291440569636,84.86611388170321,689.1300271441014,0
42.683300501972845,7.454783933571695,237.36624207118442,94.110814201224,1749.483651744764,0
43.17325660676209,47.89096619066295,347.0043218608112,56.42026219837368,1805.9479591129439,1
47.53928527457469,20.21562156098794,400.64548479548665,78.1241032924935,1346.001197530657,1
41.64475452210042,43.7664541318954,249.1965070142907,58.5624134271348,1256.8660635967212,1
33.598430311646624,9.467811384033254,86.79275565414845,20.76576344121348,913.6456960011233,0
25.175748190930076,27.39354053186099,210.27041627646864,42.06725556593755,1127.3057695839857,0
52.271973200226114,1.198069256213491,394.21549477664064,22.261395239042244,1545.8649179784084,0
22.44498365017524,38.21102419211543,209.36533895545105,97.07696689816612,919.1472525727526,1
48.07948683849278,29.04569491231392,349.7827428340901,34.00915070209031,2257.0861584296563,1
22.833305245712964,31.279479173487633,256.0707724306544,67.77973481150465,2072.588103314429,0
44.393159347494965,2.5860441277326727,124.40544692915137,38.6006434614298,973.2646678649887,0
51.08930469209659,10.55191651043077,399.0945014714218,69.21943587454184,543.58790775387,1
22.029263889859656,3.716543617679008,46.68565976499008,32.46334034225004,300.450097459907,0
13.296881547371955,14.445715790190588,264.82068996379957,80.17741547053619,1791.7971309537222,0
17.203555864679576,31.37195038410755,108.40106195048544,24.197363035440745,828.4093661341221,0
43.3298331999064,28.309299215868762,38.19748612798095,89.29748320749326,331.4561752538478,0
56.719552342415454,30.60749108066951,253.9522988562082,84.75500048088594,1197.7131764800565,1
12.47482516794834,27.462563568894716,252.28326718778717,71.341009521986,2704.9961557935835,0
50.37831924729054,13.651439783792968,354.9159463294818,20.59541405285637,2024.8570190745434,0
28.772525527252867,12.225374867221262,373.6515930606929,32.31122935130105,2444.4092573061453,0
36.31906034557374,6.852984176829064,365.2567869029839,86.3270124423593,661.8477456518251,0
61.087275241506106,42.453543745174606,207.73157279379376,25.123878047115397,483.22038654859097,1
28.2584327604715,30.823967927062224,317.6864446771485,27.942363993565664,328.82440877430616,0
35.59353136667173,9.325550625202988,290.58789510876034,60.15227587170822,2689.1557250487176,0
10.752532811837462,8.860468991061976,213.6730692778752,37.756727492970526,1050.5068383838711,0
14.48792960026611,43.651780076306835,300.62028362206667,33.43228309534615,1448.762355852145,1
24.22253751241312,37.136543188165966,473.88769896959997,62.79251484339899,1286.3090590044362,1
11.531873245159092,32.96995399526857,100.4824031222818,45.92386414601641,2126.1423384821483,0
44.725642932653805,20.34320537696499,453.3571874138355,26.666471431882506,1074.9122048818576,1
33.45190962408924,13.098778213925877,31.460479421683193,59.39286270627355,1638.632206535129,0
40.14798615004121,48.97253815564119,157.65266038632203,47.12202947212569,2788.9556623886688,1
19.605595224298128,39.86197875114001,147.63189806270648,75.96489226472286,1410.1588783605907,0
26.276261619013887,15.088961156813824,315.05072840104833,23.528701712608903,1678.178851749389,0
46.51034611689988,42.378239813924736,69.95635112975872,66.51089924751582,1556.3201557770944,1
63.09164979967199,37.94659743073407,441.7620678606781,51.22894613628956,2307.9653953400802,1
12.772922548121507,14.854027493899919,415.1329471901954,48.70313562934954,967.0991350839375,0
58.97113764703963,21.327642712081985,327.7725807442125,34.279878104692315,726.0950403569924,1
41.72846607211646,9.297672269551333,231.91484673713788,17.525360340825024,2185.232895662155,0
41.0155761715593,5.5526222189054675,466.8132408603288,85.35820313226557,1339.0454659216355,1
37.51531943642682,36.13810164198484,416.21954458667517,42.09203714085735,2584.315022441718,1
13.816674724730087,13.375592867693332,252.16099830021622,71.5305562975773,1910.398214483494,0
14.943226845488837,41.00296828731268,352.42731045488404,93.6497541814667,1710.8577792793565,1
43.05016031124973,49.780435575721306,285.63032632894385,61.89419474081693,476.1426370646929,1
28.752721428955706,3.8309906964824334,296.031408002191,47.9631929091489,2126.029762844495,0
60.44974366177244,23.651756254185013,168.8331543715483,37.26670600694241,2015.1009137823955,0
32.36247955477097,40.10312796554015,233.7318792893239,92.52563478974196,1900.179811217887,1
17.88048022864526,39.44754482706168,43.67010824092338,71.61237589824486,969.7738089267264,0
49.30953584261198,37.99985791654842,181.8876023739733,70.21835564029445,2666.8483041861114,1
26.13443817925554,17.449746765095547,349.4351151042652,50.371140987057984,1104.13781758205,0
38.90086690457412,22.692662784252615,476.84193510056224,85.13904316799675,680.5773918848357,1
48.38080320278435,29.748417867073513,481.71673581769505,74.23479152178743,2768.0028873375345,1
59.51452611611387,48.69702917866286,280.08282021682135,38.504211557824334,2165.6156978094205,1
53.57051571409219,16.377363546924645,305.2780146457431,64.76502878207899,1336.9672058154533,1
47.19985873299983,46.157194385842885,96.93198682297891,50.706098231905045,2639.791077221767,1
47.3798250317329,13.467845909024707,349.1775135062977,15.54698351486618,527.7934359154932,0
62.02585542176476,49.45372327368523,39.97610237382119,82.03274481464918,519.1530410663945,1
26.27032536230948,33.513184341379585,145.91941447072503,25.194918960335166,2006.1275465714637,0
10.061165180790308,23.17557401792755,335.8398569062939,57.326223998216975,744.9301209471088,0
24.957500766900928,30.669521403180244,158.6035151140272,42.9067740260397,2592.8487879832105,0
21.98402587947092,13.62655845201034,29.674202686654887,43.393390419656235,2400.897935747177,0
46.4009021812699,13.70869287557333,416.7758526287271,54.621285323346065,1065.9180602529661,1
44.854137987104096,5.677727192174692,158.6133535316087,97.75291763363884,2522.0989556734257,0
42.64037604875981,5.702514885269938,36.23708630504582,48.89551349241249,407.21921751832093,0
10.893389376519954,17.383587073445568,42.020141428918265,30.13332607477551,1671.5946318437348,0
50.08279299478561,38.14277389481858,129.62060540043305,65.92932605809762,2638.906934272083,1
27.794172686702034,30.398558379908124,93.1178938746555,34.611879767280264,2438.4574473392454,0
46.57807939536471,5.129228016551041,388.27855830117466,23.760578347174885,1190.1833095024874,0
40.611813567618434,42.611826248795545,164.23360310018205,19.164456281472116,757.1760880865872,1
28.850200898534894,30.06838134950332,403.3244135947171,16.89914574363376,826.3514710093614,1
17.401694690725925,48.042778839238984,91.05376892246063,50.78666580981829,1586.2696951960131,0
15.193039371326453,33.50927337056038,248.97519387432146,50.418239729491674,1791.932359591185,0
55.733508321172295,8.75874318520905,345.57838110879874,30.400268206470095,382.0357915590911,0
60.51186481448569,23.689168115391112,327.73547266359816,80.07358146301037,1333.8788980872203,1
45.73834257203648,32.424879877360205,302.55905791548304,25.729462117349936,2375.9677891097613,1
15.688876317326585,1.4132350524988846,462.786692955929,90.9713269890621,1410.8223755894928,0
32.11149692885324,0.7455132077403948,118.11994811483846,63.76880614439161,722.9384773735262,0
50.09165600578365,6.470150029928395,249.39100620874217,17.29215921670916,2687.150732547742,0
52.890148620553745,12.583221752273538,442.57631228584233,94.92672793664548,965.6888498161667,1
16.502024226009873,21.477456176033776,43.557413969602734,40.55912454230585,2296.0706640851513,0
10.001689536496032,24.37202368798942,32.66469278527225,52.34792164496183,784.4854158473372,0
49.167537523433275,6.901380446894839,120.48463234135424,38.59430151854783,1357.9318230539748,0
29.61278967924131,33.66957895579154,318.34550367131914,75.45896773680354,1526.0563494370297,1
23.996473239004313,29.806903084826743,133.64041509265442,55.31145831972171,1551.5882398706112,0
10.7093608384239,14.723204942058011,99.1687424853555,25.986955630407714,1591.184670251762,0
39.71646737188249,0.6829941717646004,232.1071461023546,23.648928045834666,862.3688517244035,0
56.813290448428994,3.882395767664537,308.7310440408587,75.2061593059397,1589.788804902088,0
62.66974054499234,19.58473877554197,128.0360649732865,34.677756609295535,1504.2818846943856,0
41.11597228373091,7.698717558284196,153.84213742825233,26.43685009499322,821.7987428156581,0
38.295373025694175,18.840980307398542,308.71185588169936,56.452490550820954,2770.478898759277,0
14.67810120190826,31.409130225517757,473.14051888477906,81.62951886551323,2463.9084819663753,1
40.18800408484299,27.361871393964176,338.9971550818537,38.13896790746983,2518.9408775562074,1
30.898849343096703,11.558794156869713,392.53755107435717,37.94382377116705,2013.9276259572373,0
43.39244044859673,17.19112456293762,186.57099690395705,84.21214460161129,699.7425767293913,0
31.37994913321007,30.70155992243253,139.7659078953107,27.27020494920896,1720.2301597493722,0
23.21645178977017,43.042751402172435,229.86253288529815,66.18839011828342,2353.599079068465,1
15.223090137560707,37.660671936943864,404.53075021227846,94.2661190875546,396.8412217216563,1
27.320514452389265,27.670001341670748,230.86832268632514,84.82816141491652,1539.6077582190492,0
15.315465885826375,18.11464991582431,424.1290773509812,20.130664403717525,1290.3071999872955,0
19.729332295319118,18.25256387709027,494.4421304440879,41.55260275461491,830.311824148259,0
64.30348872187503,43.970865513219806,40.65319953651649,26.817080644187158,1245.6250094132943,1
34.42569562986402,1.96217880202732,27.478027261433326,93.7869729280326,2758.743777173632,0
39.25294715777591,49.39913222101305,79.0469029421141,96.83314999643274,2108.1083159044438,1
58.04901908054684,33.21877054257811,195.26298948850138,34.50442070482315,1048.8427000373536,1
64.75628952698783,34.05688495361952,69.86589352698904,70.58502072078646,1813.387628702074,1
42.04929471395749,1.8998918652371077,435.9789164212842,84.85543375991082,916.6406007141994,0
54.68606015742944,30.276463744563607,16.457394258396583,34.39546360640155,1827.1097725606846,0
27.98175633851714,24.23890300452235,161.31739458623215,30.577492648641133,2540.4167237123293,0
26.81591765960101,5.288945344703349,96.42384159963164,15.930514929524264,1692.1919998563808,0
32.14870465470081,13.896100538467953,466.1119684279785,49.19288392614665,2133.3499386317067,1
46.9878994470507,44.51572281068256,336.39309742056383,89.65330937876146,1433.347496790742,1
47.52054290903043,27.499420793297645,456.4549769434304,89.94731087167696,1610.3097941599915,1
27.338168905719794,20.670828758695436,486.3027116036447,25.602679583248353,2037.6876968871966,1
17.32654582751458,3.634107792040547,251.06363062029777,31.96125588385678,2331.012512628493,0
44.78179410560297,35.706076370115284,120.987958483773,48.86792846756629,1948.6284663136241,0
17.05792242038205,35.142541169801625,100.89574916731169,79.79183724858726,2743.7299847252325,0
41.81708795261315,30.70218034862818,115.34483653449105,65.78367313313348,2349.556469495707,0
48.138217043096994,25.51313231103246,355.75368727289145,57.64952871217796,2242.900511519688,1
48.53363230169484,21.689220110368634,25.020635420885363,64.13034639047606,2412.753947452564,0
51.44096608627782,29.663554649399615,30.42373115119386,22.98457458559062,1003.0273385608726,0
58.00726818611155,11.669772586420335,306.03075647965926,54.64608230715728,1380.1178848709517,0
37.49774455806336,47.062953208882384,322.81828763501625,97.34125303174766,1711.1572959864768,1
50.16370542412641,29.439726459011478,334.30514753961774,22.34103019594429,1455.9657961067142,1
44.05450044512102,15.559622217718827,189.08084977135266,58.09747424369557,2418.6445455601993,0
20.265196688872543,22.483992544257863,403.9427199135058,39.53888871756209,367.67129419808003,0
11.41293046781745,40.28423944384462,269.1441709246757,59.812803639542594,822.9385430820521,1
25.64977621223136,8.080803036514872,57.205486854662624,62.62695708280097,2504.2663525046373,0
34.366853848569065,14.64178112301302,399.5641569983359,62.9302505439165,447.75034419241797,0
43.9408269435761,33.97540113682777,476.7685542038769,85.7333291808036,867.4707590219951,1
56.7477631776763,15.774460324111194,34.71797493616754,47.34903541791385,1178.1258259412157,0
20.79351441883911,39.6250840930733,198.71891265678707,57.85739550131916,2176.8514020292273,0
16.90523844441624,6.522674358868041,246.32044219320008,15.90705711432313,1700.451740417121,0
62.99139711108801,38.13430852273043,77.50302623876689,80.53269993112065,2686.5117569508275,1
15.942450765702391,3.4175857425283116,434.51592915252417,36.53747971219579,869.6875376824337,0
36.31700885589541,0.6296306333747392,145.6540742205718,82.77406699536286,2480.3010124718235,0
42.2060050836316,44.91117594160811,392.58922726938926,37.048009309566325,1007.283724373122,1
39.7755931499091,29.066960846614933,337.1422686040164,15.895445189786855,913.7456478164005,1
14.731768636811875,17.591344854340573,301.0326821211766,27.850999410056083,1545.9379952483769,0
13.136480270199066,11.62973184819252,100.11071010479444,96.81168091348994,478.0112631412342,0
15.80158851035696,30.844289163040806,114.24824267269832,41.54350341368305,1260.767532483208,0
42.207322612993686,25.45010917683691,28.437460349551813,24.032383867058016,1189.1899202743593,0
39.93896881988766,49.57988877649926,124.15265274222185,24.856980700937292,700.2538892544338,1
22.855743562020933,49.16079933268729,175.9945866829545,40.758445266749575,2451.9871131872765,1
45.07757780150754,31.75122830708048,417.40692541190054,18.124538412691333,1264.7241092734582,1
55.103712613060715,22.143525305294524,186.36437002382863,57.45355281412216,2754.8004487842063,0
12.286842791562657,24.557048456733106,378.5377824689752,32.74049598561358,2549.2698725944356,0
37.39714689514233,34.123953311843096,222.52392924126636,58.10278323594039,787.0267489248137,1
47.91207266564797,5.078727211769069,393.50981443697475,26.683430152035275,1562.8054308448461,0
23.87715598883279,16.41760369053591,488.2544422163347,50.678150008451865,1804.5103459163822,1
26.9273997911232,3.7636120501801926,123.72157123850216,64.6270992473033,2347.4012573590526,0
43.75008466441611,3.6680379758459782,431.8590979221187,20.145994882062965,2514.106874128487,0
59.38644113940553,9.791962094711687,312.80292272135847,48.09619266783786,1860.0450528887247,0
54.54584311665946,24.262662729661344,409.5606594863841,40.10947714214409,387.8355078555385,1
42.07216205047709,39.23871605813947,327.5350216225636,34.94986476855662,1503.1911237953234,1
50.16219447664871,24.274794558293628,214.85500610070432,65.1763739650132,2512.008840465831,1
30.065235861428928,16.773830528043487,117.89709502368623,63.848984818528805,2085.2240063606496,0
45.25310404543168,4.117649516837907,39.66743653892669,67.34808395424857,2475.3548535236446,0
35.63998751201564,27.51477615915648,270.0815904080549,28.187261645899273,1985.1994743067683,0
20.446487505165848,13.563429324158838,495.21141679079847,38.7138673235732,410.08752453743165,0
48.595605063249145,30.74670889585737,370.3306934820321,32.40333857359153,2720.0166405165264,1
40.60555505418521,48.85938695662092,167.03604299251322,59.86179921482088,2595.046351424197,1
29.724187007447526,5.565716073877508,414.466376042934,53.26845220439815,616.4488497815582,0
60.12365545432469,10.606269936096997,385.6470800873212,42.414380220198254,581.727917109372,1
11.15137648047033,23.654726904968737,144.40971770996111,80.23922913607994,1647.6962511925503,0
27.36752331872228,48.430690767296475,12.082207448146168,22.799820785895772,2192.627086392208,0
13.128476877770561,38.59048881349978,63.490506074305046,95.9164251667183,1255.4330298456343,0
52.15900239218949,44.9114596581415,439.2665642044685,24.673158458671452,640.9554088581051,1
48.61590997625859,16.685742423789645,419.0987024759115,79.16487744317466,1576.3902469533864,1
28.224372030497438,49.60192368892973,151.1284554347894,45.56310570034904,1143.9153405474312,1
47.161459621389014,5.14164080320787,146.1717360107881,86.81676501793987,1179.4298888783117,0
31.776547440777243,2.6486453023050416,397.4681686157232,21.15610574908545,1912.4638421009554,0
51.593958528233884,42.7801313527014,469.1800475982339,46.10190194596404,2514.02024807376,1
34.98010145051883,46.363243510349314,390.672942114812,42.84180273951961,1696.4793271391106,1
32.67538503074161,4.529267877305088,304.76144513022695,97.43203417271944,2019.006277074089,0
61.410145351856556,5.671371337292075,125.12231841424324,96.80056657583891,1949.8674788031037,0
23.798350493988515,1.6587078877886907,265.24521747715403,30.753728569310205,1677.865481392325,0
16.624603699811097,5.225378132136205,120.58837000366599,67.28559773796212,1076.8953639578253,0
42.1498712292702,10.470990840014045,404.9656529479029,59.44811185260804,1244.485462275597,0
63.31269967562984,48.50383094550005,196.54573436127995,27.812999772981314,1089.2594962260405,1
30.781156754995266,33.39301111198402,417.680122412043,28.92571560666711,2593.745241205137,1
13.412021999582983,38.927651275927104,193.89656290144902,97.10789346380304,2366.546676276108,1
28.66178970202621,38.80697018457611,412.9539555739462,52.576589470537414,1748.3684321280518,1
37.826240987575716,26.753687488960733,169.99231850679476,25.441507236006103,2580.6086774355017,0
18.905765364771753,39.87444888565086,222.86568878574658,32.82757321535811,2516.021732869945,0
46.19562199310706,29.79037661949848,309.66676757461545,37.27288958162962,2619.2359993795876,1
64.87621639556103,15.72730488016788,39.792368944809745,57.4061328554454,854.4346441388323,0
34.84567117897941,28.055505438420035,474.3624955986549,42.85049474902367,2093.7575944097366,1
29.510070620161695,26.675429306725672,288.9348641312826,52.76597822886344,1823.0612498087546,0
32.03872917589567,41.172652687966036,256.37090727194715,28.819462741413105,2134.576594586518,1
16.333039811736064,49.08636086908295,420.5000157043565,42.11848131876302,958.448409795718,1
58.58004807844231,20.552128271046527,433.55255129892964,20.836277195573587,2037.0226785957443,1
32.81541105367436,38.169533922067984,263.5189002418629,88.84595269849545,1324.5712881359675,1
31.300092628366272,4.988150201906677,463.9948512678505,31.496455604991993,2385.2294907657506,0
46.28296501117609,38.84156847241443,37.04519420785791,77.82271124058532,2288.4143129044323,1
34.311838151211795,18.570845599661606,61.04676716435268,44.012798420877715,828.3940271472928,0
45.65284078443153,1.9695081444843332,300.41017385714787,54.37497747200285,759.6381910082575,0
13.379545957193313,18.16230892810886,180.26260158782392,39.17466627528182,2094.329303212165,0
54.75478390472251,30.53213754608224,234.79145726365343,72.8046255019117,1676.1872368204013,1
61.72771740836714,5.962508384073328,167.39921285909745,85.09735279980072,1693.0147767051224,0
45.68209623876623,46.20172462151273,205.33902916524312,38.76042533338581,2181.288308648386,1
62.50112608723459,3.883620663641929,412.2099418374182,35.104064424078175,2437.426982554475,0
18.32877729034798,46.50033599165831,298.7707189278808,71.55954203350345,897.4097515217919,1
36.257890421419454,35.356875896784324,498.6855518953316,31.19770402712083,1688.8488669763753,1
43.0993703669996,16.48560877071018,394.5052029213767,68.10670054561109,2372.386773730193,1
41.99551560816526,19.537517385454663,140.4647957804042,22.837530614571747,2481.9854279875062,0
32.08039784989738,37.04046823663721,135.85083327471463,66.47138427673704,1018.5234708462915,0
28.594642515144375,30.073555044060367,171.26964370791853,57.61275892286595,560.3846414937814,0
16.975321240273033,33.58214607274726,422.41344292063263,24.454174392833593,882.0581346944498,1
31.5458347809253,19.458230825674,18.50738707202997,68.87560169376178,2663.748785036318,0
18.94634483080168,24.39067409037995,118.93973304127258,52.064244033828295,1456.1992810880356,0
50.390112207072015,49.49337420189467,452.9346180704121,33.020549217818115,1346.4344763900622,1
21.48570145220245,10.696143524985885,321.74873586120975,44.33088492328072,332.7108718355254,0
13.221091790649362,20.89280932610657,117.28931227302293,55.84447476803116,427.53670730337785,0
40.380137579947885,14.591159378698364,113.47675927512726,22.599000862943704,1971.7398236868091,0
42.73763529956709,38.25557552199249,431.9959603709181,94.48158709965341,1774.5676718124912,1
57.9552183704278,38.200631283286036,447.409966597138,70.24165896560606,1738.8207462385094,1
41.7339886829725,14.622273049869793,131.78489002624707,23.51040344687877,575.8071900611789,0
29.001446954789515,4.069515831649145,213.15262724788346,83.29756129926214,1180.1529239133838,0
54.16565348394763,0.5716338336102023,418.124890621017,41.77205926853007,2330.8953466003695,0
39.71533912530816,21.372526662124276,386.64868211189327,64.53436154719427,737.2780597915933,1
14.360415654715545,20.516879716788544,407.8884727502118,38.002855851104584,2506.7181274560908,0
41.12178081722857,49.419493931993145,261.60710444004457,75.8726934279124,603.6957508722579,1
59.94101999819143,23.49010378488398,456.2167789110607,75.00974492500849,722.8733253099704,1
31.79719440240213,12.820918478771032,166.34601425744546,60.81960692041069,1494.3749028843213,0
26.297919104489004,44.56147205157337,82.55270650202142,34.99682417514098,2663.2497611213435,0
17.890820135991103,24.553397482678925,355.8225046196081,36.057416023508075,1123.869195363559,0
18.329503706444655,29.95878176052889,271.9804359234137,46.777612125680264,1945.5449838951222,0
33.80243163880004,4.783435521410634,428.0199555606931,27.03600989389168,1771.6781399726906,0
42.76239032888412,19.145820366488703,45.1738283167339,43.02542419484666,674.0565912513938,0
14.433847284328095,47.21118372368934,422.6277397018431,71.80143190360994,920.4172534854083,1
61.676272396384114,29.47526920877127,150.180853338367,83.96015824493196,2625.381931609555,1
51.53234895948577,17.225092757123083,329.1535552482506,42.60433011094899,762.0740591327487,0
42.264315505601445,31.283359031579653,24.863750593736615,34.38799143511221,2037.5247243877832,0
55.56412690164449,45.52055447890581,306.7427416702823,84.10933400181615,2711.736206500761,1
14.410271624666231,13.699530023629503,360.04948614773133,88.92843427303147,598.7649805056952,0
36.226138275321844,25.25583592353372,187.53135618028205,49.031786434901335,1297.9549754682862,0
44.65512197739149,47.93453269558777,111.62829910475942,17.23304476951961,859.830361106843,1
55.57590983650591,8.619807164922634,271.1271849187548,72.68181453421461,853.9037935113572,0
53.09082580270972,35.983196279835575,417.429448195645,80.07475860319974,597.464609999202,1
25.23880873423698,30.72405041014912,165.15594235684216,16.49601301264854,1923.8779599786646,0
61.748409325756235,33.98375655703174,129.9723022730334,64.3875608273456,2165.8587747767797,1
16.83902127869787,17.560981533378484,143.0729777756554,63.834606934266525,1991.9847750576405,0
58.13234902416337,15.693968674188246,474.8204156937489,46.432756426076864,2611.641144047882,1
63.40171372825402,34.210483529418525,182.84207330345703,77.23068804561953,664.1970217951355,1
19.74344377724441,10.777164255227268,6.784098744702152,50.53886016349193,1099.6134334625153,0
49.71363353120819,20.982737242950257,391.93219794001175,71.17240399868322,1161.4320242561398,1
12.215703532789917,9.4087323026459,351.1410236910181,57.92073628471761,880.2052596172616,0
32.29825538265352,0.41524205616648713,68.6412909784696,35.62256219033605,655.5123603924164,0
38.395581455872076,48.50286800190347,492.52760332178167,65.33957162984093,1516.7586898156594,1
41.935487425029876,21.585148932820953,305.99083122603,76.16340507220485,2386.099070118571,1
61.476548653670775,48.46748072099126,252.88584801559773,95.8341708952713,2686.349314008295,1
46.973787801180706,7.016175988391304,194.19853747333107,46.549042584600315,623.3515805462441,0
36.47028731705804,29.3683389728743,449.84301400400074,20.35122120730714,2357.89307018184,1
54.532126994623916,10.04870163956198,125.76192330218882,97.0016113613722,2361.452807413187,0
62.27930515249249,39.50370634816374,146.4556056088514,66.77595273231951,1272.4453038814172,1
11.213638177525997,39.18514943804876,65.59334930985062,93.55538802734385,575.0740603636353,0
64.03866997408213,5.6303574519655895,380.7639523142087,23.617648138922906,2775.020016892245,0
14.737267648502417,45.60322264381946,299.7968938008974,43.38880870924798,1938.9825763220467,1
54.79127285978188,9.73148236016123,306.4877537809767,26.116746006436117,2755.489237603951,0
25.418411390327687,30.64886707946802,113.14286335463449,84.34734283031094,1509.138789211646,0
17.269881176462945,49.281681004385206,327.3283526179065,88.06844753863324,1287.982499841822,1
34.192060184260924,44.11982673831819,383.90193138719764,56.608871089626696,917.9636899261345,1
45.417611869618746,47.82819642805845,182.15482270921618,30.488316065948528,2758.930004430049,1
30.952351476291124,17.129938560905973,401.66683626104754,25.550874430295806,933.1431736556842,0
13.001097455548443,5.278782110973168,177.65134132335035,63.81762113665716,359.40689054512586,0
42.97036268122941,9.417343664472504,380.2785384470974,57.02923494057995,1581.1710339711947,0
59.63218018608711,25.024744753830692,21.696403191570898,72.66749549651641,1242.6262326272886,0
31.076845127098842,39.6614839136661,277.8264777294581,40.332202797459274,953.4562585731612,1
21.898302769695487,7.507682209193761,484.9156475167439,48.396543587022066,1886.5202912029335,0
34.34175402630485,32.986576613037855,490.7160773377834,16.77296912964606,1210.6715372445556,1
12.659949107682948,16.17888020197559,144.4675262791616,65.64187274126891,1305.627220792182,0
55.126817146415114,17.060103619607673,223.49255008477596,50.12091227175766,357.61400973511076,0
55.44874460226027,33.09588650789632,36.174064453383366,91.34046460651618,1772.6773213826439,1
42.340025488629564,23.349970976661012,437.30394726427687,68.2682627094988,605.177574617607,1
29.42065889161142,40.60166465129969,286.443215804406,48.091642790324585,834.5121472385545,1
53.98808504451809,7.795925483141353,195.62483607555592,36.87790201248808,2092.7945515315955,0
40.507786363360196,39.497413488351924,60.82142645213077,90.13865023643402,1083.1068154597774,1
55.42627697025089,3.2117624028710434,473.6498063209601,16.35000115174779,708.0254935959524,0
44.730233592066135,9.702694012280249,267.4584286713919,42.133734781948554,1743.560367656202,0
53.142301026703855,32.80748572515827,145.0493248960374,93.3109634544069,837.2612373448516,1
42.9209646269768,42.746282825553564,178.3564894150972,69.28473957947065,977.4455348967625,1
32.77775875186164,12.633981386967452,138.9951045564631,59.21568291651383,1853.3482749446844,0
62.68702229593757,16.359580291445646,302.89585538420545,31.893381587395478,2149.6544534097875,0
39.761260368336465,26.856037414336996,465.33197001135244,84.17010626311414,2149.149212988943,1
43.279923519729614,10.578640324465116,429.0634326466494,31.948522195200415,1505.6085296770761,0
22.12682016781121,40.55781307937528,232.88853333585885,35.605043116263744,1435.7422775235887,0
44.410793418500205,38.68183225028804,414.11718433899887,30.923644858363986,2269.1129605781434,1
41.43842072156191,7.264585598289081,214.4372132317833,28.12640522727032,782.5868127812927,0
20.166111887086373,23.191486590831605,129.89203467552582,94.12493716624064,680.5061188211481,0
13.277290354422904,38.74138833273107,491.7904820568818,64.9686224797286,1961.7376650737745,1
43.23976258431241,16.86647655517074,155.4243461455568,67.9404819568378,1323.7673359731384,0
52.00307481426763,31.655341135886584,165.24349433851964,94.20901365133903,2074.9961514254524,1
38.78707540071045,2.5106560728786365,494.8979695543285,34.1377295754217,941.5005586580899,0
22.472494392580515,30.434438026465898,71.29410911699917,15.491155703608442,1112.1797026669174,0
46.65870871811692,7.632649000030351,381.4643240647991,64.70734291433416,2541.6941229634767,0
14.405814963528123,41.529166255722565,468.22731544894964,57.15112281760516,1354.1413170539704,1
34.3008537641075,17.772473179023923,258.3385221663322,54.644981324058406,1777.383674300961,0
18.98517171191311,14.077693136409785,6.248272042895918,20.136057533434528,566.7054852957738,0
20.145247808293583,42.04444883557425,190.65417733598758,52.718093925707116,747.0729304818968,1
21.1261672037012,2.5072011535905103,60.22665123048941,38.86744390252801,389.7193220566106,0
31.268888137418784,19.83043996671724,211.01289216217938,37.78886820961799,1360.9270294041664,0
12.81326130912187,18.50017702875157,396.0632470129309,33.457671154864705,2772.30001123756,0
31.8786392511004,14.240018712477543,222.16221669748123,42.59985385962937,2484.682881628665,0
38.14390959130854,45.587716600073854,218.80293506623167,44.310045236903235,1882.2722873512673,1
36.581185673147885,37.54641967583611,280.6107910748291,40.62838943804579,2452.741229893665,1
31.05312552216723,3.1961582095969385,292.93683945010173,96.23647540471924,1785.4233908810577,0
56.153063443891384,35.734372471747704,428.86667285549083,92.41668009728743,1221.9222008353443,1
17.992968083127728,26.3649566564397,157.63594241833098,62.684338260563564,733.8660027527883,0
37.813320907975566,45.04339472007896,411.7272758621679,96.42755158805572,1932.6218544005606,1
13.412277932610486,15.647280867417923,285.13720560256337,97.26943485649278,782.6281909768634,0
13.913562338285036,28.708099980479147,153.76212710998774,44.54299593143611,1343.5710430001504,0
41.562621732240295,25.0377637370493,151.08739178300817,51.9505662963988,2364.504605388158,0
41.13101336883015,24.478045311380285,183.76307096733362,94.60212748972724,623.0732564043212,1
58.29184320644514,22.805269975860632,313.23315509688786,65.51597454179098,622.5535476419877,1
40.683052161304026,10.281473776614064,119.25180702317483,32.67311387549362,861.0060389789934,0
62.78850612226676,37.78549612461964,460.5651130277724,72.21859547192953,1679.7932678057475,1
12.678216661996137,22.566801636964435,289.5817291680607,32.07693310982526,929.3086956497826,0
15.390422662940757,47.92581375013029,460.40780961302335,43.1666927247632,1557.994843137502,1
12.423622386370976,13.040421359638815,27.97015749668158,33.88749353691418,1054.956527649218,0
20.1902267683447,34.13719198135205,174.59262837842934,35.33335792250891,1565.6055122710138,0
39.7698561017923,47.03585398195542,16.289792040373424,15.386413270042928,994.0786225043255,0
45.50646997850854,33.172916150804625,139.76464847349504,88.0988330725545,2750.030939021413,1
12.507183687176784,43.56364538086973,431.69320377295116,39.567211107890884,1531.7947528549194,1
62.02839894150796,41.374047987850304,23.12180934188942,22.169073500391942,2159.1085852706,0
56.319095715770956,18.005885774450192,220.8928144582937,22.21995467153035,2051.3663972455124,0
26.31368651864012,30.006196996974825,63.19569988424775,61.14951694625903,1526.398437035903,0
14.245314162455738,7.81306699056778,211.33612633388202,97.41240569431679,897.155154169813,0
19.34378902704815,26.776294134779977,420.23153421086676,27.036864783425905,1576.7956947821622,0
16.981942756523498,11.52109859071686,313.420161534247,23.268607818821735,2002.4290593010862,0
16.78060786144208,37.18684074762228,369.6943909390545,51.379222073373526,1449.7981764080296,1
38.52089287661536,26.40292109460623,177.80653714754257,61.75649406878602,504.81276840685405,0
23.521609337137015,20.561368131583023,472.47685903002,39.43356978686906,344.9580738952099,1
29.697684409102944,13.439854808348878,356.08473642085255,40.10933367865091,1119.6920211695963,0
64.42279333613774,49.93492409206434,213.7904155458428,50.23154965346281,675.5598152332798,1
47.63728369089396,3.585526044246634,216.10007611239217,41.074086057500296,2565.475614814989,0
62.19393668758507,2.178034028621001,459.7486680819323,90.9725214361869,739.5816752123121,1
17.840610526821358,10.862870024693228,290.3203232505189,18.482229417122205,1285.7067850289154,0
31.01767111579131,48.55362293139098,354.65770890200565,34.469323269232795,2080.1937801787035,1
40.510249180529485,48.961908415999225,211.43243613401953,82.10988208687597,2338.5541500401523,1
14.221693403880591,32.746386738606795,115.72791855853349,84.21852434719142,1494.2828829453272,0
10.230309399537683,44.005333360320236,363.16184953723723,24.259071554028694,752.8375240209803,1
46.87388835883046,10.69808654203977,305.872767209987,95.82236635105548,977.2380589396327,0
45.300073424078946,48.60210470883118,253.1647258102658,72.54845254162603,1347.4211191028678,1
32.59338454997865,7.139242506978233,313.8903652972596,37.62522364663843,1211.4864733139575,0
36.93042418176179,5.056259409082914,108.10136510179565,52.851142779599726,1171.6818929241413,0
32.84936503256493,5.610576962363645,397.99965973331837,39.66250542414127,629.6345043916607,0
11.320277466468887,28.656396163628234,474.3405884850514,27.451846737916807,2583.2756304273744,1
28.445438341960433,39.04872003590262,446.09605636301285,39.16777937415996,374.39151604428764,1
19.73952404685094,18.333358893731656,164.11069392697348,63.14763081163833,1400.005319689378,0
15.41333040057528,48.89479938930633,205.97285777462756,83.5554846713439,2750.8037312577167,1
62.61962386391424,21.721006905916475,405.15913839979277,45.17291321583491,1949.3098470602552,1
42.96478487731911,7.522427538660814,299.5829797581789,43.87582786547087,1188.5266593327083,0
50.076095633013146,23.298337409306836,276.21764961994137,53.84405818974978,665.2439611329247,1
27.345005879636464,33.95185827112199,463.68777392905537,68.49811479704074,2709.6815141144025,1
31.623092122170835,41.61128902521894,270.3323556836401,77.38414978188166,334.9659046828743,1
23.030819664319793,22.938414497829644,259.8946463957184,42.12435889835633,2003.4689265328586,0
15.333111903098361,29.680341302458373,25.799202676848026,63.66725482948653,2500.3436786133184,0
19.846740059287107,13.367235607942668,39.36139450211813,47.31694982631324,362.9012247156055,0
53.863272491306724,32.2958263202757,8.673052400921838,74.46118758016104,2112.9371602262527,0
47.26501928510767,49.29859719751718,457.0558917628986,28.66801840291273,2797.094403136837,1
40.08108817920123,2.452678629389693,207.1513967087618,36.324763799257575,1899.1061714333734,0
36.12994300767224,44.32653353525839,236.9378811860392,50.36301484694823,1336.697369608497,1
60.73388560108685,28.11412513837614,423.4665390582687,88.82142756347352,2486.001798390705,1
14.000422127826763,12.604932978114997,306.57692363601006,62.58604051610729,1685.4481160565706,0
25.433044728085378,47.74448550046289,306.70329021333765,95.12787787545717,2173.60211697485,1
29.246581946389274,24.167715152944947,151.78454253063217,23.572047878329958,1769.4474795462622,0
53.03341967170333,16.58451258366928,417.784645092637,53.19455933302759,395.72773121987314,1
64.58830410890843,9.074881413542057,87.08583813954942,49.783517993766885,832.8624705133689,0
23.23687831164342,12.222610512833104,31.309048125609213,64.81711264169539,496.90893496687397,0
58.086903377539436,41.64245207957213,99.84366197167348,82.393062522729,566.7194059580575,1
55.68425182374852,30.72050046585829,137.52992329340952,84.84018612339399,338.51373397017994,1
22.356156870297163,45.6622809744158,144.74397363783234,70.62615252255719,1352.9124475353824,1
31.963291910957242,11.598422607889292,336.90423131628995,68.24751823238094,746.6290793854128,0
32.53200781108855,6.056928692445074,112.82317072767854,93.76945198971902,2439.2413012349293,0
63.80213676896071,0.30437654877950027,339.9458607250173,46.846054335989244,2175.093843851651,0
19.94905457583941,25.39310188079969,50.11042575073087,84.12101507764453,1732.94248703874,0
53.953688410763014,49.91534651909941,77.86521824346497,91.4848093486604,1522.5533633759885,1
28.380599279521046,34.74826344093195,256.8666170030425,55.797757274011346,939.6716014399395,1
50.197869017688824,15.419729598257303,461.3384222754381,75.51551402407392,1487.3786646874637,1
33.10060523626146,43.84292915130858,430.4859564615014,46.29264810368521,1903.073189661027,1
41.8097869714097,39.08611329939799,484.53295400918756,28.18695817821854,2255.5721504819385,1
55.793647532937214,0.7707583038269628,326.9871373126946,63.679822162211295,504.2051656489835,0
54.22910607411363,40.84302402705112,339.5283588759655,31.307147020511145,2071.161721863875,1
57.65327509468351,15.026337861924798,314.38638447108855,52.98072785672113,2156.8246919032135,1
13.278952893956246,7.483673229180054,313.29536681480766,87.44898300625167,1697.430502312141,0
48.06278041718596,11.316541986853728,77.8245708084544,22.13950956778548,835.7979892580031,0
17.69930571969696,23.42899021875695,274.15078330114466,17.52556846016592,1647.9614687529377,0
32.87002124101261,21.243396353400552,196.10362705860425,65.33766133269667,1556.762204538276,0
40.17236282800786,14.444364968711337,224.05592180976026,42.47809010737629,1489.2752409669904,0
32.15067166107569,8.610916110351635,264.1822836643225,49.688829674850965,1451.5997886679602,0
38.57864216916541,38.11153948210846,68.55610504211455,48.67397885864152,577.0639157287994,0
64.80894698392405,49.505489186745855,182.94642825679932,22.189479007793775,757.2312121434119,1
17.43695225420701,38.88957902098452,36.40753263391878,15.296013912406348,543.3302211283558,0
47.150082493503405,14.79684838357706,489.93572455908753,89.56912915773394,906.194569169961,1
31.780053151208836,12.240448070606668,63.67137426596244,33.07728055501095,958.6919568266825,0
17.31553893990308,10.883293803296912,132.9697455797525,50.36455632473593,912.6896537326135,0
18.730521985587025,6.834753724451814,446.18999871818164,95.66984112369953,827.3226704640085,0
62.21002084350893,27.56652748461506,243.9414728883752,83.62129430464314,2138.5551137119724,1
58.37808231914691,30.27001859766721,72.140414752712,23.958260986804284,2346.4134989952945,0
59.8873078228262,35.27513303315686,195.1941163294777,57.20707962384461,1117.7730414314246,1
64.53430267050626,34.0106685466834,62.354657124735986,75.59655919908633,1062.8222292111222,1
21.457346450468485,14.616665564169123,104.10691855682838,72.96660115493464,2410.08087438127,0
29.549163555023394,16.51555026984233,30.754774240173287,78.14987374957103,1859.8097541644777,0
46.80704664586767,34.075726772116894,221.92260980180447,52.96873635570693,1033.5958119726438,1
36.6091396923356,17.472382039181415,404.2848802540036,29.601603134413413,2084.0307314664556,0
33.01142433580834,10.631159480965652,295.05474345644825,53.58441284530793,1161.4820255829184,0
29.679618713457618,18.71680768483698,305.1409262148828,68.77464168138323,1766.3890358554327,0
42.65793475688987,13.604207878898883,104.28909489120396,65.51314318822894,2781.5850749695037,0
41.657638575204516,4.4156360609288905,175.22745240992143,20.853330464454416,1053.985938040083,0
18.880180873533206,41.50694511383268,423.3948414012118,20.391052028821917,2626.3150017708326,1
35.94569106351415,42.65556945785182,48.488811241624695,95.1163999858826,1101.6310357117454,1
40.440947691541744,10.987515008343973,429.67567356592417,27.599852768300998,1650.7167609370586,0
41.36578163022648,3.2386099762600873,244.4265630010689,39.44038451297292,1449.9594739975998,0
21.55589561017935,36.94137186755898,419.38797850593306,78.71366201896174,2257.8989058598404,1
50.82492657387577,10.576431293170685,162.41317760022815,49.00319729332352,452.731748704987,0
11.38595021515883,19.671774471843012,172.72726103359528,30.061582820582714,1867.8057601716596,0
29.515752054873946,3.206762611869163,377.04440981995566,53.780287731711866,2201.667360872057,0
52.911695669459846,11.313479237921758,393.573105829149,62.22284757335937,1480.362128455298,1
41.01411065804713,39.64511391648179,118.67411560512265,52.57962857008028,563.2315163445135,1
24.363933788097313,40.21982234576009,486.57130578684325,91.27252426418505,912.0125337120328,1
48.22242156386763,10.35424124438552,46.82260160119033,38.63004149325886,1999.180925252159,0
41.20650192858403,16.795692255334476,38.90896673555479,69.89056933807268,2538.593463750788,0
53.79339852010129,6.711920954687178,299.7745865666209,24.320461877021508,1354.0215175012215,0
50.42638524044028,3.708631514246119,362.7566800469526,47.55969298611421,1701.030087695648,0
43.55593571199291,49.60858572242047,480.6386339663621,76.50243988155282,870.9625918171552,1
36.84977214209477,32.779697562241964,205.44816149543647,33.65980606892563,1330.5332850921786,0
17.32501691171379,27.104825459915936,17.51924744986839,63.95099678931625,1141.9745194262287,0
24.37331598369611,38.27492502026498,303.43368802597143,27.73527342435201,1938.813869928809,1
33.05047101043969,42.00385798438621,148.39953019639208,23.5242403829938,2761.7473791877774,0
42.96146078535138,40.33573840223637,219.30882499172412,58.428318160778545,2333.2586299642153,1
38.25393203684176,0.8269724644938303,246.79239371371796,71.02591267514038,780.4114623154628,0
25.85014892777412,9.340394909524925,36.93374231532674,24.409466497462127,1744.196483266917,0
10.35553967843408,32.745265105891555,245.56098335923087,91.17542894695195,466.029287371004,0
37.29315720454477,18.787967390198148,216.0282350681358,33.73909780388975,917.2887171065888,0
25.70942937092337,49.12413255305535,357.7094113168636,24.9579505772219,730.544190150976,1
50.40345653907943,33.2702396319127,324.6046260501106,31.824009393067474,1138.8638440986574,1
11.317044589876591,47.82744543646032,96.6817804845277,29.074513892142882,1997.0349226105338,0
42.1655296218185,10.072324082289692,107.03876451414651,22.525996000874766,1548.4832922920668,0
61.781083062833595,43.19785140575115,129.24805849331477,81.22065648663272,2632.273149573044,1
19.592509691132474,16.067615290761267,93.58046794710278,56.12963530376121,831.8720996212717,0
35.94072199128274,49.47824041189034,330.32053383589124,47.24711355143067,1210.5228656348504,1
15.028209549942598,7.884433603657365,497.2429387041339,93.90211793968305,1124.6314419811738,0
44.412505174374395,25.81699094191633,327.7936285553886,45.79369612637764,889.9090648998248,1
40.27924243279241,39.642226691856095,305.30736536468913,28.858736261916718,2782.9269228156113,1
32.40510383170578,21.632124030201794,207.91432700878087,37.74556002990749,1268.063863607636,0
38.67573618105577,23.404203009382336,159.72722813558156,34.83422228785351,2651.272451248996,0
59.311606215795564,49.31778977528705,455.9815096687072,56.3955262037543,1276.1836846324736,1
20.79618662710869,21.265407515057667,484.65592770036574,39.19492528822964,810.2291968516523,1
11.241048143794098,30.203605029953177,250.90420691592527,57.83307729146803,598.0158267067778,0
57.39156865845055,2.726983033757535,148.64924527574595,70.55135427058349,2438.907982938763,0
41.74143953133486,42.110504010513,386.210492796535,79.5157992142004,380.24410121269557,1
58.986215050401334,32.40840244897718,70.56611147910483,73.94309584518015,2710.986470848203,1
42.831987287724495,20.201005143140677,383.96617763362235,32.06402946587796,1345.478029463871,1
54.55885994778364,0.8084769977259876,410.37944528411265,24.619676697148563,918.4358777108928,0
33.632034984533135,29.583441029675196,66.82745259044785,60.023363205403825,1843.6153305384062,0
51.24229622085478,0.6328914242081096,488.54642705429904,31.50967867027605,632.2824795904658,0
60.21728067894208,0.06018069545089544,492.8285837422968,22.0494989070356,480.3639339158894,0
41.466763004721344,30.80492810746773,468.67614226703887,58.748830467291626,2369.4583797739174,1
19.943183280930874,9.450853366727713,250.53723065610083,42.12391736394702,1361.676936563317,0
24.7838688266609,9.594377485904765,126.80670042703008,77.76036799089582,1595.63728026133,0
20.92545172935732,32.66357829163719,293.09459403654694,41.07790533551869,741.7400221876621,0
23.57713651776531,2.6848593969687142,212.86725004336068,96.23352237563255,453.5606113173557,0
26.852849714307002,15.670278073727816,106.94457913501256,77.95742487463878,1219.4403316296168,0
40.532358271425366,7.471595107100954,214.71982276083455,19.78853738357556,1565.3656309502235,0
42.339539620510806,29.008818489826695,333.6254686604073,57.23643744957092,2213.5765546950697,1
33.45748609830236,33.08825773636979,40.10208883906557,61.697501600771155,1552.6300005886585,0
43.84814289014595,36.056792679952174,170.0419107157782,72.71012498657261,2256.2675442147574,1
14.486620908625126,12.76156084592827,13.808470556348471,56.31713415380193,588.5819491857847,0
14.828353038198799,4.462487581829199,376.00027520352944,55.12581866840957,459.90693010987906,0
19.450620319671216,3.9341828470948914,322.1421774702669,45.53890476924186,697.1524103586291,0
38.49426239221896,21.307577422536188,36.0227066774731,37.531294863631416,2230.0303172218214,0
21.769707328407247,47.292220453135755,482.54509200297406,93.53461759406896,2198.3255770967535,1
25.58064219209175,10.886451712351231,16.197670777914837,41.36052357965287,653.4195112766037,0
32.01720598951468,12.837080067077466,297.03052000566385,20.263969940167446,377.4716456266994,0
54.65263682057089,5.044440105292947,389.30189359053264,28.884633361353217,2013.2048405304129,0
10.762417475207307,30.278513694696514,395.0086749571379,86.15396079142704,2438.2044581074438,1
45.71583511301423,33.99364369735874,21.971142118635875,63.69057710724087,2185.2692387754555,0
46.78820920723769,32.146560408038,453.67549065701746,79.63878559829645,806.9974515376955,1
53.92606791961501,43.056512152239065,459.63357760392546,82.12886832959462,1759.419743063339,1
61.30141164831723,24.321291751303587,282.8882347114145,83.32862445451909,2193.414301563853,1
11.10758169221094,6.722852038353222,243.63118344913732,60.70093774280252,939.5717613675988,0
18.45810380322689,14.470256535220633,27.209394215986904,29.701009443025704,1619.3020034236324,0
58.73942117307962,33.12149867106759,283.16730054238496,27.303318435599763,1086.1510099344257,1
35.21852092028584,30.656098687077993,207.64264547626422,62.64070689113433,863.9385433175528,0
41.0524851413405,26.550156487148126,387.5391716672848,45.420691355911146,2723.9733169271312,1
46.46649620477311,34.148220934434356,204.9223656086135,61.31800402339869,2581.4549009673156,1
47.348663247260056,31.869542518664968,343.3725124957313,56.373661071742774,1414.1693273787175,1
61.24572218240795,44.066244473247586,55.19703238757775,64.98244061489652,641.945152659941,1
64.83221795764183,29.30081887391483,70.81137402915364,17.665278631134925,2119.7682583016217,0
49.60866035120171,38.93006793502782,74.15654437133338,17.725444492300237,939.2528253205506,0
25.797166506283297,12.435357798323393,27.535122400873043,74.89239918042622,721.2945145952363,0
58.3863821261889,33.9091292294534,272.95778533855287,31.029561237285748,1253.8225443454614,1
12.707150299741889,45.10970591913379,398.01402439159983,69.13247236194067,1624.6245229168476,1
22.70944690809729,19.28661639499166,307.1535458283647,60.36580059569072,543.6008245510366,0
59.35621446050432,38.95520936693233,289.6026683486638,96.48894112658374,1729.3661826213163,1
24.090533294164523,36.23946505977177,341.9088445593545,84.33868794729418,338.3709369065538,1
22.135808279196166,2.9763098435911237,173.1244349206473,49.290165270502,2529.672651482717,0
17.5968911227136,29.075415481203613,184.1672654658733,66.16226406773269,2601.8542231971664,0
57.251146670580404,6.509467460040119,160.56369861935667,24.735024949714177,2132.6769337796286,0
37.50320425550977,48.36595861152956,357.4939217625199,47.070041565877624,1466.373521435444,1
47.119126167978514,40.57037513503281,85.01196615703327,75.91268251045958,937.240676408278,1
23.14865112412663,5.486190062356005,11.447513754897567,66.68174148267826,2160.280226778491,0
51.69222315561691,6.087599882383921,300.11724112763375,55.2111199233207,2629.493004880159,0
51.80030497291542,29.72369274563095,471.4787755434317,29.651915636371534,696.3342622435989,1
27.192891369956506,17.244458708659167,306.65691891317084,81.6611118710762,1464.554973244245,0
32.58754481556556,1.745292953655464,392.54621820574306,37.67282816616088,1088.1540900898203,0
21.532965258661047,27.082075391652655,338.0314011856849,83.09976377793849,1191.8544726147747,1
63.710856282759735,19.392254984292347,251.23114349389303,65.76355221198446,1314.3944533073313,1
45.508141738212636,5.053824618587132,360.60423888300375,45.93670851974936,2679.490860928346,0
61.399913439353355,40.09601961279913,412.9315413083348,18.370233422679295,946.5929196702341,1
26.686204899602323,45.7538382639403,116.2421638649905,34.29076408058328,1531.6895977337667,0
53.004000214828935,37.8296967007065,171.38458783915704,88.7928868155176,2678.718679154476,1
52.12222541366081,41.121115500813865,115.74423758912552,82.89187054334455,1490.1422255457933,1
48.04106085265978,10.824528363305868,228.8256130172683,62.712824973530125,2458.9988048036334,0
63.11014363967402,13.17864754593005,443.10695270375044,53.704764508856535,446.9119358132023,1
31.645543485847355,10.426377014959387,175.8775149134895,68.71284238439907,2682.57604615809,0
17.18945279743665,38.2531715682782,190.36111011962393,53.69859461099402,768.8278675651272,0
46.94398725842334,47.395853946724856,430.8817811626062,68.47730177968864,2749.8375868282105,1
50.112039026246336,35.84186033669513,260.11029371861423,40.51454027179311,738.9421631463711,1
41.62833154023481,44.0733382439778,270.04725482548,84.59526908665244,1410.9148694874355,1
21.374984122336794,31.934954744158627,431.09659564944536,73.25918515761714,1071.5362289313612,1
37.74507679181454,19.382995027939952,247.81073482760925,42.38797715949842,1383.0785527376102,0
27.170435511302117,21.28808074651526,342.37097964155066,83.94528753034562,926.3118498138138,1
33.5106590491679,3.7660716083702415,47.394109607660056,55.44943006081385,2713.2935310691046,0
45.48702167145652,1.572859762301304,93.42269799780823,29.495025773209303,1064.3124601827292,0
50.9868108479959,34.77378020945387,205.16621935454157,21.450134346292714,1933.1872801605573,1
22.77235799957387,21.92144460055903,249.94533857083806,73.06727705388928,643.6187239969713,0
32.29289483558243,27.610753402731476,483.03818211193357,86.80502674926488,2360.9687121247093,1
24.803886404539604,27.883062381120816,485.47255835865604,82.01768505334712,1656.2698587737834,1
20.924738762402804,13.86879066666507,426.342558301987,69.41903550843861,2748.6153113282894,0
53.08629709977111,23.794625541474534,161.2214234663594,26.734129615195748,1358.505542083588,0
60.008898194034586,23.538011083385115,482.19400396205765,22.805658306062245,788.619687441651,1
30.362770212651718,19.42136106139285,346.2237280147252,43.6374587099732,1165.047498602459,0
51.32034084055718,41.033769170053525,199.50536326961318,85.9576039030978,2142.414015233736,1
59.33474091504261,22.558200184379796,352.32908390745934,94.82411043545312,1947.76630248969,1
56.53683157916274,30.18222622529939,13.178751244330657,35.03295095230692,2245.868519044313,0
20.054736369657427,44.776006019041304,77.34656772573572,78.25394065828276,483.6757305105227,0
62.59605348323487,43.31168114294612,415.694427220402,62.63114500329807,1750.921938361966,1
30.717204223620435,44.52111018895826,324.55895025221974,17.640011467469247,2630.4216925907617,1
28.658236364561,13.500249823250698,185.2763771394826,60.062057044434006,569.7547987039434,0
13.433723000277919,1.7491244154031416,252.8299869102458,81.89305344811648,535.8381472824473,0
36.739550975768566,13.05333999476646,453.0453640746547,37.9181910175542,2091.510911298785,0
15.99574886025108,13.935367281035433,317.6311641921478,89.48101478954825,1087.9561396105048,0
23.66969015100843,45.468016336248404,202.08389554749348,34.60961377059486,1946.4480259022673,1
27.431844197200476,32.46213664189853,64.56169541177982,21.34727000945651,1663.4612826259,0
54.48544779204262,4.085197980111438,150.4046668046527,28.274962683483814,2765.166645849764,0
58.15187577177431,6.768929800555057,489.27841523430874,84.47123810383623,2522.6410423871853,1
26.63564746038083,7.783806277098771,221.49471611162986,49.63639128028085,1995.1819539042792,0
57.228396668451566,31.521087408446157,238.56053460320612,81.14648178059758,954.1865652578763,1
57.14770155533851,36.770701275350156,251.8060260365226,59.09234406213639,954.7704053761738,1
52.05580227116804,42.982195528269806,442.6314913593645,54.886407357937806,2505.6095014223647,1
18.068231270834985,47.03182754031216,303.9445007707284,81.97379157387462,1763.3526631884824,1
47.967756579540094,10.08522786932209,348.37013304370146,50.1494717721272,2273.204455130256,0
61.97632355193128,15.488624236202453,197.75970356180648,81.56871667850857,1424.6605163420754,0
47.53972633219364,12.016144037241533,19.398371201542304,23.354959691965984,557.6840916288165,0
28.238926700930868,17.938078373306887,465.831592550208,67.81379768975829,1131.7161455990652,1
37.53186245869572,45.73325537118747,474.8182020536212,73.31472569381472,702.8729857209079,1
45.51487738430795,28.755628346968077,474.8307614072853,89.62508387976465,2254.5820410637557,1
38.0813724800677,36.90959486622496,472.1251078901247,33.618885253444176,2051.279974142725,1
16.59741179520334,24.505961806339098,408.54476082943273,65.15025004770668,521.0323059701017,1
27.163522455861134,1.4428956668062265,343.8750448075818,50.960294786205516,1853.4634969046926,0
54.13178168044979,3.209774299890716,423.03240954230637,46.770047410154405,2485.3387674869887,0
57.377992535253455,26.896151563394287,302.27038830551294,23.85722508259247,2043.4107384999165,1
17.551501799356362,35.939451741001285,71.51295887655169,26.141366439380207,1577.7797824610534,0
62.38127138192986,10.766526376436575,198.6529916955034,84.47004230015465,1079.658212347218,0
28.085243981673514,36.0954786996152,485.79098142660405,77.22953488302164,2517.7418739647387,1
46.4272556301896,40.53328867417562,178.81321772984987,46.73431381416134,1357.0122053525497,1
51.35038302761746,20.59487391810556,434.5748172970279,83.76438625533936,2438.4839505844634,1
54.657042905083586,37.32096164220525,51.13967803356044,21.70359334035701,2257.4995955454924,0
62.01623362242616,20.201497516422997,170.42100197585745,66.856235113753,2340.5674132021495,0
27.21057514158524,33.917531472751,178.7218957400529,87.05861237528593,2774.4938004041155,1
57.2178550003355,38.19985246597715,30.543258838945178,84.6257311755937,2171.8962896824114,1
17.242779688991387,49.59633091540554,63.95169344244371,45.940969075174365,385.10233929662104,0
48.7772498494476,17.269833103179806,100.61677950527664,76.85440980373009,813.5848374518623,0
50.80877512326922,20.552039028730572,419.7187174510059,50.47985607814984,387.9878758129113,1
47.27477826607262,8.281002970508567,36.383985020204165,84.7314676443658,774.7839248542266,0
23.877310487433412,10.203652920090345,152.85694616547167,59.05324186286691,453.5987767152833,0
58.017373085836184,34.66975012991889,10.036626281687418,78.48313507571842,1554.0426029656323,0
19.287215485371725,45.8522795077238,349.33573397449726,21.521441330208752,370.51553283269453,1
12.949913533645695,19.730247583062027,312.050029571473,63.972155643535615,1481.4477490381487,0
49.460574483655165,8.992222341777062,324.2662197163052,60.67358672995511,2547.10226780003,0
36.15116433780035,14.254974969149703,190.31947843373626,65.6280679040183,2171.4400314370237,0
56.700391097727184,22.75258524040693,108.09257152744668,72.73825345699399,2659.88980912939,0
31.08684275820424,14.532516468268419,361.5585055765865,91.20304451283378,866.616934391301,1
19.255322367924204,11.678954156093313,406.5033470066441,80.21161278741057,1627.7145410132343,0
56.004320585842834,36.79922443785398,73.60774155860987,33.22995328909709,1096.448632914597,0
40.19002974020394,0.39224606203115964,245.98056682902356,83.54939035124397,1534.549489230085,0
20.40576858146952,26.961526366824156,128.11426257953696,25.13261324205294,1692.6895739607212,0
49.621119922254515,39.688340351487696,88.2128962970362,66.64248261103077,390.4653261896629,1
38.111250116922534,13.31141431587341,368.49103018002455,88.26856608441328,883.1403380374578,1
43.23721402321759,30.164575530600867,271.35798305905433,23.393130499837028,2061.9319481099938,0
35.349408601362,33.44500528093089,112.01173952744055,85.52449022475163,2232.320061350749,0
55.578994109990354,32.751234820254496,158.4500055497148,81.28552094111039,1723.6284187187582,1
55.62594936256774,22.292481709935885,483.49356730723247,56.81336100864287,977.0725698716917,1
49.01638520034124,17.32889939378896,425.0963845307355,40.63850099051854,1312.71029180685,1
15.797075756805425,41.79620365139067,440.57363772219855,48.65137292993814,540.0920297034614,1
56.13696240472379,37.922297849993214,232.70598805495047,95.39862526311758,2682.9490419814792,1
46.90571392931004,16.062758670695626,313.7845956408332,31.74089716060325,2471.6936780257206,0
48.33632913023647,5.150959722110304,191.50003140118375,63.107155889881305,464.0058672686584,0
29.96405622221294,3.5903772722734595,43.46742796600082,21.90898207393076,716.2266641458261,0
58.36037558863537,4.713798894946803,203.52930877510735,33.085124327701294,1752.7361029718838,0
49.89543801291716,29.14346805960214,299.02047283753666,78.35526021018521,881.0751853230397,1
16.192475659105696,2.5831087914494844,147.13641403022507,40.11572034992376,2636.0017450353207,0
32.427791892338945,16.84634374820192,424.7355344900708,96.81858385670697,2188.9764521776865,1
58.75091990780779,37.65998509571147,79.79457879142632,56.56781457678872,983.228782277707,1
12.595818593355844,14.717408325768904,186.72889927127537,57.87276400054265,315.25352797619036,0
62.87791408031272,38.16540385900649,66.82743313548045,18.014123364866027,2298.618478007437,0
47.353941257575954,37.273351910352766,205.39190632268654,94.39172021491308,1360.224274002664,1
44.72567877038571,12.291356631660816,24.632345962263873,29.46137559340669,1905.9442796444425,0
24.880759106839527,36.441109004637276,139.9119505555145,59.68226970126673,1017.4370635532437,0
23.683548380654738,37.38883191360504,203.36395128127342,47.840992626574725,657.1831483954275,0
61.81320207187275,19.872696283351342,241.69185482196232,49.493530161802276,1988.2789794643643,1
26.40498498287675,10.521024187075911,274.12969744519523,68.393913780997,1425.8114703666477,0
52.65279131954497,26.063540344593456,141.12060924600985,69.95336019867563,887.9242526749523,0
31.621698901389355,46.06987940000982,263.9054606343618,27.80595503322204,644.069998915508,1
17.65897389315872,31.9808366216031,256.95728767321964,56.46569220911705,1751.1989861040836,0
10.589341373244743,8.64612488136306,161.50813518372317,80.60962827877412,2113.874850518936,0
39.934153535838796,34.137846236676,415.9491636749567,51.79277813483505,1009.7174053077881,1
63.6678350201913,21.360151364091728,275.0923576638147,28.761771078606152,2137.8563383678097,1
30.302490659506248,29.57643986776865,169.47351077953977,40.99700628200533,757.8054968319298,0
29.645578369617468,36.7032017511554,473.93256347998437,32.627503820720825,1146.0392277377732,1
28.925038981719315,25.74736757572224,423.3306444702247,25.442849836931476,2162.205716999889,1
38.62991105176721,40.69919872866543,491.38096671814145,46.339233577134365,1950.3587991176983,1
34.23656858833614,36.107778965831386,347.6557679494833,59.89770818544023,976.3090672597813,1
58.395304469985795,30.75366700092553,192.2203382254932,21.038376597960436,605.3375038673328,0
37.80364354479197,7.5396407916175745,144.0260300061111,65.11733989493922,406.18356236810484,0
37.92668110037128,41.797455545578416,333.3423326188681,97.42102853407742,2394.787949798214,1
17.610437709630613,46.7952792659908,490.50420833517535,95.02236935766695,487.85487391965006,1
64.05067475007124,6.848256190464741,315.22396465140514,83.82139900593019,587.1128805159694,1
23.748508997785635,24.412056471671526,441.3993957899699,37.10631236259945,894.2765756883342,1
14.035023710278146,12.944437098525224,167.90619836864548,16.859830507787485,1414.1742605996196,0
46.473043693636484,37.72616537127823,206.44212232475653,84.18396133927664,2274.46770059124,1
42.745150358627996,36.081481800235,453.6062435967299,19.624779254233196,918.7008148527651,1
32.83301096960102,7.044256028519936,379.6490174691203,32.067130762073944,1658.7706208993798,0
33.2205728634373,43.85136356308186,490.79810858211334,60.1896168820831,525.9313051251078,1
53.17851565755372,9.048653198900114,388.50828381745976,29.80537724892242,1461.2775128413118,0
20.764195205480696,39.862951282405376,227.01527507302472,84.20443149778728,744.0974834432707,1
55.113932541968936,22.849017981400245,267.87866981206975,79.5042547895658,827.9788972264126,1
45.681091264226,16.41361467790756,450.75516876925263,77.72886897619173,1217.0710852723237,1
33.04333755787384,7.9119631337106755,278.06513436853373,82.73859211949885,2203.369246752143,0
35.19157391211277,8.38071280733147,131.42170021140038,33.2352477619628,2159.966074750587,0
24.11559639523527,33.09452773504501,220.63180732112497,75.49806722042919,1337.4324412133,1
51.366288298333615,27.521519397356027,260.57641448031336,44.488364715116475,596.6778854810215,1
38.20811082678973,6.1042710825616355,52.876317607809135,70.34811504417715,1001.7290500598658,0
27.646999851241397,5.63489302191626,373.16252375518064,25.127803476387506,1563.3894413253454,0
42.78275636685226,3.615528738639573,59.13019701071164,73.56368614535474,2473.5294467378076,0
64.76539486282277,37.188367368677206,205.43426811755882,95.68494141576471,2720.636537033326,1
33.93942538111046,35.59410426146446,403.2881085625002,18.618830321453448,1893.6773375597838,1
60.63802704282408,2.9215495427287577,236.44732899858198,22.787798796868035,1176.7162262435031,0
28.975926195851137,28.013503779848648,421.7976822606614,25.261851689055153,2033.6336342359468,1
13.010298880874224,4.233807762134495,174.2312544177769,50.736804110128006,1140.5753395514964,0
21.233315850263587,45.187288530447084,479.02996552922554,39.13475534944345,1863.683633541516,1
33.02823288302263,45.35587095900662,108.6868737435916,81.97437274387758,909.4164292391915,1
22.079921072701296,34.9116494906565,23.940751769704146,54.32434085367981,967.4717530784449,0
10.012487102004055,46.3094460719725,436.8511387802572,55.21659944314985,488.0639726028077,1
60.325084576114,40.57265152068453,377.34034439545206,74.51416241000436,1350.3528805329374,1
56.4133676177011,41.42692879635247,119.83199934834954,45.04342555046689,1845.4363002391694,1
50.82607273178209,28.48539252849666,492.4470955326536,44.31620153589847,2271.9873595265526,1
19.229802760531577,15.302959910808795,253.62866398792127,77.82489017308087,2325.8713620942344,0
16.619996691549233,10.889955755821079,475.7773928713609,79.74346490445147,2781.1111237679097,0
13.718261220981073,16.36000110194646,254.98924183656464,16.19509812022402,519.3893145924047,0
49.82160538251067,31.4247715044531,238.57792045178905,26.93460949478084,1532.841921114572,1
61.08443783783369,8.632826791619946,227.3235758865102,32.68714903532382,1603.4364385060335,0
33.679470150217035,12.932011831866081,170.76326168581036,44.18283890690373,2311.3335659447307,0
16.55273695978265,23.40304313977322,269.1822411023931,39.190190924852104,965.8962889721176,0
38.18160514026586,11.652504926230778,229.0145576645411,70.48716401622696,473.43079984866756,0
29.185754910224656,29.432183485803083,23.1897039286593,83.73522440564552,1084.397025671049,0
30.615370839249874,46.158801422816495,133.91544054463373,30.943219535550007,2759.8195726606523,0
44.1731843285639,37.40446828515632,110.4957860522514,61.72734502996172,2548.602994561466,1
49.52949622942113,33.321330707445654,434.38062314892795,45.52874883972599,1288.117402366629,1
16.083197938023847,29.13607379918894,301.4406387272865,56.979563628823136,2490.6799968626515,0
11.9574626943562,24.397395462853243,383.02313472261505,66.5229008680217,381.88621029164676,0
64.68816664771433,9.328192981732986,478.62888868589386,89.16878495060692,1085.5101936605015,1
22.80005919035535,44.73552277134328,323.79943990057296,30.9602914296643,2117.029619968861,1
12.96067886996525,12.426800100641817,491.39194574534844,22.22154672565301,853.6306275420974,0
20.4431431002756,4.565443878908038,159.32320556780417,67.05858928076425,795.9773787182667,0
12.142681549165532,37.50075896143476,97.20225524488245,47.712860448128,2454.5188649109336,0
31.549599203944442,8.78077671655832,204.63839455649116,28.52092354331805,1839.8849026918597,0
54.132098144822834,18.594799977058802,238.04571039322497,24.71823489045211,2772.5567957800895,0
28.768444736674635,1.4142464145489864,448.20396371202963,61.389512310544475,636.6741906978713,0
34.43008737831016,6.8533971270224034,282.1705173231548,39.939059345840235,1190.3210180828667,0
47.157272546209136,8.660181537995603,149.62959471191843,97.78638950563617,1078.0334295092111,0
37.98917385384341,2.7205063875088973,372.60397001942283,48.68976800444926,2500.3305942972743,0
57.37951273117283,32.83284783114226,255.3868088838401,32.61978852751017,938.2413001075265,1
57.63196212751661,41.85038979015586,85.25531291120923,67.19447074473405,1183.652494185425,1
10.54508825201345,18.66577031829705,290.52579485766984,35.27315584431207,657.0846891885687,0
52.79254685657595,43.728823835910035,456.14029571960555,56.009141588186374,2238.5024566229677,1
35.34034801329206,10.667328728006325,422.09819565053095,55.053823248843614,894.2582098971321,0
64.38622977170147,16.269521178061975,295.4709364544889,52.64528326640619,470.8006805805487,1
36.577764173148935,7.53684965155842,191.65617107306912,81.07511279037472,1387.7718317272418,0
64.27927699635637,31.02795977094993,48.05448177678452,32.97887912169327,1278.6453099038367,0
51.50131486631551,20.993479543515342,237.47621704915377,90.05750632084901,744.0230107634388,1
23.673268653731846,30.664167342094935,377.2793215771417,80.68126176672335,633.9938997400388,1
39.611723860782675,38.083745269709176,183.33549126784024,42.64915623219587,2541.393033458152,1
64.56746017132205,27.285150801647422,121.54617864807388,29.990008021251498,469.6112163780764,0
57.164183426355805,31.381517745089393,466.032961039122,38.20140703405953,548.2773917407999,1
15.35517915851716,46.762515719716646,411.6700717267062,42.6088084934535,912.618202846015,1
48.85045982454979,14.953215480442156,320.9464316129716,61.22545301098487,2682.0979741412552,0
29.00687722289472,17.958196931697657,72.7077552406571,18.848558011532962,513.4606237996378,0
10.384024403419147,35.885168085466844,76.72987600105564,90.89180777772042,2340.0370668572054,0
32.19145329648498,30.565275852769336,56.09369777061059,23.19001310287221,2530.130383297068,0
22.911493194873422,8.926645226985741,310.0668501119079,38.17969171030289,1244.6693536272137,0
55.037809878625936,18.807365500524508,62.20358425430132,24.070857350096226,1034.735999579606,0
28.553183486517103,23.391900656235748,422.1004634370034,36.30384460162979,1993.44432064352,1
55.51380316745994,20.969491898419466,496.5176759005644,84.5269269445311,2056.586501525557,1
10.032886635913743,8.913740416102039,186.3423514307893,66.05959234480912,2249.9429070603887,0
26.930053251436554,46.22150458921311,229.56657424871324,33.86782768242689,2376.4169533223144,1
23.264086786926907,38.11593808469879,357.27525260791094,87.35595797334503,970.9886400308501,1
22.846204858773604,24.067791605392614,468.89073813125407,81.45910091513423,2017.4040047166225,1
13.750264087100447,34.00305141534183,447.5764179104106,77.55289043269119,637.2643107116887,1
20.291834872577596,44.86413360677609,33.507955231175046,85.35351396601416,1576.828328860384,0
40.555226343709094,6.80870711807856,88.69054226559868,66.43092356602016,1832.217291281486,0
26.024859006075946,12.518652535348885,378.52561328610716,56.619300897532284,704.3298416913699,0
32.95671302810314,27.13506236283225,346.00208847606143,46.03660717222532,491.266349298852,1
30.72767841909537,39.950518567617934,70.94320404986101,33.57241369383897,786.8657156904824,0
58.1747708749942,1.812744772076369,253.521968090776,61.26516758469227,1351.4718696309178,0
59.79144494557835,49.20090750981802,391.5032423872213,88.82786469426932,2519.602444538437,1
37.112633441072305,22.74533014411986,113.29643772003335,64.30048848636298,1629.786061336818,0
28.158577267358243,17.96155703108615,436.2873796886598,91.32736952281286,2171.232229334976,1
15.874038720129999,14.636221891988594,31.221028536082144,44.624141676232576,735.3613207286164,0
62.437158366015225,8.717835382543582,392.1865671086966,72.6964517197823,564.9454951380636,1
13.312481969516359,39.57869544650139,309.83035539598575,68.83923421439923,899.0433940805995,1
26.370765266255425,47.770708237304824,161.02367659390282,70.64600905720758,1084.7010319758976,1
26.393641064350227,20.68223774226991,361.8616114292461,68.5384870159858,1670.2550470554986,0
27.62207073771182,47.621034737672815,392.27106859982405,33.39733801978069,2503.108300911102,1
19.035776379982508,41.18988077175171,467.2799907954648,26.918044557501364,1365.2315419434135,1
53.07387870080334,24.052556373815914,187.0484627163605,96.22614526726086,1596.9954696124253,1
16.737382408129406,33.70130895630663,344.5782843100777,18.759495693927597,311.5338399623016,0
44.919866253423955,21.74920895852315,303.295057082672,53.822128423346435,383.2801572282166,1
16.81153146881996,27.93617041062762,264.9770043812588,50.28166632277454,509.422999818869,0
13.87946006761261,2.9023168509251906,445.75615470674376,44.88157353185133,2047.4852136975717,0
60.018622702723206,34.813173765026654,6.56782049850816,79.90465984686689,1515.4784219297935,1
20.457082147528812,2.6412322242068353,144.64524502128083,76.86407392993883,782.4029963296452,0
55.16875850078374,40.85424734598247,271.44723357469087,90.13366865298505,1781.4985967245477,1
39.95469791089247,41.247346473027875,93.25516451009341,47.82546467351454,1661.5303795475902,0
14.282108578482328,11.85386437781073,454.39393419771534,61.826900818145155,521.9982545249893,0
62.54965052909371,16.183139051790015,325.5595832184426,89.06148492939602,1901.0319317928656,1
23.58286418455409,24.065518927914663,241.552082342835,97.48938921699691,2217.8871815762755,0
57.28049399439336,29.833145346624075,408.277370737994,95.45143207632447,1016.3860192727423,1
19.28455031815103,14.367683087099836,228.18866477522639,74.58104131530493,2018.722154985769,0
56.96685851780191,29.62432023159625,281.5332409053547,26.887887298244905,799.29879252196,1
10.72758470979117,14.889353661464943,6.361742799190894,16.924438978821208,2191.822034279362,0
38.14792511132144,2.774536053553034,186.0217624465614,83.49312358144417,2579.4354228068005,0
52.319341868185624,0.12637749159544742,73.70128381373003,84.79818803282151,1404.6678095041177,0
61.41375346210308,5.05755289592143,346.3958969278341,76.94795538586797,911.5551955290447,0
60.00611749135679,39.61253500820091,242.11834469298822,38.23364933793527,1297.9417554942497,1
55.07936782512047,48.071565619166854,154.36999083886425,68.10488234667771,925.1936816392922,1
58.85052423137172,21.348309964060963,236.5770079890125,41.24862067066776,303.0984394159386,0
20.957082721039207,25.634197672497137,108.76679453591636,52.40380442637675,1926.1415295111128,0
25.63013626414508,7.342408453671307,462.91788308063957,46.74211205338237,406.3166049054923,0
25.89326887065822,27.55156763400785,31.716453112701934,90.83212720357461,825.9768505430776,0
30.737966205093436,7.232745100348842,433.38143247157956,34.43505845174167,2106.123890324553,0
31.63263687118538,30.560716559941504,258.12260042300875,62.941705079621265,1964.3125347894586,1
39.950542856007154,46.66293337904269,311.37851558871455,44.96146690981031,483.3222801154141,1
18.793386985154278,9.78492696515198,154.78978234980838,70.03490228888074,1950.1368526976926,0
48.01856650822941,38.2281859028551,483.515320313189,61.85874071773042,2626.4372239394565,1
19.21615966174786,1.1751211409162021,144.51622446714745,91.69014755337307,486.25617254545784,0
27.066966515750114,18.77486206608105,296.49460858445065,23.433808591200695,1339.2205691915906,0
37.68398218333847,5.537425391525453,496.7412690280288,33.31318969981136,2123.5847252853537,0
53.80423088379125,17.62377207978497,441.14172620980565,78.60688099797764,1969.3075079447833,1
50.67080782813,8.676845981944176,270.4832635166225,45.609307711272,866.2763561737457,0
45.504389602578726,18.66524950614437,495.23538886877,28.760054256984084,707.6681937417659,1
18.56752933190936,20.876140305376516,352.17808155764425,56.77566451736718,2260.61751010233,0
40.08749400885677,15.02955613904592,108.30670599019562,69.12779111374505,2690.6116380969916,0
14.809557598993699,32.831097473656456,205.77012416572418,18.720617274740384,2218.9586688570726,0
30.754974723815792,45.94260256294548,170.57420033571776,39.20461681749791,2708.011205494375,1
32.74340916594775,20.029768705263617,175.28678559423864,82.18207062877156,1812.488560342607,0
12.189629169516461,9.617157823751072,381.4259374831338,58.180299028646125,2622.7471517297927,0
25.06934547084845,13.536137909799168,294.21014900003286,17.93647485938556,2026.0892363622172,0
62.56072069965691,42.70004117481845,23.855892236816626,38.40193343780017,2572.2118755027163,1
62.44979343063292,28.581986163507395,439.3369994072331,68.04867444629198,703.972419923977,1
29.37798798388966,22.750551615347863,151.91408953768146,31.546835974976055,2338.9130393598725,0
12.370505992157824,7.481836075446335,498.5520640720061,83.67348671621139,791.8645023836312,0
19.850221663049986,22.4863654161891,477.32441151571896,71.15580028794413,368.57275486489317,1
31.57197863884471,13.924600167869333,470.56270475757276,54.12446205866683,1593.9653351074073,1
62.12788338830764,47.15815639266746,406.50816401166696,90.99677382854314,1095.6294514046108,1
17.76594849454517,44.20350547078657,114.20359918335357,47.51946398674692,408.8284044700447,0
51.99337140175167,4.1951270914099,268.6532082942471,34.51109307681908,2750.760946820398,0
15.977539665608063,25.832674463062144,116.02980027836243,69.89644837971616,1966.165238724982,0
63.969166756520224,11.252917275733603,133.53935051652988,62.58350056002233,2554.5304330389968,0
30.988907451002422,20.53885447621453,307.4211258709573,42.82557577729169,2797.7064646798704,0
52.63789963944808,43.84239991257282,25.212604949766373,43.524158589890106,1279.9168416777302,1
28.84250955461225,26.375725994427242,484.8819905762503,48.05145561663045,936.842571835288,1
44.52178824373448,16.71076466853799,459.7432204260924,39.164501100787646,759.710981717072,1
20.560884660702023,10.394417705249854,193.4799482180713,73.95003672795656,1587.9677694783566,0
18.03115606133294,40.01624297032446,260.13411176342197,69.06274761925005,1815.2019437553938,1
61.59352767624722,31.225900768217357,235.72911253754071,51.58454516135059,1481.056840081312,1
60.47060028474384,23.40327302131156,441.68889041564756,48.02193808967669,1268.130037114206,1
58.81079171170853,10.874217693148902,345.857928776475,45.299255356855525,720.6814086478208,0
44.39883975916264,16.712318707856568,142.66506747505645,38.52787067555704,1404.6490595265598,0
54.4547516168953,47.99217133692593,226.18642096032195,22.112823042035927,513.1078426976624,1
13.79703153012562,26.00449688029172,217.33815796494807,37.26098889836754,2462.61939721898,0
28.413397303987352,20.034964062162647,479.8709083005397,41.6597119415244,417.25663024489853,1
27.253671861643593,26.071102117416196,91.77890070474663,60.4577725200235,1251.6151543288865,0
44.960492707393726,38.949425294980436,49.340286960742375,79.22444625347813,550.3446726074212,1
29.577677540885226,17.005446825143437,440.90632192003665,47.84327802122463,2237.451248667696,0
18.167872990402444,8.935306046630442,448.8595648054061,93.41482318572362,1081.8424470698171,0
42.80568914774491,29.24680591695239,436.51084851652155,83.67004696561648,582.7640316313871,1
54.79111563679948,33.26020517405336,257.9335732346504,96.73855337435084,1628.7282471612846,1
31.016792195298525,35.63590014792748,331.5734919933829,87.72485240644298,2590.6925180738504,1
17.274779330416493,44.09937953830648,283.864708542687,66.18825379267847,2571.6121777980084,1
20.817850852205268,18.558706034455653,39.37667389692845,64.67378088878766,924.1276028319747,0
23.061581784316118,3.76774481144459,299.9382739658576,25.750668520600016,2099.1491899005837,0
26.49436761469949,47.917429181547114,11.739002891769937,74.95913765800012,375.7104821024782,0
45.353728877847004,21.75059637187376,165.86876773075764,64.81716918019171,629.6294912585615,0
43.05200164957454,31.162875483656567,466.4848250572177,57.07536458186673,1548.6809257844488,1
48.28439238618715,33.315266156414616,155.50240846972474,72.54281042225495,871.8910862208803,1
29.937609149233225,27.325685435060176,470.2141881089027,51.855970955553474,2295.654634900345,1
55.319870853398804,10.262876486813505,128.81630878887592,58.48035197988775,2627.680430131653,0
21.224821363566814,37.75715250580707,160.7083090284586,48.06324129867028,310.8332912069556,0
35.797241113498465,40.18759871520408,316.061710737084,74.54178414976725,882.2895740024495,1
54.05162968477867,27.64877930087199,382.0053515307009,87.75871055547472,1398.8833651905684,1
19.90872562529406,24.428058029242077,253.1869451624176,84.79012994800601,1707.6982208809713,0
16.042471255743063,5.696909156399266,441.64726516110693,80.24009758010591,2589.756943980253,0
58.60261822283944,4.197583074989192,24.919008697256526,16.144379477197727,2529.7087262882337,0
28.861131451755774,16.978242278176438,461.4864451240134,90.68607850182913,1892.9252486699147,1
47.61285686999676,15.542307775869663,102.17236094822698,37.8146848200417,943.4700352097115,0
11.394173234516616,47.682822548163564,442.6981788169047,88.70183726596021,2258.2195246959036,1
47.95257886251973,39.18113712217149,203.42727384575835,31.348352556418252,806.6294282180795,1
27.38557213508338,32.996214762952995,417.21474265616365,51.49059736825319,2712.930810242042,1
13.065746947309297,25.88240445088025,337.47444715282904,77.20009992913384,314.599789334995,0
43.539701885146435,8.368376536332567,92.09110807673974,68.14315245800532,1724.4262597697539,0
23.244209884024528,48.922833609214194,459.433547091317,49.521520856442685,520.9931173040694,1
31.2743983128534,18.7520349120105,126.53110829178753,71.3257801094431,1318.9988254550533,0
14.431944675758247,5.3462801223622405,125.84935875402454,60.56280933387108,1887.333850776043,0
18.09397881022199,24.689944785787304,408.0185538355034,37.88611345074918,2023.9962389797909,0
26.388747952271405,43.69990058065416,57.40726150839791,68.64534397626261,2263.923674184838,0
14.936772530808643,44.36455008886647,114.90777365337786,31.95250816659544,1783.3192569119253,0
60.095444557747335,0.5482958028223628,254.32039884342586,72.60102759351074,928.2983782149862,0
10.332587375118813,44.31478723756999,416.08612919987905,15.258202842729153,2523.133107337179,1
36.61231203753712,13.574210874992925,78.00456749494741,60.54811864222689,2327.768532534219,0
16.77861019729033,1.9486181984211537,276.09577608361144,48.2886130871597,700.1307942671251,0
26.922349921287168,42.389513518143715,357.0640929424551,40.157613225561626,2366.2779605196224,1
60.9332757900046,43.193337799410415,430.9946362343959,57.803761280474916,2731.6112897762046,1
18.893200430069278,29.811553992117503,468.1049523000987,68.56086550047871,1893.047792019794,1
63.120777584508296,28.72168786481792,393.39675766212156,95.12091809571758,1004.5130577847344,1
21.318690734418194,40.65601363107097,328.15005711989096,84.1443526607121,1816.4845781835356,1
50.786135965675626,39.31547763551399,219.6419422298191,74.52344029595629,1156.3376728707476,1
40.06724956935214,44.5052736721352,60.49452632326772,54.75425366936915,1989.8661766057658,1
58.646330017821754,27.637372379835174,356.319910300133,47.547961932141405,1661.9998986396836,1
40.469629052672204,48.382354636640436,496.404965715366,17.69996133063777,2623.726530224378,1
39.400757053596976,49.80734154666692,369.6964943923894,44.805042953900994,1844.771358002007,1
20.750190020261993,5.82723049993163,13.271991400174509,85.41530250982717,834.9542093179227,0
19.142614912841232,42.4771879777061,250.64868913071018,46.874040304032064,2112.7746833547117,1
60.40690331135328,24.991112887429452,309.2500830790374,53.31155492215816,1052.1957946522048,1
28.031100936751873,19.378316914991604,346.3887295459073,37.562257194067094,980.9773823720109,0
30.464524022959274,30.65361549413575,361.26428862235076,37.75301898150944,1279.4415639362587,1
51.790301213561364,2.7982778631003513,281.2636784021794,20.135356154015117,329.99169765668915,0
28.635291533254403,25.323055938353995,115.56336470344894,65.94572582644346,2722.851650403201,0
62.36343456514515,43.54452850133333,471.3893274308906,52.18976045276375,1630.8277783967455,1
50.58602729493402,10.67307580694844,349.8499014935127,65.29474702173596,2233.734734682401,0
42.8586083415381,21.319494738471256,122.23581825035768,60.39161270239478,944.6305559446957,0
58.449233829961386,46.974044385743774,164.5493069737851,81.30410074566551,2166.545329084064,1
12.72832495922155,21.428191890284864,461.35419696203303,77.33398872185224,1717.9262556953383,1
24.138448070406483,17.918381616619918,444.3051674201312,79.030669810444,1360.360434448756,1
35.57699838215005,22.02683240616891,205.54748698725436,56.43683757615907,2726.673065491155,0
22.483819670933656,25.972638325877817,23.962074885768235,44.37215216237623,1534.6092853660145,0
50.91478530161836,31.599567206573443,29.0061976024994,92.47523701423508,1943.6464547241922,0
60.55644170795488,40.034640045836554,145.5395540046026,19.504391218473977,338.35547872469925,1
33.30735659620079,22.605110288215712,316.4154985728047,27.66756855156912,1053.6380162466207,0
28.817293006154223,40.87404675450701,294.17634449060813,49.8267246506611,2521.728915400166,1
62.88529026756614,26.686033067604033,318.74475453725165,65.95848516314493,2197.3976527900472,1
34.46688380551475,16.92402551839888,360.0550711063928,15.680631108957897,1641.8850904391245,0
36.89766202471058,32.897541405970706,14.420965528405514,74.70379400282478,2550.3992677832134,0
29.340742978804794,35.88611273717457,57.01736961035922,61.374303051562926,1515.5512830188895,0
60.02516601566761,27.902448781474376,182.94430865447026,55.23032897018479,1716.267660469439,1
41.292551580501794,2.8307486567361706,81.65569877318296,50.15008822271306,1255.382117993864,0
51.919602294990455,8.494143758041245,42.28342105955431,58.117423634471834,1850.1000918072104,0
54.64936950929875,14.26488604451141,322.2773760186793,28.428215961985053,1097.5038273021846,0
28.8016973054492,14.131280297574655,408.591556358094,24.02307435998955,1263.730443855893,0
33.8531882226209,33.671040012343525,377.55019542996985,39.03991073640259,2715.8156580181717,1
56.66594759234456,0.9174330836816291,409.4346904115437,73.88889773478195,578.2716994989753,0
29.979044342169562,37.784088852475996,334.5989893086492,63.8278943583462,563.1383631151025,1
53.66643233985182,13.267123740346658,368.9959342980301,54.85021046237805,408.2900486375393,1
61.75457774159404,15.50109231080512,139.53049323310915,62.43624016936471,1100.111299400669,0
44.276570518740385,26.395491397196214,496.5389779606613,61.41841508226548,1295.5731061698107,1
50.78950080985389,10.796280046947876,95.66699897447413,40.4844798156638,536.2891101738657,0
54.28035216226242,44.223565678776374,111.17446782274433,23.088843621312243,1672.8274884170742,1
56.47718068931534,4.268438966328264,148.0163067488442,89.4329365990332,1758.2538226371728,0
31.72793358212378,22.219118115053245,487.78955290275655,64.79263479778491,2177.5667340333202,1
12.819490254679899,42.4711134727445,494.2028517301835,72.91308397351068,2739.920291539504,1
32.10319491802068,30.79219472106179,398.47240610471624,53.51176962245727,1848.3806182309988,1
47.05659263812494,14.616475792131672,316.3835112870187,77.7878881380547,579.1270167023636,1
34.769271217943604,21.038010388823036,262.4309747163836,63.513272910229375,521.310608114457,0
51.19297329732192,35.334719017125735,485.4573186149886,19.46549313406679,2243.867159125928,1
29.634033620776513,48.66303716819497,349.3332874148325,88.87805393767636,1925.8353213398168,1
44.91092776072163,44.656935918971676,472.64141352138495,40.359500183394616,704.7859867664044,1
20.2530892669686,17.12164041911884,161.69264574142383,26.444934525970844,933.3999317088351,0
51.21531901547263,49.90989396439288,170.218522173435,22.307403639458208,2175.600968231296,1
40.01327828471642,0.1752331765529136,428.0886740886256,74.79654604889521,1715.3894545141163,0
21.22354137006303,1.3814877904207545,79.17818568972072,73.42937444476186,1762.5001562563475,0
26.0551145423794,41.192025758559694,473.2342913415575,73.11345635950147,825.0216782197739,1
51.17347897200078,9.973134341652601,256.19980555838674,91.00748013256998,1872.644954144279,0
36.54306796138364,3.038463419812043,463.5748698989304,43.96227082580508,2226.571488518138,0
21.881729221618972,11.857403661825112,171.71243041927747,61.57404367779063,2513.1305636596176,0
63.19991547036637,21.30500769904301,359.3996575490015,66.418133388531,2141.793312045123,1
49.33187608992883,36.52831352167024,244.0231853764814,96.2969917710164,1740.9391275225403,1
62.64241578968879,31.216776327560275,315.26779697150914,40.92472992864312,1983.148268116942,1
33.49077749481887,11.881060878021021,254.66438410388034,94.37548959202705,1512.7786562846943,0
36.13051873804463,25.16352240502922,483.7222305988239,27.344949645837655,867.2456077940564,1
59.38753689017605,46.310705269928434,347.592171917889,78.41212085031088,2505.5174319298385,1
38.877713713496156,40.750388849187885,129.40288947002614,67.52952970169426,1631.5565829185632,1
48.900340154811694,16.159489241589668,455.29007634301684,82.80237109357496,1785.7957778680875,1
23.86950826225415,49.11322806778482,150.54472038677665,17.380902612107313,2775.2722843829565,0
34.56995577864523,35.431020021756545,188.94452415392385,21.484876563941633,2762.539195681601,0
16.78974261956953,3.122467783339089,55.55123052000562,20.784749704239104,1765.7774624998433,0
21.32890197323289,1.758035664431934,450.48342729911445,64.21563480627489,384.89315504366544,0
10.05188783971971,8.420397450501499,146.6254514977922,65.04369360876964,1290.3688451121084,0
12.159577840676313,36.39279340250734,133.16422087603425,90.20670581646303,2643.233200127223,0
63.75061027473111,9.186946292121394,460.5299860075022,53.81109170503093,1020.766480940023,1
23.329453232521928,25.574338460441677,403.7357968904915,20.648071565412007,2798.1717129907897,0
46.48208902272011,4.663006009041587,74.83406615209033,32.390940334668784,510.79381714138117,0
56.150483433978636,46.04430789150975,385.81562943232194,15.670066869880962,1720.285452512968,1
40.28632525801103,17.198030679178377,456.9513835366264,79.46730558565761,1588.6234004367357,1
18.42294750461759,45.40660282803154,43.86305301431824,82.69475326110428,938.3822834192501,0
50.04640405348915,47.243782095527216,413.48142247776366,97.82905455158328,2671.51782661275,1
43.013827555477064,0.30643236568403953,275.9729256771627,49.212139271406826,1847.9280249932756,0
50.21878241410563,23.2067593599366,336.2527374425063,16.601765158332178,875.5707086116904,0
52.336064257139796,1.2328027853446444,248.96289775794378,34.482580163700895,1260.1204945958407,0
63.64757022266098,45.43463831514529,350.41252702811295,63.784816016053554,2103.0735672051565,1
41.54598040146905,25.920377236728793,21.87844152504284,94.84126626537712,1044.241781740784,0
28.7902611979831,3.747200634924841,382.53982799552546,23.597019772075928,2499.0155051529528,0
45.66555062951304,5.5138364138283436,21.505130440184413,25.09056067334165,714.1847448940603,0
13.764239008344436,19.17545122463695,230.373424634935,73.24599577815226,961.2627246621216,0
59.35685250768725,47.01170964364447,79.72767159949596,70.3781855667886,662.24653341525,1
16.56595562360082,34.64545757840404,412.66926728889706,35.79202749088215,560.4470968987457,1
28.031356083720002,43.38094330945662,160.26215004195595,82.49101765420508,1050.788558659817,1
54.86599593443665,18.322832316998984,229.77630457914458,25.688636704629445,2797.9468658386013,0
42.85218080818915,2.160684977499916,217.23161694266423,91.83657311647106,535.8235331541703,0
31.649953615259314,48.715881860220705,387.38847301392974,31.685650217590975,832.5054796182208,1
36.03896126562618,0.8586495331184774,243.16645809900785,21.752246936009414,979.0419976950052,0
57.000106626119916,47.38258265405445,395.5343758301213,43.180333177329935,1847.8242111805096,1
28.70024123329407,18.433871192457236,41.38659701732425,30.59082694836723,2163.3642410196317,0
57.83073266466942,0.504520251094076,99.83901411198258,58.73612167799073,2179.834187135114,0
14.847393703718032,34.45786158622541,278.0094535749485,72.00826260185326,321.589954847078,1
52.72391404647469,49.02701520156771,473.808720752584,55.74649101369817,1929.626146998663,1
56.6151198180105,48.281286141879626,42.00513412728126,69.83040854031114,1876.8421984177576,1
19.999970906053633,8.046850560120921,26.326686997647833,45.288402695198705,1594.136704724693,0
33.669059280471025,9.06239030330775,82.49258408928856,17.31757557080712,1248.0214035093977,0
19.102487606501057,28.276945730983005,322.3707987857775,95.84732231068737,2293.6104936530746,1
48.863227094681974,31.86524132141622,202.50149375177236,83.01132087681962,1159.7019885833806,1
39.44412724339112,36.97089568329328,413.6484278117547,21.09376239902413,875.0306802665032,1
44.94278406895766,9.052518023607375,40.606909983276076,52.28164088097576,1075.2379364190324,0
20.806783182591616,47.95035433822172,102.22497297327703,67.70658281596559,1399.1197928079146,1
21.646022412883074,31.936962814461893,153.51307070512337,30.819324457528943,835.1434700068488,0
12.28235290304485,42.352345943527745,315.2313929109487,62.97305474311003,1818.9281155137164,1
27.713714435765134,27.00328576420859,344.1604816992659,59.29283530376802,2510.523006279739,1
40.78595637335212,20.713842379494128,66.48063051206805,32.2860106483805,1788.6503104051876,0
57.18642026985308,48.8591453297498,472.18333095091106,26.72045567002862,1416.6707686934533,1
46.68100961022744,29.106068540991803,173.81684691915353,77.9938700383469,2292.17191556226,1
33.94679778698632,43.343679139958944,358.01853768514013,41.7746750304196,2170.0965571863217,1
62.42160629167758,47.6646198183145,264.48282087911093,35.255364308906195,1217.6453038267405,1
49.55848603167075,33.76773135043296,115.26526620581778,76.24390328289707,1810.3836766634047,1
61.15908615744025,27.44693392593375,423.8830199421285,76.0937014379075,2124.607150794978,1
39.01733852996911,0.175542545532531,410.0278239550053,37.94133747590702,913.6581450486026,0
24.23973511362268,2.0009820369502993,201.05556768876158,87.42318228390386,1215.6846977104747,0
12.90546775005971,10.042560802555817,296.36075491845844,72.12476370100441,564.4401763749263,0
49.93466683161178,9.300421592799763,132.62371948829016,43.69843007918766,2769.2006957670833,0
16.671664890304378,12.737939759992267,346.4765562294192,50.48164096532669,514.6941260578394,0
26.652632054958193,15.246731884883042,157.96827224711356,75.31690393224127,721.5153128089436,0
39.28589993361436,18.003274677536414,422.8189735192063,32.56145813032583,1499.5798741603494,1
41.04291232788612,21.026884503443828,112.60562661725078,53.907145775443595,2463.1795838613484,0
43.032075834292485,4.943316922800733,12.32769429513975,69.24534240742227,1189.7050573698987,0
19.144043169233534,2.118096597639102,137.91148077411964,59.778379484723196,2221.490368828365,0
30.88555726519068,33.69722245365117,99.57098079744591,65.49125271007294,1990.0851832905903,0
43.94568249143317,26.866741242153886,256.6017876638375,60.33563745657271,1896.6601928991972,1
63.340037554858164,22.20721011100598,105.83312937000527,31.535877834571668,2412.5431274171,0
50.01971257348288,31.721997058417617,382.7789860061499,49.04704363272758,335.4257240715641,1
60.74320664016768,41.383970360177024,124.47846581198195,59.15479612463629,2622.8825964009793,1
51.921663207279735,21.38464545581023,354.9492490567646,79.74520761471352,2373.065450840733,1
42.54443328908202,32.05597325259897,291.3431068917934,69.27405168507204,2644.668049129568,1
20.561285302498952,47.67861119175794,493.1936789535828,50.40704845043258,2283.9697096417176,1
46.66771085408822,41.981224793078034,499.9509836195697,95.87518606920908,2496.478518635681,1
44.285876127794886,21.300040525120473,435.41541124207833,23.94702829941719,807.6951204986979,1
43.135804375149654,32.23584189073715,381.19176780288177,32.164804090062376,1098.0726671926263,1
36.93822273935324,8.853546095796988,196.295924930284,43.32894663262812,1088.0525336768274,0
39.07611321941016,28.026109244754494,377.87197992999523,33.97148238999654,572.9168646951418,1
28.394338991495722,49.06641455692214,478.5543908543479,66.91168573489894,2123.9481382114773,1
38.56219809532668,25.915755760126114,16.57189982074486,18.282710534909185,640.4272317176822,0
20.865574812316304,46.38191495950736,271.2677765978807,29.727253094693523,431.2729151976516,1
54.284591854820725,20.366746025163035,112.90916067227512,39.347820725664164,2238.6171751376596,0
20.21773250842893,49.94224135923156,281.148776355081,71.71769933158328,2561.6579243298233,1
14.673145943920652,28.96100176137789,235.89130943065112,87.69678525423363,2210.308369912833,0
33.993531449643655,2.1134497117967275,290.00544786838077,81.27481695590352,2363.380532079941,0
46.2069091728334,29.337739834569405,277.72629960226845,30.112717459771154,1789.054194576928,1
34.07442537134477,13.728634783979832,480.25298438843816,61.92867795060874,2519.365844786883,1
25.221477257321972,1.6240661017947355,278.33212392269434,17.49187956360904,1541.7587058946378,0
40.69941511397424,41.042665234733164,423.8848836218093,40.77455235428748,2770.8065462186623,1
29.085128447670996,13.786481849037797,163.31104196641903,81.89665497075111,558.5376069236222,0
61.30772295696482,39.827427702324925,221.8598409515692,52.90325424069718,2322.9517667534597,1
60.74548267819647,14.410879147793349,237.85467064218088,27.445129748894267,1903.4735400281882,0
37.630450098465246,9.716317693688714,142.97038145101294,51.39993066352995,1751.6151705529878,0
28.033619671004217,48.69677870522137,192.99617943158785,31.436732813364948,2114.5263271528033,1
50.54228276761515,18.082266387750977,301.26397433605376,47.63489100270891,2400.728826997122,0
12.019211891568666,30.06881057215802,292.1929428357435,55.490178238071,2457.2101671012747,0
36.11229533240082,30.499074640723578,320.03549556387287,44.01332333841536,738.4524073599624,1
28.497786684868345,28.02367410867509,179.14986813296983,92.76842288601046,792.5898243824231,0
60.62947368064051,45.734787176060735,161.33659010076326,61.690014697179706,340.4162737839928,1
10.66016649999754,33.722053568343426,307.7508519633107,84.96009193759242,629.6061444806819,1
40.4048181645092,20.186650205246508,70.76656547162486,78.14046940561316,959.7062321248115,0
50.73649695866443,43.1190192262137,130.2506140484093,69.87680366922545,2102.589556375707,1
36.67598931382227,9.05314495579822,25.85322979173263,56.24176610911432,1489.4187725062752,0
14.69716665894969,27.21183788052087,40.94237203505966,15.180424053871763,2194.7588389600432,0
63.48537645153462,47.527518597187814,125.47472323400139,65.91781084582296,1516.3396195497266,1
38.49057372568539,31.269881494020634,14.666993746974919,44.544468599207306,1688.9936322749209,0
43.78024343754562,40.84842252374381,126.47824308329345,24.77425984450946,577.6664664839561,0
23.013538048912903,32.67803627725964,329.21327991570286,51.90397987980245,2241.395711690081,1
36.59239468087421,41.96854317689452,35.248003842121854,76.05092574951429,2195.316330498887,0
33.603222057707704,47.22439399226218,221.18465550834728,94.81925695999243,1068.903979201549,1
14.119271310109106,13.64608637663684,456.988849525177,46.050705963132806,1121.4451945010048,0
15.838819445110698,8.483054062835944,396.6859903180735,60.046033792513064,849.2036264328387,0
56.0609885790326,24.199537516626997,156.19156363595434,85.65328381917756,2334.599190090382,1
23.190097371362462,35.09312134121079,462.77871219986525,42.72195185585123,2167.517004904451,1
20.72270493242468,11.359562659110805,168.1750158901238,26.807351332577674,1822.8693454606318,0
37.77012981875766,0.20507252150835376,40.89517068709343,38.39619199231319,897.0552578242435,0
52.28109222493821,17.146755791835268,497.0576986002162,89.6271948740962,729.6333315343607,1
13.407058521844336,48.44296677338942,435.66115095864,28.229628002332532,425.6721279365328,1
41.72443558010407,34.748373030292335,235.6367277340407,42.32534806356291,414.0287044462987,1
16.556574356231536,20.066272197061195,334.8563794752399,53.56514577152827,767.8403495208174,0
12.005357795409015,9.628804867342017,337.2578985390517,85.31039754974636,551.3313308080553,0
12.900917368921956,17.80448368773735,101.26870421157787,92.8302025431969,1690.2691823061075,0
55.87902595146427,8.491971665062398,104.024073411048,50.34225569956015,1195.2253194861926,0
16.488486599543386,5.31529106564757,237.44244815915377,92.3521860133418,1412.3644554203656,0
12.483325042676057,45.33711862862769,456.2287043681605,28.401104873193628,1785.1679589679745,1
34.08449379286017,49.882516918773675,9.946918554992536,28.018740227398744,1947.754363383784,0
56.419640956811364,8.205721979789516,392.34028979493286,93.78781802968822,1920.504299706445,1
24.432460706911606,2.726127943913986,33.4757579387538,57.30345108285149,952.1414670520811,0
33.1941939639254,16.486555357310618,241.71994686714334,30.430350334378176,2324.0675507402566,0
12.195739291006317,23.082959038070765,320.74705237137084,55.50320075777163,2594.2741747980745,0
34.69931827741817,10.241062353792724,344.9458372058201,80.00652589646127,1089.8458680579881,0
41.76871943504236,15.071245589927923,33.947235489876135,83.63439035505246,342.6635414151699,0
41.39988795636796,10.043536784582885,212.20879060506428,86.70944830188711,2547.8854666212624,0
28.283468069590082,38.71302842162257,293.9994439486507,62.27438495625574,2608.87183238369,1
27.35432493647245,35.62889716236304,37.69254096647343,86.95651919253406,427.36610103258386,0
15.864299041512883,31.747575788049087,71.87180551467834,57.33250733067014,312.39147964803067,0
30.17390763554476,19.360892853960237,333.5062498044991,65.38597189845942,2341.0119574818555,0
15.472206788013056,45.452047065711795,263.21090731237257,77.97374358854655,1053.6583862077664,1
52.16277695916284,48.476627076751,85.10518732780382,50.311129294972204,2586.455418239971,1
63.145086376150225,8.6819656312706,269.9434717727931,21.107263432518305,841.8589331738666,0
63.35409511666888,11.150632070593902,456.7827248549858,44.0638076191889,2452.8865403164677,1
57.57891046564666,26.281551400018483,12.715854463805144,66.7873699940647,471.6106743125917,0
43.04356821367905,4.5625284641122645,323.10371787549803,30.96358668007658,951.592118284934,0
48.54761334841339,21.82241994115564,41.45696512964425,27.31598517047012,2732.8221978641027,0
25.686319147422772,29.089563238885507,8.192474267526919,39.32568520108932,877.9916358282059,0
44.692373109494135,26.103678556866655,79.57397188701373,17.665251369059174,632.5324601876029,0
35.06072521919326,16.545429153901303,214.33878276769005,76.70410054121433,2442.636631182488,0
36.51095368773129,27.122290303860343,402.1602794960667,36.47339498163212,594.5019794036976,1
51.677710820633685,47.94004771294239,144.48382081925652,25.31178692083776,543.6402714487588,1
25.50550955784884,10.300870214568803,314.7082401324355,73.02774152496512,1108.5628354738394,0
27.492178643198592,32.74156791970018,208.5225357878768,84.96302504109289,1888.3212664923988,1
60.85529851207502,2.1698347078025924,120.99423702317394,16.649674456527613,2076.865934446739,0
13.092336216803474,3.3208202240717464,259.552321570015,34.38878097152166,2503.096959568489,0
36.709886412733724,27.59141121117925,399.7449227344485,93.45428296417542,1652.2788148977652,1
60.20404402243239,5.246959016397473,417.0837231777914,46.976093282420344,1283.5444669024384,0
43.56996542999863,1.1173394213428667,424.02716827923217,92.9031412607003,1197.0844045861627,0
40.052389081667265,8.575649882401109,172.58611721471482,37.759640684766225,2417.256821193685,0
23.735929857614536,28.24245854997872,397.76075203429775,33.099613752470354,2109.538273706664,1
28.880151898544653,35.167047725946624,110.0283352789094,32.77099817342366,2563.5725343128483,0
56.86266286925811,10.123928207069,370.5204251152272,22.073978815269875,2710.0886393290352,0
40.7569972472652,33.412971860408724,474.45029100494526,89.40387994625742,1050.1270902095187,1
38.310820656622894,9.123816554961467,11.803198172023809,96.32630687853079,1624.1852967520986,0
15.47688424470159,30.672871331562856,222.980145933505,94.22423100354594,1879.5520184120824,0
10.881548605031771,20.597983994789942,325.6466392649323,85.71833560566374,709.6223669411439,0
63.0026853777877,32.689975466680835,352.37900639133875,85.29169633503095,433.36758481246187,1
30.73423920077629,49.752637623962364,92.16344034325509,69.87009377502596,2469.4097852882837,1
43.176718415472735,46.8908482616281,486.23072124310346,83.57573809190093,1638.808776888433,1
14.384329025300675,0.2140878918051814,309.55635714563164,32.29241624047296,1726.935540900098,0
47.57128571476756,44.27193821811529,86.34859760799255,47.19674832213167,1687.285863569887,1
61.29116897882785,3.324539758738326,15.158643297695068,68.18941234346408,2187.401762081726,0
41.661588914858086,47.65232930799225,392.7157784009391,87.6060206026125,663.7548617051082,1
16.93634273064758,14.091283954984235,44.453846025502244,69.81896537660904,1835.1211019288316,0
41.994684011041215,19.101741520563547,74.82020592976708,84.63882254173909,1473.6987789440752,0
52.14909672075588,4.581910258786392,289.5408632935669,54.33780981549169,2542.3953987693108,0
32.35290951157103,5.61363791644548,303.73522420756177,74.53621022951867,1599.0523447408134,0
58.39107613678073,36.33702826146598,345.00912370323726,96.33840692913219,2657.337435185414,1
45.677562434655044,47.21661178741458,199.78943626849227,27.73955024176989,1183.1324854497666,1
59.45869050590614,30.537424747715473,388.07984113857736,91.93441746221886,2717.236765974976,1
44.29279211860354,35.79250077634055,487.3075068098649,58.35620767087793,2487.894870229419,1
17.220838460265334,38.098487229857675,139.1919968245421,68.3870965505948,1760.6582243383866,0
27.0330441107854,13.140713727647086,352.9991651862832,87.86312757357256,1184.2748332975614,0
21.09872215388513,2.2614815460107462,464.59198293560263,49.001296321842304,1239.8083936313997,0
59.985457374427426,0.09363719595842923,344.7119474954361,49.7514837158742,2231.880216145729,0
51.82200370081155,17.53246414770093,342.1492018289085,58.75609241680933,1751.5783779226113,1
47.201910290050336,12.073211409960805,115.76742169717727,16.585473013238598,1303.9689636733024,0
26.553147579739193,3.1158862524592825,269.889449158248,56.223293018298115,1890.137403530411,0
20.122462462761746,8.976414624683338,283.4488075842672,39.16024299452111,2133.083494752361,0
51.60480983939015,6.22494491339739,351.56413341569663,92.02019713851786,357.2512813961648,1
36.07868702334938,45.74391903086852,498.4266176986104,22.2820297965016,524.6570027937753,1
22.418425368284602,7.013360672958447,21.65369215916223,53.12359834764355,536.213601017698,0
43.91420879909013,26.882423199383958,37.29016732740598,93.63985814132096,879.8345131583368,0
12.21836186761486,29.655297755608228,43.585284368304784,89.78592577643363,1367.476098068285,0
27.939363977053944,27.17447288543169,372.77467157203364,73.21192071708766,2309.124748231386,1
35.77063470251241,4.952821710799399,72.49512857982496,63.9169673156742,1177.7475874988936,0
18.137708376017322,15.93991808752756,313.11367787272087,38.30066778202573,343.6944709515119,0
64.15599626749618,2.563516623157663,165.71109455726193,45.45744035845375,1508.4046323793225,0
21.500355052428784,19.783495704815802,231.37337832430194,22.481193774592562,2791.571488561555,0
17.169422152379603,9.4299465635796,111.75326410961988,80.24698871393373,1172.5524891372977,0
21.194418063779302,28.08162666421899,433.72274784574836,41.88119073601637,2703.136296918287,1
52.298362323784836,34.640419692455026,295.14441046069805,70.42589761950721,553.3628278410565,1
33.40281125995135,26.605993010235323,472.558815473215,44.68036650748492,732.7491447632619,1
41.09787668638959,21.71183483056979,289.4251436036431,53.539426635889804,2110.305175364271,0
11.155503634249841,19.36667104283462,66.3344751454886,61.06520520724079,1553.0311224267657,0
11.893721971532301,42.08458840485019,89.58086475004535,81.5537498964201,2212.8045086647153,0
34.520405240485886,10.968403253263503,494.5916183020844,32.52597933587647,2458.895862572225,0
54.9160383760893,36.71091697644344,364.1547726787795,48.09752710687808,927.7121901525865,1
58.68813832891609,37.87411623700595,29.39298126439938,25.796770467020856,2007.0729260993548,0
14.768861217760211,20.960000363536725,353.3715974921591,21.28812190846452,1819.0030915843902,0
39.60997061555625,14.865029961281968,209.02565817075777,65.18797156200972,2453.837572980328,0
60.22763274535988,23.52707430229876,157.06815147747932,30.69455668178892,1375.2597515247066,0
31.33850149188375,4.660696294634925,81.26009289661447,19.9633453798662,429.67607677665,0
55.626120728560274,2.2965016114544987,420.7524575055,89.45912829013166,1735.4653181812798,1
17.35326099196899,5.58015997259459,36.60148259960484,59.34809684218786,2697.1957977961442,0
61.44669693172893,9.357251573111308,148.46855387792195,26.174141214447726,336.57794876305854,0
51.328282464221644,25.20884101690215,156.65953244372366,19.434368578146625,900.6449710561365,0
61.77339160327959,42.45683180805611,84.64811556193267,24.94838443333346,1090.1694749102999,1
47.21394784538786,11.782116599984349,256.5515172270008,54.120990946610966,2214.5972197274386,0
29.987216259968484,46.758100537338905,10.79280027139185,70.48261617901852,1108.1923061704047,0
61.59996448885973,47.74539544675017,153.98288012815252,68.22624622384178,897.7096579907848,1
25.156172697004816,47.94523024226026,467.1465747963667,26.987116159953377,1921.3950361676027,1
28.26948871339529,41.87813673381619,158.71213682429283,67.57958300252983,416.013222402499,1
48.54446299009572,18.19125203988603,183.42739661784205,48.60384681006075,726.4921498968674,0
52.092396473896244,3.634195550131153,239.21669887586543,53.5737340968556,1320.0755716736094,0
61.11719161170346,28.440936588324746,283.03822055148,81.51872371836133,1188.9999058500778,1
21.26413249809152,27.93407219686169,405.3107791862683,42.597447932409985,1167.914547958408,1
53.88989193705732,42.498788355479775,99.20900546222873,27.200920914558363,571.3875327991543,1
50.62003293683299,49.79955254730526,436.5144567103158,87.49661008600626,1202.1000486244916,1
13.508700593947882,25.40786532800738,379.9869317862252,32.60683779690605,2294.9819299785067,0
31.29727276656138,17.260201551989212,362.71191565746983,39.404479256035344,1334.6105044934882,0
25.552100138305423,9.29508557781335,47.96826398874444,73.64697488891767,1765.4279620392124,0
26.746973339471673,0.23999124086853674,15.712141537419416,71.7346763157814,708.9485232932938,0
64.06207837550855,25.455684624443958,299.0362869495016,81.43320176655779,474.2784086714403,1
45.35275774139603,27.77593333512979,432.2513114489648,30.260931240179108,2499.8901048289017,1
49.472188678642475,41.246923990869874,294.2985247496148,44.239231145078875,1128.431490364897,1
63.71397005232551,25.22884839464003,110.55125839553776,25.44830883336967,1175.8430826703316,0
30.746098035170128,45.82341743330283,49.807349484860545,59.906249214994155,2494.2196236971463,0
54.10120926490433,31.404173828571775,351.3002441447788,39.283359180712196,2069.42837227186,1
33.899202981747244,42.016811911054155,362.2762872723157,72.18165820371071,2190.656777469032,1
57.824351949823885,7.4150867403873555,90.40319184011878,15.02858254271691,2005.0087104191566,0
19.936164772121675,42.76680651511573,18.954206170785458,19.95368887214508,564.4806119788409,0
62.12273973853538,33.75719272219242,207.1003390454825,50.9025049431055,2694.9895526405694,1
22.032443962598382,8.511651621916528,293.44575755584594,94.52928494597218,2572.840717819819,0
27.942127883951233,9.488177907300543,354.47119273575964,88.94066515081218,890.5503170786361,0
51.59057287587293,46.325030952211065,405.9227795306869,97.5027493291446,2309.985477859603,1
31.65653278609737,1.6107680225186438,307.2160265168325,49.59690866371572,1323.4910787433,0
43.45162572215457,23.126747164785304,59.885901256250094,18.86518436072138,2009.4174196612075,0
34.451542558818566,15.673764496705079,342.8779277104953,40.39435978764028,714.007499533085,0
50.830346539938,33.2538719999214,492.1674382329666,71.08898073043798,1646.385626641052,1
22.558218880273596,41.981469378449596,453.2643693757149,26.218596210695466,616.5407488997652,1
13.215189298028235,18.01890607782848,436.4761100884088,39.89769083708009,1640.4179133952898,0
26.496116861018642,21.34510436614186,154.57422591237872,19.66179165722327,908.984890143032,0
36.086976567763664,49.09588922507071,376.64014734473034,54.42226418638944,1431.1663219220366,1
19.241102870597324,39.19582548396014,426.296205752747,32.3404162486923,1969.923417936077,1
29.513850931101377,44.86020654658957,340.77147129247527,22.573586232617195,2492.686454151547,1
31.99906600614627,21.938111032581485,129.02806950115036,49.13091218704576,713.2225077131951,0
13.156551402855046,11.70381019920576,477.14781607810437,44.15170856305486,2533.1727885442456,0
42.08189865013125,20.593173269322584,228.15560867204456,59.61397216647586,1275.0941198182254,0
58.638888538420815,35.80459589157567,69.2537515396103,77.17020839103205,2409.4914215147023,1
18.345860212417882,5.471520241798967,59.34005805340904,24.343205123399933,1581.3697960444076,0
42.87944073708327,13.523455280825441,325.52189871302767,80.6634239874307,2455.52142940735,0
46.560656270096544,2.3317950230795192,221.66627497628588,17.18206832963995,1957.060168800499,0
33.06340742306086,21.61738691690658,51.76951821358699,51.777457907155366,1571.7903515419207,0
48.560367305034845,41.37228679898066,371.48046321726684,63.7567138115282,1081.346582500822,1
32.59023489200566,1.23318441490054,400.66595779301673,94.4308898706032,2722.2727190466385,0
37.75505083875892,33.7661763403583,364.0807372392934,62.63561123018093,2302.2441441660444,1
10.404417450493483,46.62479372568698,105.11913445358638,28.176183041525253,1252.9679629306534,0
48.04460627740789,11.846393075559114,346.43885071805437,57.95596984354446,716.808982647615,0
46.373847341959845,34.68174203638241,10.307787432720623,47.85006761688754,2248.8385464832345,0
12.11204825294895,48.75509505501002,156.03050914081257,54.786512110820226,2774.8607195273,1
30.25375590673232,48.11390300762316,202.41665804673414,31.359052216704242,997.4373844811802,1
63.8467512435417,11.746459651457164,418.44723969832324,56.568644511835565,2589.6576808374894,1
33.140510941273924,5.016552660603435,198.2452146693551,27.453300436142776,613.4267639698005,0
37.6069972822513,7.414126894795797,10.578375863752154,76.75557569734221,2680.515635629635,0
60.046158698784524,35.10178342410711,179.41147385486465,64.29421959872462,2163.3472811076585,1
49.449403172616606,36.28794377266378,251.96742868784716,21.517798402118014,1166.4905731592587,1
42.013857211832295,33.71182808140995,474.75736940302284,88.83800083810533,1061.5795557405845,1
53.87925747375899,16.803919387111904,470.81198037582465,66.15950718309799,1908.5883848483782,1
57.54014465507853,8.488846987906108,94.53264891959873,41.23688557561001,1783.76785064675,0
35.128843945549676,29.038054597612657,96.64753816102852,18.788319160766754,2597.341753734216,0
36.130960071250946,24.184022287893324,85.87382094995249,67.47481574904555,2215.6078355230356,0
31.23280146085097,36.441707356115174,395.5163565449811,45.99554169191196,1650.912181434817,1
63.16883770101533,22.068003934281073,7.980909982361152,90.33230270491447,2618.9146045991365,0
48.344143985969275,16.931984734323418,67.95271310497928,17.894860115276487,1781.8265783330469,0
14.577268641443975,14.67392886795072,271.290017663829,18.245502133406198,2424.2120891516934,0
57.46277928221601,10.573516002487327,127.54322310894894,93.79184081327564,2402.3566302446407,0
36.43079674599474,13.28731880933307,50.716446828434734,95.08453749139902,2597.987147373841,0
13.78146485323681,4.741521942205068,183.139616105248,17.302604822129005,469.00507819776146,0
40.23444903398211,17.342850546444478,140.73276450482118,74.4307585001302,1759.5491698669443,0
32.944035343663614,1.82849061814791,257.9966317245709,33.38407274329376,1470.9814779276228,0
58.276217267444366,9.32069235831634,489.72062894594694,73.21559960174402,1526.3559586616811,1
21.219703198516306,37.338522230971456,66.53079522338462,87.10482212261265,1449.7765090505072,0
55.45555352207006,16.273449433831132,189.49971889287667,23.36901274556886,2393.6667235558525,0
40.6728780151999,33.41185084886719,466.33258384687497,34.817612591249485,1096.082243542347,1
13.003566676740798,35.84420877986387,439.0521565294422,16.998446471099072,1456.877704074446,1
63.45149157290165,29.059267136605676,200.1641622182189,18.637877171888587,801.7063572527142,0
38.19383842567599,47.93488706826992,350.98186593726956,17.458282232075256,929.2915398118367,1
25.998226982737037,1.0719933311556629,48.489221722766054,81.4566355833924,1951.0502083596875,0
35.8173763094092,36.93263252940711,357.7078224940895,39.75829230975447,592.3398456266549,1
57.18217809346189,47.9393321970204,486.56457609494703,55.936549484475094,769.5545274866934,1
26.769671841178493,43.11358646764696,271.05663565292485,80.39107387855235,1620.0863989282852,1
20.597201806768517,8.394634590250666,251.75266238203506,56.0803240046576,409.4325699075338,0
17.09891858119848,16.341015312586606,97.7227167524456,50.62327319784148,617.3174985509788,0
26.38226691146162,8.62259199382327,318.7251584591095,15.96057613862508,2458.382347416872,0
52.90264478720239,30.065418190735205,297.26645398556286,62.147278710550765,2415.3669144874893,1
35.939450085739395,35.60939909897461,327.70686444049653,25.353675485378172,1169.4402626174556,1
22.5114882031447,15.85368846815291,17.9112269089373,78.46580398565519,1169.978288277961,0
19.140174978536205,26.975328699214774,276.61812673279144,36.392231076646624,2641.288623160009,0
28.300121208070852,34.546028503559754,299.49274753119965,70.95755509711837,364.60284768005806,1
61.695840508713985,21.066990830552417,107.72741702933708,68.63655280944839,1750.738782713177,0
28.86646919245134,42.70077652277296,108.12476445682533,66.18407504319167,1793.4764476018183,1
64.34682417750494,38.57749676439086,141.72799341292017,37.15701662558699,2269.717667954153,1
36.68767506709459,3.233277192528533,357.3021879049826,37.16845150557216,2679.376289556502,0
19.854015505958298,31.05626495454145,305.10170144852395,86.63298760563038,1189.5689676083598,1
59.012705048643014,11.76627754798748,423.65250982831327,16.06300860832544,1394.583683640003,0
35.31954552241548,27.875913233363764,151.3509930623336,30.066378576678506,1978.2462013004435,0
49.03192389274884,47.844422131648315,456.4736896447176,65.64418616428476,2718.1790558604416,1
64.10413707650335,43.95310022761251,373.1345501817624,82.81483911546309,2526.9808843417686,1
12.75964426759857,20.225820155756587,200.53077665678,44.742677219847266,1967.6325081751115,0
15.318200788316194,14.575692917217669,52.154722484600676,69.23580706469642,2441.808929177555,0
49.62512078045159,11.720287220412951,132.20691293130383,61.243982828479616,513.0110772285907,0
25.50037518125096,26.625743487826004,478.6002675213509,20.356828672008938,1242.8173571296315,1
20.13657683225545,5.712422662902816,158.6298710626193,66.60526634524629,332.73123924711797,0
12.164903390085122,27.46375040641243,168.3009752737869,82.55398819861696,743.6805956523759,0
11.2015691592411,0.06668197453960079,98.84652089336993,97.37321058485098,1876.231428006005,0
52.596708171588496,16.19248153729224,404.39104756368886,17.460126030092997,2513.904059334167,0
17.39383850532525,10.996715691529063,141.4438939699273,69.78482832446105,1881.9507749794886,0
35.7246338784133,48.560939498039104,168.47783294258355,49.40761291128086,1960.3452675214166,1
43.32432483487157,36.36211597849895,210.10231367365517,15.812394762615039,559.5540131405047,0
33.559349031286544,17.482669023111885,219.6954984884318,65.99195832780644,1962.1512272834495,0
11.490865878492821,4.642254326531026,208.61369125543573,25.161465780117744,1435.8667934229775,0
53.09258264233499,25.8400297345312,254.35312921049066,46.42104856569834,1928.6005789545586,1
10.578227349790941,10.672394066302115,408.18387541011964,36.69346867653739,1115.4327738245684,0
51.90394419076162,26.82147729491789,410.5460951673009,44.97656238850124,1753.7148541579254,1
59.13174715834675,41.76811770894462,400.16500121285674,55.89373326457882,1360.1732420774733,1
33.806195658144475,30.78962760506927,55.05679536266132,44.8143911966297,1696.5926385876521,0
39.454836020378906,31.68942097725011,400.841007621033,60.876745258931756,667.7237958245,1
36.23408659397096,27.051514453140573,64.52462787585551,34.80792428932686,1289.5621340432126,0
31.406474024289135,46.36328163157046,66.7382661758677,67.73502669655568,1235.6966431421351,1
58.808349445369814,46.595134221030165,474.1920719593056,85.86232934236283,2140.9863016320205,1
59.16634308684948,25.63616005367761,410.601933129243,33.59756489396263,2066.023784920164,1
28.4699000552844,15.287974357175221,278.4431810996643,57.153808916016665,2572.1467118283326,0
43.82883647080839,22.979350293972196,438.11025121654177,68.84125211764076,1880.1389807079938,1
60.97991591802253,9.327895609780784,494.7354980631721,61.86396889071354,1086.3678244836833,1
62.913217441774336,31.817215765904468,307.2678229827299,45.34890403395475,2258.0616580883284,1
37.99274722321262,25.00461678911166,308.3847263058514,68.30257576447711,1542.494108834066,1
34.905364290637976,5.165023890663995,378.44137943416433,17.344435115436326,783.7330265726964,0
25.328187376068918,9.882389055980767,119.90878142083972,45.70221725570394,2168.5286708178164,0
62.73795302547255,23.98159780997634,87.72680645180567,59.20681381520326,631.3284892980726,0
17.854786746007704,44.37944953594292,380.9924712574609,16.710892183376767,745.383328115323,1
41.89062668262488,28.319536031554872,175.72787352208064,57.13485286379689,2196.889821087868,0
25.54026471352514,34.07675001042354,71.85982637143734,69.30312024354714,2225.3617351782204,0
25.345455969128814,16.951427487195485,160.86447432928614,78.01423891018274,2276.9531720105383,0
32.27327230569037,28.570569652211713,182.5252495979148,24.410048756982725,1033.3128110427892,0
64.933611469861,22.36899113190337,482.78769145531686,97.21688461601067,2466.4686434287973,1
13.023146876190214,32.956495631158035,350.490056988522,65.31191921081293,2106.670339905182,1
41.81980000119423,2.5287783039505185,267.7738771128683,45.14508478682339,2384.918523878351,0
14.541468691940246,24.66501081194796,484.59220364788945,35.67470691990725,2071.513711867225,1
18.498645649478544,14.799631257198348,452.05417153471944,62.55043951972341,1748.9911468658515,0
34.17596179750943,16.30925306389546,258.4404240240091,88.18206671482538,573.4869289350484,0
38.07530722405427,48.04587157790307,453.31141951160544,58.20692787973328,2077.340529879873,1
24.233582460048822,9.134740635569138,205.13080574101502,69.9021806152117,2026.1519386454602,0
27.40514219809289,15.562262628929846,119.05822935152919,44.6888044818665,1081.2278332171509,0
14.783186114076319,25.49462878654359,120.17569752693214,47.216639911384725,2139.5494226160654,0
26.67708811143378,43.15134740748118,332.84618459885274,38.752533779067036,1676.1363835783188,1
63.160714165929924,20.833504160318522,253.02980875010215,73.5678954325639,1698.5155963585376,1
61.95890599198649,37.19326404440855,331.18066926769615,44.8125669335749,1219.0116969642813,1
28.418305957534177,42.81870491074012,344.6076023097741,30.82946153542286,591.9626033503414,1
41.39696649533189,15.500817791092448,16.04982208437022,45.66024740679775,842.3211446649725,0
60.02774651110194,19.637509176935495,31.74959821221166,85.86765825011877,2222.0791333401457,0
10.340110245249317,17.827811184417815,268.6754746626687,76.27491961688465,978.6038762422347,0
54.58759636856755,41.642790430896056,99.56256149123807,42.7751900904758,305.6326358390288,1
62.160325403390544,2.217343097680058,318.10421555819767,90.2651440814463,2792.5435528288754,0
15.022915388345638,15.421054441434002,278.3319408894708,21.211108714749756,826.7055846259273,0
18.879622731810656,33.97042787975649,294.95137739359114,19.129564687332387,1938.4578721759847,0
62.841046652424545,28.272174978267135,154.71541301635028,25.580039447175025,2617.305011437484,0
39.56470790021905,21.814467964684713,321.7225356075588,24.66574473626406,1799.2818365848425,0
10.780814895944804,26.99741136106922,415.5988550600864,22.29024814602426,2297.5765377111434,0
24.169759931994104,9.879229291415914,499.0452705281574,69.89143679583336,2740.9292803720373,0
34.74690208478728,21.53583108040052,420.0299711552461,64.86991751140019,2450.9085648244645,1
48.109990106362226,25.08514920881745,280.96188604157396,68.75125737828232,1694.7602216959042,1
50.32382079752398,45.059456097730084,100.74764788157849,72.13438249544849,1209.2573262051903,1
64.7481832109001,13.041758140198818,342.31570867931134,77.82101945589642,1506.161122909899,1
25.813115966106746,43.39142510824663,469.1386238511992,32.19568498137206,2404.565420476361,1
39.60210560276614,32.21207004129909,109.87393716748969,66.6511915984884,2433.3865253766007,0
39.33279513227828,1.0170415533800492,131.71783216065566,63.144038724918985,2414.6373058959093,0
32.310489269598065,36.231566844969684,78.75922898876732,93.32378214168833,1793.0610068750275,0
19.30390416133311,1.7775938774527544,369.67721359506885,34.286521111890835,1492.3897943940324,0
63.76011097511134,49.869056340690655,206.24794419471132,19.874003553069507,1078.3451402391545,1
56.932445266662235,43.631834384559895,36.034341248760114,69.24009078630709,308.4021379548233,1
37.408316556183046,14.867187377002283,438.1002457876887,76.43434573964709,2211.2131771523896,1
43.17849824762164,12.870561509835271,281.0475928277705,38.50526848202671,992.4957000351367,0
22.499357945781426,19.072054105280444,168.89167454017613,62.38041976799253,1124.1947384633436,0
39.90828887154608,17.808348265722152,175.271573150243,19.9414934393345,2408.70306211761,0
48.22335732168117,18.616890919269053,148.67435399449886,94.68372181696799,430.6278928065516,0
38.334186561262385,15.91382730597402,230.4626853343577,24.123772783830994,2619.0508286435966,0
64.46568438217176,31.05667034241657,171.83563580163175,20.608354500615643,303.40480609626604,1
43.62379109362494,8.213183186031198,276.23342051495166,18.66114323805338,2647.9227870635154,0
30.4035541925693,42.299064622300655,387.89103987429064,50.46356823977827,1436.896227708541,1
52.4683615188711,40.620124201565766,338.8583353049649,23.064258706946774,555.3065628795489,1
19.37543813699031,23.82416039276352,150.75616191328797,76.80580399931274,1985.4034181029683,0
31.14836975384466,42.63649826392738,266.7268007121907,89.60655533199167,2539.6410643030545,1
29.08274227076722,12.357253501514665,420.86244915656414,36.59817138296313,1395.18204211905,0
33.749390230927744,0.8782727851983474,38.762086197649104,67.1881688978661,2028.3947600766658,0
52.99789042607995,30.96039625149115,43.75714715851785,18.514091101980874,2748.406800473235,0
36.629516768987415,22.89547034823577,280.30418368462796,47.08485115050202,901.7520592825126,0
53.67079476462795,28.35822731479353,321.3619885529526,39.314195414501455,2351.1236423067203,1
41.706889672692625,44.96697045092015,109.64944280907253,33.97538500454978,1038.0927733679414,1
28.813818906165544,48.49627867829717,373.8839627123014,68.51204963918202,1365.8439999753998,1
54.548830902590986,31.72265698778015,324.90037163516007,25.808919547758514,1004.414671243152,1
23.105931880420037,38.20277949262192,462.0281877769618,86.43897343365003,1415.029371085306,1
22.34106388898875,4.1904216743582134,88.63232991997567,70.18138022860498,312.72258107070627,0
37.74766082301596,8.03577924457528,376.93026135221527,73.99101983110882,1058.5971183256788,0
24.346708527914892,36.66024024764883,46.40332983871718,92.63357761858646,1413.2351598442394,0
10.499786922316897,21.568272819400097,284.81974271135925,93.21694833470872,1880.60045926524,0
45.656364001434085,22.298263520220285,278.1880940520772,60.78714287699657,1893.403477939772,1
38.11016018098189,15.43038408177183,197.25059710013662,56.11652483473638,1759.464046176232,0
34.503479797123866,30.367819173887188,423.0627180959408,42.83667348283354,1032.5795739807422,1
63.18326830400734,9.25825227081013,7.1634691690760555,74.39244364680488,2668.5107898393635,0
41.41595511796025,31.34581396569478,262.48880393976776,59.671337619324476,1279.9245593527485,1
57.48873677841615,8.689942856761984,112.49100716841777,92.42863161843034,842.2348530976445,0
17.66976299128381,3.1913017354856796,373.03181646263425,34.80595374314625,1686.2823491699683,0
41.306355472118526,16.51788443495305,26.318376021518098,40.75097295879073,2172.321674702284,0
57.738879470199656,11.557017100492384,416.6195706498809,41.235507135857404,330.58393205566557,1
42.07081665039439,44.44958192781662,419.85565221994096,81.89787172820668,990.8600184888686,1
49.49077979698508,2.74767269343133,417.26867613973394,23.220347542898644,2362.4446315000746,0
30.462396229671405,8.830684628706143,80.52142073267157,52.81887704208531,1567.5527334639955,0
15.084723437038663,27.43598027915247,317.05122668771725,50.489201168762925,1321.2207614497852,0
35.18451623198893,24.05335954237368,12.111842795777854,21.070588544141962,2627.2531989557797,0
31.696366496137163,2.292600918735077,424.7414826881539,49.09615087918081,523.8377428070967,0
57.6883100308421,0.3626214007572237,362.87272078676716,57.61037261257045,1838.9255019446227,0
23.419741629385975,49.403397098057496,267.92109679513004,20.403689477907797,1155.4717906094425,1
63.17038251443094,32.94173501794191,366.6427593828255,57.31855666090739,477.0584957323143,1
62.69759658924729,18.27030654507784,51.690427842627244,94.6167460887223,834.3612715270505,0
23.61974036892913,23.521612383162065,266.68463692754386,96.24988882240717,1869.8330325432107,0
29.142857551252625,13.327506022714347,149.18186344914048,59.12942162295433,370.6923346363936,0
59.255565748063674,17.24368918466049,486.4466342953716,57.753045406045594,1780.6220384733774,1
63.16422214928591,32.452223363410695,429.27338555883136,38.69717781256049,2692.126053043261,1
34.38915065598242,44.14058994336854,367.97146943781854,97.76058415210443,2287.740155925673,1
27.65483751024938,9.206501154059243,467.2050794486173,37.76102119509376,1163.992698334614,0
38.93517072883481,42.018075269265935,176.6874357599095,52.59080793651638,645.5191159040207,1
47.827306350115414,6.077831475913453,450.9355499991497,15.243526797622152,1462.6610847824466,0
25.041098345623887,10.74961117941956,165.9929248928216,43.986280145458366,1282.3760904460137,0
50.506024604049,1.8587644024822991,367.73437624712074,20.92954495053238,2729.33240005963,0
12.841154641305257,7.040593104649973,369.5263713293423,76.73745594196598,2774.670136271055,0
12.711197102042904,45.86515727320253,14.083188844776268,61.564199601484376,1326.4616408094778,0
31.245823783004987,22.97193733091893,183.72455064770662,62.49026581487549,671.959958824842,0
29.441025563339632,3.8832930889176778,14.619172842206453,38.780436729675344,2576.523874107263,0
27.359826845193375,47.986341901948066,498.56054871707306,82.63639209099681,2283.8556891674834,1
37.00608694679005,43.9496153879325,65.48739710547281,15.271486802493765,1578.1855166392438,0
27.640347027136418,37.73412604340706,273.6913933458141,42.68889787062794,1213.3866075378533,1
20.574185515745057,46.67363959737789,396.32533818750545,69.73829170808602,1420.4145689993186,1
27.02082519987305,11.006471041788208,104.62548311914176,90.35757060560444,2554.702938262776,0
63.61973500456292,41.81846465050432,245.10107070725897,34.47312442479435,761.6086194088462,1
32.61123793471667,34.49955981771531,305.67723665596964,59.9113042933757,2316.9588028086773,1
34.459202727208464,43.48796247838442,84.30135342579496,59.653287904265646,345.47658206788844,1
41.7099744473127,39.84557828713149,390.38495265621157,87.55647263062708,2601.4299828552125,1
64.08374226278247,17.32475315884125,153.17154630873583,19.192901833466916,1550.7431991155142,0
23.288070203966967,38.71992685086278,109.45642278772596,50.231471568868706,866.8695658529305,0
47.47051607928386,13.122815149244516,281.35292948652136,30.144651007730317,307.14125704295606,0
49.37915814479483,16.429608151402743,208.10524568325425,16.787205824783637,1698.8661718619355,0
43.40284292361863,5.395285861148808,460.5415425950268,27.203568063200073,911.2196763995953,0
14.871808680015423,46.75383079902344,440.6310356080862,96.04706584640053,1878.1608400271082,1
47.22797517051671,14.550168170014077,244.2585783774972,32.83242629018224,1002.9232036301181,0
13.525209106989651,26.031123258572592,182.83556848917078,92.6075541868714,520.0600729755672,0
42.78784572524433,19.566641823309634,166.1314009074763,32.036110438368155,1562.6290746088982,0
50.676964747195846,47.99640602917508,137.44399342534615,92.29750387291222,1711.214340720361,1
21.603343984097272,16.75245854692412,274.5511875876762,69.33353762162609,1431.475063848877,0
56.289210414852576,38.92729107113445,403.4644093435991,24.39714193265992,1445.0888858244534,1
11.669459304315234,42.770807731559,158.8245210607611,63.298957875505955,1774.1253197500384,0
56.40970750120684,21.780324874048297,99.09657439560034,41.43666511584313,1615.8837735253837,0
35.31809778535208,18.90859072264656,240.36448406072697,46.80171194617982,631.4188471566454,0
21.967336696240448,37.3872910466314,39.17203631484493,51.534189500302766,792.7141162125808,0
17.35779797466824,45.644799015311705,352.1331080342049,50.084682870017765,654.4776035726252,1
62.43189421703049,37.746586653611914,261.58734181945715,70.12103791009139,2033.2389555493646,1
13.996607316963619,11.35631827959328,250.70552994656282,78.77454969303334,1621.496030417415,0
20.95013809647591,44.41538737188527,153.72046287726113,42.321748203693076,1374.6378088273207,0
29.130229108817527,19.379083371841656,452.8133515782097,91.72220881991225,2295.8474881821235,1
44.112916692861624,28.811470588896714,49.79071446552859,92.89270406356675,1114.486649402013,0
39.96405969018541,41.57178096463555,435.56288439908053,18.377306283544904,1720.2666577274026,1
16.91039208267727,9.41973837002461,191.46907519588171,16.237429477290537,486.0190037254961,0
25.935039105601803,39.225506783877655,440.908640407636,50.28050540253806,2161.01020956278,1
23.131347409731326,29.808139895533873,365.73692187452986,64.02355583197566,2037.9811120389745,1
21.744856996968778,44.66708209138041,56.564509697708964,38.066094038521115,2305.949073242205,0
32.61293850639929,8.598520092177148,416.61046182213005,36.53134134011927,2511.1898950413843,0
48.72172989254113,21.034111852046422,342.677532681255,71.30170786586282,2195.070668238546,1
21.959911271947977,41.642154643341875,20.989446893097483,64.94145562641229,2411.2247253182345,0
30.167338383663978,0.9615851728380087,71.18282764428663,28.8731906244281,1164.1364974043113,0
31.500458476263926,5.610068338282143,319.6358876386691,88.41357995100819,1158.3434050373494,0
63.70510911894756,49.52826063783674,332.987248925741,71.4380138233688,2660.7520497495407,1
62.50664962834879,14.019708929517527,374.59245925460954,45.09382868102769,2586.436340815512,1
54.00756705136418,48.77715968619767,361.521473383616,71.74084926926545,1671.2433527630562,1
23.291240645055183,9.126577550433696,331.4623775616277,24.350206201728724,1216.3969631816146,0
13.742052275041832,18.054722150366782,384.28825636447914,53.86525833964665,2465.0038256470007,0
27.429727574634363,37.643472225178535,289.66742441672454,29.02570599344342,1108.5278310684155,1
24.673700218860695,32.88892036190892,134.09173583460517,18.43879342866024,684.087707236111,0
37.82591900805166,29.05611999645278,456.6264237967055,43.081080433928875,1898.7316875137,1
52.77503505372862,26.49495879025038,14.015945311329077,27.51104512890501,406.5545243324173,0
57.20776163833719,42.17202218323701,186.44805133638766,67.58199042716745,1247.75476541622,1
56.467524697577964,11.747428141669635,365.7907950830959,70.94763520346996,2319.1595392365552,1
29.782155867268727,22.12354634967592,216.44224036908878,27.341461416808077,1038.0404892320869,0
47.79788889033756,7.772614607822864,17.29303170260708,17.042879465084383,2628.288697683833,0
27.205880863832103,29.797079786535217,37.66054704252553,80.80327661571832,2689.5616665415932,0
13.34980487793505,12.527221213566008,326.0754977234529,15.170732720470669,2339.5407519127975,0
48.58608960816183,16.69210321716929,482.60797670562334,43.54478640225446,2769.1082974801566,1
10.540515391338332,23.562535831176408,278.17249973807697,56.05041373779059,1626.9102787785941,0
32.50504231021687,1.3385292851563924,255.8451199217657,82.94730164868993,1722.998880347429,0
28.115859811614165,4.596896796041882,162.5709804628523,84.60036734792968,2390.417038176196,0
48.13576461853688,34.29646103541098,132.06188356370126,75.16997357066779,1532.013139470226,1
52.14350100182084,21.44849903587536,15.387565969360933,35.51740267081152,1316.8000170826738,0
26.72520497842061,43.23951109999477,140.11265948203322,74.77551554849117,1836.8839779363475,1
54.63948579446694,34.733600182209976,227.30966822829996,35.462753423786154,1944.1487771222048,1
26.165421827771357,0.4050470823661223,102.98514260923034,32.81247991373124,2177.2395542404156,0
34.54794979926086,30.835616538356742,48.23725429830746,60.41162020113419,1970.5017431502133,0
49.98601898577736,4.686243302985821,360.2752942910283,71.34491883822719,2164.304488158321,0
48.11061260736337,39.046658989524715,447.8370331886932,19.40329657066949,1986.3991772218808,1
64.305265977171,49.5753844139251,468.7021744951074,19.9818758933425,1501.1130962504471,1
22.383856331876252,26.559939712075575,310.9093706060097,80.08616700579356,637.3364608411757,1
46.42748524467703,34.13897500970652,31.123418386644495,86.33827183013483,2263.608072338146,0
43.53250495516776,11.865708044737577,371.72700183107787,65.1685960563772,376.94787846920764,0
60.330414996951646,21.87988718768968,59.49717610463376,50.59272480567154,2781.250229403349,0
18.599917790468126,42.80476661181918,336.5253182554728,85.16126780673243,2371.1462248492,1
51.34889899728131,8.371147387312561,390.7860886951985,75.49181372035241,1977.2765199532623,1
41.25477389478226,13.276780280688104,364.303031859104,63.10631846979529,2716.516929636133,0
25.106622838334797,22.271683764301507,476.1824838517597,41.53984112174736,1831.1757036405234,1
36.09392027809457,35.612444592200696,370.3824108113579,31.43359011751575,441.0822018608701,1
28.35771283883888,18.79419773978369,348.1388401009952,49.7498622595358,1698.4554350363,0
41.86223715336535,46.38661398915019,134.5628702306357,38.806273804697554,993.010464142357,1
58.89503359480662,4.722852563435959,462.76049978577134,43.15846278196025,1223.693819961092,1
41.31177414267111,18.540209877242376,93.87421604311261,57.79737759089869,1448.9628896250722,0
44.744733007962125,35.447706171421096,452.92382267919754,29.034798426983613,2236.501865971959,1
38.53113159130902,11.299338283074622,159.76795895622564,81.91266444612751,1557.3230359273905,0
12.814102854501176,32.82065671148365,69.43097896944603,27.078945322325698,1486.700727062697,0
22.807220628185185,8.210847911367297,414.2080984992295,54.92247207193905,1054.930344354615,0
37.06009511876455,2.799014243084319,6.2352495324104265,76.91562106067624,1649.6806046317574,0
27.06294060595876,6.050785837432443,416.8837172520112,55.256718738236486,920.9771360882891,0
19.996997876865684,46.499239156706736,134.84436181275808,44.964831277857016,952.4845385205699,0
37.727306305514105,27.587544146977567,442.93703001403253,54.41597838328833,2193.146937861301,1
27.754538639631768,39.817288773982455,347.2821952095817,85.43966800655366,1156.368161272725,1
24.19592037453781,16.63272504525256,334.76074976104206,97.20583095756848,428.49918234777965,0
35.519197959220946,29.63293239427233,185.83318376659747,67.38489301102315,1159.193214737452,0
17.330634194519522,24.74760668524958,34.404472075931636,80.85585553984215,1896.4305196665473,0
61.026015319147405,47.2868979701147,415.88618361176077,16.20256095122096,2334.963966693306,1
57.72361538555815,37.378731802705516,89.59737861238135,88.07024599053953,2704.841703480903,1
48.91913221572944,36.52713157482895,189.26802773790234,94.18613007401721,2165.55105368744,1
15.841760517365092,2.317663471713977,302.17556932699546,62.73905536587835,1372.1290235420922,0
52.67324899583311,27.483483450184554,243.71560058750774,77.56580355099824,1047.798198012394,1
54.43765304599604,23.349572695090743,103.33701440980244,57.55781366568622,624.0749754272235,0
52.22705397428857,46.392113330309726,74.60509665673054,38.75491045781395,1869.2160861152859,1
16.268123791558263,12.867099409476612,66.00690476389386,85.73658167459007,1574.708285272516,0
45.41493763872706,13.491672664554716,432.1889013421045,64.53744709566317,1994.2537911103532,1
55.88786376621692,20.56731244407502,20.621976785360147,63.08879595468678,892.832891137674,0
41.754437067081724,12.168485670318802,488.62205850194766,69.70797291882013,1109.1104202748638,1
45.552405637544894,6.459195890437474,103.27170174077997,86.04826276379441,1030.2383737465975,0
35.209991368446836,42.87074233254004,59.609536955143675,75.74820843899005,2294.1296054360264,1
39.07890259362289,27.91382622019579,290.6009691145136,32.52330811990686,728.0745371583669,0
11.890727209344886,43.06813594782834,44.59304918064483,53.74635418580752,1821.180292561239,0
45.14296620853065,41.556738270184795,303.2143652659795,96.36476155485511,428.3875393977668,1
14.479596709013755,14.102117739483555,426.0601891827385,61.028539242310295,1673.818939754299,0
33.92580268871228,27.386872216213696,28.709520626375294,92.87436433807629,459.7849393826398,0
26.096030371707432,4.160885137003523,400.9349592416294,82.50966736398364,739.6914769699683,0
39.998537261644216,45.76259420153792,200.26633328614875,70.27994567012698,582.5632551339055,1
17.33789845377639,20.213135753257657,83.94786374644895,43.997311820759684,1166.8133847085664,0
48.0403871085325,19.68380919445107,92.16775773239223,40.258505844611435,1159.3285442693227,0
53.72563453106587,15.137768530897661,459.78844912864196,68.40394841969979,2366.0482018206408,1
18.984494735873607,23.03318723553519,59.74984721062891,50.90258299025209,864.2186284513217,0
15.737219804353519,12.587969327272402,434.05747962225024,81.29655069378835,515.9668544349424,0
18.003351553304753,18.74261363984023,274.40108738688923,78.11790938183626,1808.7794770353244,0
58.24201590441759,39.997352429244096,24.332808514137344,40.90683039929669,2018.626749000017,0
39.05040939659959,41.71277517925859,234.91569213008245,73.32648899412624,1037.0590400536344,1
35.69935478041265,15.209123881425807,409.63750966576885,56.047665778066275,1807.035290903443,0
15.869150050629486,23.450721527639395,364.4703798813547,41.83324436756176,2240.14142001661,0
45.7255803716329,43.690988814002615,246.94729675393535,49.27622719946512,1168.8823476902808,1
57.739977554229945,2.6336665914848565,430.7246904496274,89.31420497861774,1613.3845998327795,1
55.55022281278991,44.45724809978927,64.5805570812137,44.83996844617086,666.5831841808001,1
44.43300899394407,10.959217282616585,455.4208214292226,38.854139685515015,359.11700267545086,0
14.14032941584205,33.92696221071879,423.98839819925763,44.19999931894144,2753.419937027074,1
16.181836494680713,29.127584819230012,355.59702870033186,32.81333020532141,1049.327126340925,0
12.711994291040357,27.647037409462605,409.8544323537309,60.204703953895276,997.255126804554,1
24.16135690708581,42.968011237641065,274.18867588711964,27.237224214770173,2733.1128329327194,1
17.461380693820775,5.078607182233064,339.2054024033451,82.84783427426406,2120.5838094077917,0
24.302642213883864,17.3514012662818,282.49604500035053,33.723160521386966,1763.244719851208,0
31.178193064542892,26.912637317238282,180.9371226014349,64.6385672857906,2048.308487733392,0
61.86405312391246,40.56444269730199,286.5860946937829,25.377116410351164,2074.8164167385066,1
43.57068328799306,10.822154170583575,132.44533960330324,96.21161130178908,2208.3397007324565,0
55.92355821256293,40.14649206871381,222.9381895661887,52.72976308817271,467.9730785497999,1
49.06933253917827,19.981924124696786,143.98382659382037,83.24022128298161,1332.0785494572199,0
16.187672178964746,9.44569282168477,65.82945578338756,78.79777035894864,1037.8257945825412,0
50.475622350567185,37.94932202217413,164.32161891300356,74.23652291309133,476.4240962925137,1
25.130438485751846,4.544945073727391,426.73367300146145,83.67128430998261,1331.497492116072,0
45.15093158470885,25.738368703772146,193.63498146794134,23.338479518755584,1840.433713532867,0
28.752908550364367,3.1937891930944207,375.26180623959016,71.31526739017286,746.2441999360469,0
64.87197447955626,17.82089275788938,91.72293784788982,37.06366052772384,1062.5668597196345,0
24.49533137232278,30.053839950319635,215.0874837879826,80.22734811752696,1897.927054792885,0
25.35217589258483,27.805777074360655,61.853754320912394,94.42010706737477,1748.3116438930335,0
61.186974055931906,20.232770895233326,73.6174263669074,89.82363097694375,2471.96365793306,0
11.355442254997747,21.452399698605785,310.6310080455842,24.541034465314286,2278.0774241259587,0
48.317894333025826,11.338477667538328,305.7034996372605,45.672850915844144,2714.027630715074,0
49.892951490473294,22.794129421205145,110.6190941406568,45.238788847400784,1792.983275283443,0
56.00082175757196,47.66274278604171,239.83948117295532,25.15059010784104,2046.1684160290658,1
63.594162085116146,42.52264588918952,432.33655265408424,23.144462427786678,2451.265647036007,1
63.65810555361588,7.26164345381719,91.22974679485903,46.94588120244208,2399.9811120631703,0
13.590221666155514,1.4890393660460466,14.509213871389843,97.34193869121044,2096.8041050655856,0
55.20116275140964,46.67621563583153,327.7375946284683,62.22224003850084,1550.6405234349377,1
45.54704635115597,26.337487494037383,31.481613003899074,66.60787517415326,983.0172205768221,0
45.603817390520014,26.891891157465388,490.07041809336073,54.09456953155063,2493.0393848385147,1
17.059245963808216,39.035899785326116,306.7620404804461,69.9734358412339,2241.6386055932626,1
45.76029415451093,15.734448693566328,237.8461946577663,94.40295270181588,2394.767379896198,0
64.03654193306863,24.095378441800108,217.84630731203185,63.86193014999452,651.9732953680104,1
60.15002132466958,48.43314565733688,288.66997596588106,20.39819215685904,1087.0321954731867,1
34.15218634426678,33.60743434662036,49.859096176506384,55.90991724096049,1362.212594749128,0
12.197138530735188,7.687251599789296,465.3594341156504,97.39835567991196,2395.879930751402,0
29.926141950011267,6.661337399217665,314.6928239331795,47.154425809323854,2532.2166817866387,0
55.45146713803054,10.21323791665027,96.06935631739985,64.29214268880119,1012.2317856382157,0
48.58245058058413,38.335583721035874,283.4776216135081,23.85085136459181,2016.072918164412,1
35.2639010576676,14.768850192030802,70.96197038734076,26.717981395135055,494.5355153814085,0
13.03058443373571,1.0694423337539893,13.688595191364497,87.5985606117789,1323.9331799219028,0
33.47921003028165,47.208718175283096,317.105907680929,39.92860414488375,1516.6727693797127,1
35.79637168448359,8.485670819745533,325.99925422571323,40.35245568843122,2214.0820372477897,0
61.070554309177474,0.4779093074034291,293.9298084876907,47.138678668193236,2529.9305920928014,0
45.25973569701877,11.85658011916615,95.82418615821142,95.21772985107536,1143.2080895611405,0
27.14091041600569,11.751439355906685,303.69777995490966,22.004411171060745,1619.3472248547532,0
38.892504544789674,21.100262542286153,32.9729157576373,82.9574205117608,1918.6205559188104,0
13.633041930218804,46.019491575001844,306.5729860081015,43.349303746676874,1121.7180723670367,1
63.49125296073552,43.9592458889549,279.2384244582713,85.50584615679442,2763.845532935111,1
29.80329460618993,22.844727749121397,329.3511412653543,97.31571890887702,2489.4359489250614,1
36.28270452022247,20.544995249590325,448.26042484743493,43.939395047575076,1041.0070721665415,1
29.540618583030742,27.750454323742563,425.9272620935706,25.736578395625486,1569.865577497621,1
47.53814515639101,12.172700598588287,490.4238248234567,26.983166332583046,877.1015331181109,1
46.42276870812762,2.609249598318142,488.23931130360467,77.97549394878243,1586.259797258337,1
49.34272707910246,46.961206808560334,387.29824822000757,27.028488844065333,2008.3308620582122,1
24.747877628655644,9.334949243858636,478.4277129779754,36.61499018837484,513.8027319824695,0
27.361766464023628,9.92003646228582,434.30552351511045,31.96506252395262,2475.2930120181795,0
16.888817710291438,23.62301644269738,365.1533126980116,44.52132081457155,1784.3646711164588,0
46.05304845153619,24.580667242016535,42.31520604865882,21.17242573742406,2774.0072464425043,0
12.188842003460891,0.9217104850370972,29.279694693594443,86.10962603980242,363.978768123758,0
42.872528453790245,7.397736938698535,419.6117859153563,86.39214387948246,2378.7458777455804,1
57.83327366683986,18.907740928037086,247.37964964649066,49.27343057406325,2279.907620636369,0
58.995768155929845,34.18653467552695,408.23030876558585,65.80326822894844,632.1312801000809,1
34.69707682034789,11.420922841596791,159.8945439743336,68.2819803850573,1138.2640877085169,0
35.26170285171906,21.15072231208813,201.83667986989133,77.18842357371209,2511.990507610432,0
14.233305065440955,27.86725323582334,351.5924269009063,58.217277266156245,1596.1357376806357,0
46.892076399366964,44.4296247311646,458.08673478138616,57.357891771659936,1303.2037186680975,1
55.1692681205065,16.303525116356166,48.441929867048536,67.3982135182415,2563.7410806271046,0
23.456028003259217,6.677913293174176,431.4316815941301,73.35301684059984,533.3613111926536,0
33.17154848983506,24.463611294880412,397.5412988152858,43.7753012934279,1482.806957255641,1
56.136163522089866,37.336080084203104,161.19193901127807,42.42074928131165,1930.9352449383807,1
58.24162572142584,5.492987852636672,180.832223995122,37.386627539960465,1821.3535975375314,0
23.374898914532427,21.23417458484802,27.998431224845266,60.55426409095813,960.6911360222286,0
40.281384899775034,0.8892570631241714,12.791602502775401,44.892922233129106,1708.2822613358412,0
20.587123284970488,1.6779590823625568,241.1180325470759,59.846001219733445,2071.4044107149543,0
15.60333202767561,24.14766816083328,52.29212452116872,48.69673556363449,1762.2135183167459,0
60.111627576557666,14.909864907546472,101.03089813553045,84.44893715187085,2011.1555649433058,0
55.127912732766006,42.25536495027061,424.1497637656985,21.069809898873242,940.1968484719761,1
51.80191959917457,30.107715306322714,287.65905366897397,62.49347926918799,2382.1223756794566,1
12.682147534722723,22.69664808714952,318.6480564467261,62.77677129873741,1424.2238424624245,0
56.40508359906416,20.396768552714818,97.80226876180042,46.84853677471209,2768.0596102614218,0
34.09242417479611,24.862274009478163,415.1875932049376,49.944734248740886,358.2133016673439,1
28.83173178127228,2.021941560633067,434.64998735767506,81.41090295328307,1250.7884281191084,0
40.05619985639571,44.639667821032994,264.04715888795647,38.29591795160779,751.1876307627772,1
15.02442834979557,49.91515778669792,456.7160970799366,87.32651468837152,1689.0238174851336,1
51.61556021438194,9.074356242934932,423.1901693525179,89.39649424317955,908.0127359340318,1
42.03392922885627,6.0191482387309865,367.00546745384685,69.00140226538227,2143.6948664187044,0
20.262455328024213,7.178873172429761,368.36757826834616,79.14719023777216,2504.664655843797,0
20.352770987297507,33.051352911718354,57.16976960567733,65.87464485342254,827.2108839552772,0
20.133675836497083,33.07204192253874,139.06383865935456,58.596506440967104,701.694045754496,0
13.13513131535637,42.396208113920544,38.089373809749645,95.23425360276906,2488.3929643211964,0
42.328914715442664,37.59131942131266,9.297198567022788,38.46036203087952,1203.1797877212641,0
56.219149767367945,22.484483668466986,83.36321803503552,27.794528571378308,1386.4590873975749,0
10.962401769306373,30.64276807826594,440.84115541023533,38.86128514082877,852.4237561088391,1
12.695255473420044,34.414233518400394,123.73765922284551,66.01392549549394,1363.287170127868,0
41.502365217782014,25.63682351426126,485.2262114829023,30.370225362394926,878.2501826949923,1
55.072262696232876,23.782549222581835,300.659044782797,90.43156558778406,1964.8186015854524,1
27.97063898127485,32.254872282132666,122.44295137917173,49.11502525522759,1547.191031200218,0
29.22879193442472,27.873727448782688,251.07974772468532,85.54691889822301,2270.151114907272,1
42.79905736232268,32.19711526679552,113.45193723655711,35.68663319589179,1081.8202901682362,0
25.081708901828087,30.64273869816819,492.0669113002751,40.99297347186804,1563.9875386475944,1
11.463460134272626,35.95982802568273,424.3961670329571,19.915541965317217,948.808307442836,1
50.43756849558778,32.1401754391438,17.988200447252908,36.39471845140264,2636.1848256165786,0
44.41074521177992,25.987124321863362,474.14913557639824,55.69604697395402,1604.8391694777579,1
41.941579948061246,34.08984056421932,361.9272281149292,93.5293641710291,733.6562407948577,1
50.79262709455027,22.4740982592714,45.77871975053277,47.27894683299435,981.9141480250726,0
47.13769606591206,12.083561298630052,336.96568443159055,68.09874199711771,507.25491031015036,0
21.323509349807665,0.070911006695773,325.2287154930143,50.4999397499094,369.5399889943335,0
29.38645758188431,27.99820735729216,113.3004291747538,18.88372361373912,1614.8045651766774,0
16.936057792324377,29.53276133043205,380.43111650374993,56.793207949426325,1142.8073063140132,1
17.142135737983455,48.60244823878572,48.09702813991872,20.47083267642543,2709.433638150766,0
47.19076604960966,18.073916704713778,247.27536470946765,88.34709374159549,728.3284909037104,1
57.223005884037406,19.70666214141559,9.911987545728522,77.50206784192585,2284.7816318423634,0
62.950292112362646,10.08997906710951,484.5250570028995,46.4280721139464,1089.928605482257,1
44.55909146521944,3.5267147618660957,377.0239977295701,68.13814929387705,858.843465146763,0
20.125572784852633,38.64022464308703,83.63177769902973,24.298336891006564,2724.0920475032685,0
15.810768999691188,12.48405321696625,174.12864977588507,73.31206391790002,2306.441496864414,0
54.706803434521674,30.445243051501897,84.47837701504726,83.28678994629196,1876.5522286133291,1
41.831606199799964,34.38865177727408,384.47564474401076,83.20488882867346,2042.8025930593801,1
44.00567615575459,23.561834364582385,34.153681086719004,38.59503645832443,2778.4536871264745,0
52.980414881509006,43.81760565135958,421.0012945040385,36.89093420797661,1783.018522062217,1
48.68024752528484,22.18974204898644,471.3871877236863,58.276008095922315,554.7511270174002,1
55.89520390708532,14.245431152088257,339.93083168911846,95.32508944017742,462.16531675345345,1
13.091764800293316,44.80077614808112,110.41789775070993,91.40340714130508,1966.5169436846836,1
51.11363502105777,43.07821421249783,183.24459742770765,44.84999398574649,1944.0028598128706,1
56.79690165271525,8.20199735382065,241.23373803042097,79.72584901319266,2170.434482445222,0
25.737427335207286,1.2980509176960475,304.2892622401156,91.46937441959096,571.9468255815343,0
45.224600069628906,4.499277817481034,335.9882294567853,36.656896654561216,2662.255686887929,0
27.278913511033466,14.327369927690853,279.336284082847,83.914538917044,1677.896034776612,0
62.68840865653497,48.612990087085535,178.9003908068186,37.235337033461654,1923.8888025530384,1
11.838296483952707,27.92580765804125,446.004053879627,43.49241644863848,387.1309584453256,1
41.88860641081253,18.66308660146344,45.289068718889325,31.502117340612596,2702.4355362889346,0
19.15769508772333,44.435804730637315,235.79674685053004,57.08762332303522,1706.4796218598715,1
49.17211128474373,22.65681657392498,388.90459504140296,84.99480422368302,1708.4077824865715,1
19.673965588026412,15.761931420051056,35.13196931924344,58.82832740714752,2658.8882905759497,0
22.946079404409666,47.06097643728287,354.1409323215941,25.245520804527096,2623.3754454591685,1
37.190394607516694,42.4758833096339,410.75725326289586,35.897402374855105,850.7464795431041,1
60.3159222498283,42.18341877097205,332.11149277089083,61.71753498435113,2627.747054764823,1
21.644290468138397,25.614237152510654,11.403761676301217,63.40455881235649,2141.5532234501534,0
17.933201161495695,39.47191994077275,94.1678284304421,62.883189994224196,347.25181832854366,0
51.74372575197169,8.967667963227594,174.3459740515156,21.391289878015925,899.6078718458458,0
37.534074278366205,28.661147877812184,120.67656764083273,77.5567590886846,1332.4503636786158,0
60.148181180997426,49.19229614237729,481.5128094125766,90.48254051608755,1757.0561387643868,1
18.063800643791325,14.547921525898083,327.53898748632787,57.373072661581695,2053.3243262217225,0
45.52603411626716,39.71761646238376,152.0006238890273,74.66283080206462,825.5259848922483,1
22.80835303834983,24.523920360403363,465.2002618393956,90.86328583903375,2391.7512856842222,1
18.62182357584016,1.9902841611043665,371.5941287407125,68.33768866068533,2414.288309722887,0
47.58861783364988,38.15096989078337,145.88056985438578,70.96903512777723,1887.4970481514433,1
42.65265409498033,8.42845721960564,192.54637685396793,74.87656631086823,2602.734776289246,0
51.515510209928216,31.573678356637508,103.71728486045859,36.62170347068741,2332.4560672429698,0
27.02044170454003,4.283209702348644,485.6816291415818,63.36226360149668,854.0591482338522,0
34.63844110102045,47.34336987479824,261.06176546558623,84.90053450718987,2296.6921657759012,1
32.30094219817302,14.586194359018045,448.5480603115024,39.58150661164231,2683.0051968827624,0
64.12492051815829,11.323234583869745,176.5173866533396,89.4651514665394,644.0161175460773,0
26.073692620666336,6.456820203316715,431.11659353325047,66.49170183054746,2746.7447119775725,0
26.21494810907218,47.30010966695239,31.673989971446158,50.12351266894367,362.48199192522566,0
29.500151485573404,35.595187122065255,491.13470717452253,66.7241857962243,1605.4181119344307,1
41.05267447096769,37.083044435904434,456.4570116814848,48.35437217219334,2234.7328474462106,1
23.87775093450599,24.97022806901223,184.78545766444418,84.55695495339849,2276.0952563656356,0
60.34094672086007,23.73638926352417,388.4874718307158,55.03244214561056,2136.6814228656694,1
24.612706067644492,5.501062149573832,377.3676736045439,89.80070885960994,1623.3784318829048,0
59.269865235810705,27.992054779199588,451.12112456595116,57.3140707103696,1927.4108051759886,1
15.691128500562156,12.345824755439521,157.0912156587615,69.81057633990314,2049.8304641327845,0
46.110948631980875,48.85726664002029,235.43240263050401,97.8127869435686,1536.348060534739,1
59.884203514103405,39.82904700075737,433.17480823999625,27.198164803708917,1789.212437836594,1
19.281219111902622,20.64960300964438,390.3968297969319,76.14851934487267,2415.920133643933,1
63.25798280545902,7.567062934576652,199.7660257764382,26.526394917022486,1082.197552864568,0
34.90858482285314,39.2665845569392,423.6339902915004,84.62590835844489,1608.0158174215808,1
62.014330964256345,6.1026883540657995,28.24224942003874,64.50563063644697,321.19930256376966,0
47.225102399652584,9.466687674853524,392.1129199666801,92.86724353033611,2018.5909994419828,1
26.587277843045335,10.57602588721137,107.3491004196818,86.87439796142407,788.4636615371044,0
20.356638870440854,27.84453191365472,146.62984937277466,21.214379109912343,1502.5031342844222,0
26.705427542380466,39.352832699518316,249.14134757981884,26.396110959345457,825.5130407011483,0
15.115957509447124,15.715743936234611,227.6185780296371,64.89718707436649,358.83428644623075,0
17.912738148883136,4.23349071376447,262.68220290059105,58.02011511519221,1508.0513792450415,0
15.756324219056463,23.22692317622096,274.6639198576518,28.9909058409159,1362.0840165267675,0
33.261894905785674,37.40551205799677,169.10620706059098,25.736815946546933,1362.8737838109516,0
53.75681069416726,11.083192154369414,91.73761894342985,61.81123502565389,822.0153998221757,0
17.77609548189871,10.996227401968712,385.39820849721644,19.060488481924956,2668.011474370448,0
17.167623824478476,47.361351367335544,202.9881937981353,87.52003014513544,308.76787952673624,1
45.388592223453195,47.70768635595889,255.3912269172342,81.9878823436175,2528.8636249933465,1
20.845064008243646,49.52328660307882,324.12487558380343,80.18570765202041,2142.2548078487052,1
15.368552095994538,40.382980078739,455.2707715417947,16.327763204381508,730.1800838331787,1
19.176671801306767,9.409208458397277,355.2386514144089,18.95419830325725,1480.4799657588862,0
60.805226773222685,10.599076039963068,27.502316667240333,60.63664705551048,2772.1252037706813,0
55.18091890269049,17.0112620761196,420.08737988201875,97.53733217821674,1909.2455924607682,1
29.473550929530177,15.906626566674543,494.730732488122,43.412244680622194,618.4418095466688,1
46.070142203006604,47.82638745390045,238.88008755883416,43.58310976164355,1444.1055971410797,1
39.55016205174209,39.45369914408468,484.94721654502735,26.145071249544618,1470.5077414320308,1
47.24183449154101,36.200439608077694,275.92772745985894,70.96987171037861,2305.658332207771,1
47.54691338545177,9.298161202906591,232.50991795661514,68.67416518650248,2590.4073320653883,0
44.580370828299614,45.47627796811648,169.04535854009026,23.4097605594702,505.6038582218364,1
24.63557526955197,41.39351897530869,330.48966353750274,53.79521982667315,1085.0932173820806,1
12.145353141954997,8.182092066396185,118.76110815989708,70.36721743222387,1046.0953172127874,0
35.05617300945599,43.55851659804863,56.94243816463014,55.961839314719946,2790.1203122975458,0
59.00356365798871,13.612376818523565,18.48236577918597,70.97217729477471,1698.0677917284993,0
41.32234921852168,4.043487291605302,149.72815579405557,82.75044298681365,2499.5787402999613,0
55.78150729360494,32.841115325710504,200.90656192268392,71.9226809491067,1365.0821236120598,1
64.53933886286754,32.69023296921653,278.2779646592177,66.13748157393348,2106.807876022341,1
18.998891227605196,4.746600478280905,149.91116346756817,85.84799132639293,1016.4641057603652,0
48.04777015280903,15.942590446829119,492.10948833077856,89.74885113319242,2579.4650587230835,1
47.08614655350136,49.64072311277693,149.41385827937796,47.27757428559175,1437.8656024663344,1
63.89754960470531,33.921333350436846,223.28281728097232,29.37974068108253,2309.313743290218,1
64.20804036740401,36.503758330166455,56.12170193829066,82.8824135326682,939.5422083564121,1
47.76732364482712,10.645864280215283,134.01012410185245,32.741507905857105,2034.0108548046978,0
23.398813559020684,3.939103550195716,28.92440919555059,92.10290558917411,1312.8960110000894,0
53.92057109718295,13.845084487046883,281.9567735514774,16.898869453417987,378.5985574363676,0
15.886602381607096,12.444919259659597,376.77701815055366,91.4655081574022,1332.5206343976586,0
52.93846172943958,11.727205037402655,101.87635809635363,63.90218838680121,1675.0541043885512,0
60.0607868279583,9.637716094351978,187.11591421895503,79.30359567056915,679.404034782938,0
31.05583671226394,28.737784532770217,13.22503222994448,48.07488472634557,759.7827629815376,0
44.684941224069426,16.405173792091087,420.563417582495,97.31245222843705,1462.1569958078924,1
33.65785026532545,41.01725075237652,391.08194484117644,33.886768488002105,1156.8242810835168,1
34.07707802434707,9.1973708923692,36.310745282774725,36.9405239989685,1401.8513450084067,0
27.070398900946604,23.231353543427225,185.6094666136036,19.268892855110252,1452.067473306807,0
51.917129124767854,0.6828918213039992,477.8668738555002,93.05928913409937,650.1901092568891,1
61.48971102915779,24.084116122759603,199.05339275909364,52.850432198690115,752.9864381752868,1
61.74129725789536,2.7919110438237196,265.47329497838797,71.01275042170599,2420.4134836987355,0
19.61297066812136,48.88617559363218,180.8452162001258,72.05758037941578,706.7967232762101,1
58.11090073111113,39.529606432520644,300.0850371234896,87.58367365946224,1964.785832520652,1
50.55872927849172,24.50557383182277,489.187653440227,70.18879580365197,1346.3201169194801,1
23.90605703796591,4.329367908967513,498.76373922319254,61.647758131247535,2720.5917149241022,0
13.700653710683302,29.622272039520713,388.4839141155396,73.95643750785662,465.2609047205939,1
24.739849678640788,37.938187535093874,205.13399352011746,77.3305763172595,2375.9721650769047,1
60.17145302298391,9.535862650237265,249.7439394103492,30.432019538624004,1528.6230777565538,0
44.824827119267475,28.41041703937454,181.5820074155912,24.1023642350705,313.3809271604715,0
49.65800634938295,40.7105449191434,492.85944180265136,21.21245459030174,959.1505473488843,1
24.143379311000274,38.41238888231582,355.3413513835748,46.046440045370545,1319.2421313731736,1
49.56634855661512,40.14960089335764,227.22106548958809,56.33401990653285,1085.4868836223127,1
11.546682845285806,43.96617124348599,10.997058704253158,66.09894155805844,1206.1236600348334,0
30.64267401751576,46.88410510797351,262.6392901233214,94.51686513423763,2591.6797728429497,1
44.471434169828214,20.276057760176798,492.04445984230085,42.45538907718152,1202.3350809808194,1
18.03531110477261,28.438455126143865,263.9151499416607,78.15254632241377,1347.073448506832,0
55.26519659458141,39.532976302280545,95.30120931711127,59.10268242637545,2202.828883945282,1
22.926721434655526,34.856990697289156,15.936404816863552,33.2674643632141,2284.583914370938,0
45.875461205014545,49.77601141321894,180.5783602714835,66.07035061768701,510.2241294667365,1
32.28584284164313,0.683882555232207,459.52288756982045,95.2756227980454,2060.1750864175106,0
42.782397751270594,17.756660765789533,498.29428354706107,25.31758883785561,1506.4298841919394,1
15.909780394589948,14.051396313510123,472.9571475319413,57.104220457586,634.6347330941385,0
10.930203995688403,13.11579250827673,366.0628966608571,19.283493394493842,961.7764098672108,0
60.02604350591657,11.126489124944289,281.2806505781244,41.660952808398065,412.5887432662967,0
24.829650482195053,35.45619204076145,297.38964245921477,66.51002224030128,1200.592972029588,1
55.08223515292525,4.237973663766093,271.8010445005206,84.80772569055263,938.5161008350603,0
64.96426652597101,37.08044169716692,354.9894059368792,75.6172590032639,1255.2584934500442,1
21.628719189940114,34.67129210081367,212.34224721419946,53.41711259188433,1750.851368826892,0
24.584390765084557,12.540206625044819,336.2559824531039,90.46548883964417,2130.8488800915497,0
46.45728831990661,12.641689158258062,65.19799690381451,40.125317196972965,1813.3799663988243,0
63.09967490303417,31.443029267225107,136.51917674793447,77.5806230486888,1995.9432556498643,1
60.36978915049092,38.10855527418389,418.8215042102716,54.34274880505598,2464.097801546983,1
37.65815360360717,43.82428065436827,452.3557207179786,89.58676763784038,2484.5611086537774,1
53.73106553896986,42.60697819272379,271.80907759234833,81.1869241972621,2451.798370897935,1
17.46602192049456,48.24414970819266,20.659630520401535,89.82198188848889,682.9222886988165,0
63.75910013122068,29.06924476682556,463.8519175419252,32.782571462192095,927.6728339841134,1
63.03942787197926,45.432778067017985,352.5218077235068,70.45648586564526,1555.8132623189304,1
19.005092683354405,40.425663663020536,209.9438222589036,76.29246287077612,1196.8482350400675,1
26.468271864170863,44.73338121570068,301.1975768837507,76.62038401845527,629.1724206999081,1
15.508524862872182,0.5813300642683317,217.73854304847623,56.83203738878902,1019.3755865141285,0
24.944467939399885,48.295149593290546,235.34291723236524,15.933793354880061,2738.5719041640978,1
54.877568417836365,23.676508142323915,443.9708835014038,36.69875506113322,1167.3168887413403,1
30.80735839408927,39.909149478742144,84.73670222397021,41.83397262536363,1347.2851707399036,0
14.86183319307171,6.360205966889043,56.3162220637072,85.7190392343862,316.0035546432424,0
28.82240386283975,19.797054790698702,6.350728533942794,84.79352281965028,2098.537199475497,0
63.97608338327041,13.573033151049547,160.43018592800271,23.688448635136012,1333.8751638634494,0
44.63259773925616,14.58293852504685,77.96981440979155,93.83637818701438,557.8501572379027,0
32.88885205233868,6.162780997544087,113.89282009336503,30.14397139207375,2721.3918457616796,0
19.15961824234985,40.28819162715035,10.56329641936158,49.39183445797645,2243.583031462717,0
64.23972385060321,0.46211572905390796,117.46173027041309,32.8580281871927,2115.3752235818174,0
55.14669550947208,15.625272849260124,169.6922330565251,86.40759491283667,2694.6808371041734,0
25.481251634800564,8.720527160820751,20.625910722891255,77.20036864432288,1318.7002112928444,0
13.85377826466542,29.451947030417024,305.9125415270881,44.34289097168773,2096.333850731121,0
13.114405655765692,12.712620130727192,286.55617269746017,71.5959259601626,815.5197434636277,0
16.62079822280436,12.949922726404983,53.03271036241291,30.302451386238015,2042.8013686303002,0
41.94227209879319,24.416907199765937,299.5298398716085,46.73065866720813,335.19773046900707,1
61.08198816630208,32.63445196704629,499.3336897113944,46.29992983206298,615.7634511015353,1
37.32088854032915,6.065235228258182,472.51213164171264,34.748744582876014,1363.1472965071212,0
56.36200153509084,8.775572623274808,6.3221417169933325,87.73390011537926,330.2317370150204,0
34.523764092289426,12.35873722972588,398.712264108528,71.34419604476747,1454.9146386260481,0
48.97209501723039,48.687410705898024,180.03461173706054,38.23496277679534,1606.9793726625098,1
50.25300055075755,19.85762499714602,36.507428315640574,35.09602313221009,1854.0164939677052,0
19.568003824683625,29.949504531551323,151.511690789523,16.490138092936842,550.9666924840409,0
29.866883243669648,12.077140635798894,164.25957557491634,43.766327064765434,752.5297828180308,0
45.051618609591316,24.522976257874397,264.0058984579831,58.72201651517141,1833.2084267929877,1
13.88831345014014,3.705958719297903,332.23646479808303,38.050008178395245,1945.4692811565983,0
29.88471032696261,1.737107296116347,375.78252804316196,73.13803694367091,364.75057052569065,0
39.41397064546558,23.43667634107301,126.72200606881701,49.1752109079351,1650.9184052875955,0
64.79234711745514,19.932964375920605,164.276432273006,41.254380471885426,2262.4543299970815,0
36.099345944234244,6.844015984591384,157.64894489556892,92.94178567959749,472.75219446348524,0
54.883121641287794,34.38007144603669,184.55474971983386,36.81247281491554,1332.9321631162993,1
33.76370067866398,49.645174544963226,499.82987293338766,48.05538246802247,1116.2781825752545,1
53.80148974408399,19.782341059835623,390.0819348995758,46.73013544722407,2584.1640633800416,1
42.747814089105965,31.227931795869722,487.620280308005,35.01946269071361,764.5059830161383,1
58.76274928263191,48.14879711822429,348.0899744757933,33.050569404264586,1095.9010328612003,1
32.601840379256046,41.576748622343764,206.10399731540573,40.0975415615125,2546.1118624782575,1
43.236743090181335,23.177611165134287,197.9233708953526,86.73160210428802,1126.633265149932,0
44.651027434035505,36.87447422299597,246.84766676264735,78.66787964003112,1628.368601463986,1
32.95606179902603,6.406752012526201,211.35054276539648,71.52295967528434,382.58834307719843,0
17.937162402811484,25.605192773189962,415.02149181590914,52.93954838932696,2762.2560904375905,1
15.145767380178455,13.953013858996826,235.17599644821297,57.14358072450609,2362.366769677974,0
10.916935282979821,8.058184394808055,151.32910830436876,37.17252417595721,1886.0023618666908,0
58.044384533486806,21.314045312726744,388.55583300484267,21.16822084838116,451.88818272495075,1
23.006120173128203,6.550727721680722,427.93810264379033,42.47636620780003,487.1749034319517,0
21.632871210497242,34.94925540872428,213.11233328952343,56.133451747366394,1662.4340769767243,0
50.481947023433605,22.812002202666775,335.56524309323834,19.756982861104593,1012.6610905085856,0
27.600886219806547,26.55723162823319,34.108244274710856,22.323364070739835,1856.9736187579333,0
37.832458082651016,7.31879693340785,267.085101725876,36.83109432941908,1795.481204619431,0
18.9381085913601,6.988583054674724,27.265663184026483,45.46767100819921,2396.6284956982445,0
62.78601468040831,29.170771763006204,19.449466044761696,47.64529532285253,1003.4426517816058,0
56.83697700094805,49.25048739147231,308.39780100875583,24.784543501904427,1744.6588112274815,1
57.50842926307518,4.812529161886281,155.15101428551864,33.743172426387474,2243.4082970969025,0
32.37255617146029,14.286571428289063,372.5558954154554,36.71672192127953,1526.9324658058156,0
51.9298667538945,43.47295582689438,448.56086751313313,20.613694724703436,2376.6091623473612,1
17.913188546437908,3.613600612761847,73.9986309965236,42.066275148944875,628.1905039344324,0
10.474045142547915,43.79428606834757,363.6388050965673,20.9943905387071,2134.744412867858,1
11.098511291791546,26.214299168737558,259.6873991527299,73.38700097810262,2657.455228802446,0
42.26309555725082,20.413338696321293,60.499028830535934,47.041964624256764,1129.7083024839153,0
35.04671978863674,15.484028217572792,327.53834020795875,42.120448318405096,1215.8411060299122,0
38.490844189968584,14.855857906392094,306.68606753770405,25.501340234799372,508.8741929771368,0
10.410472722947068,15.290129122473939,260.24272436338737,33.799803401926354,1903.7319489367794,0
33.247764081158415,44.24015404800979,463.6032462570307,34.314532341947256,1681.1268140871755,1
49.49374886604735,36.189761508739274,262.9344495714882,96.77194983448415,400.8643968309195,1
34.348153608208975,33.48615039155753,495.3049821478552,84.33399849920494,2180.5300674282794,1
50.272056347172224,39.93745744760004,257.068262854815,16.266770205574826,2373.2112393625625,1
22.816043041825914,12.85573315020725,62.34675895917696,66.19743703378381,2567.799010351885,0
54.7228102464949,30.902140604087787,237.88326928214005,36.24053800301967,1664.3352154266054,1
42.36371822493987,23.003311947897547,95.25273746476027,23.663285092025497,1431.4500872543933,0
21.591970468644842,39.12208176000967,300.5810751826265,73.56478033893964,2490.3428863301933,1
23.01962617196081,15.462805523664274,348.10042672083256,25.923260605872986,1296.7420476703476,0
44.54167555132454,32.15893084349479,236.87546296001136,51.830484700968064,1938.6078130864043,1
55.64667762668439,44.11062059086567,53.362969003158376,67.46970868171371,1838.4056410023159,1
32.85952801160353,20.107523809746436,236.9774922988587,61.02306476086406,1230.4027495462797,0
24.206523602017572,3.3311043683730723,45.3198362935282,96.14321515912766,517.2248439151203,0
57.68563838008302,25.80254111708964,342.6523479757343,80.21663688916938,353.53884667671423,1
46.80975604629592,17.298624390351296,396.23227130821834,79.25805021858164,1370.594351338468,1
34.64470180056921,33.611269027358745,481.37826197738434,44.51441770872559,1503.003937058392,1
36.8345107403616,47.551646237430305,78.65704302858593,15.696825842983761,2356.69567047473,0
21.234105736501803,24.28041589984235,268.54806608898554,75.95610716266714,1336.029124778678,0
44.47414465356642,23.30951150777669,285.9309969300322,97.9777629965408,1002.8996868336732,1
29.730838079858874,32.72924000957301,461.62588422158495,48.68796594272009,1455.2411701878832,1
64.76048471708921,5.174875179678384,315.5019370952745,96.79803541344074,894.9762010600529,1
36.41009333940383,12.675309446250733,77.02727459443395,26.761773091350754,528.4015277873913,0
36.72370834042873,45.94896627501993,220.99390536177864,39.61052518584755,582.6075842152682,1
41.12184830758696,33.49713066818831,329.107451610594,29.170335334625065,1097.886149742319,1
60.42158017153107,0.6722021991708127,351.6407938743022,54.43960575292571,331.69104389622674,0
54.04499549228626,10.231273627950992,432.2216293023339,81.1494563250993,850.5082167030953,1
34.81215383888128,34.14186330144495,94.3510243229766,43.27492039765018,2268.807852330885,0
49.52845962850378,38.21996012812871,476.01336264397173,90.21700178360533,886.5429810757772,1
42.24295243294189,41.992978633702094,34.274008947718166,60.22092430637216,576.8237775987898,0
37.08018767856869,14.608840169102244,491.9622566116065,53.63022634057581,2672.701399986348,1
20.57736750313928,46.55142981387813,429.5947109688722,80.32397490220794,1856.1752908790486,1
35.516494490019,27.64734467889462,331.83502746727476,23.419810254468118,450.0648735891647,0
23.520022286241606,34.82695111939464,368.8227726308887,79.221455110486,455.60991623725704,1
60.31631824184101,29.836943138995398,40.98254292980423,35.165016014344616,1830.3053142479241,0
28.447374742299083,6.137002733731023,25.53253213275393,38.30744141620872,1650.322005162279,0
62.37452079933548,48.15573296924399,55.37406929292594,64.75466318556663,470.93693098246206,1
39.31804095520911,6.143778994707633,48.2431082587482,89.86055727883503,860.7886874333384,0
44.734940827188815,12.74409782055918,275.95371056737036,63.00777683098178,2622.607286213971,0
39.86172444691303,40.68139401114901,111.64477362033563,68.86279594994241,1730.0270262025433,1
17.11593393316855,30.929848075055073,430.80179041732964,79.45735093723775,1400.8134953695755,1
30.670167045436752,41.90745826881785,225.64556841869572,36.5239549963764,925.3885298009152,1
15.453036175269316,25.786809418702244,349.27768584684605,83.66039484274383,634.2451057546775,1
44.26247243008599,18.849661768331742,328.1721810202291,49.69069237257343,1306.5792102767027,0
34.57808073602414,46.092274977389245,163.32725427020648,29.57942255976649,2605.9163983282515,1
52.789173436401526,1.8126158757397426,125.36794889523587,44.05980059527337,421.77848919385417,0
22.12587645496534,42.80651101765229,174.51586122183443,35.428882272612704,2777.4470398571666,0
19.05113321361342,11.54088925938908,399.3458950556696,33.98322922625861,819.5318005050195,0
32.348272703007225,42.43681638769839,295.2070399677111,38.452745493690784,1321.9184009975233,1
60.962196077010965,6.95983067084428,130.5016379469918,30.01725762359343,412.6282704142939,0
49.07319982568264,29.010948184527024,409.83398931491297,70.41924583785936,1761.9555077700782,1
33.04079936361053,44.4053959505736,32.10589612460183,63.13931583391473,1508.888163502479,0
38.44996933648708,23.676982344944523,351.0957706201962,68.82067711762457,1966.7675868369497,1
14.631715614740408,37.32833369016964,222.35489884590888,43.529152077737315,1656.6953182286813,0
64.15167430068621,40.23358089277792,366.9887411026147,78.88787241364568,1295.4444616176725,1
46.65240175822054,36.82471043583896,464.0933337204963,25.757525499195673,2144.391744529177,1
25.697223765488236,46.266486843729915,376.26687848371745,62.404346885292895,362.5528194673944,1
42.21946168183844,22.341711525996434,223.77285087913427,37.86259669645733,1652.5725521864879,0
16.02153013379467,8.656271958257788,79.73296234937096,58.791621757901744,584.6905095725233,0
63.121016784417094,2.390553185123989,404.14373302368966,41.86188554493985,1390.0208327145833,0
19.61317433358513,12.322993481875255,233.04923582607893,80.61247650257751,2277.8132921450415,0
45.64166749303678,7.1598751940121055,42.27960011127925,88.97556262356186,656.1518656510004,0
23.499995439641175,27.897437071724024,360.9324218995487,76.63424153984539,2639.5258719312133,1
49.46587604566947,9.2472668605866,149.4667231287119,29.573448166487484,2521.2617309785114,0
52.72517519821546,1.9466853644685589,29.19967360506669,37.81395256623407,1337.2626771667462,0
47.038085090128796,1.799491443433393,451.86175241216847,91.30671943802851,314.9371018148414,1
43.79747031403559,41.57847491824308,244.13504058648547,51.289270595630704,2274.3620666862153,1
59.085800167360645,29.57249657215124,144.07572132064567,93.11797397598914,2502.239508530707,1
14.324469104436693,17.904265094668908,359.6113461530312,47.57349017556814,736.8452308885815,0
28.200312117910734,44.71140213701234,443.52167695286903,93.99729682902509,2590.4805220413928,1
23.65581137969653,3.50983057038568,5.152002141708967,91.83633598186647,2585.24319323674,0
64.34076791359819,49.01610363639129,345.4868315958661,69.82373186888915,1478.2271275854762,1
31.416437881678043,30.81458951272305,384.6707885391186,15.732645022304736,2295.0870269946045,1
50.29369845822193,9.173212698442423,108.91407650334902,48.227778604002765,1412.369945679971,0
47.659884013455255,33.953454948848425,247.36379654803633,90.63251576473445,1710.1156647965447,1
21.664468061255775,38.16906298917813,49.196519964378226,88.46415399597352,1099.5975245244083,0
23.144872411635323,21.467139168538722,374.64119184509707,30.553187407977433,698.6733633020611,0
25.470650995416875,43.08163031227737,424.4907291888595,48.13214716543552,2166.3414595350796,1
32.61200030426586,7.5366203648235155,58.55239537570699,84.34732401399614,303.4821112978392,0
22.887878610778976,13.941879178880418,409.14782544925316,62.96386181975451,1748.8817241219538,0
11.08083155107663,4.6746180791994885,386.9272343898441,85.32583637603466,2461.715065946159,0
58.36661812439575,10.543892030367608,176.72209358359416,83.60509290923073,853.1932169411264,0
63.10854072594862,11.93644059555725,346.69331731712373,90.3210065770561,1132.248641995006,1
28.786371286736237,45.88165954608551,5.023821327684315,24.72930882015028,1768.714632161157,0
28.61787836840101,3.90548443755781,466.2398389606693,27.0528567406418,917.1756163278502,0
10.390049702590405,21.370756009385474,277.4397014776446,21.87314940443136,2418.7171433269573,0
47.41378785817057,26.61993436134565,312.06773771068976,92.62731381092082,1216.5079177813877,1
55.39919426617458,44.93465269010804,334.00640970185384,54.43847790336513,1754.0342995497156,1
18.063456519800173,49.88481093306068,282.87766352309154,20.338998529043195,865.302868998022,1
18.78164921519329,37.66940574599179,429.0981243320342,41.68698190866542,403.46584247746426,1
53.45457874842908,48.539549528451474,306.8024069150143,44.167249213787244,734.2506650341516,1
43.89599115947796,39.35505662679369,454.34119566403393,82.19346534857085,415.49734402200806,1
12.467330669524436,48.16013204857083,293.25415300583444,76.0445820501866,1471.5097490330481,1
44.24008447542549,35.36353629722276,89.70559888038046,72.21912511369322,1766.5934772951236,0
26.990474756407135,3.9881712725535534,457.21346514045496,16.814674865084434,411.68801921363183,0
30.27988355089653,20.096009349633825,342.4056116880895,90.58775110338944,526.2055538448321,1
52.33522800632841,32.32986419012352,351.1233022456003,32.89108715400655,1513.8125670258773,1
54.60143559699358,17.53592547271255,492.81346653294287,67.21209658949226,2297.9498305024404,1
32.01961447619068,13.66919590568893,42.22229433374169,20.13098056994779,1870.0229472892981,0
62.09341148034951,28.869963356654548,217.15334051210982,21.766665625380526,561.7755502596735,1
32.35544948736397,46.67509383512174,123.35221952837452,15.794915578800138,2518.855684603737,0
52.450981937656046,1.749093675807678,317.0611000332603,61.97199449726244,2593.625586974367,0
36.613249551034244,38.46156017707189,404.3717834552956,67.23851257820309,1112.3920696236523,1
59.364277958714624,36.13636390223135,483.3238009017443,19.18837116835799,1840.0444797034054,1
59.92686840075982,48.19767126941436,230.02507294258643,39.11024543541522,1530.8178754617795,1
14.807924432909612,46.53556111662718,394.1780241680891,85.67071637677539,2655.0594215745555,1
61.507133222062414,38.11162810220964,458.9405380599879,23.40859444630187,1571.8713323718396,1
55.404416283622865,26.020438234129934,343.24608910526297,32.97341465792649,2699.9145342801608,1
53.52208928719668,10.213377661675993,125.15261346263675,50.22447030321145,798.3563763255153,0
21.050123682703735,27.26178591627872,305.88780479835674,84.90875051854863,1163.8418942392,1
54.28155648150657,38.26759969598269,485.12626366950735,36.15247152144195,2253.3631002403436,1
56.75730040767702,44.783460631894656,493.8391452864749,97.76237227515739,2259.0268389834196,1
25.9032683949783,39.48560046052745,322.9681127398052,44.48673049049785,2130.458184891763,1
62.37430430992781,9.763346759552698,444.05894014663465,47.07523865414072,2449.02866166326,1
12.742308051954033,29.98431571140297,104.17293510505839,25.13481495115593,2056.36543235953,0
18.245008928592682,16.608672976567853,126.8089094513473,71.45642577109206,1890.2128611805847,0
39.56696259283329,0.46028336953214954,476.67936837800556,35.20761017111197,1447.3125326937802,0
41.668585911727035,10.011046789433303,71.94151086992991,67.19601040948885,1467.7193583233172,0
45.48325458154969,5.661032496672464,99.59768685627208,33.522091457442905,1315.4037330106041,0
10.933302112350654,42.13595617697343,213.1715565644256,47.19339817979684,1850.529499259551,0
62.82017260421716,12.925312607390598,296.84422243790846,86.10378363221665,1316.6598230824839,1
12.452345100377919,14.234898444377775,303.8895233892945,76.32919065234782,668.7357852164924,0
17.86840739978713,47.996828589944215,149.52812428945438,27.831044695329044,566.3240405216169,0
10.770798463933135,18.954336152442607,460.70387948542236,65.43977789205042,2611.1806881094444,0
41.17721383117521,0.4792820072197279,457.97445426589206,67.17717408892617,361.84726884470774,0
61.27467861565347,14.192307417306827,199.07368626092438,22.517183300654466,563.6681545141312,0
46.62709413442553,5.964979030090623,219.97442586799707,53.66186930988267,1413.2621866139666,0
55.2461607664235,5.1404280867926975,352.7360728278363,36.63547684041146,957.3156672609496,0
10.730466190221904,3.8743645067874755,333.1829687174559,53.77180184936908,1314.622251005365,0
39.81084141638493,29.662973508768864,194.23702240567636,79.49689227979863,593.6184539847084,1
35.275963762803705,9.467386181492932,210.05090450289669,28.135543464256536,627.267342118435,0
37.44323693214362,18.062139702050523,177.2792769936618,25.23424906380763,2301.6447718127883,0
13.971725193435336,43.10088580650084,121.5155784418874,37.353269093779154,2197.7718602507593,0
47.64394485881191,21.216906989813783,231.77848964744913,94.03886237876641,560.6321643115359,1
37.6771228172249,45.78456750258188,344.7848952917575,77.0694095283522,1969.47603724755,1
52.08318674236952,24.896902669780314,372.27351913057504,16.614836613607366,1823.2783083887084,1
36.69098487339434,19.941830741987786,390.5424558867015,48.28340192612026,2083.406806700574,1
18.215989992453764,37.51944635453508,190.49234665929512,36.36403226367197,1486.1222614061853,0
45.65413247428021,3.6587549384001052,383.4948171710619,67.96599917489044,974.9670688336021,0
19.48124991578414,4.47391914912087,8.22557626747826,53.12127364333803,1959.1979233913198,0
57.98170098451482,32.59868569614803,241.13971916985668,95.05337756370709,1228.3935663070552,1
43.72139314880828,24.347035661962412,397.98267806568197,33.175211431691764,847.3822525304012,1
18.64621359563248,39.52076251596051,316.8721367174699,63.79208252791208,1321.572534298208,1
62.928593161466374,45.813541867176575,239.6612464564813,73.11743124418848,2208.174589002385,1
38.510100483442635,19.41834388357738,324.09779327014286,83.52185261566667,1489.4829913405047,1
14.009414852941024,29.820501329232314,453.9382715585886,48.77859552552459,1049.6606585835552,1
44.475809742828694,25.034831389765493,285.35899130205263,72.01451833557097,2379.6715370595707,1
23.92593988570456,49.080532782121644,400.89416477275256,40.16572212489547,2504.109387952337,1
54.203139853251635,41.55422036782976,490.4676489864728,51.14451566603108,1383.1260594316868,1
54.98021404614048,45.58688541386768,354.2562600274055,89.33705188988213,1236.7200518172367,1
63.842104572006406,12.717004378880208,288.7962531250864,93.84233157446921,1831.7473675474125,1
37.602824206347705,38.62632115812972,23.555543827043426,74.66183979496297,444.93611514478255,0
35.02262838502554,13.273661249882446,190.36655963602084,46.07120693442336,2028.3079014189927,0
51.441158299556434,10.437126671419495,284.89415308998355,83.06479656789712,2255.719013443117,0
17.28588609880596,47.21330798277754,399.6172529944861,17.146967783209874,1293.6048181429292,1
40.08035325862183,0.9652208358933323,221.86187087555024,23.527910574771948,736.539625018491,0
40.0436180071968,48.26943518317148,480.22884650356286,69.89402011915497,372.0459378521588,1
14.921021754571296,7.46309484944031,139.53790754871906,39.17363174741477,1893.1139987177498,0
32.98912470288025,40.97190408966341,373.56076162910665,93.96505612723965,972.4835165872745,1
56.93066392119611,13.796127653405154,212.42055145664312,51.193030803661294,1459.7239678032106,0
57.08844920970631,17.53511637153637,245.56430481012342,50.637280092301694,1265.8888041438272,0
15.458071570582455,10.837885566099247,402.23850676339293,71.28059934584729,737.2119898686566,0
14.989648551130697,29.275702124053982,151.62655451759423,78.70819067141375,1570.9216711517602,0
24.44825123510644,17.404777375393703,52.921968014595855,54.47137526438633,1448.983806851845,0
58.11213344046964,32.86965197473316,262.52651438364643,32.762074842073105,1860.3690571745806,1
17.089642179042443,0.7823658971032987,266.7533328428556,79.18461734622659,929.7124863244669,0
49.59982414450955,3.218744175751981,399.59804725156,41.58915581451109,836.5976996335145,0
15.564109078720676,4.983057636562433,484.3180070848904,29.53419385139018,2335.86264939118,0
44.272581956130395,20.949684265511554,32.37383973253245,67.4261357637761,2055.4806124101037,0
29.583701451552965,40.7398086329988,297.8862895028389,22.507654360199083,2230.5161292289085,1
53.39026796312269,44.40889551891913,342.2328725058259,95.62227203214256,608.2245293875701,1
22.852974685394997,12.240537003045038,492.97166862051824,67.48897294620737,860.0991083175442,1
45.156100616447794,28.7184862119507,471.58215606707125,96.82932823650573,1738.8287905090997,1
22.962539401673673,38.41824963463002,357.6631285324289,43.12815414872679,2443.0033671822703,1
49.25131557116846,14.441471495980435,263.2857585660106,95.61002837880302,2530.2866079211753,1
58.05229190084118,20.45038683681366,84.95434153813433,27.081666561475757,2379.774905637318,0
16.974098951971804,26.198710134285697,195.1673948261866,18.37766610480336,408.49486521106843,0
57.662762872752694,6.743742320402385,294.6355509032914,17.73767701773201,2352.1979616393155,0
42.646638992786386,1.2991146862890157,363.9741963148981,53.58424075973585,2547.7279438027044,0
16.99107699768632,7.640290465914163,319.5227809521606,21.889348390723367,441.8727253816302,0
33.51480204478416,31.342681062676668,358.4907869047319,57.509934385910945,1340.7022344424702,1
18.847316141680384,3.6809130766840834,217.43048975318936,42.18254179123874,1641.5258082417542,0
48.519133887661326,9.484818242506416,365.1755088326495,42.857206375351595,881.8759322087491,0
51.73774739298723,16.892694284765184,76.15192172976101,67.75554671324909,1591.7141400927765,0
15.818808615003942,3.893503215318317,85.48022432274121,28.537134510584472,2514.8894699026614,0
37.837691898205435,9.584963558081721,85.6019121855841,78.62392973819767,2467.3562658644114,0
54.80437808142545,45.563489449175556,445.97815373270913,63.30856634162669,2649.5932031437023,1
61.48896728530481,0.964956611349238,42.63686133777407,90.9404041943434,1510.274495986355,0
38.24348267079735,32.67159620871811,401.74664450307057,45.281774262704445,1326.4173632348004,1
62.265357298627386,19.220446545759245,120.61759453313489,96.56534434157142,1964.4695475808835,0
39.462893375081634,33.63243697161856,236.87282054514907,62.79369467726393,1341.9014440025853,1
31.680477202994936,29.43458601817023,458.3985147555106,95.7923623635653,404.86149000214436,1
56.65117207040925,11.174937717732213,295.0389286953158,17.24603428591057,2099.8036304261377,0
37.1140490751949,42.36047437866943,109.0082546850175,75.4220347602282,1002.4598532070595,1
35.95463808104877,24.597019130467835,145.62457985780952,82.77958651629712,422.7132806679762,0
36.96718691754056,41.12680094567359,460.62107882841394,19.41338279414847,351.5526913172604,1
56.573175102836,20.30062680941096,216.4362429294393,63.05448211334839,2628.4031714432954,0
55.756784792842865,49.23427769576195,295.5578140883608,81.56121036792422,930.1900216104223,1
32.19359958421161,38.52446792506481,232.66643732956743,61.56621419351504,1419.7479813076588,1
28.331492292878877,48.29751025562867,192.32685358398254,20.29652800365373,2676.4411322471383,1
37.05604132215211,25.71632394549294,115.52316783153896,72.55612099455985,1468.792446951813,0
41.50248803554099,23.684556614535023,344.664792739878,20.029543917884617,496.52330881577836,0
23.10854658453983,37.772690466262894,360.5298030046996,82.8499182863644,1679.840118116648,1
53.667529659357484,44.014563150671506,141.06812034566275,18.571837214455634,520.496633635163,1
36.756552115283256,48.2072897932779,395.560367312141,26.403982623860777,537.719695933841,1
28.372505163097777,16.227595301624987,427.9949241493314,37.833930013431285,2428.6926845061494,0
15.875154613019482,39.93522869213194,460.73417263861705,67.5692777576464,1023.5538584114737,1
23.13648382219838,10.532279881776835,84.80014488959311,96.03780526939839,1996.6755002810908,0
62.2104644465791,27.278717337272262,155.44222338856687,24.779296767454557,1572.3108383216545,0
26.780482775073963,8.992407420459958,430.8749070143293,26.84473654475523,855.8167280110355,0
19.28726091518694,17.36986808751694,103.27740039980752,45.61624292618137,1594.5507466330191,0
35.33700354102463,46.56791836032296,6.716887325530208,84.40618843369158,472.4838397493819,1
26.88982588481368,7.3045349886543045,436.0595185745591,53.78016907831758,1168.0308739742734,0
11.933758764915678,31.620044756759825,166.59247366692784,41.6936798212332,1607.0905625512291,0
27.772986950367947,29.647713646370168,210.17627494378024,61.579918073335485,870.98584521413,0
39.925974316670775,6.036917635449324,225.9353427317158,36.62342538799725,1950.470325453401,0
40.344180461098176,16.29895218844061,424.8959273302781,48.296272301544235,429.5298042407669,1
29.61074066472888,28.149075225763287,172.2566115737629,42.60622738625948,1512.0247446765673,0
34.60165159389304,9.358930449424513,446.67854349895845,81.7437048604156,2087.4894532234584,1
63.10348550291215,40.03118282064077,310.3848733337838,91.71322529435406,1374.8651473919322,1
30.75416624766714,48.607825476737496,266.0069283966737,78.0444919490237,2486.4660382973448,1
24.202474729299063,10.737969998123603,166.1791810280939,51.44393681048863,1880.481953101664,0
23.390687423671807,9.345598239528796,125.63728965918699,56.85980313222309,2696.232290146844,0
35.17705369872738,22.74675358987223,313.9089291747876,25.381116596143162,1010.3045319374468,0
51.773608179431925,37.38826385700161,226.2126092280052,76.98977102416663,2646.9733271368677,1
21.329350130366024,14.08003051176257,455.70542491634313,64.50748138978867,1817.0564747142419,0
49.01128699274224,0.9939954348640201,248.36116447645463,89.90251967940722,2162.9472480334966,0
11.163240284217895,27.061031401644698,258.33848376708966,31.650724916737715,2555.4027926086173,0
33.04131378911703,47.83002838836538,211.27802416232038,78.0572681204068,1677.9929699795523,1
52.67257858615328,19.56384277034728,395.68518351068604,71.82774792269274,2455.4519798741635,1
28.630312567593727,21.006727709155022,215.29540306408884,37.06517930620943,1654.2423489701382,0
41.005540579496966,48.4450858557019,138.3242898761287,70.39242708188848,1797.9973190430942,1
21.273857805425095,34.73038058133642,431.70528277528734,91.72299058786191,1412.746432243464,1
50.80974651193948,35.95859614210626,300.42996957579396,91.23018697637086,664.0963796002573,1
12.875350679781778,28.13510026855338,297.7975587856559,74.72900568483973,1683.7580833721665,0
56.88984546815252,48.73046054316208,307.35699254614366,18.99006834032699,2743.6205756654526,1
20.900801253191748,34.443324221277805,360.82567536180505,87.3979399975734,2267.9649893307105,1
58.09189174395819,44.751637580258475,159.9686547097206,69.59562438137681,2168.746211883591,1
29.389108271528453,34.96894328666106,21.752963562336408,40.766043014166954,1908.2720068240737,0
49.74759659609676,36.7557912420198,406.24361463411975,30.541780021573043,1169.7716837181113,1
27.557391378240364,14.520546107112326,68.80800167141052,24.64492062877732,724.0379861959461,0
59.82514191790562,15.17393490069095,362.30076991921936,19.16966263839416,861.3790041067246,0
16.96504190351059,39.14923247880146,45.74607265222773,77.5905695799128,315.80522385662533,0
19.818588409992927,14.835314458494981,190.77738180410358,34.57496891229185,1983.7010522458868,0
37.11665688373412,28.13850354007658,36.19790456661143,17.01299369159017,2329.6938963910843,0
14.506614147098038,12.467615545335098,263.49577141572365,47.97346410288511,972.2783779951494,0
20.778910158596908,40.84916904045347,328.30220752687967,55.05638768916413,529.6259991106797,1
61.90715102166079,5.5250675613845,89.85940488320321,29.046109164710533,1139.3176695547945,0
63.70693136313379,41.47233198808322,188.95567112700903,18.65601190149163,1030.1280735424448,1
30.694263113173207,30.13649002538009,465.46854806631154,30.697415097139718,1427.1909019443297,1
60.78073115576646,9.345476741353863,223.9826129681911,71.36552923243568,960.2551358025274,0
39.96535716203874,27.10176927530591,402.25906664339556,21.82622521185013,1149.3317633625727,1
24.835835623057186,14.124941842367022,463.95644880480353,61.068073536230486,2568.886948373107,0
48.63192965943293,16.17336673652483,487.3011833637568,27.152194996377833,1137.0883822240155,1
46.239599361617145,17.576402079844016,449.66939974722777,31.242201407174807,2263.7951168247428,1
64.40189255098034,3.165962348616047,162.11563793368973,47.62546431113599,1864.5842505611486,0
24.57760080751058,49.29808422007087,481.4735786497905,23.368502892459702,1143.8448640784345,1
46.963272646395446,1.5767314065612048,407.13564466429324,29.375890730923665,2344.4706744508762,0
12.861306526619579,33.12484365921392,419.40191390154644,43.963050150462394,1787.6901739906623,1
16.250532128319566,18.56138238787153,12.51062716505821,42.36252745636445,321.5468189972509,0
10.215510622310129,32.30051454733495,477.34823734255536,77.18953331108574,471.82050393099945,1
64.97033745828202,17.81241265437919,390.15466080512664,21.206931325493223,2181.598898630797,1
54.125053343111276,33.687532312942935,385.1439107714105,86.4174110603065,1416.319473962986,1
53.269765810344744,36.46177547341804,45.35474180965019,82.74727017137475,1313.7694793588514,1
38.034934140849884,34.52763201998224,120.12142783129897,78.5773060944309,664.5679604895199,1
26.503689559799195,5.698099067907614,481.31952424326005,40.67790608444,693.2964849031756,0
18.319535645447175,32.84466173273423,252.83515202871078,83.29918819988536,2294.3811252397513,1
25.6571106365555,13.999377472704866,201.93971902744175,30.172572664010307,2372.5428349036383,0
30.67841720610265,1.4400685284666759,420.7707044877223,25.325964085967342,1700.0063515968232,0
51.597055333916174,20.7415335944477,48.233504986402444,18.73137567962745,1037.8195245142185,0
39.68139838967338,21.677155140190052,211.38629805417435,92.9627601294628,2631.7520416695756,0
14.261599460551547,23.358706667622325,190.97188333893138,40.56490450953771,1859.9059774880666,0
10.991595492740172,35.24120826953581,178.17643658004442,91.16228405476619,2291.605298629471,0
15.628269874373473,15.442190457122956,157.3076606082712,37.626925606104365,308.20730072053857,0
32.57742925335586,15.764025655196129,108.98710361108863,90.327974624917,1425.7990021884011,0
61.32561043769601,3.0276128120630297,90.59084748030848,90.02611138622532,2477.3727157998896,0
45.05713646650719,34.341060799614795,322.00102787523866,91.66511173588917,1145.5832080818031,1
54.100424493153334,28.391304569979198,460.10044639829584,56.18073546058808,2116.3779421807026,1
35.65060269775017,17.471255634689403,256.88156439869135,86.87354180430803,1944.1870628216138,0
29.891634575727352,35.25944894586773,152.49740341158892,93.91356938188758,680.5459158857486,1
15.962020499414251,26.86788746134386,83.78429787250204,41.943206177465896,2237.2595681360126,0
58.17631622024127,23.462247293526982,415.92096570103416,49.76657567165207,581.3169757819971,1
53.07380159653466,25.566227183056323,485.88856795424084,74.69693554886675,2119.785241429852,1
19.246495367874882,31.817406263352826,177.83192372658667,39.92986520303397,2777.420841947736,0
38.17433101319433,33.00013022872997,149.0204606483038,77.5661726397507,2694.953579529407,1
36.80561443566847,14.447890957035858,302.73901172259593,21.133048052723318,2300.604357642512,0
44.38003539775907,7.037168169557662,388.78784557194575,58.450365895949005,1636.2935605742555,0
62.040279169519366,7.831709059525938,230.42438775708385,25.15201917895085,1987.0614395518498,0
41.887429296936375,31.969544295150083,316.8862091811699,39.34584854424415,2120.270975860232,1
39.71194967282402,43.6436642883563,359.6917886715295,36.46590757637718,321.00381069559677,1
12.767761311406517,20.47481391727759,480.4931824888087,84.63136210570129,555.9155523823911,1
13.459911180991316,8.476008016473118,86.69347860744128,31.061932198714388,1792.647830197156,0
20.30407352297339,37.83012491469273,498.7043344435579,82.10117737320687,316.33635035727275,1
11.785892443046155,41.624473720972425,199.11754434440826,80.89870871035752,2572.2641269337432,1
50.88440925635068,44.02912215604833,362.9840706496441,56.40729361125008,1524.1567830626946,1
49.783166719667975,30.34157144568666,288.3451170966336,34.40899021447876,944.4176890128042,1
17.483092893740363,43.03642796940424,245.90096541937586,33.83239621636649,1284.5529239939983,1
55.98433954374045,0.7707479224203839,350.5473075221353,53.58874571061537,2426.9410266000073,0
18.513231916536157,5.361790088476176,200.89815586067957,15.731147613661854,2617.9821844102894,0
26.564657284854736,4.628803352604938,67.42444076171917,59.10211263274339,590.5874511933001,0
23.693729453875076,35.63023421273665,247.00222464501368,94.08070063866559,2244.9015848889417,1
30.476890421517627,3.479089177178951,263.3483559877477,27.840671194595508,1745.5677955413257,0
24.006507123947905,24.818218623315353,104.94156593296991,62.58768658247509,1763.7568941612167,0
36.89230095411486,23.635344931814455,468.1315813826853,94.82763115748992,2248.630304739566,1
32.4074334745077,15.535176177912046,117.60044508991417,86.42333757780281,857.1117169648937,0
64.26132199286296,43.52025849710499,207.56765907162836,85.58154965965124,1627.6124199373955,1
13.075949257052411,8.5216600939998,81.69019498813803,83.21354422288368,1098.381538627023,0
17.81997570130434,17.623139219961992,270.2193398625373,40.64895930266341,536.2808624412871,0
12.905424164973137,38.70857500114646,157.2806160095444,88.92119699514542,562.6986138915097,0
44.42126572403067,1.5211157196642122,247.1898973881616,93.13124915235319,641.178676562877,0
12.998010257754578,33.64752001231843,116.18537364680995,56.15077113382027,1837.2496222620948,0
56.00418555568678,40.81988631807853,31.618688334614298,44.429396922535076,564.575495943275,0
38.156624687506024,46.61339194190836,390.71719228571635,49.38100829528606,1725.2596064754339,1
38.985419351984355,43.814832024574244,322.3377105600309,42.739134671995046,1770.7426449431493,1
40.88769792417068,15.969205841684259,173.66598107695137,32.63073068803683,2559.741275304728,0
19.39475384684159,29.31820706614763,28.509641217749504,66.33122303098982,1865.9414908137855,0
20.872966671296815,3.8646746575232926,433.45965603507483,61.6955415583618,2763.9696022037533,0
27.534952758015258,12.89350017740043,89.04852744316128,53.394560896259875,377.48144985208705,0
42.64230287020183,4.711118937375369,465.71739804930684,22.955167094841038,2060.3653416127972,0
21.5564776767118,15.759364507698193,241.90471240499943,81.14211607059798,366.20019513260826,0
16.398244992329367,43.759360672936445,173.49142140469945,29.519485708315504,2123.443944686759,0
63.35642875301377,17.35834198371463,372.1709410610271,24.508649601871994,1264.6255230100887,1
11.20899981452926,28.09490515007132,439.03550600721695,66.71492582508463,1828.269413481474,1
54.14835729348119,21.669042405747042,188.5032140046268,48.08748198273102,1073.8451802208442,0
53.34193322662622,22.945826214936766,206.6351573242427,19.964103454243347,697.7625978816227,0
26.34677626148028,48.478602591827915,219.41331857686268,44.51217346176783,2108.781295223206,1
17.45946388040224,14.807723413192896,461.5499154319412,79.0577692396519,2561.550950675217,1
18.00957556879829,31.366223476158567,347.8191757995947,66.0656840330191,758.9561092500874,1
48.358738948045584,21.00313347897235,127.58482793759948,45.111239907920734,2601.7575030090015,0
45.35436250973955,3.0573090523843103,96.57485026347982,30.91979770567081,650.4552730113594,0
53.05101208382627,24.4665415812118,119.03199339528396,67.43903652679617,2139.154706373828,0
61.56146448195076,40.667166452255415,135.46412514683112,88.66708997854748,2698.612895447515,1
48.05600497966256,4.9376484340844184,118.94082821033075,68.64063559532084,668.4272043905942,0
18.57183451032939,3.4795923698154487,330.96069136023607,82.47101993596861,1387.7251168883834,0
23.389343922097588,7.681576019663333,62.38708777546564,58.28681060001279,1143.6437058959987,0
56.3206551980213,38.22000556946531,196.74245240544056,74.59160185950539,1271.1943754602453,1
21.51183417088147,36.1997692072369,314.4015186203314,89.38682222360325,2182.8493478294413,1
13.988727432496479,28.250888445305527,148.97568710175076,79.17385519546838,1952.9723313888983,0
48.680402972323776,23.41132020463162,37.31082042732072,90.51787813204609,2721.717411157048,0
32.13894955195781,44.416290735131106,45.502841808754305,50.78458697563297,763.6987583910557,0
60.6022028900247,38.334891191674124,67.35355427081973,90.0502811755457,1658.1521733147003,1
45.76402891015138,40.59711256509026,418.74229730973684,66.59008046198173,1422.815363547567,1
14.973043778541342,40.663115067532715,330.64243527446,87.21404758478057,2597.140272314374,1
62.13211119895134,32.1358577372779,36.93859349333417,18.26825202634034,326.5480811923999,0
24.220649500213526,22.900731215797293,198.57909517995282,69.60174769882349,2772.9260019177354,0
28.546686972345718,43.23388762928252,142.8996605592975,85.38193154686559,1499.3357859313219,1
32.12432275259481,46.30037088016253,291.1298552562561,29.458768792385577,1863.8491180839935,1
12.81733630223723,1.1903021629171506,263.7889450877951,69.92831547758863,1200.1313895142887,0
37.308348222683264,2.5777436633125648,243.1563915680089,83.47124127998042,2431.316674238747,0
16.782517009141074,47.93716484542186,160.6836233344435,38.89979767950888,1704.9698627959567,0
32.053367967859344,13.858030692209738,73.21088716177542,48.635445216230536,1957.027340624412,0
29.289038339564637,43.66847198247093,372.4763095219558,62.26997063543521,1922.261770151691,1
52.506204588457685,19.439755948070133,440.5291005771139,58.09091817741866,1209.9553497443312,1
54.17437813980021,5.95500288046778,472.3547000702446,18.25271962208226,489.97748951653955,0
18.437708531399842,4.022160010466713,34.01639045372232,23.189784141089316,2319.265565235125,0
30.16031530585744,7.8253949540228245,371.25481223649706,23.33872608226199,1024.2897979607937,0
30.534423856750742,12.494659743368237,364.6192124064464,36.76823615643153,2422.325571194261,0
18.32757441648468,24.425917696541312,473.8192590020667,35.406721362603285,1821.6075219770657,1
53.914942777815476,35.07489502828918,130.1927242763939,76.60445785430437,1184.2598952436952,1
48.89755805844828,49.319928824265,372.37862395610244,62.537784039339996,1785.6178724340568,1
20.47099824633691,22.075337164458553,32.04001293940986,78.41001502555501,1913.7317309035939,0
30.16970497265895,25.90924711715549,317.46663177700145,20.801372765102222,2066.708519396681,0
15.819276367108282,26.09078506916278,178.66967290582897,55.27278171014285,2355.8453362676782,0
44.55136284011742,26.971717774396804,385.6101725760002,41.87337307901737,699.3873555449618,1
16.67545585017408,25.88703285522311,432.3356217855198,85.54496279272695,2660.3609619215417,1
64.22637927437049,0.43873775309589136,185.58641589767052,73.74650002352197,1327.101536068777,0
52.93751410783243,0.08624110549203534,265.1651158861538,87.14845307862409,2451.1257459409435,0
31.463120227119727,4.883315906306146,63.11501086998195,18.853451159702985,851.1989884194629,0
41.82101627536449,5.077830171458942,211.36894778562092,74.82834963402783,372.57243051178693,0
60.12379989190248,35.244845447739806,183.59619466328877,59.820693229244974,1733.360109057127,1
40.475460421770435,10.245801625799988,95.64611259333627,83.47500240829196,1111.6656976810973,0
19.597416751887536,44.73570523778064,447.7669192595541,57.09432904684314,2761.1550123698735,1
30.82868455696376,46.430316478850976,78.30347982987932,59.83735346585844,561.1336367884574,1
56.37296757663599,48.794666894794936,319.6909819774427,19.296692618191404,418.25716500880435,1
45.431715879428985,46.95406524435101,445.6206085225444,70.48739779798524,412.5445463828331,1
45.789841138359016,13.594416095926231,456.4244470322967,37.670609675219154,842.1842380594862,1
57.6751817128669,25.488842235175625,397.65365142108135,16.6345955408421,1747.9777909133459,1
59.168518160437756,8.77274850984705,92.18986126771743,20.51428448800049,1563.9084341117293,0
60.588591447869,40.31048275862166,409.6285475608655,94.45470554418013,1175.1895120839038,1
15.216705628923586,44.421585257204804,141.89958214573417,43.72441503512729,521.9827685422731,0
39.92693010797055,42.56444196487574,461.5870235790919,87.05027717555619,884.342736985797,1
50.72802366700752,21.668347434841746,355.99790730480555,94.65321042774823,760.3676619617922,1
51.63097648198576,37.93369423433905,393.7074426993988,93.29117667349779,2164.1670928901212,1
43.369391108350214,4.878958478813472,47.09106448345892,88.18319497805187,2249.8659575032852,0
19.173303435102078,2.0122385309625344,293.4687311545545,89.27204473428797,2242.5350326545495,0
53.858130466791536,37.66182071543804,411.4653528148464,38.987667680298976,2722.6013610353716,1
49.60612334332201,21.267763716434185,431.48722462238715,27.57200089160974,2510.59486583508,1
14.737467435196995,49.777463236978456,19.17269384315255,68.05879265329767,1544.511867946262,0
35.50954035709069,4.86271079277662,469.88382011478404,55.512764125112376,1337.3400522729128,0
19.568756973699195,42.78138407676168,26.452672984727464,23.195977651699195,2589.4212942736544,0
28.561237514213452,23.999153276449587,309.1867464390507,71.23592922986009,1828.0631301203668,1
10.994460071312698,41.357509775193854,348.22682616957945,61.71738062123619,1035.996667563988,1
32.01814276259171,40.85636410850724,58.135919128115354,86.63459426726645,1711.1600692879183,1
40.243230663591575,45.79960006810387,28.76587347655038,65.56225504213708,2780.3735567403155,1
44.07704260548977,14.89250056430514,393.53151645311095,62.637532916905556,2423.6751503809055,1
46.49196898207905,47.48996767310015,195.4119592747298,51.58239303660812,1003.1992901488541,1
55.9960222206353,7.583348017881014,58.020695080986215,53.41132680077624,2682.3860647930424,0
21.850459900165152,4.098438879674527,382.5205691118828,94.21364183926664,2753.6552786977895,0
16.62650023411574,21.580775868617458,425.3357197210922,26.491018780219864,877.917398538538,0
56.83454445438591,41.41614843209213,295.75616442560965,52.036161942321534,2538.980296253353,1
18.613704819095744,23.67105653167228,84.81222017514958,69.43366041592796,2508.00679424708,0
63.61180447349074,41.46433387652571,12.53512338828795,50.93988358400317,399.3839330851015,1
56.339602616925035,36.48434028971526,351.8972282444622,38.506897044382896,1974.2229826542177,1
37.54821332392795,10.471419306946677,277.31913903853183,38.85066177331695,1063.2017825779233,0
63.97817837071139,47.44408124497319,327.14458515143934,34.39345183939041,1986.5315662296896,1
15.355720100940232,3.0390584314701705,407.5264117487999,43.54396564839644,2583.8967354756087,0
26.66861686463059,44.913985377189746,219.94274961152118,87.34900637343605,1546.948119973796,1
45.10234282723363,15.2221724495187,66.6351570726421,56.9336376768086,1336.032076971632,0
29.25037776602483,25.007404158219966,470.29172626845906,34.93981443045893,2603.828177968543,1
61.060490358943554,21.117593635036723,274.90475298719434,46.91571751320219,2735.2872943463317,1
13.609434849779966,8.59172784584581,309.57058894882744,23.783924202521145,455.5908194845068,0
40.21765076335305,17.907343320084657,467.0386576281168,90.03496639831525,2607.120172870518,1
42.4976447067313,9.646721814639763,466.1339098735802,48.88042006358886,506.9213338047221,1
45.90004680774732,10.194323773026193,288.1868303304459,96.37246998122528,1143.2155334589743,0
24.061642283249796,9.352841801319018,152.31765523710592,43.8457181807891,2206.4353060758167,0
30.051153513592546,24.450869017329712,498.5712488363059,84.41755191985105,2242.5924548492385,1
56.40242913157377,39.89656837556578,342.0044595270003,36.27998100319061,2114.5547266979156,1
20.72185229335879,28.44850168806205,207.17615506156798,21.320690150340987,397.7812201526709,0
55.47773159453491,44.660329427542095,282.1192174125269,17.63386901892546,632.4151200602332,1
40.94604825965084,31.82722442883621,210.8378548826747,65.31197941151703,2640.541245549371,1
51.92031311567452,34.46700578163022,444.7110503868405,40.86061474890792,503.653470989727,1
49.24840514449094,33.38036148635016,243.83719055854434,51.812150079493755,496.3647924327916,1
21.413132246168345,22.472959659187058,412.64654611071734,82.94770395486601,2389.1148443946754,1
41.28470050386301,34.46694111000414,420.88726742238697,35.59297111266858,1903.1643830572154,1
57.72477340428008,3.485387323448058,413.0445071789479,40.6181555689978,1179.140139612949,0
33.766393024106115,42.992573595783156,362.48336317545886,85.16290335986938,714.2762176790659,1
63.16249236228242,38.89060717219587,428.16446981975304,55.89926868751084,2510.426049732037,1
34.87183050559449,12.261497911583941,196.67864191336977,83.69620886535647,2771.3443940712805,0
17.85321001673366,38.40162271270412,61.758287040270375,46.08150828770426,424.9293211070729,0
31.418907404272026,0.6321300700009247,422.0148311643947,48.064708408650006,1685.2834552255044,0
62.34363235147954,10.862328624044022,251.59336576523592,28.87248402759527,953.2589622645377,0
27.58464671369198,3.256861933544797,68.05113610128626,91.05670584838221,2380.9670838742604,0
57.745398792688455,39.01134583089473,62.07969848009393,89.43304660304659,1165.1827294370141,1
58.46878749250394,37.79370755891936,83.82498503489688,96.6900122088762,2086.5732229658497,1
29.260258838257858,40.681801190091534,376.7317635352174,48.403111555086056,1648.8085538156927,1
14.579171192784766,0.22408466627644175,356.8740533658092,82.9450401659673,1653.8084539874258,0
49.850685003735,25.0616363339204,105.8902466915172,49.44115972878584,2444.9985779510534,0
27.13317644576923,35.24180987586683,424.22709196434863,52.706799480440736,1476.0110648114105,1
53.06079878416648,7.770056436950773,144.2409237864812,83.88994966837043,2413.9988353612016,0
34.34601665432382,32.48953637563123,397.527863740899,29.72144198357118,1208.5670700939386,1
36.689670828844186,4.205504965484286,246.95892432879626,33.28580756032544,736.9573561607626,0
52.78501737116952,9.066292805215658,367.1165978565902,41.12244395285265,1438.6934441415378,0
31.029983208389535,23.78984074973005,193.7868932214151,80.41885969750477,1545.8894534425556,0
34.3720039927603,32.6782576340551,176.8345955619141,45.93007859755087,1495.9579940944786,0
30.69047578232922,7.293456347694804,421.4730014848695,44.72796128730321,2320.8260296982053,0
30.203728340250397,9.261166541546896,22.474615984464478,97.90175665618507,1711.6973536502428,0
38.92706172958027,10.22231835328315,487.49478889246615,46.85590987725679,2521.1101793970074,1
54.48396944756329,11.935040234948923,325.84888134135986,35.564954514193715,1585.4637372898553,0
29.897257155741123,11.327692426314561,219.07927715872384,66.72673529067829,861.7877072050106,0
38.83400962957552,19.757455424881837,315.88699291946045,81.55603601226507,623.7396006568815,1
46.890002899343045,32.68948254183614,65.75676849719649,20.77745019902222,2470.9070523615524,0
24.819169546701026,21.90158915672348,259.45596537030605,66.36805518449343,440.43199725552927,0
25.26375426963159,38.79869543749441,492.62228405319985,17.966042838058655,594.0240297994058,1
61.33772198629001,35.96342529743074,121.4583717341199,58.68558513129999,459.1462972941027,1
49.79440153320987,6.326345702453784,362.52765902299296,36.33029979189816,1359.3354929545505,0
41.745267192281986,2.4420811660371964,220.3108310366918,40.45126090687441,1631.5390409839836,0
45.62460299313366,43.89707819998031,327.966783501537,53.768965010537755,349.68682755650184,1
11.61146937068801,3.991553328143671,106.41917820242885,91.94991924188372,1588.9654172290107,0
43.99566310589333,7.416959035985654,237.8801663957132,73.98538644679374,1284.3986782265652,0
38.02298802733111,1.106663777905903,490.1458933603412,92.75818449161319,2234.112956139745,1
40.01623238786896,31.41681826493269,101.66713975292474,69.77759337837024,2374.891554365558,0
29.76831047569494,29.118528157917428,320.04028878513475,15.589943008292352,2012.4185909655134,0
14.481064374211805,49.34518332176278,289.9208856395637,37.04357137985724,1483.73883829156,1
20.63365784866287,44.3466198158586,284.7005352137496,90.17912395079104,840.3714876049703,1
62.29095922669695,20.542158874045484,309.4860283775505,68.40597824032281,2417.7871682564005,1
32.47847592490137,18.57929204562675,253.6077969756729,96.47672063533281,1154.172850111042,0
35.66757357069753,14.842601713999255,13.380721377540711,27.945013595118535,1190.729717987373,0
12.899038441939144,7.6203460018940685,450.5479216742433,39.63007014784111,2590.028867967612,0
12.066142624918932,6.904182830100453,414.3545196045953,45.076515739914015,2738.9931389947824,0
49.44497958757167,6.614185400480271,91.21300205595506,42.10429890788677,2545.3273909612603,0
39.595206526661116,5.705737859338927,209.57022280254017,35.91529700244009,2795.5868089027026,0
37.97882913189467,12.025602120276845,386.4217454433161,51.807654407812564,2472.2721097536933,0
23.37184917324678,15.333431515655821,490.13084611670575,68.31074423965781,2060.8937940502046,1
50.96129023964572,48.07894855194579,475.8128379886843,40.834324599595774,1034.548498928682,1
19.253011850967056,28.923662550094285,450.1828038397062,21.61509363508322,2682.3926222496907,1
20.446410901356103,49.37978872566405,83.39507916307413,73.80819973213255,2491.5670790343843,1
35.33916942415515,18.623347391283662,457.6651774744574,53.0983741298453,901.8669810391331,1
25.745392416156747,22.88133162947205,439.8302319107843,61.18803140547525,1522.9061831045674,1
23.61046396782305,16.228932958263957,191.59020602736283,52.79825454460495,475.1391515638753,0
45.48807045043324,9.144382544827634,200.2886842954497,88.89967278675755,2683.2721581680426,0
45.80344598701995,7.158235388878959,232.65491636780456,61.37583476480955,1731.9208193036397,0
55.34843883899611,47.25395989039159,329.8069373283764,91.63197770769523,913.0013648204135,1
32.97397118351367,49.34053408993779,134.1136299115928,57.37775334914802,1030.9982840596895,1
14.019680006438264,2.2454748254365775,16.359472572772617,39.28481746594339,2751.640931574649,0
25.051651170680174,7.517293736588327,74.90861467563491,44.50173473562432,1839.0357295104943,0
63.90030047582493,21.17620461505113,222.85737425050297,58.3367313675372,1351.7078102660093,1
42.794221637798614,9.316673817220366,144.5912718659699,58.98912333781571,1549.6136544638453,0
49.03553966405612,18.194019681344166,383.43569771288526,72.04902922856274,546.3751809433584,1
10.404680629397799,6.454817492981668,57.811584921889335,33.633074391490354,487.55690018219,0
38.501315270038646,22.82558783608951,459.1452866496279,69.68396069713664,1781.7693582509623,1
12.064076164249173,13.584730808462965,448.186954072236,79.62280469560244,1580.0100911007912,0
41.30766166502964,17.595252787933042,454.8346243819776,71.15713512576018,1197.8829782586029,1
60.64239672998414,4.71563257313738,371.1069493086467,54.99173311486004,1715.2848812784114,0
63.26305217752243,21.406402535507084,57.964985884381655,97.30949404269722,481.68987359293067,0
39.73039714639083,49.16288054807849,221.87809782793556,48.59949220772495,2659.977928578866,1
35.20126428887188,16.441652344059516,70.04565904370455,23.847021010125825,1034.2792194605545,0
61.97594018366717,43.82146374212175,493.9111004167359,83.18484987880947,479.4469766799972,1
47.04854075981823,42.15995708118426,169.85401958234328,32.61270116707471,723.7606814352602,1
13.56946037461252,47.60292091486053,294.7386182355807,74.2027025509027,538.6847862062921,1
35.61490677171237,39.505475613354726,390.7995618508898,29.85503146535545,746.5112608992031,1
23.213476015536713,32.979841352940745,460.7049616916945,16.400823441208967,1341.8851370665298,1
35.83923767967748,42.82922221137288,378.99612429147317,28.26328411448913,2145.127234838802,1
35.0506064603499,3.782234032867482,338.8793704892876,46.29006181579322,980.8708686375994,0
42.01796415481081,23.14153285994039,235.6609821088849,23.849314511773258,1389.8165548541097,0
29.62237696920882,49.46281193075294,304.6730662065094,31.40736399156161,2621.893219720591,1
19.034874720076044,38.48000756473661,51.61108538215076,78.46398104780462,1039.5543483149386,0
37.70456890244759,48.10376890186115,442.54165827082494,78.90033946210185,2286.799383161774,1
55.66115863901691,38.981717806673956,274.1697678757433,82.85152285685106,694.542181205916,1
46.52067254371813,43.74409837210721,24.866849965296637,84.81588463345018,745.804365643119,1
28.610232625886873,35.32648161515955,460.35155220164927,49.8961792529417,1440.382183690664,1
61.45376625173715,38.025100220861994,247.20447704925,87.00662183756286,885.2556261659659,1
60.17141641870502,26.158900491975036,434.9516250726959,58.65276062616557,2557.5701844856503,1
21.51416196612543,46.21188504070665,429.1595373316517,54.059560705688675,426.8807278086945,1
12.167967181619964,41.25194553116808,408.79703579127187,74.6385153066494,1793.181415359599,1
50.77197895929192,42.19424828328161,35.39449455120126,32.7469281428723,1810.5734903737996,0
55.51856437420343,33.650455048152615,127.29798948498339,80.52828227668017,465.0648187986192,1
63.23255112732454,15.22899735436245,438.3961968703882,50.64566360499487,2131.4105371772284,1
58.94100167485709,1.7814897695069665,450.0005727457864,25.565519362312116,1472.24386128049,0
43.02941225135282,46.782756470477224,231.744086872559,24.90288882190831,2107.683433737021,1
39.15287865668094,29.306017440274847,222.82052648883013,28.687259739276108,2367.3124648376747,0
11.531257819442246,14.907148557407012,91.69461377364412,88.91753694223394,1107.2483799767347,0
23.56610457646278,7.45675539237689,484.3633404021199,97.24783924750093,1511.214707338719,1
35.278811345310956,41.47615827503773,110.50354530272638,44.62882533370653,951.9019494200285,0
44.56771450459623,41.82600972237894,99.51370825362895,39.2479397330397,803.7836588058376,0
40.648850832512586,40.72539840652657,332.0608402238413,33.157990725329995,301.4868951066435,1
50.84497943249298,32.25413459833931,125.2079299852216,83.37676760488138,2709.0787801995934,1
25.387181198787246,18.300769379593795,469.6919474521229,32.364221040766715,1402.3211733241205,0
41.07239342088603,15.20351423901285,10.398962682308436,91.69948078421238,332.6744326471851,0
14.847823386493566,0.42773850590850926,7.847864850034149,70.39008145461646,322.3464439201204,0
32.751603797076385,41.680377934412014,254.91401671062178,89.46160670854316,1020.8814213779876,1
51.258845812503054,4.371634874682123,246.59091765716863,60.98281791471414,334.84419677529604,0
48.13704693859742,31.53774990203838,85.86519084095069,72.32642856114722,1236.286544146371,0
64.48535054446984,25.20374734200442,249.7871836702908,66.41502235458974,457.34625359736964,1
25.28401192932658,26.33446794631756,208.7722470591433,83.98922287487514,398.12897787577435,0
37.400411454568854,46.335642265388664,445.71311504447254,84.37644732842813,1973.453485186375,1
28.12417275756982,1.5807505635621055,9.58069050739692,63.952818987145385,2567.1032236072115,0
34.23317127325461,38.669611231438616,488.2535534913114,67.4981348943711,1323.4664582556982,1
57.13225714281635,2.6026199183653564,314.074418326442,91.51570140131989,2391.9260756898316,0
47.63149913536677,1.90768029676886,80.16250559441144,92.17891816909246,373.16365283936784,0
58.534265524117,21.490884907069095,28.146206836527288,70.13273206330007,2244.2251399254565,0
21.193110958253754,3.153758717148336,271.3623009868198,15.643605088372574,456.9999808072273,0
58.03486148127909,39.457197564645604,121.27063215605095,23.666130824577102,2396.098557993379,1
13.286925079811143,26.47815468241686,154.07694081562332,86.20923013727653,2505.91586218016,0
58.872960424043384,1.4519391329887221,126.34042159308424,22.031271658776525,2264.9346059557856,0
28.099057870340037,2.0250343240959756,326.83529521839284,32.72209201097051,2351.8725610282227,0
27.302319837773656,30.63342648697397,278.9968362474861,34.1353744583971,1703.7114158307973,0
38.16487171842651,40.30559088292024,43.59733964329669,64.81948589173211,962.2123564566299,0
61.737960324777745,21.889976563738678,265.6306339217118,62.86052222435243,1908.0775066524166,1
12.627975057477295,27.72903357678122,396.63893395383343,39.021654443893226,1398.8541226909035,0
29.372703628890992,39.99147270249508,45.19132245606054,32.231743342180756,313.341402297615,0
57.111459377583465,30.52530870209096,445.4207932340579,78.4561584781705,1492.0642660870876,1
31.78299625895067,11.238011882940974,291.26179147662594,92.64286091529603,1927.9698113763639,0
20.953629367838687,30.65260129347393,475.5591122888067,19.382871433064413,334.70914922830195,1
33.36367997322765,31.41397295326068,78.32990277257595,26.053978404503617,1853.4008402703942,0
31.205387582041812,36.705349044056334,496.814674679891,68.29961106257372,1931.3297655421409,1
60.34789108066869,31.043709377840063,323.91506865499,81.76864048872834,695.2689455972419,1
51.90639066587034,48.4621065229019,285.9096287431261,80.66865950844117,1377.6854628912738,1
37.78135556592035,9.864415435853424,260.06341393548223,74.73370170586321,2710.831502222831,0
64.3603811696864,47.55453397835382,16.708914683664812,88.65652022334163,2510.4730694994564,1
35.59026422017578,26.91697451750081,470.12139981704115,33.03995700437747,1327.0535571456319,1
13.203080695115137,33.5978070247456,323.7772640628282,23.905148558831613,1174.6156700603888,0
24.425087699824168,4.9730798726094925,50.35510982714916,66.07512651758357,610.20170244214,0
33.983876412062195,19.02879706890535,15.371324295789824,83.2488989964449,387.97271135039944,0
18.629644328036605,38.468957323158634,30.13790142219191,63.309617013887575,1043.6569436051968,0
62.116081947822366,35.345550754949514,306.65090289895915,94.92879145908921,2650.7083677055957,1
52.17668937997752,2.006969408270509,308.9376303728197,81.03185029551852,2696.533628334168,0
24.755796023527495,27.32971317486223,252.33530943181333,73.16571947546865,2331.2983514406906,0
42.49424934348537,4.413909648420472,156.84908122321102,20.001355142353887,1177.0620337996488,0
49.679703641026464,49.792821458908115,268.21265214924745,23.942605814729614,659.066082205278,1
61.77034108987389,44.864829426664734,260.56940133374763,80.14152350506913,1788.8336890141982,1
58.489944204647585,1.0540330214268478,14.610702138899985,31.453747822893437,1916.2625180154535,0
38.335572437601755,42.93247894513154,144.82226901211152,17.393319614556216,1361.4339231140102,0
52.60589408861597,45.97148002792038,31.326744026238995,90.59313691699809,2029.1169888966008,1
40.917961460517176,17.677411128172754,450.57660196658946,88.93684601720243,2166.7047141293383,1
40.39871395250471,35.975082752388296,363.98546557864205,33.13415766021382,2257.65415893695,1
16.310807708600557,22.105187310388946,498.0770092454916,79.75711942005523,1555.745278393768,1
16.937571190888363,32.761624228817205,154.5747753361175,18.982311880567373,2279.1019438993335,0
39.12434882623516,17.015870214909572,439.8504946396706,38.659814317330834,363.69106567364196,1
24.787384973845363,16.127961831663416,303.5118626265785,66.76435338529987,2001.010916847174,0
11.157029635325774,21.221694442878952,229.29707641728444,78.343856681146,889.0848926261996,0
49.75615621451168,7.278387932625058,115.17369008787438,15.863132669419734,976.3007292191331,0
11.786762817959072,41.55694822176913,370.5041218166407,42.07531490172076,528.2542665168307,1
42.740226260723,17.434894768081833,452.5496707076285,32.79068148528494,780.9806589829482,1
39.65565867700229,20.00747769529226,121.47765704730851,97.89877367714406,2780.0205825050075,0
63.284807981779245,44.70273063510723,91.81821581193822,70.69152528797451,1338.4753264086883,1
36.63172266412029,24.83119070315857,349.6298479274092,48.67073058901874,2619.4134967217137,1
13.498079000778855,27.212695467543146,488.601715549132,21.279165964396856,707.2488204819952,1
40.342838229355394,47.82490623885492,376.2277750465186,64.68963137307799,810.1471052462989,1
56.26028938388558,44.33631915724946,145.8674658285862,68.26122208769334,1694.533384537678,1
64.8267106354792,8.473335444421975,212.8779349531539,82.76169198276021,1173.831352197706,0
33.668874552898984,23.660751495905252,195.237229551894,38.95187879230717,1909.7880214369902,0
27.616430837320838,48.564811371427275,426.7870339332875,96.45853067984801,1355.1164393010758,1
59.86593133235994,18.618314911430133,386.8285355417508,51.47565636305781,2328.9930936636547,1
20.518317099186675,18.578655425810002,296.54284020695246,39.56333163673797,1378.8976779277093,0
43.848590326810964,9.751511589457717,141.1047596464671,43.921294722121004,1730.87295609566,0
32.31429332995212,5.716155705956261,469.3043212224178,58.125642396271274,1102.6830000593218,0
12.25953007255554,37.01523953779909,328.39103626072756,92.74622985409157,2060.102468596635,1
29.100866086813376,38.501523435075825,485.3859399886823,76.01818022731024,1936.8355224142852,1
24.587568737647103,48.45064817514999,292.15793135580526,62.90010090549393,1292.5025819351445,1
47.73501346689178,38.67091054526815,411.490415389989,28.51326220232853,990.0802569764913,1
62.183477373055496,12.167624701679935,407.4871628002907,27.39632480394235,1835.2609370507475,1
24.742595305825077,2.0058289144257726,171.9777445326281,56.68234384652581,2657.879123027519,0
54.630626653342496,49.27186921848301,482.1902578638279,75.48282248193688,631.6075600665039,1
13.044789931612524,17.022534777180287,15.861026460794175,77.33401033867415,2297.791545863901,0
39.59665555218972,15.598577121621037,385.51189983987,33.75089386172945,1657.4794320202266,0
13.880253504044202,45.29776048746913,482.95075745320173,23.308259566322022,1613.8992379346478,1
61.37181451218516,29.254994927249307,172.75956062544282,46.91026210806453,2704.210368939948,1
52.14932043065646,10.743558692456729,325.8147409565311,91.20832108925816,1814.6869939213918,1
46.187245116252576,44.45481213581198,283.30050867288423,60.26548197155873,2376.294569371295,1
55.31430098935653,49.668042752737165,381.9461182898792,41.56828064703727,1586.1931221892414,1
45.61358875635897,4.333928057541536,433.7580712143009,41.8619264721471,924.6334181377233,0
63.29194184458601,43.11258141512436,303.50706180327626,25.963224753441352,2036.225678645274,1
49.267687132562436,19.5257848842197,408.87277025882116,54.27757009681111,2607.94226111001,1
60.85622352702357,26.203622325335218,159.58136006518131,80.68310231673159,2403.0752390251887,1
38.44225406058509,45.74079878824904,118.15059405888435,95.39037139676932,795.9090156002117,1
16.438542714002445,48.66895978875586,218.1805063187559,56.63238499651196,1092.2227976553754,1
39.04977467826594,13.108195520439969,340.4796167924877,28.878838014943142,1592.2016849341942,0
16.978005543470132,10.64253854799569,97.68723972466819,71.68488318363777,1729.008238090163,0
42.587141354702275,4.025827929575593,341.77433511518626,77.81368144785952,784.5352861463207,0
36.53711832902146,28.0898926331069,200.07635604317332,20.951079202117484,875.0308500379115,0
44.241646880802996,0.6802197725334136,398.8097605768528,85.561547759392,2197.0776725885908,0
10.552583958015738,20.59491488049683,23.233729466135134,83.83375836965617,2125.793541787356,0
20.716227041045023,3.6692008326004277,335.65140572555026,54.22090748524679,2398.0220365722275,0
37.0231737551672,20.261289146466698,326.662056641734,61.51506904511707,2632.3245182005776,0
62.277695887402416,1.9966094632804632,470.7630606820306,74.21286928800629,1070.6527972567292,1
31.098497219533712,41.76086303043844,358.1169390142149,71.17009438021732,2448.9873914264485,1
33.34046143294991,10.486949696928294,399.1694387295242,16.37248619003635,1965.0294781904659,0
49.30828489536422,16.4154355178956,452.77255284731837,25.16213021942432,2694.426059729499,1
43.20860165073649,43.5023998303196,339.150699554534,28.495016129843393,980.1853900585397,1
26.440938255408327,37.31330306661025,148.62604930518742,77.72109879298421,974.1787540988139,1
32.59490175620853,10.951918082102925,435.5380307938434,51.52693572006754,2060.733621731817,0
21.973488937147785,3.5949709328748023,375.05116914060767,60.276717990106484,2621.026935095691,0
63.13118025216147,35.78368884276698,215.09661398044227,79.13305726232518,2361.3895619660866,1
17.184890985654786,19.535127534405465,356.7119404617312,43.301528332319535,2117.5988944833907,0
30.45102315115307,38.30399995591106,434.50599420466534,77.15788886745817,1268.2729951434708,1
11.421143472100615,22.26473861876052,487.9478050386794,51.71083979425345,2094.418336754935,1
22.19787205634505,17.30012064861382,476.4139944597324,46.30595558525914,2302.738941077036,0
52.92591261090852,22.560270410619825,166.03727424825004,42.64209291654343,2183.2141994765107,0
21.06463777588837,37.427949283533835,213.73838829049998,95.09041968586777,1992.0269957153075,1
14.403487139093109,45.11101432701871,59.22061946379878,79.07379308884525,417.8281292267575,0
36.094924891448784,2.4883598294287768,127.53442207393276,16.676263084202937,1949.2873327870216,0
10.548307910398517,26.205577061347757,441.7984982010404,94.46548538101075,1495.736638707276,1
14.662138493448325,1.64177145419388,183.62071350828268,79.36148926731389,2703.9231788742136,0
54.41942282596363,23.420477251217935,312.1735660044661,27.38150129970321,1817.9747084426776,1
52.43103396727835,44.26414145484502,334.65298106198145,21.336064409139322,1820.5681405882483,1
60.33263512226928,18.079513321015483,392.00549119593944,40.580109773734634,2785.137968424375,1
56.998348975091226,46.62252105403216,95.48601497158732,66.80706693572313,533.9694744522635,1
47.574655978189995,31.53042358253047,155.88250163414557,66.1733751994058,990.7907127508822,1
12.878307151536456,46.70776718965032,226.9264890217994,37.8955603873853,1940.198597422564,1
53.056673989266166,37.85833127062598,185.5963253129454,51.99102322856567,1088.0906400859367,1
56.503094596230824,5.171758332438115,491.53809026554643,32.586882924240044,1165.3753698228047,1
53.94951801745749,11.557568378133853,418.29569759078765,19.19803086883921,2531.6123494927715,0
37.96634694194144,19.70852272917531,242.4449435371406,57.90854879643093,1748.3847625994913,0
22.809601125721493,8.505344100603802,440.23796991280165,43.80026414291916,557.1639570103864,0
56.49314866287997,24.745580238833025,177.0882090537319,60.05924188072819,1077.1564643315546,0
49.993954535707616,23.56840778507453,393.985020325681,93.56010776504749,490.1459412485451,1
63.94186459138684,47.81295990136906,115.71942106269456,26.899735870711652,1690.324833617863,1
18.56309287657631,21.686394144798886,387.2994123870511,15.162847519809292,733.1704909399741,0
22.411552067863028,39.28134021439989,230.94443458188553,21.380891702416392,2442.7878750627656,0
21.64889824348265,47.09552724257399,58.21216389115997,53.40478857643521,1743.2850661412497,0
53.58968721917352,43.849441548699275,140.26491500501322,73.67535847359285,448.43910482773674,1
20.2799013047565,10.433381225579591,204.12593889166448,63.20337907532669,1052.1891590607975,0
13.666290640281835,24.801494712677215,375.8999912738964,56.076252412021006,1840.844168090317,0
64.92084436220958,17.386989114796286,41.12644379182068,44.37893988067023,1138.7457954845706,0
11.364946629483203,19.992934756860777,331.4757625708566,40.72785623711458,1582.9416714848894,0
55.93842330873761,18.040341312287563,359.4267522617576,46.23175253371335,2573.405736706839,1
30.095176285285905,41.317960508750204,328.691078113247,65.76570118275292,1175.0899262656958,1
56.28885028667984,22.60695275612237,381.53147089294004,28.923578336839505,1139.68215617447,1
40.50412701661297,26.18471661223441,93.19346493130496,79.02305289353393,2349.392103281747,0
59.589717621749806,49.12236785235373,295.6161607562035,62.74601892772815,1096.891307291925,1
60.940614252804465,2.998963609575822,470.86674886592056,37.33997934174849,494.8958603509807,0
10.500399970442679,24.39788198953744,307.3382135532462,56.59569591333655,752.3623855937373,0
14.147669679603354,38.7030853473058,307.61149174171175,94.91063107786881,2672.0006269907526,1
23.76973012639705,7.558097909411327,369.53762284606813,16.700796919051104,2633.2319814443035,0
46.812347899992595,30.576579730738697,169.93609490230023,31.56037919480202,862.0302269453695,0
58.85497080813283,11.973238976723339,351.7355711541626,52.21555991197208,1683.7546827467145,1
35.29680732116795,43.370205661228376,458.53574749004144,67.99049690772574,643.4202510575071,1
43.3835213950846,16.354983270003963,10.393259147544782,32.61494610169527,1986.6940712788394,0
20.367491903755862,16.45314084504548,435.7059553488883,92.30652771522429,763.2644900245267,1
54.273175863492696,29.909693925894675,113.21607397313525,68.3334770312453,424.4760573040099,0
63.20304612444084,9.178145405995435,230.68202048168573,87.82685176338373,2362.2420180219983,0
24.772941310302862,14.244431945153051,426.9121614715558,42.333388210776434,1113.5009568090643,0
37.21542733803005,20.831592505970576,412.8365030910314,83.80317654745025,571.3060089002425,1
14.73638607785056,17.68189315700552,446.50410167239767,46.39219500265404,2384.759877155563,0
40.75251610546326,26.24386090027912,470.50631235310044,35.978397114280014,2205.993693865371,1
37.653089301567434,29.982007203448312,226.34269360202052,90.66739315059482,2009.3961260799204,1
17.944006628529266,28.33337268750823,329.9000863464984,22.654133481344928,2578.121774611323,0
34.31364172149412,32.70841559959661,198.2868280604228,93.25977007268155,1523.065217176588,1
28.37575586476098,15.387475830391011,178.6047751586221,53.05676208701126,620.1412439669944,0
38.70069814178541,6.321311357751402,218.63972824584638,97.38791429932652,453.36602473779885,0
42.210988448583954,38.040377071553856,372.82268671742463,59.78635626000739,1096.1025448991466,1
10.467256823396523,42.5390191315341,253.21316983506867,77.87151828283116,517.0770753435405,1
51.85532906222554,12.850311611121612,407.9595388519293,15.586894356054332,1638.7736008677134,0
49.21578605239574,20.354597807900987,373.88314621209713,56.22334605669371,336.2475445578947,1
30.14575124135872,24.928460848177764,15.136838256577667,76.20863814430356,1409.4082537734398,0
12.911476456285005,26.66634213764682,316.96788776755,79.97464265655127,746.1507246339636,0
51.521289688177774,32.974508554382595,221.10270603775257,28.118032355932638,1220.6701096678953,1
62.53463382629729,2.0801616677660673,231.03134962981508,49.774588881770626,1987.5851869267228,0
23.20833778121078,36.07385413670085,410.09466166559787,49.782972523905116,1177.4094276267538,1
27.793853755537086,3.0985503489705133,276.065953111915,23.60218710542164,1153.3497180005381,0
20.109708921499823,23.414428383643394,443.3828026121788,51.77277713839173,2776.876832098755,1
41.73148678396618,41.383556778459706,357.83876823388675,81.98871557176845,2097.036806815716,1
18.51627670561002,22.560765663919813,278.65580433820617,39.91500122237592,1584.6542796251283,0
29.59066689037587,7.4544874384123885,378.49629819479634,50.9036853171923,1748.4391274939487,0
48.33571576638446,49.251692250297985,23.982780208076615,94.75957086015784,1850.4565787970273,1
40.806379065514164,44.46427310371316,18.406409139962832,17.631770298999662,361.43849735210483,0
31.255441038036437,38.5656816612507,46.25791682582177,64.09630673531453,500.661476313119,0
33.1137280994148,20.57558014496052,221.5948359478356,76.70519561754321,1922.9733783916295,0
40.916098544277624,9.19228634446489,121.54782208533683,78.1532420245878,1211.1721471207843,0
10.322560033793872,47.070559070925064,492.2093407358134,74.42285606537568,438.61010057981264,1
14.318042764948542,26.61755632585695,273.4336188106266,75.29546980788021,1043.7831151290652,0
58.46919372696564,42.617773019374255,332.89579431017347,19.898051250863137,625.7085510534755,1
14.283344400020992,17.10475028797129,143.01596744211486,59.33333938831562,2590.7846055658033,0
48.874197791577785,16.76441585397353,164.28946975086635,79.98643294755225,807.3134813827876,0
60.602099025997894,49.277024033701956,171.05364749987217,22.807399070098356,659.2279934851312,1
24.88759823659521,26.091652424742488,350.8741740493988,16.000143558110032,1865.4220427215414,0
30.377029038273285,7.034771193037315,239.4845728062077,82.60863202277163,1604.7798256920817,0
41.2906773214594,10.98373389973537,261.25340800238683,74.1204341680186,1739.8311350894799,0
58.49399333012216,24.097213969636037,298.04147616887593,49.213132603898735,1389.870370100788,1
61.80480729932311,2.123545524420567,385.56176983791744,93.05290390365627,1467.9232773303238,1
50.675978646119745,23.126699268915026,49.73302551367668,78.6276418560721,2246.9938896178237,0
14.764086847008173,20.947042104006382,389.5525865483167,95.33245815334593,849.8054620641685,1
46.80347855441679,38.966813265974345,283.801359093214,92.13316654243978,1291.3232570780851,1
32.56670470299642,17.74709822446209,336.2022452033523,54.94736904728249,2694.563462319873,0
35.888554972008386,49.12743807697997,167.1381235961772,77.64084522741598,774.964252965113,1
12.703161468984737,9.038495965045158,207.64648422414234,70.54288527103404,1034.4339876046677,0
20.508417664049702,29.549334248406744,119.42708072869053,82.34995243767679,778.9173107149763,0
53.478248414350624,4.484964850412732,489.7534987216156,80.37813738683234,351.2387408953391,1
34.96773581763229,36.6931991996991,251.01647139260675,27.71825351275782,974.5748126041759,1
26.591423289713187,49.73768440309858,498.05807331931595,34.400049140109346,416.1686149055979,1
31.121049068072697,40.95693188758161,247.44405914032683,37.055720905738085,686.7128160165834,1
56.991973232912414,27.785177036015064,113.77687587011333,82.93538041501188,1206.7051751690367,1
51.19494595727263,24.237067869984603,256.18893638474407,82.29156142612268,351.8030426723956,1
24.977346844959552,41.751498063342346,24.59980804054351,56.1128337959737,2182.3914148267913,0
16.462601211680532,46.79870423553621,452.8610517038659,63.209077517909456,2288.972534423867,1
23.859902190423945,49.46032628990465,410.18237434124836,83.63453869637719,1328.5345060459072,1
60.64160480801036,19.826961378224205,364.2811577436709,40.94526885625269,2761.6649484356735,1
41.987386081736545,49.545873739725614,306.8642241440177,19.164838484058155,1997.4847870192477,1
39.34141148096306,7.796312608691575,292.01794566682975,55.05550437717088,2159.304369951872,0
42.80164798308538,12.67748879659546,498.3804659693341,90.83852293943976,780.7510591653336,1
30.131554616058338,4.45080623669481,142.60872983986928,80.60886565968606,2393.5940570542834,0
54.3908861175732,13.586925824224084,390.9437608559611,45.429236158004315,2662.6159950537653,1
38.780743711513736,38.39687758090056,292.79536125576044,20.37602292007545,890.7754164344794,1
16.421134652283754,42.64621790892249,488.06086916064817,67.86431894674833,2016.1607359659504,1
17.09858186559846,38.94463225512859,414.76257573263496,84.26273605725316,2167.3526216583286,1
39.52725305764401,31.553288908384815,499.2699309298484,70.190731015735,1062.9229295238727,1
61.51136199389615,25.69832562613228,296.22087225891096,50.28119717533063,1487.522506430741,1
26.95936669219093,35.435214460682324,106.24925898474285,25.23834989386292,543.8477339518103,0
57.824764287257004,19.54167746336109,254.32508266889326,90.59426226340045,732.7370098987699,1
52.02525726183836,42.06541757498509,357.0000113550344,37.90454103753079,453.9263091179868,1
23.629684359879874,33.859504698839274,388.3083911598861,33.615824028915625,1700.4137263632344,1
11.998741157393335,34.890234924720424,5.252444562892066,82.7260632456013,1863.1572431931734,0
15.60159958283105,26.79679965645356,254.98840880863557,96.44125491408013,2590.2989585843325,0
50.06716636160921,44.26144921055863,121.44111708547005,69.79330147581511,1655.4620265590036,1
20.98183559223557,12.600736683952624,438.08135746112026,66.85927058903769,951.5284270202499,0
30.419900627796657,19.057382668052536,80.68819480486313,41.51276214534819,448.683866477797,0
37.593454130353365,38.88212848388445,334.8958435395425,16.694316406865735,2512.382631877092,1
49.90074926475896,24.637444806466885,136.7007842108378,30.9192228632849,1497.1451963201334,0
16.227717279251895,44.460700671209544,181.48836089106476,63.50772623419547,2143.304973605803,1
32.35015229026038,17.319965988142616,470.57683407463816,27.55926633073178,336.62337148897245,0
36.679010002848244,18.46650844098224,124.02182207699934,88.35837197530014,1520.347306661044,0
39.745488518434684,44.436789469331266,52.026367102350676,30.616009091789472,1114.3065579162464,0
55.009835276736915,23.218516009102053,39.29602621489179,58.334669599987826,375.8281815345671,0
19.44230072737693,25.806229210124336,254.78447949923375,57.49709939880998,2239.182017681146,0
54.430729850464225,16.63818576678397,322.64718373072253,65.127487300761,1582.254132234033,1
48.10831352331587,13.833497108954095,167.01035356758916,42.177027786597236,1132.9506074778274,0
40.57289478094276,32.7974355419196,346.678572187575,87.50333868842117,2314.4962097684984,1
48.47403287214146,5.992033077060194,35.211690693752715,51.877027485930775,1417.3086296254162,0
32.6609756423411,43.96363205914546,429.380649236824,73.11274703513564,308.7448909207533,1
17.61186722824685,38.96015683825539,409.2007688209227,67.78060146023637,2661.119080095814,1
46.6170882145952,9.53741318529014,492.8206543390824,24.72395489893537,939.2068511559637,0
38.85697686770922,34.70099729122827,468.56996554641347,66.67906627431674,2376.4388051583537,1
45.165614029852655,30.131646064281743,181.3175961398694,60.70832227243096,2341.0384602031827,1
28.58993295656695,9.226752536832205,202.6413150877107,89.58413725024019,705.9348284018283,0
59.87766175369097,13.660175302511623,374.2525995017385,88.11276082824698,1485.0067030369416,1
42.30534277165673,20.44932518669172,71.37097211771668,27.529247355166646,400.4974462462324,0
14.69713663599806,34.962136762273694,160.43728157119324,21.779867083688437,1186.3791822211551,0
34.73921948874357,31.936170440850297,63.6777638029459,39.45115419450211,2127.4471084240504,0
51.599583010899885,26.611742383834898,230.16879229105155,96.88886710479763,892.6736752758941,1
53.67740089527498,38.42052715570171,278.2421185432322,16.79062344172429,592.819826855775,1
37.202837902006735,37.896886980308295,109.52443263156243,70.85005588454877,1567.8088773375223,1
59.21111639572156,30.892957703112796,18.182685022481976,65.5066399088011,1642.4659609340802,0
24.721764045686363,39.349504169241264,361.0811367165089,68.6659972779988,1989.5723283028951,1
32.58292834810466,16.71316873896046,14.902556390953412,33.117728850971545,2197.844367006477,0
59.422830081293355,44.06247641613028,486.8342914195363,33.817539701387545,2039.523828161638,1
59.29411940593684,30.74550429009704,114.69559208748575,50.74329282042744,2413.5305207371266,0
47.71420228535745,41.11817569062153,333.6305455975641,22.956197986557378,857.2661607050997,1
57.243930091722106,27.313955239514197,220.20210448879462,21.192896348572035,1724.4168655412404,0
14.882529682592796,10.921912249434019,34.53856086686807,22.333834639346065,1200.238393553313,0
57.5747236914277,27.12050643391543,238.7308852840614,62.557271218419395,2705.2808925041054,1
27.634094860262472,18.555583188829406,260.79651397691583,48.01257412252518,1400.6988085370594,0
19.8082331835519,34.87495180185473,428.0681880059699,39.37019279455371,2699.284832833892,1
23.165340998812546,23.789689586736788,367.5127894757095,41.21300851105836,2222.6641351477647,0
32.98826794076379,41.805640246384385,44.25472500292625,32.20451438547312,2096.1596551717475,0
23.8155602532457,33.90362561609584,108.53552829897122,49.1549428317206,1528.9092798045672,0
27.631217230907446,34.2272216515662,159.3844036863991,31.853819743597292,1408.4453356390054,0
17.423816733940313,10.857766674553249,62.62180480008564,72.9378215108446,1616.3704687960173,0
26.289722105744918,49.21248832456452,231.16504010267283,25.286398550276697,1034.082657317383,1
41.475609799810066,42.083760463574436,492.2330494769551,93.70409302021025,2561.274849596167,1
34.30195394500852,39.450244228034734,259.73333166269197,22.454972030564424,2285.8266381634157,1
29.069531867975115,16.510761258001374,372.2316733199688,93.30723928522971,2303.48963581261,1
51.05486708714127,26.781582642361595,343.05420986117633,84.16348263619375,1382.8839886235903,1
59.14304842663248,6.855159403716432,425.7061603706083,71.49910601091057,477.7223706105427,1
51.62340725963184,26.923798833135297,111.78312778047668,90.72103741193514,2007.6932948156964,1
28.260038616472354,7.294462324164364,378.143999538049,26.55515986194228,1236.0339599285294,0
50.94431923106545,27.65189219948006,441.270843951346,29.63412625751397,2476.0757811270632,1
18.358910036072814,32.43609400774528,89.89736237522017,35.92866514088171,2250.8460961246587,0
17.167489345021,19.50979836249512,176.66709879506186,35.319356721568944,663.3203549743902,0
29.00948703698874,24.927243916564663,485.2003733441229,40.800406486954294,1804.2893263462856,1
54.42363029742314,43.78266938372929,391.48998375999724,62.77736455666675,2030.5348148179608,1
23.549153598326605,5.4281572351404686,144.88246210607852,17.338326738323683,1720.3439495609036,0
13.478937489427377,39.586644649982645,284.15117597402104,46.728625388317994,1585.105440388153,1
17.24402443634953,8.537727549809821,205.14143081049198,35.4499656150855,869.6576875148531,0
57.230973269126906,1.8353991402314196,247.53276228192928,65.35027738837593,889.7671110529609,0
44.85808066110082,9.278730137252388,180.8072647384007,96.76905447727745,2220.0203466063867,0
23.92606398534872,38.252159498524485,143.2688541725186,57.96533281121992,346.7244639088929,0
40.54127039304997,20.256303666843,339.00770548875226,50.331874846830004,2247.2751567639407,0
39.01687923339427,43.6260258423091,390.3781984676282,45.56421424704464,1616.9968413478477,1
46.04897881423637,26.23537705911329,437.60877575993567,80.15078516702819,2640.55663096209,1
22.825315493188896,1.112517596316548,81.88833382250309,20.974417327010336,2793.3038693073077,0
57.54216429569187,35.835680480096336,412.3134842043941,94.66095270019008,1958.7114127724035,1
27.015270914400705,5.511645436061635,131.12640811614645,49.68718453700778,1330.6429860503424,0
48.17724096869303,39.46898167309622,216.53151300547506,41.03716024348438,1487.714771401736,1
10.886855550471818,8.405127490259002,451.21462449537705,95.8476536611752,810.5385691287693,0
30.496142144178098,17.27231929027567,229.979282486388,92.67794564918559,548.0858099787025,0
29.344039987734455,38.06357148126801,102.54644935193652,68.28053360055483,1746.9084832553378,0
39.891643572065796,47.71156787382108,84.13498434237331,16.53611211258331,2313.7377449165015,0
14.000494397745808,18.571697532336618,239.12696449280625,77.12840302514546,954.4162943230331,0
53.45722555493596,41.47001100994679,382.5228498683943,42.85126420348611,1349.1320256133747,1
21.97794409721627,9.539613273791936,498.61654626727915,47.22725916090367,1686.934154442452,0
47.23707981851056,40.358988510124554,394.7672710732964,28.175596705123255,2569.744549925143,1
54.17666677842512,32.87470296281255,439.1209196767125,58.447020960786645,646.5780691551402,1
40.90323259328322,9.637175360618421,375.17701866276957,76.79786548491259,892.2079218241566,0
50.7485763697092,15.125198017570579,448.24037487427245,37.659922801724676,2596.3261294644617,1
46.4023171718253,6.5885444298518,42.76530394038706,92.91483136760014,398.83898288672947,0
29.55413884336042,19.148350553215664,465.3161414959145,31.16315904824521,1940.2890851496466,1
54.48721964684609,10.18243205616387,201.22104609419978,20.49977426933797,1898.814708044879,0
26.208575343704037,32.19989768152367,461.1990405238201,68.48220148804178,1258.13608408141,1
41.41671047633345,49.725255211027935,42.487754542440406,85.49345474604388,1470.4116975177953,1
50.996875652784674,0.600458154213207,359.0452637749622,94.11002732252352,2437.2948787014034,0
30.84257503968792,27.045990664364933,369.16593059175125,78.67519387287106,712.4551583669478,1
26.652218418958377,28.683329877450486,498.47089020239747,31.570950955004,878.9186956973177,1
35.26403055950525,45.71043948404059,385.5833589914578,96.14587833870962,1580.8760285997262,1
54.987992189203446,25.300266738346878,194.3739843787253,91.31317771039394,1324.3635575000753,1
61.14569697301156,27.185070982245875,280.83803305117993,28.54289608928314,1735.931243862959,1
39.97958770729396,23.58264006641943,186.44271439246216,61.379223633971925,2602.0979652344895,0
46.38064129280085,13.445215228074069,102.02922942590477,61.10794635227125,2592.7550443445916,0
59.68004922314028,2.801456662445684,128.00865211362537,51.73038658474608,875.0458492874794,0
15.420076827711831,20.432884110491806,114.89521446578887,96.69535041155417,1055.361532122101,0
22.76432178263908,2.6295735620339267,276.6635884307904,19.94864568595836,705.1717032425747,0
48.98950034383704,27.52462347329589,453.5495140932872,67.05833940081753,2619.475928659816,1
55.30594540517648,15.364682162114656,456.7996799137568,32.040200682341236,1294.660325495488,1
57.136596558181786,26.68012007627139,32.108069875283626,58.76848999266965,1424.262862209193,0
32.83089472702129,6.714848219759334,44.55020347118729,79.71848405836406,2306.601951943649,0
14.913694626052676,46.63149828696798,126.33393330031004,35.47832466298935,1582.43368202573,0
34.077981251479095,44.72606217749674,131.2544289723901,47.64884235810133,599.3887055537803,1
22.690402461387958,9.499825460114225,51.9701417434293,93.91375016527313,1394.6217736067415,0
26.01580502481433,17.172214164700495,197.28935388085304,78.2029012307857,1876.3101081965794,0
52.47471562606282,30.67463859259898,295.92406938218716,62.536024314482354,2098.022719392591,1
14.153989731423778,4.784310365295314,291.19028929673453,33.42578318795749,1913.379631957235,0
55.51696696143862,17.728391055807542,273.9976922230034,50.3003513106394,597.9517980809082,0
33.5217997203293,12.555614340950305,172.64260281931112,79.24708948114359,1060.8613129045457,0
42.78351621053273,45.77583643583483,354.6955642317074,83.10507548312802,2133.9116124080383,1
14.930872717962345,42.62553181446026,414.10955078563035,35.30231444581911,2500.4754858401866,1
28.55474930965038,28.99163706334319,176.40576190631717,69.9509974646126,417.9660376556493,0
14.933550545816518,26.01731684357871,47.340002853233685,22.885248346242193,405.5727701749429,0
62.884904758461026,46.53628972726986,151.68347429046898,16.926621518388547,1908.511323347656,1
54.39939071294378,46.621389148940764,72.99748401457687,60.53993564494076,1670.1153854082024,1
35.27980148960531,48.46650626758302,236.34256997745453,33.62352790527558,688.347626294285,1
22.29814015780191,6.268944205409382,82.18789990145875,21.549698593097027,1670.728954242401,0
61.34003078874187,8.02789053815851,234.10815504069876,75.57574997030409,2736.218358752127,0
28.95281276498345,33.83683493399433,114.39643170070065,56.331890834265536,1877.2505509915625,0
18.85414374280561,27.071723830492246,370.67189720388944,81.09099190955139,1422.8528901242964,1
40.97404136496752,0.9232952446617981,18.64627921374359,70.10737189348623,2368.8312198489384,0
61.90757661896489,3.098751799475968,279.59942039680317,75.57381001298566,832.0562141303789,0
10.210665977517742,44.404019112940254,88.89669608542806,40.51092824755969,1335.816077067283,0
23.09686637896993,43.44353977696932,5.4909729124653985,36.85189353170862,1619.4197295271185,0
61.61462022257242,17.863546099802257,435.2540435920795,64.87261604390667,1561.3497301268885,1
19.40972817714391,44.552530846526736,337.4062549679635,31.606817653041002,2602.431173027881,1
16.228389840190093,29.68375371989509,53.976696915009086,82.67920559745775,1031.6702681166894,0
41.360296868989245,40.295282350945094,333.7158220035085,58.4023740248618,441.2593018240491,1
57.40141028121565,21.371553558010714,307.7654297051113,33.84016438486417,2590.9430112843547,1
36.24103997316594,5.6699163672454365,239.31156008638564,66.8889632833824,842.6691428458566,0
64.70103411764886,21.686353132300813,212.53275872067894,93.43796601194028,1247.5699349417685,1
47.35444347458961,22.864989899844897,444.0995326432888,21.81386230703425,1627.2290612951929,1
14.074119896574626,27.54720969203015,126.34826984923838,24.075652207020745,2739.7011763705336,0
64.60576724250865,5.2791356452214,202.16347822162473,85.03864918965722,1638.1711040714952,0
32.434183022910474,49.570093152480574,167.9121293829395,24.096283289050508,1419.3582663711977,1
25.80713936150154,12.206841040345317,386.7445093731336,18.26815565629799,1759.0961987941166,0
40.68335509678371,9.927620176854646,458.650326585107,43.87823822685725,2727.0203997928443,0
26.73691755014754,26.340145942796827,425.6419408764141,53.7365884484926,2344.861496891101,1
14.755162891608379,26.86040896974443,399.86344549838543,62.26388824532725,722.4203407798052,1
10.078558869354719,21.991036891662212,493.461023057191,57.10591930283274,2308.1500372605224,1
34.727084410614424,38.594607316262724,350.08655245314065,90.79431870062342,2402.747649509721,1
56.02748822246257,25.832720036430135,376.7716266506992,78.7994523325059,2026.7352598961659,1
41.477335209654214,30.484772757249207,491.4872571539844,96.656251236522,1943.0836479181608,1
64.95640144188926,36.18731927038928,8.460438772591171,54.54580012770175,1402.1925021195107,0
25.776565510596,1.2512550781933307,318.85394633600066,21.99935761665185,1904.2384677986342,0
25.425028561803042,28.53220912725224,370.79090831687836,94.30904336425859,2143.9374303806444,1
18.78622031286693,44.209723561418464,459.3243916098115,15.34139241189508,607.0506201857476,1
19.023497354593434,0.8694371462716954,442.5029305712497,79.41596914864101,943.3249004585892,0
25.68526278055263,20.259105190048054,421.7705372107282,17.596408554049397,785.2046974157352,0
53.60620249004399,46.3113725102915,473.16667961114337,78.180777824086,2403.0295922650357,1
59.816623485004634,17.65772011412689,271.00269801728524,92.8489320073885,2000.0064788294192,1
63.62979433392247,22.936441210012042,8.425447314489245,47.30860467847689,1426.9463489379414,0
22.775930975304895,49.07706965221564,10.471927355019716,35.00008265123657,2365.1393762211706,0
58.471365008775045,9.96619294752869,274.59633253083973,33.78116965848196,2091.953349981277,0
28.054029910253536,3.262759456250297,220.45975823765093,55.81256446446688,2583.982703863242,0
16.206229948428643,42.97112954306522,228.36630141589703,29.1836239678137,492.01749024478937,0
57.85137090360911,43.42326706061843,203.2003449189683,70.8526613447561,1572.8934538530882,1
44.98580990539902,23.60389173400066,459.27427550016165,45.57324567153512,2066.869758940638,1
19.060199284458395,25.710358723864314,182.789323829046,41.8180878694705,818.7329670121144,0
33.64071916321514,41.790318480891806,428.8323361727262,53.286702829285936,1117.81557992841,1
25.79917321823872,36.92797490578975,451.91807292686224,60.0347627024994,1347.4406282995665,1
50.52370127906084,13.257450110850533,252.25337614948262,26.78021176748005,2285.8140456764727,0
34.93789268433474,0.8446677535759228,226.2343284957187,73.744359195138,1533.940502642988,0
64.41039698085117,23.985008126677286,381.7051990866462,88.28460929214206,1532.1750821194732,1
13.010974024277733,42.94561630478207,355.4458962817418,38.07291404469809,1377.2190463803634,1
29.52583963749357,44.79173383450811,167.62488271512194,29.97244485184724,871.4727232407885,1
36.504509191048754,47.81130985380769,55.761322332700054,78.12195016868228,2607.6788390319116,1
37.67234551115759,43.978161880639064,136.10193809032776,30.233963072548907,1094.5028016416886,1
27.37647023121002,29.002177764904918,69.85911037708799,18.4241783101254,1718.6641519247514,0
50.10821370036624,22.230279961805046,150.89247650946223,66.39718729177065,671.9493388057663,0
58.111089041893614,38.742492326704955,134.60167496249554,34.89936755334407,1385.608480247618,1
61.62956160878247,36.99108171827982,320.6671548239232,29.260263941070455,2559.5087904230445,1
54.28013572397394,26.907171504072718,477.47553408511595,96.47302756230401,2788.6630962764802,1
56.78191085186297,4.366368627923456,344.4431475035894,39.2247936221774,1204.3796418336678,0
40.27999153409975,46.30406733934594,463.69145699196196,89.98579308788946,684.9763657858388,1
55.4238524534748,22.780126875083106,393.14546801117945,29.792157568754156,1086.1288168259878,1
26.692715003137373,18.166689095813215,365.2994229252308,82.97510196118212,1118.1044209675488,1
31.916331916006794,31.478369758438586,209.960660405604,56.66756646302401,1911.2719857057941,0
27.430215760019937,33.69189805834885,165.77327891736746,21.523365836627608,1540.3918112364006,0
35.7063034496359,10.534395851515072,423.90729937409503,75.88923937241651,2221.149320664076,1
25.706878893125,41.84694224049781,453.1696502998576,89.04208985398674,2053.258211243703,1
62.88862932399458,14.496854683118892,228.68183435721136,28.530410197848287,928.2718098131157,0
27.206454540311746,9.334196295715834,9.486233602388985,75.22399011390254,2260.639224714445,0
15.392449596101692,20.31999264272487,397.3028741587029,51.93935908306928,2418.65466728704,0
38.974944132772734,36.52800404487326,146.10907603378436,77.57124762030762,1795.9754743850042,1
13.1404493144847,48.27290892199017,9.894493183375765,74.25601969938037,2619.1692731214403,0
16.079874146971928,40.46406321857166,403.4693366931804,17.20781912842945,2257.3703068363757,1
22.066416405793547,47.017418883509585,261.1200234643646,29.83384598527388,1788.4897671829974,1
35.53926374351779,7.03029020382634,344.17931943754223,54.09526116337877,2565.414993283325,0
33.82880127699653,3.5588399431838393,457.77146146651637,92.48831626870266,1800.8962006013473,0
53.98305241015351,27.88523809533356,272.8810459183622,43.392096910648526,1602.9778183433505,1
50.67110596362624,14.514874152201717,254.08106592658805,67.1964980332551,1190.6458510277566,0
33.44750616948858,41.40274864846364,148.87775006739045,16.002950877697593,2507.1583264861133,0
28.353731416659645,33.599393570116305,156.07094804777654,74.02353448839636,606.817927182054,0
27.405783123382424,48.536408199289724,399.2883226846747,65.05466580848278,1483.756785543641,1
52.569729801170496,12.73961778656521,227.26947656503884,74.37776396910857,1643.5333296875547,0
12.863982342169836,24.289205717761618,85.9454732610196,90.08683088107043,1686.8727669244422,0
10.705190723083321,25.062023871267662,51.79173818024532,27.159411448778233,1929.7245762131079,0
53.754941555965644,11.95883974286881,239.09545784658079,36.71193646866956,1564.489060634539,0
36.24305067939771,29.50466997440039,235.15273669077658,97.6498140499558,942.0453690998177,1
17.198462620446676,22.164299303961975,328.46184771167106,27.971568556299037,2442.3609903487495,0
22.95612640269757,22.33607779949368,238.17840148384465,74.81204154166018,1943.8133195888208,0
61.28771742035604,18.13683239862418,76.02047354643629,75.18130057240485,2445.4695342757655,0
57.272663659369385,0.846467621276753,256.3624279752642,71.68848093755227,990.1087274509418,0
49.03817776231849,26.10476184573945,453.8607549235824,33.87756891310995,1892.6422372570541,1
36.522387668552966,16.762391785016558,83.92349875200514,32.85612724675127,2085.4343626909877,0
38.61779944052621,0.06599344921648376,346.4285472839857,70.3063086468874,1258.5129009195962,0
63.63844944061772,15.397185383096602,298.9603361579356,30.45876531011493,2330.610295517253,0
63.117374413635794,13.93141665448785,375.5499347223423,69.9097565344646,306.2719371057418,1
21.839797518220884,19.67240766118179,79.54713534665841,55.8798474081014,1787.299375535554,0
54.610751146792495,6.592599482169847,471.09464176846734,47.09019601489888,1833.9211758803262,1
20.848346639185923,25.384191231754222,312.37838174474354,39.91928499836949,1634.6077325965884,0
21.744561283617326,34.6220176259065,424.30021315711275,93.64888546581868,1875.1212172986236,1
47.18511687905172,31.509278452728623,127.07034802171663,57.17177359265137,718.0671425581756,0
32.275060422315164,40.187747378459534,371.009380251991,61.58391288840984,2011.9537045059394,1
61.23494239085861,22.600414399354058,391.61019864528987,93.7882550290032,1139.4724070916632,1
14.895535419280485,25.95458651698641,201.73045983160245,69.2718174020621,1430.1343564397944,0
38.13391024452211,40.52009704294917,195.05695917729392,94.50179300381669,1132.7734099906716,1
60.51868417437167,21.385058540961925,330.6091511877459,23.828439463383972,1484.8405087487135,1
59.72625132637278,35.07996749497985,51.2368024713069,85.27108943710952,1853.9230662793693,1
18.609106737865766,21.73011843589959,369.13395435766694,42.83941412591654,2395.8586772388776,0
30.165073505305106,20.886809725578132,26.228946120508407,82.27046458083832,1508.5876441005526,0
44.05167700256829,38.01028122645801,99.34219905480886,86.01783980818323,1108.059569009008,1
18.76671866242712,8.741845773310558,333.75115983447677,37.53349454983213,1519.8546973134607,0
63.24121946251563,16.929298597078677,53.670215210522095,48.93294117078475,2022.0091601762888,0
60.31121308002132,11.208613837345089,486.06183528101104,75.25919140813704,1166.751791814489,1
19.182259846895803,17.955497148379855,434.8561236836408,23.221617364448566,1335.7051868085155,0
16.663550369354198,11.5187411183012,315.01965454133455,77.70928335016522,1707.0995425218412,0
14.697466554454591,28.970281554332733,410.43344055632815,24.169252862543754,1035.0231595683751,0
60.01940152201471,39.90854013089226,444.3521240518361,90.89982577824883,822.7116488611044,1
20.649309538750344,39.330653060895095,133.44044653805014,37.936161343597334,650.9807096581549,0
32.89567106993951,18.225048227439622,425.45873603491316,62.77474578999053,1181.5249578151856,1
34.68682511086017,49.438020294713084,101.42292290061289,24.723740506330643,420.8572660951426,1
42.94560743174622,29.692718235290037,209.60442075366362,37.36793183698573,1758.7063167737538,0
13.945443906108373,19.97001508891474,281.3385174680567,48.52826860942975,739.7734149938112,0
22.471723957028377,41.77696396207127,358.37602672164604,55.42505676469019,1243.486980825107,1
61.23197128054093,36.49370063213204,19.91995227265138,15.005602304665677,973.0570384959314,0
59.962555899771324,37.46376684120522,148.80215932520355,88.75842827757887,1875.9749158543734,1
52.97098560731307,9.80696748669358,306.2169536141432,15.6370091933868,2425.8641536671657,0
11.06706850900185,23.416215368427757,181.89749617881378,79.21581872853727,1883.2526074708626,0
27.985372267285616,43.091406541230135,388.63740253659927,54.05804972557879,1656.2623216834845,1
44.53773044385993,25.201900381437863,327.5678197696045,58.482042066814245,1972.7093483051053,1
25.135461647541163,34.172637171052514,121.0287195932492,32.28603478476689,374.9765944004996,0
60.027268227957755,29.396686651713228,77.23484489820488,65.41157307869344,607.1116524052994,0
44.8639204007843,42.117839385919105,316.37826182558996,59.59024846106453,537.3180899276106,1
13.954869452404509,14.22804198808013,227.98132721385508,28.631621749484516,545.4929143719601,0
59.99530738596367,28.773763894318243,88.6337353451527,34.76387711198519,951.20928799137,0
62.67716619969224,6.161733400490199,166.5552316325968,20.553001208033944,1630.130650958013,0
14.274183011544903,34.51053883497339,155.00814041770036,20.501536483424573,586.7039466418678,0
39.27981291737232,36.5983919176356,58.525326307990674,16.143390234051406,2637.790602973473,0
26.685035521779376,2.141866059449921,275.7199645362879,33.29936901509595,2435.6420066360383,0
31.60614920647713,33.789548181399255,383.0060737867143,71.41188187395562,2729.110884582455,1
19.880816987543803,20.734507708289318,289.8561099822286,41.24587721581557,406.25011272122646,0
41.79396561068269,6.204843805484117,414.0142256439894,43.44694439899226,2428.506117723291,0
62.68886442868898,20.99537738492338,68.1464308716385,25.94814764020191,2309.3351886037235,0
37.66899301493849,9.711646484779084,220.62786962200082,62.764065415482854,2555.2646615061512,0
14.560301976696463,20.777976606165826,306.66047631075907,43.39792224837919,1619.8604191495217,0
44.10007334125746,19.216951397926387,339.62077266624414,71.13429468470783,2269.7226769391837,1
28.712264694819137,36.91958184680287,349.4142216795964,76.54113591393192,428.217198356631,1
57.07588542752138,38.71077790831794,365.8378864134511,63.529508645615714,489.69447370997204,1
33.90729815740586,30.351432719227333,327.4577570370283,37.91377155539901,596.3306023739706,1
20.606178491823506,1.134342109122377,51.642904025729486,57.21444734499211,2586.97215824552,0
20.510809248012972,46.5511139535497,349.1763104131367,35.91025678863117,452.9233734711222,1
52.28202993966382,34.31166400482238,363.76741510332187,89.9417653343752,550.3738167477773,1
24.607317906904797,1.7097724960594418,496.77256749514544,78.61001725685225,2626.0260065738175,0
52.19783667875726,40.941644960705894,348.21440616705735,55.919490198462,568.4814545806955,1
21.323802092162964,10.013307735899806,344.9810458970167,95.13294288378617,2474.390746813435,0
27.692750278572017,28.96105947855534,259.8325786400761,60.3807020786056,2273.176970155716,0
35.60178348418347,23.331718497509357,434.62183974963136,42.2684445874267,400.70497133038566,1
61.87577173313979,20.991939117753834,498.43320717077336,22.923785965905907,354.618492224075,1
61.245228361460356,44.48568600621988,390.6272107477289,60.13088851951333,1635.970958783983,1
21.377953148225828,21.868064578130735,308.1876870396152,86.41457876125168,2792.9385094169184,0
29.702047268369004,3.7672058786575366,44.08263933112625,86.93765443698524,2497.0754002474664,0
18.21696636495748,47.331936360747626,364.73587020616566,65.17906653466812,1075.0635834282116,1
38.04917936224234,46.026761561981374,355.73797644806547,47.65538414843966,1265.7730852885086,1
35.33204028820666,34.22163447907994,388.9062331656687,68.97459357152643,1269.7649905952526,1
59.54180893479028,23.394626406601247,66.65491725774721,78.25764942840027,2135.447039762537,0
61.15029577850899,4.642973647176063,328.59758756244105,49.164857104712475,1152.8318816559588,0
31.096206505401064,39.53740592887381,151.38333295107896,54.5290960448388,669.4926534381518,0
37.04558686604442,3.773895721201448,381.3342654844027,71.49115351236927,2167.768521458876,0
59.29299370303732,3.430049244757283,123.98510724557578,87.76216630652796,1445.0390456127616,0
54.36892942597838,26.869192121968403,343.56944502610327,80.65386138580882,491.9468092161675,1
10.20109712395571,8.006412009232012,151.02150875706997,16.85848365358894,2275.130671230152,0
27.60327603009704,0.3865133670174492,9.452174944628414,25.322904534120788,1763.2781598755732,0
33.19758330648692,21.15567154978931,318.51216642668226,85.7805889636983,1523.4233131719607,1
22.634395602577744,6.860861580503297,61.06819616366657,84.20729472773779,1983.3579178681996,0
20.97643887427663,8.025770764034561,331.349279030166,47.270963001342864,1563.4192070509157,0
12.078147862762382,3.845531936766733,463.17667693668403,63.49506755568625,1921.050369971248,0
45.38533487883683,10.254687686180496,484.7767374344897,90.18513354157764,2468.721363413304,1
24.43806597657411,35.77420898871947,121.78192822716822,90.659370523589,1833.7859202778134,0
12.87909481372222,40.44636536088957,405.58034768707415,79.99670619815393,1949.0012446356873,1
22.7038620790435,22.62668220146503,180.00887205185796,32.39588188385335,1834.6401735516868,0
54.10526740598696,25.327690794070882,450.72625101025125,75.61347301037742,1627.9494440832416,1
56.83190499056006,1.6327517297101302,394.80733647154005,23.3911698848057,729.9310274386789,0
36.56864348563165,3.4658130685658426,41.591249739653,89.19689213472924,1139.1941088971635,0
32.88388687247774,12.878386282475846,206.53281196925226,27.379350697033303,2032.7724183953055,0
63.781953142598,27.194921035657377,171.97232387478866,69.97493712925042,1363.690266754443,1
21.031056277343843,36.97755743674965,393.6646052580221,65.65019176294494,1315.322529777558,1
21.844760557003468,30.250153066901653,208.09142677331377,79.4826714380054,2198.173210326395,0
26.052694737001985,19.606392749339413,343.87125683827645,60.78093269575181,313.9221515591531,0
19.501652505459802,5.916203650156909,303.205451517268,19.94402575618577,1997.4862006133462,0
30.86510790123026,39.03866174435947,487.9411659533287,73.58523908566437,1523.0662762250383,1
60.09588248443646,18.189302579952855,469.20355361679935,46.80182838332724,1241.9064531158801,1
43.844131234571584,36.802700724139484,216.71125979566577,41.58365510118612,1151.3415289339741,1
32.6570601736745,25.648942095717093,363.1712147623689,97.30890461129998,732.1887382879238,1
61.392593701416814,36.93310267809126,415.5827465207048,64.0031805746574,1135.6302068715077,1
12.665532786170228,45.36447807262859,449.94844816176186,73.98968308136114,1278.546180275932,1
21.565189784602374,46.0514758026901,38.726460569359425,58.68506936565881,1393.6222985620873,0
41.12387328059674,26.75533900003017,154.52900564038092,78.90772961398717,1980.7515966938188,0
43.85539427562485,25.575418238281937,163.51387027941828,77.42203704649793,1433.9275485575124,0
12.175662860943723,13.283923275141863,220.0507458538399,69.54312760145332,2290.7107605583765,0
32.16713168489227,46.789991576464566,88.78605160413241,97.81267409983347,1899.344993445936,1
45.703468065698,22.895958359981044,250.621910575254,53.16286332890043,773.9926987352233,0
48.393880052187086,6.3795619643688575,333.29109201273576,73.61396490874687,992.9329319262837,0
45.09769463839481,21.635245731327498,251.19514050727526,81.2155709128082,498.1229661034636,1
27.63097733985085,6.352662511900197,334.56758212281983,46.21088089634718,2664.3043873083056,0
15.143606797885024,25.126584212853754,37.888607749860654,52.945527286950345,2516.3762030731664,0
33.49118455306338,28.06377574281061,438.6137291951681,95.44088311041858,511.9905636273428,1
17.081494055243052,16.887788074679268,469.8392500900289,17.680154421508472,1735.1900396186502,0
62.11930121863669,3.5825307115742335,310.8641749387311,42.82953927875589,2701.004547152046,0
36.13439763124455,47.17517678166195,441.288544325264,55.35567587410961,2167.856974865389,1
27.449254589627717,38.66765567417148,70.06577824086516,15.12159442474279,1529.5304849266818,0
52.1467239115395,41.94405402525605,399.73721543777356,89.62754938354878,902.7574722665871,1
37.38717259202451,18.34341971431147,63.978355768934016,38.75828521760917,997.592687703239,0
27.051871320684754,38.041551500972524,206.96506459128065,36.38950106508388,2140.594886678402,0
54.65822583149409,24.26864475845971,165.29017460634614,83.08707421436057,2251.4381831096166,1
57.69336830506171,10.054174420302298,294.8679534841249,38.07260796570546,1621.7333108785815,0
47.015449145877234,6.221168845360664,154.2496949435691,69.58267529386785,602.3717537917619,0
12.583043232421701,17.252543466102843,320.4702466852307,83.18476094386261,2634.6709340664866,0
41.147758409159266,6.877605573756984,186.85670813021912,80.7755783599609,2411.9068364168375,0
51.98122015985049,49.913448810203434,431.0912386100799,79.9019112063521,651.3469475685571,1
17.50766566459702,2.459449511601103,318.7725009087077,22.35691829881449,441.81895907213055,0
22.576891326153184,22.057179968453827,111.57265717411583,21.62729830850623,1639.6692068743341,0
58.53723077874751,22.60467611951921,171.3840639039031,40.46191296620316,1010.356544323815,0
11.106694701919071,15.031596429083777,424.4733393751946,17.983674139269475,1008.1242735364199,0
51.39999258042868,28.567578285347267,196.30747624379194,56.535668131098944,518.0539818760294,1
36.05753108829326,7.498851207577234,270.22053745499437,47.766911500428115,2683.4645881784686,0
34.57246873617838,39.19561902936168,326.2262582964047,61.23315074108138,2375.4161491496116,1
10.390309287218795,16.622385912381915,177.1657765450288,39.79944870958431,584.586479689792,0
55.066902703157105,29.567129489932086,150.5194222252438,55.31758224820545,2491.4969191270757,1
29.790369535011155,35.78196180334797,240.25117679097417,42.78381556630146,2007.3901399078425,1
39.74210972152986,44.45210588450806,111.36608118593061,31.202271654534613,1113.6028295715219,0
47.25153774846127,41.78937182261001,145.6842405249364,68.89743453443864,2478.1263860378294,1
48.64462670408537,30.41545140517798,35.72884959585787,70.89517982443238,1795.055469454896,0
62.57890323543398,19.419659019194345,155.4652866056477,83.82623049822925,2421.6746108359653,1
39.2236974280135,25.1602335037482,163.7485262149668,87.60439800175917,1473.169811218131,0
31.984575303593516,38.43673966894013,481.10741731420325,73.47033806253698,1551.6276004045687,1
62.45369945704394,43.87727712797365,296.91576860561065,72.0623411958935,1027.5250735273903,1
45.31606292640366,5.189096408833594,394.7543005808238,19.704080222927217,1269.2317298617704,0
26.398269595210557,19.242813124652674,27.461740126259613,24.111677041028237,1719.3801728205535,0
16.955533497196413,38.80582992067503,57.7356633361441,82.44270496244249,2667.6480592715434,0
56.34049758058497,21.58258812969805,408.19579562698317,34.33495471476142,1800.294399920337,1
29.919988153678336,16.611388203314192,313.6570269617297,44.51189999801789,668.445479450984,0
46.325834675043716,20.566134841163482,99.53610511740044,27.059680355097775,317.4904636912168,0
35.894903065124396,30.14223733931754,205.37372590156042,31.197613391718278,2427.4696387717,0
20.94113788872711,49.990257206690075,271.64288749090326,79.35963053572712,1210.8135584153824,1
43.092763474125576,24.64962145522659,422.58686542303366,36.734348419789676,1087.4148490995822,1
13.337568792287527,10.424723747713028,34.90393588877462,52.269902199927785,2301.827807355955,0
32.73383529291557,8.142328763954737,300.3775332368444,27.588723963916863,2663.4107477245884,0
40.063821681501906,2.1174873738207145,359.93278118540854,71.26818222423618,2170.1127208798907,0
33.98258357652185,27.940861745916074,489.0564696656774,75.44638793307853,734.6182822785808,1
51.17696963880449,27.22860457444171,404.5442387546313,45.02046238559325,1278.4457339776056,1
55.53587249999219,10.261696339015458,141.73252021481034,80.13397162818829,2198.4963810868517,0
52.41836907182479,34.76647032262835,356.2417009697412,34.912252109536496,2567.3145366764334,1
12.134712129649117,37.05535208148404,382.8225530388537,72.42802055431295,2796.5001598741505,1
20.67708237452847,12.954910269105563,366.21907245960557,75.58706025789768,1578.9022678454646,0
39.51341300950759,17.204988201486827,410.97131363617564,95.39856235646843,2356.3120458548747,1
61.41521222440907,49.52358361736283,452.3463382257506,34.28269821049745,416.5791069434602,1
55.922622627866424,18.713223392536708,53.72278514972343,22.777969843548476,1014.56187438742,0
56.33939795934909,38.04008358780509,56.85810955215383,36.83194005005229,1228.7835083687232,0
26.67645065678212,22.636271331497,399.2179944414698,25.19756231631588,2738.8096132047353,0
33.61963433932864,39.6672413930488,129.9243758781281,29.084627605027702,308.48412053715134,0
35.88882710237655,38.4511619391324,33.978003865288585,42.73150448404587,1070.0518444064828,0
18.655437084245072,33.38780125992678,203.60844458539987,49.361231977926074,2626.0306490322596,0
11.708747163445096,42.73891731477896,410.83907135390865,90.00911073736451,1066.6955876100283,1
62.07965947032843,46.960924743884256,67.64968678792029,31.236109034501748,862.6669145364422,1
23.23919221149287,28.999166022604193,337.5617760432114,95.65599500146094,2125.2212785899587,1
23.197189704799722,11.873445361137286,6.78985157692601,82.24271642138226,2163.3472324996633,0
14.585847957281775,19.93144808220375,59.32003637016272,88.1621253611556,1480.4447066187713,0
61.06792635690782,37.91528567566466,178.67092115540098,92.1438511484402,2667.2936746635582,1
41.885541321687455,32.54417425619348,46.38312910708494,77.51901936271301,806.7676988546046,0
46.68702714189446,8.889916928262437,423.7213253813709,80.46872602421607,2583.5395849489937,1
60.13672879946789,2.5619770573212355,432.7148990570071,51.338918618266426,2188.7701913132396,0
29.009109289543424,34.14807967710324,379.0074980342645,57.367369478128246,1220.5208521351185,1
44.182902112594626,12.553951201467267,125.02741754083064,92.39629042163064,2317.2715493084347,0
12.13397001008881,24.98351218645267,264.00730224379004,46.39524065886991,633.0054410343846,0
20.272489052712114,37.33733862562971,96.17332013406885,18.481607064329197,627.4562329830683,0
55.71851927994684,28.133339032816657,144.23283278618985,78.30861399440616,2624.8430081185147,1
52.17225959860846,4.1651291555898196,260.42261962602663,62.572073472554024,536.9512696135292,0
29.28534803014308,9.27901183917777,368.8318351880949,82.63470487449486,310.1990171235117,0
30.724584527581687,10.966409201545957,51.85391829485138,21.270755128709858,1272.5762289622548,0
39.34549384544687,12.893212682242245,151.86486532590266,66.56225520949056,559.6274360803194,0
10.0132552576824,28.270169597525214,463.67756754310153,35.55958870323291,2457.5912331106274,1
23.268438482091533,25.198288991269674,217.41604230203464,89.97129334304218,2606.7337836073325,0
21.452749473451796,10.158001918210447,469.74048858511065,24.12252499856489,1506.0659108910318,0
23.776562071236988,3.3777421727843535,495.74326806830715,84.97474963618023,1363.6788325250923,0
54.32482133933927,8.571610223735904,265.69661392515087,22.35000291366856,1647.5981923602299,0
25.382062110054374,49.21906563093017,147.58178484350103,17.08308050625084,865.4865621124655,0
20.533672712758147,23.427347489573613,396.4345202434266,34.509932693479556,1044.9146535508398,0
37.734490343616734,43.36727523510562,83.8588140848824,42.64269689691476,552.4429262100119,0
57.61047700050025,42.43762333344216,129.7631955376749,67.00188806038531,1416.1252277784083,1
23.274233711062493,25.575977873143685,393.5155552021447,25.933141580967465,1829.2290563341483,0
14.319493353603928,35.33438542302718,219.6547327423548,51.29838448805922,2625.559335979005,0
29.602260471731558,9.637600520635614,104.76127880889504,31.953878974538522,2147.6829265668957,0
51.12085035107378,34.419835246345414,327.3072437514006,85.99017568840625,2107.6593338829666,1
40.287979958213704,13.619228963164476,367.71712138393303,18.732220159958313,1069.9974052352554,0
54.92363532658911,41.60310483770754,66.91026352803169,44.542831315147254,2520.733243775111,1
62.777568118507865,4.1862066554454955,142.1052286875924,67.40404863743603,2667.3892416999943,0
53.59643622133894,38.65693364426387,114.53199390925545,90.78631877831094,2630.6573413550927,1
43.20916933640644,4.996845328430977,193.02804123741382,87.0434540835933,397.0075663109626,0
37.13378734288092,44.05946184471545,382.9052233101519,89.30093595992457,1810.876590760054,1
12.203799749154667,15.210225906750185,358.2855106257905,20.216823375687515,1908.0627643132375,0
64.13770883477227,32.71966824152874,332.94933563993345,84.79663070146714,1037.6629005412588,1
31.091461741627338,24.375113931013992,8.111345204952645,79.73274401916188,2781.0304578948244,0
18.372551765427673,18.315157263116948,75.36094012329276,89.90182688987638,1027.968647046397,0
46.66898704680512,32.272091659174826,115.53228680552306,40.86083018241411,841.5291454526395,0
25.635855900250263,47.3761490275619,139.61814378923054,90.67650382068943,1510.3641261079795,1
42.21780490120762,2.063487368731093,77.4811381162055,48.41921006217517,1107.8684494258587,0
42.272234931452516,45.94264279415521,208.10619797957537,67.6302738986414,2610.0736496748605,1
34.5151401496578,30.454082751050677,42.214389581942825,50.20685627018086,1400.191828286932,0
55.98652385497734,40.36571503845261,376.26098424195146,50.494819732799044,1325.3738866814585,1
24.573188385549365,19.19374767171388,394.92178971157193,60.37087255997683,1864.6553252712504,0
34.67479253897538,23.592148741880685,289.2620113524446,44.54191689852827,502.7866781278084,0
39.573067072503434,43.4425375900582,49.40391413577408,80.79717052434657,2191.8323670413047,1
46.499359642201476,20.742398490491155,445.5911689256452,67.59201503946483,2220.9970545121787,1
53.11845177780742,26.73297833745425,482.98973521051664,72.24972820773249,1485.064586819169,1
31.714400558304085,1.0097461542166453,105.16996235928573,34.17588841840637,2689.2448525010705,0
45.53258192531278,7.929900291902115,353.7967106231563,95.47474894395557,1748.3477769893693,1
18.283602418768552,32.084325398739985,421.75962216803043,69.79461611515612,2038.091135612477,1
61.29564552983632,35.848845053193855,272.2225436586376,31.367256756022503,2610.8623887577533,1
31.068234353155194,29.13004683922497,165.0449342657407,77.29069020809581,1965.863358561981,0
50.12367820870411,7.1655018137805335,241.88656396477455,29.418270566232685,1379.5650193138679,0
11.11875950351977,22.270271428891743,258.57303163830375,20.260946392859196,361.92793908287086,0
21.285292859764382,17.75473831815949,203.31533687307382,58.78693188010425,2120.7482890795236,0
36.78953993779679,24.783067201754417,465.27203434868454,60.94248819547482,2712.1650290026128,1
58.30388572527906,43.51645172770471,373.2221399165385,30.68414270272268,1475.5878088399845,1
38.999033247287244,38.79307193293259,124.44431291620717,43.91545237624919,1149.4215944706602,0
61.14287652616335,4.1994750694579475,294.8508077233349,93.49885154133185,1598.148566034446,0
36.6088293120538,44.515459888728216,345.9011297109279,38.65526826326166,2121.093014211648,1
36.97470032047725,23.58835755749118,74.37742874255449,27.9121490435256,301.7261862051232,0
16.586073367529252,37.193107244299924,182.42074247817365,97.38264256923269,2518.0293068296337,1
54.14609342837209,7.001961563217607,453.2463993939384,40.091359519578745,2515.907149195805,0
23.583097685688436,33.535976285352405,285.75068459167477,71.46105487112453,1653.244834021772,1
59.47868691547733,11.816300880472896,112.41388429985685,34.219495059459106,605.9469154390199,0
60.09533211817179,21.919044857046575,65.77847506897963,60.660059349870316,1979.514486534053,0
61.88205615307823,0.8431435041052204,261.52231227006445,47.06140488859809,644.6141574082834,0
38.61267690066995,7.5805318965238015,276.10443289942634,94.81107867621265,1568.8678785817017,0
47.24015816310044,4.6040246561809886,170.5351534205331,50.922887587690475,534.0749299527924,0
52.81837340339149,11.987208646912922,317.0559340674636,63.486457287083105,1772.6633457437533,0
17.205804025775606,5.000904501216113,38.99891967859742,93.41560006971221,1095.1733127949683,0
43.052645724862344,34.595501330978095,76.84414816673961,97.10644689485028,2377.478536843757,1
11.886384571682143,1.4519951104609685,275.4055414005733,23.43764421241471,2299.865315521037,0
37.36613458637993,30.887025031249898,35.59876845300471,84.24861909951828,2796.1846886861026,0
18.516347489112505,7.035391541278713,441.0498386705948,46.71566901754165,943.757936760912,0
20.060760927914657,47.25807285889484,75.36245337597582,64.37078261506586,454.5027319489509,0
30.077616168093083,46.65470365549271,338.59033767184553,46.12899055328538,1407.508162872112,1
33.784044169407665,11.27515512604813,198.64570364864048,48.29264506934776,508.508337416427,0
44.2744833492703,30.721064911151473,202.894935033413,28.18517548676426,746.2492876644078,0
14.093563014118361,1.4002659736229217,383.6203166625162,62.539616049512865,1793.250353403881,0
37.70304686805946,46.589427152558706,252.2337564155924,60.377423513412154,1780.3271283607464,1
20.04438216392056,26.149365409585485,364.19945450371387,30.716530448687188,408.31869432422593,0
41.568634626745805,2.1611575708889497,255.06965823262078,59.96362563471714,1407.2618785456966,0
45.05725367436509,17.12499965040687,298.4881439956054,95.76745625838015,1625.5467321681042,1
40.619009110406964,3.8424730930617104,381.55374079548375,74.29591345586454,970.0605945499666,0
50.60625307630692,19.647221968667992,305.6178277460313,54.92155244541821,2480.107954688735,1
28.458508433249573,33.49631710806615,309.7294791474504,91.03497080325415,702.7466191160547,1
52.0808625398222,23.49449540207198,395.66369775665925,62.75109158994039,934.754512515536,1
33.80218949395065,19.186108735972724,474.79797383058974,26.20898389440768,692.4860375818826,1
36.630147407742825,5.95785227702324,191.4744961979917,60.44330076843388,591.3665846763952,0
45.64561699935893,12.246952284682816,290.67299282684587,30.02076857536703,2497.4479600178147,0
11.009711119957318,5.007164386917556,47.705213078105075,78.70290161605696,994.6479126749547,0
45.96968217811366,40.37493658283304,182.60792088158914,95.27545978646079,2106.3100486696408,1
44.022183198966346,6.761991399236128,208.96436681524605,44.94794251709641,1369.9558993131245,0
27.041591421430397,29.768668327444676,418.44247182790525,51.09818405039114,1889.683701834792,1
14.71868566947192,17.137020679442294,259.12923905221004,49.984206747606294,2620.4404904305234,0
15.001449745217263,11.298919232759175,366.8778547827366,38.67989799097519,2411.5196676081237,0
60.77730608418757,31.973421974605188,14.408663012707324,80.91693708492637,472.4659810505946,0
47.91036266742104,22.850115468847033,234.9238714660162,66.27145161800067,2413.0063381980444,0
16.99064375739072,20.007273364227956,451.1522442559742,20.316279219094447,1429.5587882017428,0
29.61977431198985,29.642600244611078,116.03538510636362,84.62092580692024,1175.3643171997132,0
42.586564664587804,24.563381424500037,20.6034817270209,30.528323185716204,1980.969813654071,0
55.956443779985676,15.17421042757804,219.53732318817083,96.26954642185704,2675.51968274812,1
12.40135107921547,27.953064388262582,353.6937512205597,46.26304053721296,535.3387439703436,0
23.014822230850488,33.474928827534725,229.95943588652742,66.16532071347687,2220.192575625598,0
58.9361944662459,1.334657929342714,232.68926518807658,21.459360368370525,808.7700768948886,0
10.504105260109906,23.293586445383767,336.5534954129682,43.6070517991336,1250.3403070674972,0
21.076950653663808,2.8841642291771885,130.92246010010925,81.59537846094486,2484.5575406581247,0
62.74632967851313,9.320270703405553,377.18544686277886,54.60830483212045,1664.4979600308484,1
43.73710155871941,28.025436703898656,80.79119779833805,90.0820891341539,468.64161987606565,0
24.391925165062855,43.30944576327904,200.89654961656393,62.73649060721699,1570.1213753418458,1
13.684510191771619,44.140283959424245,329.7240136931044,92.07149221784707,2274.1047541035605,1
11.55052372459722,3.4972005069315637,415.04265857894785,96.55662228204216,1622.2014694139832,0
23.460979380031,20.95525431433533,396.80788022670237,52.673248440016906,717.2230974476307,0
58.48172007739008,29.150324150227565,362.2343716573104,61.90799552395807,1412.6026876438298,1
32.87525098636302,7.35349522751717,182.75270985051358,84.2984133898554,2610.8634200991232,0
49.618335304129616,38.27161083723858,65.5406365653933,33.38723945947248,1945.5099752352826,0
60.505676945897676,37.21176292186194,112.33293775803035,86.51525462383209,2124.7162662714736,1
32.44222538815491,45.16705068533973,433.0927382153601,64.12937165131338,2264.841268623626,1
20.520255407056837,0.4243006041721509,429.37902821566644,75.21651123691561,526.733560483337,0
38.44148619713057,10.834212199450132,476.0226220068128,21.62788388106595,1753.8413981749095,0
59.944602788291995,41.35933571226609,42.61438268829309,78.5935777266325,1239.7879829632702,1
54.24059277757353,33.52900254134677,270.7204972123408,40.79531307961365,647.8979091802428,1
13.620641384973458,44.71949268492454,326.0981072275956,81.83427897853689,806.7738957600595,1
48.091504004267,2.858982726513326,356.77540164809403,57.25966067912467,2252.901184311836,0
41.45436373524245,29.848198285822143,323.712301330163,37.79298978969755,703.7227632244319,1
59.9104746990534,28.452328744683708,386.1556380016296,94.07905485279728,1081.0465180542983,1
16.736477926766348,1.7837208180266184,182.93843026322406,78.50017901005444,1012.1833456577037,0
39.37198622625611,25.676103845624176,93.81922220706366,96.81194413151269,421.5759097864191,0
58.37044814315408,30.476015565496212,106.26876921446707,45.251001568212914,1455.3961230983964,0
32.551308270795865,9.56465871010536,10.929451287731347,68.885229583956,2214.8246054230217,0
36.50972047530769,13.666479156233146,178.40932669258007,65.76186026268931,355.38158187224917,0
13.875337271682707,32.017367314886855,50.413305185588754,72.06720950871065,581.3786261997403,0
25.297900224690096,23.415047379997915,164.13690293114448,18.180274981430458,2100.4666989939196,0
27.847865704292104,42.90068287841634,315.9639881972926,39.21270388182205,1783.952476682284,1
61.981734680968785,17.119088300459417,447.76663751547585,90.475018624637,2088.1190351217047,1
25.546704829763748,13.332982919410059,420.60469824030565,50.17706455439483,875.2598871928463,0
35.347780439830856,49.243297017242135,130.07373491900057,94.73342536376842,2309.421958243512,1
46.92174329603539,45.55678850650417,71.37115538803324,32.720763329532986,1499.6776502756918,1
18.920085482433258,1.449637249948993,100.570775529382,97.78618979893042,1825.7549354471428,0
36.7543312928031,38.5364307653283,485.63839269228544,72.89921544364118,530.3835430020906,1
50.61964717117492,5.516738691260148,276.98986744431795,79.44065419751848,812.5789583995532,0
57.67703671648863,1.3742597414685476,95.33860038528455,47.93947729281047,2233.3947040257704,0
44.44426010643347,13.684775798317444,421.16934656997347,90.28167406463153,859.7711029719462,1
46.797943342432134,13.467293953055215,200.61966593471467,60.273420779565626,531.3245688036467,0
16.945590992151292,40.96593811734823,450.11496522749,71.5178855586447,1793.0082056302508,1
62.017707348549095,35.53336229714176,134.03517778307082,22.869086520911736,1669.8412904043319,1
17.29157426164653,49.08047136660071,199.6447706080969,67.42949817411015,1819.7348224582324,1
52.607011544998905,35.57564501559092,254.94914258109188,87.96355602575899,1845.7637409077283,1
24.564897697807535,20.912777662802394,446.84459037407066,29.79750794192701,1550.4933646612592,0
61.34762290356883,34.946383047260845,435.0349286445026,76.23125257469222,1534.4348014216393,1
49.597774665321374,49.9729533593201,289.30575980041954,17.108262996556327,2610.413913223656,1
51.45975421381029,35.507094128126404,114.77887734154088,91.87485037468907,1634.7043121993506,1
22.048254518293582,38.08406779901591,204.66170101024818,96.58212063058846,1843.2505060346468,1
34.36719871493385,46.91825075951297,487.9383673559252,44.39694554424184,967.4234798468615,1
43.979725702410754,5.6825630655841675,305.847745819314,23.887129526372792,2477.733002005478,0
52.348549001363054,35.239214672386346,391.6433887864774,69.66183855754105,360.92023164790794,1
15.717765675181425,42.54029789837245,227.68302420390276,17.476264674240763,1693.066905744436,0
62.93009240499906,47.718930011044655,268.34360135606914,55.0463613476665,1259.6257379952717,1
58.96213688050058,10.548464485584969,217.33228555510934,37.55767153644458,1809.7604889011923,0
24.869172477257138,25.19645038621221,352.94589404067415,54.287141478088785,1200.4301244284504,0
55.25181336677826,34.02774238222409,426.4781518740043,16.516867723283628,2094.219779294117,1
38.507815767190294,12.373386475066873,256.144953896159,19.283811194868637,350.828607433577,0
35.39935648591103,30.023643162513704,243.02939202493172,16.325993794000734,1314.7235969228573,0
27.293875819627296,12.878939124899969,173.4418012137065,66.38794521391046,2378.158999356034,0
41.953272264737585,16.672851026582364,92.66286367557149,61.48771216704231,925.5017944485896,0
50.14390147369788,22.075934825543253,469.92762282317887,34.35211387853817,431.877195950805,1
32.60130977295171,26.459504937328347,161.45946074635498,68.67137969903376,1541.3101864129214,0
44.60705561545606,22.46829358125753,401.3422744692713,88.38920232228293,2741.333651316975,1
48.462210663541704,24.659775989396458,359.0967755372997,38.01773438516743,460.39640383784166,1
49.111699935840726,14.929437814414632,396.5042121376739,84.05548605395596,475.1412318744833,1
12.858135397214914,7.94825470113153,468.70022601919067,69.98825828818107,1787.7914123666956,0
57.28612931267868,2.367498866341972,313.5685263093441,17.8070967833576,925.1692821953228,0
35.20393231207764,9.798936124583385,449.48541997411206,46.13744135384306,1325.5780840930634,0
24.432884493291795,29.09718207528915,88.01017484158537,57.143848916298424,2376.267882498477,0
23.297047911382485,39.30577239015662,315.2227250986099,75.73103276624187,797.1217104562911,1
36.565776206417276,8.462379872144727,387.2764283927333,38.83183633503361,2098.2498424535825,0
58.77573467079276,5.427767888632423,139.46235971836617,96.56659870320838,1561.2137831688908,0
30.80911699254558,37.46451802746251,371.6731316395227,71.81679846192213,2562.3942310356792,1
51.23491607309488,15.257916526864484,390.34603041253723,45.943535204641925,2732.4050007339097,1
15.325030204297024,47.57497196136762,416.43803822814016,23.0530782434003,1512.4019641334896,1
36.1831186183084,35.71589853051865,159.87704173498673,30.053524102477223,1761.6176477886672,0
64.54273772160046,16.337802362151542,342.39526213331305,55.471444084577996,2164.606351843883,1
52.374079153578535,14.477137389685247,155.60537528783223,56.05971446154444,1096.6853546800126,0
21.579066864233717,26.18491931356545,370.8249918117354,78.72065748017235,866.850876308117,1
37.57928105338509,3.9572334139104717,234.17196424712756,75.27265992249696,2711.712931107513,0
22.84936200067116,5.88382563226495,300.7844653909739,31.705662196978835,1381.5384780489453,0
32.525850999438006,8.792894065809625,210.8407908081316,64.381399506336,303.9770662894342,0
52.90462130542306,38.73617966522801,85.18154883026303,16.71160946165973,2394.2957463127086,0
52.4173648409722,25.692867963456123,93.12461715465501,48.07943414889967,1799.1604032277141,0
22.545520784631183,0.5283561387221469,43.39660909475658,78.42073496744328,721.3964068007604,0
60.72228249851731,33.67582637360545,310.9459764622226,48.15921324283482,375.3492329426975,1
42.591250052065476,21.184508933024855,425.07600698676436,84.3544879035182,1028.7060776043277,1
30.895836002910798,25.542618248189896,15.314228999730068,96.02088908039838,2619.7177386841618,0
37.60645694294733,10.705812170646778,37.788553533734984,65.39864602404735,2633.727925089031,0
43.2789189390759,27.58911141970518,231.4461611899406,27.035338336365797,1077.5087157552953,0
40.793979251518195,48.95766198757443,370.17176440325375,46.513208256149085,2389.827482051792,1
36.7522769544898,3.6722345502880724,83.0652841324159,15.78711847067514,1404.6133081427392,0
37.771304224917,14.195869983221531,139.46740317685095,65.02625167878247,1935.861872841486,0
19.70265507353374,12.149879643041489,119.84306963449454,83.19018558082524,1136.109689677725,0
54.70030973675737,12.42746553755898,202.53035324222128,67.28502655061257,1589.9314906774625,0
39.796817596755844,18.935317878268865,116.37434512369772,80.24515702222634,1034.4486163758163,0
17.20939239375867,40.90548923720838,179.53634587965274,81.39202596389859,452.7859058911568,1
52.138640587052784,45.64293449821937,365.62858633766234,85.63404382604949,648.4454654788472,1
61.284418810754296,10.110754372948666,307.44957798482363,37.133093988797,1026.6862361830931,0
62.10187945803292,27.147496897405638,45.18494416888798,87.31528739409502,2740.6344599403246,0
30.295975282614503,31.844948608274017,320.68410479163026,69.28980187246975,2714.180375624979,1
17.45342804584147,26.091373718192244,241.15319992181068,39.04722119734242,2369.158356211328,0
38.51197946481858,21.703819709845977,467.6099594800337,96.94546134468968,881.2651277402173,1
16.19350761420714,9.598775292961893,148.20563696650635,93.86513867972853,1404.0053513545563,0
61.36930801819395,24.410967959961926,364.45237775108416,62.678601606131146,1399.4570962267608,1
20.096879504533028,20.060741385566445,366.7761074070621,84.98629540716377,1267.4331120454597,1
23.902122297314023,39.77816812511348,114.64288659954774,36.704042563749354,412.20076272436404,0
32.36500897867337,38.18021795814976,452.0956943606134,49.53107071870387,1636.3184355607943,1
31.07404577075192,6.699934060283535,248.13568421265353,30.269656141738196,482.02998031215225,0
53.70645908188389,4.425952628153379,341.0472666102047,58.16851933822758,2304.7967017948595,0
35.09742513030293,45.40769716137515,77.19850164733475,56.16811869594822,2028.2678571119538,1
19.39225430018353,26.775419448224884,132.6129389110248,32.66349775481001,1181.8425166088368,0
24.696544251734075,42.89004686412953,295.12302337892527,70.84254057843609,1917.840955531158,1
38.001236185313715,2.9075560283200574,162.918497844808,24.77659452860924,882.5925163977453,0
18.10996545843742,26.325780826081512,252.34799469263186,20.12039043878603,963.125162391581,0
43.64106216053077,26.971325728811816,190.13257368977818,46.94711239897805,1085.3337923135123,0
41.11610186031302,43.035101627107494,322.07412933880374,49.01545655613051,2292.528999838324,1
49.308627401024175,4.8804999114853755,246.1369545765004,41.53847034169836,826.7283671152112,0
61.57375384586522,12.022278183795464,7.281918306718243,36.40957091899479,1706.9530687150964,0
60.17400086056356,20.326915694350657,326.59201478296507,43.11843663579102,801.1677860537125,1
62.034158993785724,43.292073770997106,213.95017073983996,28.56017263802455,1012.5935626560373,1
23.459357836303553,46.94416575352835,174.1406785426603,48.48655493802882,888.7032324662283,1
17.236091865164504,49.63623097968139,51.60264238019566,90.08208000194783,1912.5116776832147,1
26.625218527304668,47.95967432292608,114.08299683041328,33.62743114033357,1616.8223611394508,0
59.2296845021473,0.29708779221772064,115.76728433252245,71.80944166107909,2103.2478647638836,0
63.46294110429185,2.3854170726936017,468.0079022053409,26.768114363020665,849.8585933324646,0
57.26287230887618,7.380340957879433,219.09392249954067,44.374249792849156,322.8713393150931,0
16.050974662014898,17.443104838513655,25.82259437150917,41.657506785256274,2001.273917825837,0
62.10853989328862,41.495901549347934,73.71425771044385,92.7734397358912,587.1348962376899,1
33.28469150429323,44.632809766774024,44.12117448779147,50.52251063155014,915.7630610598902,0
10.512065991929452,9.341720314729152,296.4903481525696,72.30867333385487,1064.2153811530566,0
34.33165574115065,30.983207580985432,97.37763832557923,65.00441314462033,2167.00523072717,0
12.533804332150718,45.86809925326383,251.7860319394791,26.7054962486352,1864.7295266435679,1
39.913285663861465,23.18658679656604,188.1807211206379,92.98185743554133,760.6635913145722,0
28.620471509037824,5.177178597639198,402.9188066863787,43.70715122402835,1794.7195265493542,0
36.038921347672684,22.890682504231247,163.64237044635433,18.714943530042927,2070.36998777653,0
43.72436984087144,18.789745114402862,231.8414137864201,39.93682766806758,1272.2430069754287,0
57.78406026998012,28.88289980330035,362.0363465559238,42.857599248233065,914.88228506963,1
46.40458670595607,21.932934220355182,219.50884743066646,22.69786217243436,1997.4569322869731,0
33.87268776629994,0.8672963426858971,397.6416903265286,66.45812472953526,1827.228000353743,0
55.06853195187008,49.699886670683554,332.5337563371491,43.781429059948266,494.7803961770503,1
59.80701756652227,27.177011886528547,208.2119114036244,67.21817232547059,1966.6991005843856,1
16.586798153770847,23.681537774230478,254.47105321474953,15.559466777892574,1521.2948320882467,0
39.25631376540353,47.7308685752027,483.7657106418858,96.51001711623246,2183.4223924443186,1
25.648157785834428,7.793018379353855,332.4976907716542,29.152857759208572,776.793854699567,0
12.588365883232107,9.461880127262411,452.9726368563008,69.72447189650973,945.5410447534409,0
46.77006823126919,40.40073745313917,93.48545921817686,74.41009717219978,1658.281847743803,1
57.45239276025741,13.041554001250438,244.2018973413502,29.243493029040515,1504.333819730498,0
18.959645996256672,39.961355314576345,454.78752657330006,24.272119414500743,1265.9134276412415,1
54.68275116931453,13.576674145425127,164.69297041350174,27.66390692311912,2165.083286074472,0
56.93676534453179,1.6593815112500743,483.9937780824783,35.4859152351304,1711.878909070706,0
60.28872434665659,25.8507361943358,53.05335778446043,28.96326579341143,2075.6796347352965,0
24.590679899732883,9.834321706343069,451.8222292861432,70.94195243735477,683.1374057977894,0
59.71741858544391,37.892314646623554,225.38000042260006,49.929155909263585,2122.470737863843,1
27.636451510503772,32.05998166160741,41.50336174487453,59.63670234477514,1453.8202702507297,0
40.37859074005266,46.18013339889589,440.36318833011325,18.928953471160135,384.41983921146755,1
12.777910895775516,39.14941786328679,129.71040514251115,86.48366393736003,886.2288849912478,0
12.413459860280899,9.038797742036342,16.01381212013648,29.157438916113954,364.3909793514449,0
49.62052670027116,40.00791183323982,72.22451725675018,44.89264351077232,1442.1863049776093,0
34.44639878877851,32.08685224070116,331.261797240382,20.96783610570466,1114.6994013877134,1
24.096080645306966,33.44758208803125,489.0166871234064,26.35383017581136,2768.6238997831283,1
20.47274228137006,41.613144298507436,60.17375909384082,70.2613510279799,2471.2602923921577,0
46.84744199725699,28.691203459447014,233.66428382175718,72.48472118722218,2364.177150857873,1
10.022084921393693,23.300175717650646,94.41509271902859,71.18813522390423,1552.7913725781136,0
54.324014305826985,31.8320517679364,373.79308438028806,60.82735339121983,2317.718748376917,1
14.358728337146085,14.897871447917954,63.43915538209801,94.05929811298824,967.174118656888,0
20.53192881994657,9.129856554354966,123.72166549804034,57.095704343791844,1701.6236696163123,0
31.243001741449927,30.82939190356232,102.22095398629033,52.30119843160506,1282.2951532985248,0
36.6672306843857,11.692418454273884,278.49729128165404,35.54628195452291,728.3547788068242,0
29.5247313697668,3.995755467330336,437.226125540313,23.204510929128848,481.5335784210101,0
27.639169074136163,0.0277092292626957,257.9896495724272,60.49685918719284,1695.5459574290371,0
63.015380664025365,30.415970070003358,33.830509121878265,41.13588549550473,544.0978372005154,0
45.286882468386686,18.10743917401184,283.8775206454315,58.49410680481276,2095.007741714956,0
11.288812545206351,37.6155485336728,399.7728946624146,32.10788349561982,2603.6711968153895,1
33.65967496443723,18.758819915655124,70.41731766563974,84.56833179325665,705.2652742789023,0
58.125478485918364,24.300172411911337,40.9920511005729,97.97486840170274,1477.3464462755705,0
26.58009025258674,20.354248640769246,97.96484989099669,41.75949134001391,2146.936482649563,0
15.200598962591354,32.528739555467304,374.3127297967056,84.91319140260737,1017.0991525825671,1
51.71116243744548,17.80695810074841,297.8818076683408,87.45784932056982,2601.9112990823432,1
43.33076075648447,48.18838249711545,272.5943537110657,97.67412446683761,2521.163897174777,1
41.36718793045772,46.80734932992651,128.49254784272534,43.445770771572285,559.3858893241949,1
12.946710778407436,42.40139513286407,169.45711464719543,77.75143567827078,368.49942882960033,1
17.727445538753454,46.015013528637404,483.11308140695445,33.99114730228479,2741.146207448505,1
44.24021679172126,22.45698442296955,124.10948723104592,66.8580681072479,2691.1875619278276,0
21.43031128023597,26.821519839474604,451.3144845112688,73.50193326624552,1355.714011164908,1
37.72385438616334,37.104629627912225,292.3630947065796,76.513017480413,426.40831026493106,1
39.96849273161664,34.80729624692705,66.03175085376766,32.19528999251031,1847.1888818650698,0
25.592895464901666,44.53392978027354,236.31962718675865,85.44422235118417,1033.5252684716406,1
62.16338355478211,35.816551362834765,474.53161509363355,49.94066441258097,2641.8074672513853,1
56.335525875956634,49.894235411423026,212.1899710779925,32.958669971968064,2286.6548126357584,1
49.730542919803916,17.42528999157955,432.3763495707343,60.03008033486783,1923.9844603336087,1
14.2896626525175,41.6498871119709,131.9322038525953,86.6586417573762,1011.2596187838213,0
15.83715106199607,34.88174114163321,287.60646514118463,95.26829651158344,2053.171448604294,1
37.10297402257257,34.56932226075093,422.706768809977,77.10124920341357,1022.9206668980102,1
18.839234205504212,16.291779742249947,460.74077837899927,15.46669956052308,394.07746037969014,0
63.804600494121075,39.28008962115113,245.48256673989385,26.180163118674358,1571.086469050685,1
18.718612871507517,45.01880111737996,321.6456105619874,21.330740874425857,1521.7113619717275,1
36.81073095051857,10.927423076028148,6.475164737253819,23.400740668492432,2207.5149325655834,0
30.026658126282797,31.274841855835206,130.34553721912786,46.791901349641336,2464.1847058861117,0
45.166253179975385,19.60674145513876,142.96249135473815,43.094945130776104,1186.1712217356553,0
17.09700248891837,49.47740596474385,51.27904076894325,24.435853445269736,1423.6825255091774,0
33.6674035423315,23.941640791584078,143.44903161170345,88.22553418398267,1476.0010491113205,0
25.1087768043929,11.416008689847136,163.95540636377888,66.0804888355859,1110.5602109309484,0
58.826333856942846,19.092881261091627,484.5391895862557,81.10645464338526,2158.467309062976,1
12.23221416740823,32.69191949083131,335.9581783776146,45.83859927500076,1605.2529630157487,0
60.25501217035526,3.8044685674788137,215.8725143110904,49.049589351868136,2584.8894359715996,0
55.814677620415026,30.18009601106188,494.0869580442771,41.362560474548424,1925.7769297389652,1
26.36638940424485,46.5612379589449,80.84999851613254,51.389408804174764,829.741397234931,0
53.41098600724076,42.51813938289252,240.64534099558986,65.66131277546945,712.021621867591,1
11.716745818631116,3.3836768328991687,325.29579248927945,55.91767265074004,1230.9608447907303,0
63.177605266136645,49.66949393695341,32.512414069618124,84.54711151364137,1167.316350642433,1
38.96272184243841,34.936346185193955,359.9144347511438,89.71155099461541,1317.8295621562756,1
26.68045643359949,8.114041215701185,54.434339696384995,53.98375982951073,758.9776757611053,0
29.94207669270724,0.6208044584711747,74.43974275684009,34.8990823689379,2745.5566750662233,0
13.652294440327355,8.564131814607567,84.04630866873161,93.45097081512263,664.2744321718221,0
64.41422327231216,41.90879603428693,464.8004641944813,76.00820737322658,1931.6219355608025,1
12.161056983288084,1.081966247258187,343.201594843393,68.13054814247204,332.6730876614745,0
46.019891773132244,11.657365180904328,329.43661304603654,76.86933989079,1317.4025957975327,0
34.35047602385521,37.86527976674377,279.9692807501711,21.3064879389446,1072.9584977375907,1
62.190392000379326,29.305526794906754,149.9389693540759,20.612985193926818,1255.0615943485464,0
23.529985716873732,39.136785518009596,312.34040377667895,27.709014164221955,1545.193361932784,1
39.26477531659062,37.307525191339394,208.0241113448767,27.238430297564193,1800.9375038107944,0
36.529591472051415,2.5300693560902365,76.98099429584437,49.91564941250057,1758.77836198575,0
48.65765442275558,44.62557095470758,346.35065871222787,28.064538829685226,1876.7841753027826,1
13.740562757383127,11.351591714113434,69.14317312531175,85.9256284741275,2411.3692063844765,0
20.658402151284516,27.669622011488187,99.38094760548076,62.982045267026145,2516.7928890366284,0
21.80106510510674,32.21440782638894,409.76115936456495,45.56573739707087,2143.125751401994,1
50.59829151629293,8.431410544254769,331.75796258195123,20.778670672697167,497.35560731101,0
20.402628297970704,48.81156283504872,317.340621335753,64.05530706460738,2703.230978774836,1
41.542047014003714,24.40779780436545,212.01037824964843,24.672224109146484,2668.4952158676156,0
21.838410127552454,2.8821347798696717,201.1588565284887,76.68728078341631,2079.259486363384,0
57.38937225461881,46.86310223889202,346.6799915467736,81.62892202973718,1593.5976785048094,1
61.82019999693012,29.313392159663405,371.30274161147764,60.15002941066682,926.5458958397305,1
38.51711362182323,34.95965989906882,257.5555351703337,27.41703730869117,2190.87784874719,1
29.376988631504805,26.258789496711206,484.7882759525205,80.30960607045864,2494.650446790723,1
22.87317762596245,41.73689773884838,478.0712816648416,40.54970650852472,1962.9690022248446,1
12.737955083767407,1.6566731096605447,209.15259755631553,33.48021084853717,1872.681582154427,0
24.767504190862248,13.418918263857387,411.20801587016103,54.0562012045293,782.5117614264655,0
45.982967896992484,23.48241782013461,273.9175815912156,91.57963803478218,1194.491307235474,1
39.3489312220066,3.830180815685502,258.31916434080136,39.68198324218547,2107.8405550812804,0
61.92227030545101,35.29533346633291,32.20721038243266,90.16301558072749,342.2468471280585,1
31.795249437043534,19.68317070278204,289.11748168181356,19.453224625405714,1903.1606929722152,0
48.162483828061696,13.633399513407202,450.78607562876647,21.932467516489584,2216.67575252562,0
36.912751111131676,0.16894234042061362,391.1662553515706,72.9805650862255,1136.7612156769542,0
38.19169187583164,35.99151558749769,394.2269866261347,30.81919090019857,490.41942300197263,1
24.727587303226464,41.690465443643085,84.16487409528791,41.27951670531991,2347.798447209996,0
35.022292726309985,19.75202678407492,182.432476331114,26.31895742138806,654.5920737125568,0
35.8931748356989,28.210898851668276,120.43643374186672,42.57660633800151,1227.002764924434,0
48.865338696191365,11.384331296479921,161.3780648155398,38.27817949307446,2068.1352626694497,0
61.73519995523626,31.109882314006654,291.87197502939404,76.11602403608563,2342.464969128584,1
28.112670261537737,0.6068729157600261,185.56798761827272,73.26794121969064,2455.9547962212896,0
12.321025771971414,24.432194854937922,282.5454196448117,94.25895564355433,1626.042979027789,0
37.29623190253518,32.210274092034616,222.05811789591564,75.1269998693624,1489.6792411396639,1
39.94537326820427,45.9095886614867,146.87470143261518,72.66987350077494,2420.7931925450744,1
19.26423031225534,19.066790856114213,52.224699931553516,72.6189227922001,1707.692737618678,0
51.82555334518367,38.25951014905149,446.4600363856674,88.28629881879861,1746.6268210380779,1
64.17110096428203,29.88435149717504,10.62981617230109,39.58764882867065,1384.9334199845018,0
62.01760943546535,46.35060564625403,5.817981630275726,39.90764506308575,1232.034929802599,1
20.84083213530087,19.91888378297153,414.26488118295526,76.52074620550975,1501.3521432245727,1
58.144978194541835,15.9547669936494,498.42141546126606,33.98252638346057,1212.1187342403182,1
48.74715000264266,44.357099934707186,364.9158997182598,90.6976603442815,1158.8661249230963,1
34.961561009380134,2.462220070414456,12.560549841127944,59.38688318221154,2784.1608550197348,0
39.733604687860094,6.81926964668384,117.2116622009141,39.91036903170503,1140.5337351796202,0
56.728009624035195,4.120221729202223,486.0522366296708,79.41629416426854,940.9593688316678,1
36.407421680110524,42.15549782882013,405.2591048260482,40.92261227964957,1184.8102246065664,1
30.526405300781978,0.5303711685159695,285.56592268333196,94.95210031696536,1776.9533515902654,0
37.128612116429224,43.08285777485241,122.24605117297769,96.58810440717373,2577.4762165579127,1
41.8521392219277,22.56338976856334,12.113251933740745,70.34408808319428,2269.6606254944027,0
20.399270957809186,0.20126394269853742,15.326428955517459,24.43161284926903,2405.6028476892534,0
59.54992516468449,20.082258860602092,307.93052744746217,36.846334544463275,2447.521526709644,1
47.08028218562876,9.340042052251778,15.806778794449444,57.7796078639326,2601.3209911171684,0
44.82979045356189,31.22002437360815,496.84692025305947,85.67013835813248,887.6780822721997,1
15.472292439935098,33.96793949608233,95.77499757940036,30.34557924618838,1445.9150775935889,0
43.22956659949255,24.376378520249993,356.80014412529226,23.665487098156383,1262.9941664411162,1
16.65283642311708,2.0259762719834984,81.75456209914465,21.181631104689952,1254.692486533751,0
14.328372135746948,32.806440218360095,272.3462434433687,57.07830767588389,1930.7091292554621,0
39.00209926033163,42.10193918027606,44.902587790777694,88.43018047636058,1304.5076507943586,1
32.15320437255723,36.01621386632007,384.5553201439554,18.515817139443065,1840.8257647930093,1
42.38456485859228,41.497895947765926,294.53594188879066,32.622687321463374,1255.6984093195194,1
14.907219243148123,10.025476177544373,47.65251323370044,72.54033231467864,1077.8204568110575,0
33.70406845659922,44.44439698282413,425.05016365400274,83.54666511692838,1182.692946107952,1
19.61326932748369,16.10967253239814,275.7742143144675,82.01416093183107,2309.3926400343994,0
64.29050472582641,0.6702407125995513,461.1881934565924,80.16064875758748,1802.6275905722275,1
40.863261683934596,42.169582316453535,458.7285699706658,25.773383467507216,2734.994332541536,1
47.8090273517477,47.09106344823633,460.6513557958583,47.97071932118224,2381.6405659493316,1
27.89800543754343,32.77790987086744,43.503674099231645,96.73380701503497,1514.4515208351029,0
15.210640312863928,11.571831523171234,64.8740920684891,97.07766844181131,905.9408377351897,0
63.672897453094514,12.587223214126519,493.914375809518,65.0014735321976,1984.772778637863,1
25.744246946075076,23.329643671780975,246.36240659235946,73.86917799185414,2116.6150682798393,0
33.30945018454658,44.891553980070974,122.91595615042809,93.95655509168066,1460.4399494798975,1
45.74251569364163,7.479882807377919,385.9839218068357,52.344012483020464,874.8053310267268,0
11.35835137273612,41.29868347917435,135.8211845001786,26.35994920435484,1693.095794658163,0
54.56425217845078,14.565140435257518,364.97176556922795,70.52275666783449,934.5731308986166,1
39.51180045157412,40.429308471454895,419.4564600356317,94.68849130674346,2649.995794076094,1
25.30194528878522,46.01355988007693,393.2103717611639,72.86810579090243,1872.2106200842986,1
13.388439191085808,21.37469359971601,140.65366505797803,81.67565354297022,1029.827404173037,0
18.93741285109428,18.252532705276543,203.80119416922236,50.08815072956105,839.3267208363114,0
59.22686223693903,40.11106594856509,209.5592466004718,23.00644179402264,2091.808208462802,1
47.731332316474,26.4741441189697,248.18009446171357,29.017213183793864,2069.4832006043825,0
23.74459469002894,34.22245242315986,87.84956151236734,96.5603508431446,1792.830578771437,0
13.608042071976625,31.141461848058977,228.97267495509948,55.93429831052587,1835.7525629480533,0
47.983842181265,7.644442282239816,257.8375803051624,15.997708984711739,1809.6725070640578,0
41.48242492822708,42.23951801447809,268.1959533076209,94.29548430068743,1200.258617026293,1
32.24857384520293,9.788755570656809,410.85071284230685,56.3157326935974,2643.5360250186836,0
29.99862970545351,46.61410720353904,261.0805767473501,84.41027705822252,1498.1961606572943,1
21.924785176100954,12.528564571107392,119.23804164426922,60.522025789062155,350.81975036397455,0
46.82861910956347,36.6940486636871,333.24872543087264,23.44128954500517,1170.9033559708134,1
63.38674152866288,14.232769674679602,399.67050132287943,66.09227531695157,625.7064466189988,1
19.66433852102542,15.889270429343194,163.08897488693958,97.78422293452756,1208.4594776197087,0
42.84141410085269,15.500092639115264,324.4264348637146,17.883235959613273,1820.6562125893317,0
33.330178066028694,37.39461270130416,77.73430799327626,84.86891839374866,356.66118630481026,0
34.56787969595657,27.840755898469656,174.25352076614172,34.54490603901349,2475.501328069671,0
23.978100407029793,44.14762279237486,455.0658451270689,47.69089648511141,1825.7727961704386,1
55.38241816137805,15.368635960202242,456.09754076547256,45.934889477150314,1038.429690647487,1
36.68905822809826,34.59962610283721,289.7856664778165,89.60016712433693,1078.0129348107039,1
39.88732187090453,37.64742998315553,352.66397312822784,56.87235367304257,1464.1704412903769,1
26.761850203852916,7.574105651497909,427.73763052694096,52.115465807257486,920.2295150044837,0
19.999465611682236,20.029467865990558,479.4838267297502,82.89608403345244,310.85481940236554,1
14.725071351155126,24.140874717520553,247.49378794343588,19.059292147310664,366.393620448158,0
49.27655275087037,17.784369494718717,282.979989629887,22.175874152903575,1194.3516799300496,0
20.79288549283206,16.105629798456906,210.74257549067596,16.80017512073201,610.5541915215207,0
47.954144480383874,34.32099469988209,40.63105884293223,72.10258103262672,355.90918661770473,0
31.470704532582463,10.793319882974428,214.28771886216512,58.62613937757204,2448.173175087101,0
32.86761405443083,35.469537262556436,396.3605329946232,87.70983644706746,985.3432841071331,1
35.80476228510244,46.752209819536525,403.41832150580666,56.37823094672627,1557.806442917003,1
30.223967947014874,28.259876058887556,446.72667172368335,33.41102453924552,748.5227104790579,1
15.534098747242455,30.5717118369737,30.47601906210469,81.82723196766653,416.8124306094057,0
27.029749550156517,3.4466351062044542,265.94152184241375,39.428879901307695,2162.1657487214534,0
46.505389838166614,43.22384518089141,58.17512152885275,92.66225191863334,612.3921366169585,1
46.618142080787905,14.272389359993277,104.36738066704295,35.785182691735955,364.2922560091466,0
25.74233689819969,30.752558276428243,450.6071686784002,28.920814188233805,1768.0758206585244,1
35.30564446067284,48.95560848724011,250.91167292269944,55.94589129538709,333.66893105362396,1
20.63959754065656,29.77513002864039,380.47973584382373,19.192754791530195,1390.714862025804,0
21.570464484140967,36.23547437321888,36.87013243469701,18.022173464057264,1022.0901211945404,0
11.267589862363408,22.265980911187594,211.32911944280173,56.16920725620301,1098.5449623443822,0
59.32106024492595,3.018292175752868,338.74893892884717,32.85387110596737,309.7476077850744,0
21.58886657911984,39.879967474489426,71.03620823271558,15.776268986800048,2710.8652009569882,0
22.514363231505484,1.7499420631992835,166.27985015731318,39.5727236488163,1592.4077562088448,0
25.37807879548225,35.0328914443927,36.9511634868222,54.62149036926713,1731.2803326042094,0
17.007443943248596,1.1460786574818471,327.41327073040765,47.72596222121512,1965.30621228007,0
45.159458574974956,43.11526182883353,485.5911732337687,26.24396569131512,2293.8044776244174,1
14.13286242476726,7.881801791649029,414.3875181157007,63.113010710054134,1819.7727907729395,0
17.381133447949264,25.713574772127558,487.438442819745,73.95763826525388,2205.495263733272,1
45.46161996245511,29.857535224157367,423.5743735737063,71.06975045955352,1421.838235907189,1
28.68133412647935,22.877270368670604,428.3219240675044,47.68223946651162,1228.1878510112206,1
48.9371304685654,17.03817446744436,290.7027117088146,26.420480547202462,2357.8347687054625,0
40.65836095685781,23.390714809048585,261.5348941495389,56.457402199729984,2463.2763104336573,0
24.08116451838322,15.570787694057936,206.09586188177465,88.90583565977786,644.5166744673345,0
45.795537276913045,21.906117354043158,409.95697304771056,53.90399646212233,1656.6504674001528,1
16.395052416108435,17.945649549901532,95.12346807762218,31.241527128551773,2009.1060762153984,0
39.50257106940167,28.310241175357266,32.83133333297563,22.723424156779622,508.99684157991703,0
34.04314577747691,11.896208112249173,474.20744222891415,93.345910962207,2623.992041856879,1
24.733047054959243,49.43282774570063,6.870201675721144,76.66978093678394,1600.2744317928268,0
43.22027487567251,25.043497669108277,488.53051432854664,40.97625873414003,1913.6435432918806,1
57.923347578715536,9.708103870725482,365.7824180875141,39.51424971502948,745.6068702258842,0
64.93975848696923,23.853337478363624,167.60696525042468,89.3031343979756,961.0867248885683,1
43.42695228088835,43.320756476241215,350.4208223277236,29.738163489201042,602.5030417030059,1
32.25882308810436,1.0903396562197798,409.848202806638,59.4080950414932,959.9968046347221,0
22.386390511891086,33.97770595536444,126.45421771328577,74.22085483988201,1530.991913229497,0
24.140284916731147,27.398389839696403,386.59336322339306,47.90039921315224,2384.073998643241,1
36.37002379823711,8.477899718506777,403.16296437907886,18.31189443107635,1634.3085375509086,0
30.20027357043901,40.87382196524603,128.43054191204598,33.90398153872029,911.1589955777403,0
60.259798744371935,18.444231118700284,25.753545417101847,89.85007540771703,411.55268722681996,0
30.256250721064024,14.690101440775372,106.04053085625834,58.418874247683014,1854.9245897675112,0
30.539452512998952,41.40625959284505,104.31997240025025,82.68162345850149,1350.3997434166201,1
31.094398183868734,31.92625230958323,37.29402481686418,61.12190005162124,2760.884667042675,0
56.014111570221196,44.91295418374122,364.37365540432194,93.31897394412118,2249.399713529232,1
45.7933576465796,31.49418518355997,193.08758760691205,90.45812827121814,2320.9070481834233,1
43.7792867675391,37.040882896605765,442.7711528896599,55.079707486863356,330.58755720099197,1
28.37786623111242,41.822294812980644,129.82469730426703,41.416744111217,2244.4883322601427,0
54.98472972578417,2.7369817954968454,229.34992172446405,64.93850934968566,786.533276688732,0
12.110012374563563,38.80244794346901,321.3136273187476,71.01567757856631,1764.4896807207647,1
57.89384447859622,30.685324092478837,439.3451500875301,56.36347266095242,1418.5539307892966,1
38.20124448866613,3.4753898257596614,264.6874453015905,83.24950735089284,1729.0096264441997,0
31.903762917487704,25.428896093435753,189.8946907671295,30.21626730814527,633.6088235574905,0
37.344200439472715,4.122903899197694,434.1724638436444,42.75618194179469,1442.2292035278658,0
46.70785417936071,36.79736008616112,158.5719802203672,71.9692376614156,392.3617148791578,1
10.702098458484354,27.325085694894153,44.31473131812534,35.47476082716725,402.498370399077,0
57.93535210520363,47.678676870614865,225.2958432175688,51.507113808741614,1944.3453269351746,1
34.57067389212661,9.156768578588492,393.621186716506,94.98988437014829,2679.2459336804495,1
28.8631585835043,30.30167262601892,20.236511717993928,66.94770573298565,2243.4822967619575,0
17.60350610987314,10.579106728524568,295.0117112698481,93.77175047521344,1472.8894514274427,0
34.17059558971432,30.703249236369917,299.25970402098187,74.9626364696318,439.6768502309323,1
37.29775242064083,36.13248511804282,464.6281728965539,75.14734188237534,412.5503736427605,1
32.20056819714128,36.11521646647693,146.8000844867858,64.12414541628706,694.7306527701453,0
47.326305160479336,40.7536995341305,143.0241235392946,26.803313369622323,2739.5262598350664,1
33.14930908175743,42.677511397915836,223.03940741314068,58.13628614356188,1296.652666102908,1
62.87796678156153,3.8635863133588524,181.6728762284,35.97129464178809,2408.518229681613,0
42.96026348029755,17.163357853620205,369.49120203121674,97.88982201115626,2062.856097371492,1
54.411286460854996,34.356126017990285,322.667278180117,37.15784102840131,1813.5716480401657,1
16.014574671021336,24.929314369560608,380.6659137636018,34.146925007300226,2669.565279134354,0
31.851021112024814,9.533797337739575,410.92068664335113,66.7823018752957,876.0289265475549,0
28.526623579593398,27.6354785083349,461.8756607034031,57.408751497229304,1437.224156172884,1
41.32153134751255,20.371782638307188,218.31368223340058,16.772291800124677,2461.8074141864886,0
57.361243603378405,19.501913882715254,492.425207788417,25.751253856374998,1679.4032691056093,1
14.308601976910367,40.48768587178319,111.7521026348081,82.31656417168354,916.1128490652776,0
13.991613892459092,20.37991669160906,358.61075516392765,55.14643227724753,822.291042105692,0
56.76747394866794,1.322725274021208,269.3346120670587,27.11926283031019,2182.2025026057527,0
21.70675473210966,2.903166944554564,409.3657943690173,53.61513271536589,331.97223563022186,0
46.781428994739755,42.81220208458102,241.00140770018086,36.011373895839505,2585.4801935072073,1
39.85829727984428,48.030040500626065,393.0496245044035,33.55809127232453,346.0449702880075,1
55.80914771879762,34.42046682278538,465.43351375060064,94.49119794494366,1877.4726172017604,1
16.879890041002195,18.21841470500401,367.4856617393432,45.048035729192506,1811.8699036050182,0
17.13806311474362,46.93001578973637,389.16667167807054,18.853781687804148,1746.0278776369526,1
40.62500981530691,33.14015431878679,38.25183847659878,95.53711382889612,1485.857627166889,0
62.0508259347104,42.21667745996688,106.45404280497891,80.9716847060891,2431.0758317215277,1
32.824876710391486,38.29261520185047,487.28035154927886,36.116304444825154,1948.3321757262106,1
27.981815514008222,18.95696578862962,348.12756687476025,48.938022280547486,2254.6557037484836,0
43.36791277588372,23.935110042539275,282.9172635689473,86.57003469139566,588.8045149479746,1
61.17467302997671,9.306607718404974,186.6533048312428,44.66532210383176,424.74659364360593,0
56.031030806454304,14.600705022036703,26.972555597424368,62.094535486547706,371.3212723244466,0
64.75159859032709,38.90628306432609,187.72227444224683,59.39312018216285,668.0149636839819,1
11.24127207613074,44.69891959415541,251.96187227834008,48.307447536190374,1967.5197256360393,1
16.207197959201924,36.22302116257059,109.67245714650893,68.07865785053843,1535.054389352927,0
43.52072698516421,23.258684832831918,90.7027116805471,54.283131196056566,2180.6306404051775,0
55.13170416336173,4.325463446987376,256.66619292197083,16.762130808939744,779.3258418552687,0
25.688438826872158,2.847397434922411,295.0225966356342,82.59379793477882,1217.407604926154,0
23.15660984188203,18.71627823064269,123.7593698329898,24.3919299685587,2521.2438713738625,0
53.28366896596605,23.191085938383154,295.7577898558255,53.51946426398316,2639.2863650713334,1
13.101001961927736,30.456031110664846,450.668282117776,63.13176564698226,2604.3228874729293,1
30.31604561704218,0.3244760693498605,239.22076272057012,73.55700249804315,2345.7626105019062,0
37.81950724257814,49.48614452331532,429.4081339456548,49.09611242889981,2020.5896964947299,1
40.81917708926779,18.196944170202144,463.9993650439926,76.05052442353411,2584.194735068659,1
50.07383362360273,42.40473319005607,50.73504432385742,25.90205703164133,2085.4539795815977,0
29.5165147886862,26.74833528327022,52.42673193011451,69.23598050647466,2684.8406218137343,0
43.69763895710339,6.521972726667324,240.6418705293627,83.58613098961334,361.97083009222115,0
42.1956482535026,39.878277626726096,296.1107099372628,88.8238497455126,2604.1052147364426,1
40.118885535956096,35.491353745993806,215.81231491018946,63.104019164172804,1689.351340348437,1
45.22658112282167,26.3718042464614,166.593131356664,40.9703014402281,579.4943795511456,0
24.269704408744197,25.727654566689,322.29208748244713,28.558590472230993,837.2781743432367,0
14.655681447154594,4.373980287546403,6.030348613210532,43.68137648882792,2430.398209787284,0
16.55994196218589,32.792447428693706,484.19627402755253,59.8178729718185,1565.29238711629,1
22.35203104596456,45.56225778771499,119.87914865307096,31.295408591299523,2757.0443087380913,0
37.51088645375319,4.662245961067918,458.96389044858853,94.05873717252672,593.8277737624276,1
56.22435128003111,13.175572532445246,58.96229854458046,89.46224059645148,1331.258659750323,0
48.57113381486113,45.11539867210494,122.85315511206342,17.735447173830792,1129.6861077019003,1
53.397233231112594,14.217195490989665,121.2624820383127,61.64282925312227,1590.3385901623044,0
29.303659315935025,32.69718360899632,498.0956875793199,80.51262959046889,1883.5945471742962,1
32.25595579067026,26.740908247157208,7.277270134312788,35.36753267452258,1954.073673454136,0
31.652503729483705,29.816380250193102,321.62091360523044,58.48338728859774,303.2396997794451,1
20.553025142247584,20.789445078862656,435.49485762512217,48.69732623997846,522.4010844539198,0
13.366916197896462,14.999573527685556,337.77545874224467,31.31333993010034,387.6595841398797,0
42.50038510549747,2.4266725364834487,184.55324001738737,66.02320286169328,2461.4978659956932,0
64.40691758813225,37.21404696470821,479.36313453795276,97.47645055876697,1083.230632899139,1
19.175633772264455,37.30467310971134,447.2927735215753,45.318842603235424,1217.6586046909108,1
12.567665094460057,33.53628700393616,219.80768552351128,60.84745768595076,1425.9281223667317,0
52.87424250031631,32.18168940598103,288.7976038425259,42.21193857458455,2423.2609931339393,1
23.89223036765983,12.18585660837631,483.92199796359415,87.78673519460725,335.41565240533726,1
55.63040929441106,1.1172466883145604,491.3673791536027,86.76202413516653,596.545685949626,1
48.716516686898345,40.43576984427199,227.66252148038635,29.838191199681532,2012.907805352251,1
62.01204453779425,24.556926784791344,424.43826393082884,89.69575656175904,2709.7313067689925,1
32.49099796661696,15.341906535130917,154.48021234219848,27.57522301765357,1906.966053242519,0
46.408341169784876,5.096595339028504,189.047372100679,22.92151664890274,952.808671168808,0
35.56701294472989,3.1360795450694203,86.586832080162,69.19357310322715,1599.6610719665432,0
44.682378351969895,17.443336089758866,108.5463734244815,47.03004078720129,2737.4511889535856,0
34.727939830425555,40.236853238347024,330.1522846183827,59.05146925733527,1620.1913664194772,1
20.37477355332412,45.93618746669152,257.836900913505,69.16337490080946,1233.769074320506,1
37.93435788018595,44.83756823065323,119.41027100967342,19.385490736817744,1258.563887096801,0
39.07213107905933,46.000041737482746,204.44026009901802,39.31511320055245,2717.5837714793265,1
54.58321165430886,45.386267156467134,189.72581263252246,53.25522387681597,2097.2913168292644,1
50.453638818646965,26.361237580019793,493.74330124499045,37.12675501389235,2017.9321390551181,1
46.50853931677943,10.970781927845191,427.5150894196328,19.064624895698238,880.135804226867,0
16.236290255391488,39.90232914184102,197.043335024993,22.19415557817743,1698.711594408936,0
49.63389598650433,10.68564874262895,457.38870655353634,81.54507310655988,1191.8629963057838,1
37.51678359949831,13.360363837828453,174.60451885594472,90.64510101467286,900.5038146348745,0
59.175474485838755,11.662716091127423,335.6112488037554,27.635364101727255,2538.8807150352613,0
60.59290137717985,25.749120184790293,483.4917483576457,35.688742455193314,1257.8895219065337,1
13.0336124830982,16.091375408453995,198.18803767433337,69.13670059267878,1006.9679061784944,0
55.13528581949633,7.707802481267073,341.5430577269422,94.20455741567312,2629.30099152092,1
12.073356473246884,22.65867059469412,151.48228647600345,39.8659458580615,793.3659911403136,0
30.194329413226246,43.69536193925835,136.82459622099745,85.98273097758809,2163.761961791307,1
39.826498659159355,28.52764274749861,289.2075498836182,57.00004548938124,1931.867861160657,1
18.14554392449201,43.91678029437935,489.735976026443,94.39436704370478,2601.211070930714,1
51.047259691299224,9.79360925395687,229.30125511648413,26.30946898153988,2380.1178439181954,0
10.459508729467622,8.348693683627701,469.13030030670745,95.81480905126287,2063.2380448491035,0
19.272947663872024,28.778856284921012,457.609942521157,51.601226109849165,1086.4291517427391,1
41.94382564194116,23.166445077313654,130.6124931107724,94.09388640537972,1538.922528176373,0
49.29131591205108,33.008632082347845,203.90060650674206,53.071288015276096,2661.2394033679498,1
60.415370648165386,39.731339551339076,323.43472685462064,58.99681713200798,358.0065764537338,1
48.80231585640431,37.565364782608825,261.43271278363886,81.79632581151765,2285.8295595500977,1
46.94785986401763,47.113058682928056,52.49947228227129,74.9781655613697,929.5258761346984,1
31.688763049286536,19.91282045785058,496.8805249129434,66.42707559463469,762.5423582344793,1
10.070643403974078,10.319337112409038,377.5637305995836,49.60934195793315,880.5615360557989,0
16.608759230459206,27.54563199739429,221.65854892123232,80.77238449416728,449.3774787421179,0
39.400499961582156,5.53715600955928,310.9934320848142,93.7029516630136,2779.9495607154195,0
47.132143721443086,14.442556166581571,48.348544546783906,15.814304446271228,2474.6728580628624,0
32.95965561430543,10.394402763157224,250.17431857635694,63.79114300557087,1602.6399215805684,0
50.18734563406146,19.828185839854047,465.7620458296565,86.87641710520292,2087.7579463927295,1
38.702426243269834,5.560828750110769,448.81747423721424,69.20834059968126,1691.4884073087692,0
14.079690757687171,1.5920872274048925,172.0035185141571,81.46882840016696,2328.9473611270805,0
20.560893803237185,32.83970023150159,268.02709259156273,89.29007161946579,2411.9129788925284,1
56.19990227841686,30.512448914490243,350.20484442338517,77.3289343158038,881.9760703830032,1
49.87020106434417,35.417946801933056,173.30458711941316,74.51244431327558,1449.3694266256143,1
59.21190928568723,33.0193220135672,37.11521295649955,95.07390898320521,1887.1193354739273,1
16.46564870165151,5.714734057119175,255.19362007531333,86.68582660500053,2746.1020765206877,0
64.46223940382907,14.553944068782315,302.80968923255153,82.67636317537023,2006.7234477404118,1
21.517369267246348,6.476330495017618,7.891592060147573,22.17147891916572,2544.087526860393,0
10.647893195765311,42.14862010242816,52.30980990157266,34.83948030057168,2415.280127467719,0
64.85826164794548,37.345182767776166,107.60886857910538,61.21075001898243,1755.1576591964101,1
25.45906369948122,10.076350145912121,177.28588206051242,73.89348871290954,2534.138400154722,0
46.74106988819079,17.06546202449467,272.8203553011373,40.166836143939584,1243.5543195630862,0
19.717527279696785,48.33074961321071,150.45224478603433,22.746233389028337,1248.2088261207787,0
41.912569270952794,29.707967893982573,141.71098813121935,40.82123250566556,2252.4141081066723,0
59.72192425500076,40.05777986505786,435.3279251874755,78.9954219881831,636.3591640875275,1
27.609964208564122,13.229551738436458,76.800067196706,87.82428543533396,1064.5630436460474,0
46.863968682439754,10.502646008965261,250.25276592031832,90.77100281258045,1821.4311271833558,0
20.33469738391291,39.19584644232742,476.6482348833873,46.44593436896426,1350.1639971673715,1
44.36374692952989,34.29362276157201,314.3815583124427,45.92070171339631,2651.8092747205715,1
28.50476934996306,34.04889646058818,360.01671254774703,48.75672009065866,2696.2651740478414,1
21.616454222337342,27.631729091459693,218.4623107383505,46.192185961980165,1556.4532720344728,0
27.22501278869993,28.17891713882744,14.866422724261186,70.2943184230984,1647.6547259142033,0
19.836258767928964,36.78487526531269,324.83453234176665,44.7408307569554,2111.567729559428,1
59.60538593108355,13.500124056059764,317.8025193069214,16.688546738982403,1443.1623130854337,0
31.845278747442087,17.638423292847786,59.66168004934988,51.43904185709336,775.246169851192,0
23.4903617735902,43.581838526002755,233.7690582441926,33.60462149282279,2167.422921557327,1
34.662431255876314,15.443260050607888,458.08782760949697,17.390992436123458,2144.464723382496,0
27.629489174357253,27.315478568964952,106.5169918261277,54.079964977326,912.4527584794487,0
50.94305895973293,35.1319732003342,233.2438835438846,32.094228413458325,2382.291299452519,1
63.41709515370219,49.99624134165882,233.2460766742576,52.57757063169793,1834.122991050402,1
34.09185111837057,21.764566574766597,406.326926733081,38.05324888865378,890.7540257884136,1
57.35683699847322,21.40464383124719,413.16505581307507,65.10783623327595,1930.0978604217605,1
41.12246904577907,42.12941897168337,380.838362733379,97.24282311053864,884.0238157264018,1
18.64796158018284,40.27515556299316,185.8998087981955,60.42024941906819,963.0823852000444,0
47.98425081447378,36.55379408672743,40.658277884167454,68.69236110209991,2420.0232670078904,0
38.23889734192011,23.161481870451446,177.99407372588698,91.2998878933497,2623.728923099547,0
45.78335877886569,16.19695600803579,341.4966446293131,46.042034671182606,942.2066458955278,0
58.932807691441575,30.436524129242432,352.8595543720928,28.82352133220339,2620.1275927129645,1
34.22390138608253,43.811164656582044,482.6751036909759,38.47217448323592,896.9971162558837,1
59.56476927695456,44.188872910429325,229.5524095646357,48.431980079307586,593.1684138564642,1
51.286795785491016,5.4249172535219214,318.0556135554437,68.53646754423457,445.55969517815294,0
36.87327092328916,21.41751419065753,271.8994810076532,15.380806442666845,905.2831020815833,0
43.177217461188,23.236097809937473,79.5561872560525,85.83080682565969,1263.1163516930883,0
27.90696228854563,48.88076837618766,233.29522370540735,21.315799763135928,2618.8709502732618,1
64.09785148563259,33.89990076212923,274.69340157105216,89.75437736023969,905.3949992650718,1
46.70431396777178,20.362320863103527,475.62105499091797,93.8030652600066,1213.6633623772332,1
12.411576887314645,1.30289429927965,186.43683193243325,97.17853191130712,2135.38968685893,0
27.96420481614048,28.269258004959795,490.149056038449,82.18934530577084,1055.185219968204,1
44.28229385674816,4.8037987819178065,273.4385366419218,26.774008653032666,2010.9203791989514,0
13.098330278958189,41.72249786738816,125.02227543501347,73.61186458769046,1380.194548121256,0
11.313630522552852,37.625933028518105,99.87387157282485,31.87566712047865,791.1123816479308,0
34.75133317402914,23.02545799540894,75.13898404381472,89.46161035317353,2135.14725242284,0
28.29795988309685,21.460538977084987,229.20177093385922,41.27829182939361,367.59708339171027,0
34.10642344182412,44.866948278438436,15.853582745516999,42.124066097228415,1030.8370626824471,0
24.448132043400285,14.42291752090642,225.29741524085836,91.16522356093394,1190.4538479209468,0
19.05947608186395,12.45099810533854,494.2603226171934,16.098178875047477,1445.54563746909,0
47.902884633918575,46.9598716412881,336.70286388252197,31.09919057313629,1999.6730799403483,1
38.30141139472903,40.46229183767413,381.09412999420033,50.02037812476677,1448.5124854650921,1
21.008481618715177,41.03127965335973,63.907668405539965,73.15989008674602,1785.8102807155408,0
27.57741844429991,9.759690713796276,239.18492643759492,68.74799178171304,1789.4476960445431,0
42.54943492148293,7.1647995715467205,146.6804350077284,70.56118563887338,1233.1791247400192,0
13.972614154986282,1.301477490856745,447.5782763545695,88.04182835808513,2634.928164386746,0
18.109915509639876,11.852075445934002,94.7397736468867,25.045524220340297,2689.634577191107,0
14.028508225906457,38.70952458571624,232.0729969326873,58.339420786157945,1754.6272102361645,0
54.677453299276536,12.001920938207489,296.08362058109066,75.21464819550656,479.22720073857977,0
51.38250782666051,36.45516417974381,259.45034033137364,67.79783076270566,1527.8189106398393,1
51.43221125335914,12.595413268371075,415.97054634535164,52.210071954959204,761.0483169850179,1
49.397893891181546,19.764624897533583,119.56931980322199,16.42051062738961,1508.0363046822592,0
46.8161983018428,49.15811449557042,191.80859965972715,20.017538048774426,771.2078862463545,1
36.23455534579962,12.24058656420678,397.0817268041065,24.87213012886844,2059.638114122211,0
45.32529899289133,18.818531364913383,266.39534880971837,43.487903485335174,501.0728001658563,0
12.109885513338606,15.054359023260682,204.04810589573887,24.765236571373194,2683.2601909898103,0
44.18054324612315,5.481249316500114,19.574044798691595,50.36483198419649,788.4397235833818,0
52.78327380452824,24.49470710654125,377.92578488772665,29.827285218603087,1951.6408401231135,1
37.51970982114146,18.934533166650112,486.23012859354634,79.6707943946751,2592.4058768237237,1
29.66323306349803,34.74435429036401,312.04206969681246,87.3334721871139,919.7157849601562,1
25.258470414053853,40.87972734757731,428.9879042409533,47.340743161358596,2635.742247592825,1
45.35411275891454,27.212485724781928,260.8534928814884,57.44053652119801,1271.6866641506817,1
48.10406592464498,1.6098211043668431,119.68207788456547,94.14018804955815,2701.327043131475,0
57.90321799243984,30.94611781173608,12.148841596397007,59.447143693935494,2728.409645336314,0
28.82837453535449,2.76953650104696,328.4321424570447,97.59107691500427,770.1997626730995,0
52.33747690620721,30.817816179951247,249.0888798828811,26.796872476440534,2377.718342327636,1
40.87457033041359,34.25149746345942,392.13858280836274,86.56479290952596,783.5525320838758,1
58.55600698729435,9.888381380875922,348.86779663047577,56.267849221856125,866.1015508277039,0
39.02966595625914,40.967307436088554,494.0364222622495,16.885271233722456,510.3162600584957,1
38.4696405618882,45.55425657870243,257.6047287889597,95.69450413946592,691.342366245445,1
41.78323947925,40.65434820569098,216.45152088813964,95.09897567869871,1880.5474206177696,1
51.212344532833896,15.255459510604108,146.936146272451,46.81147973517963,1423.131825129466,0
63.05797633556535,29.332150622281723,241.04633943668085,94.19379190013011,2277.3605929220876,1
14.04598448186711,45.74075745956139,437.07138167084645,26.703800305799298,1129.9920370665554,1
12.938903131505944,16.033236311142495,26.007664266911927,71.44914171301663,2721.561418252647,0
61.56526855740362,41.001391113271254,489.06052340666344,30.93010591169027,424.6813520484366,1
39.143159403501336,0.47375656308482617,496.68706118236,35.471720615790694,457.3398860061037,0
43.819665801181486,0.1823351392338135,300.92158240101134,79.68500728781625,2053.43724704534,0
36.53329808771009,37.98558301694837,169.11438082922368,46.320721018919485,2518.8472124321493,1
15.151159893411098,38.07237910635606,115.40923931940179,15.591582734775558,2288.7504790853736,0
52.24491581302666,39.448859392614686,141.86274586401498,49.381789208234345,1524.5427196672842,1
51.09735547987228,46.501341894408114,29.802186119961068,33.929753612535634,974.10340326255,1
27.14368268210466,5.895315591014211,240.17992444926261,71.71638282533817,333.6288232617874,0
26.84315848756202,11.599249249184417,33.375514077880894,31.139241828050523,1573.6286347994392,0
56.08127594980352,45.186246018690376,360.644736314083,84.90704286022749,1489.0904932731914,1
13.979649175772964,8.861809888617673,189.10508048876275,37.16872000497764,1160.6147486755997,0
58.46078315961112,34.1114633788292,103.68554221484578,47.621345437490135,1745.1819699312125,1
24.116392944275294,26.52315000204077,274.702511128839,39.73705944615914,2122.036743453183,0
42.61416112655217,4.159683842575363,487.0108570852918,68.44563786817736,2052.220590570606,1
61.47967984509778,14.263183097076643,349.08986926411706,23.396573921790925,958.1321044605387,0
47.296737584515554,26.018610822048394,248.4146908015593,54.68224793395426,1763.2592215364828,1
32.79363968568701,42.617505834191704,389.5725781309806,42.75974966284983,671.9361964599959,1
47.92438148979783,35.376924480733685,370.0508535899994,88.38345095293012,604.0046097208865,1
28.91887999740036,31.09415807274665,446.4090532236079,21.093203766674566,2264.6395906477946,1
25.249212899205236,24.80164449707074,106.311129059004,83.86469038942694,2034.3647552388397,0
64.81758028640738,14.934199190706716,430.1444002480723,28.91747955198246,2219.8222515790717,1
51.29346271488832,5.962245565963059,154.00791308564095,22.351945774186277,681.1556855105522,0
45.45959875599997,20.453801728304775,470.79446927342303,31.792797224209664,2586.54647342615,1
29.540930377062534,1.4259246955646288,144.1272487286339,23.52019750698026,632.7790330558969,0
12.703845603527649,10.55279446334253,463.79002886552473,58.241667700776425,2475.092420494322,0
11.708128181933558,21.624168793632993,482.07640365971963,97.02184109200985,1180.9482282648282,1
40.47996904968393,20.930259283595753,77.01822194122205,17.849170209713485,563.5852325853482,0
51.91179965714781,2.21477154984962,487.3774422150776,53.27365299351529,1016.9224014138148,0
39.55585547441203,29.453007676264566,47.43286937249473,47.04383731595253,753.6200355347075,0
56.2431789566513,27.48421279266181,113.19105437319837,43.18733238245123,1526.6742967292855,0
11.838459320127189,3.905215201045642,224.86354653203824,42.54467966596896,2674.3633700994214,0
30.171364203426705,47.15815262302196,496.8306960272965,89.28605879999635,1119.6779039562962,1
23.038871514579792,4.969138947543006,246.83871032686278,16.575020467297534,1830.2474642052844,0
34.600013248641716,42.741707561866804,277.4526743733505,79.31806015255148,2529.302189349909,1
13.980701625676737,0.015486595750296983,348.740350014206,35.99345384089316,1875.18482424058,0
62.47724028640899,44.114054752269155,484.3053113451109,46.813527397858714,1205.497852174411,1
22.27904705881485,0.9859866102156278,392.758943061501,49.87244276643195,2777.097817939698,0
60.726927651597165,37.8906015946058,115.9562321897308,40.292735588120706,768.5340036013341,1
33.4241235270175,18.084540565012645,154.98051067885555,22.765385532338023,1608.14003723877,0
64.20382732903698,36.910840006815995,53.32597860621958,24.489460452843087,2291.7637468419935,0
40.473211090311594,20.087260271248926,324.0039202615462,39.74488329885948,301.6221739430608,0
61.19580752966941,3.5453961165920864,94.46645173691468,83.2101513896418,2055.1081303560923,0
10.294194378182256,38.3753347697682,132.41541979728603,26.174095181355185,966.2472417648465,0
51.1531343399495,3.5626342660682484,444.61625931428665,76.63910615111226,724.3168067296929,1
59.66778592063835,46.1060217980609,166.74405928934752,38.97618754263088,985.4861584207287,1
17.684631183842473,2.5487017895830686,285.4901255853127,88.3275896143037,2717.0410645994602,0
15.286921845268331,23.966263888575774,201.79517435064264,50.551263458253196,2529.838148099214,0
33.35149339522756,36.15172154253978,41.64548726592722,29.25303500368217,834.3861411592562,0
61.35233983731143,19.662323239601886,184.61759579886902,96.82508935917235,592.5669327961114,1
39.831260810474134,10.861673729621735,206.99376050278576,29.66066509608266,1210.381511286169,0
39.01010550469527,37.954548069801355,448.3720454462015,62.11244516227836,1780.8412002501836,1
17.761936506462703,39.21473523943632,165.60307355493805,62.25077768197914,2467.8615714528014,0
10.043423110127033,46.134749197718364,192.7243542822236,45.94351644775573,2715.2253126001942,0
54.55770499100037,18.808255521553885,392.53390049280557,93.97355318157787,2177.883420432747,1
14.816600964243102,25.312586724866343,380.683542349741,85.04158868017373,1797.5180317541394,1
44.86174003044282,18.1564221423036,400.15121194100294,83.8750235495741,655.8300653275423,1
60.30390499833553,12.85409109256841,477.116516337622,95.85461064064667,485.0709409332776,1
21.475855223713708,37.551648076880426,398.80096170541816,52.9400750702943,1790.0671963230027,1
46.5900059930301,16.982592250847773,206.766060592856,23.06641937646243,1647.6602644173176,0
14.32842171891302,21.407472099617603,411.6467158645555,78.53284181233289,2415.2202693352556,1
43.20653291106871,20.183682881201392,256.7939428845195,46.607444094510505,1106.5146271377596,0
19.016244652426153,35.633061282337295,142.46844609668983,30.798647599692018,399.2271433745254,0
50.477445828334794,45.88978130553399,154.94394872485114,55.10952948728104,1359.270672727583,1
26.56772121366495,33.33780306536887,115.80198233888217,91.83467203387455,2722.9557598443484,0
35.486505484255545,23.57912980471163,76.77151412077794,29.22263257821416,2288.9372623413074,0
42.968679811519195,38.96025573694417,96.32275386755691,85.44200166406857,384.4304341056828,1
19.420037586643176,32.04856620610688,36.27313472714059,49.71101015405474,2486.6972597454383,0
50.790080023969146,3.0305178558906745,444.78317814153127,26.354564398360786,1479.2237240532936,0
26.6452187350248,4.783179320942082,465.848865776316,85.41573123105849,1211.9200795448896,0
46.43045229520144,1.8958472036816665,295.4513442844783,95.47848831888858,1166.848852006979,0
18.70556778846555,22.840816310315994,421.04233052129905,39.175469414305965,1787.8606325971612,0
47.84647125634926,41.29267171694824,95.86769581330783,40.19350541689171,1626.4985461019064,1
17.050344004575397,15.654158467567603,451.32854348735765,47.415316592314454,1941.5681104206576,0
33.394607294849095,19.208009154624083,255.6489720171016,82.57282025024699,1734.1036626001166,0
23.596334055638224,45.473855418394535,38.24667133974977,15.864627329378484,659.8614371042963,0
51.16063871855004,41.845172265832744,74.9498085246093,33.58839379421535,943.0900218957955,0
24.411925247878102,33.252405619128,157.9433480894745,73.58968432182508,2402.5739302545853,0
58.494451851746796,13.340189104612566,26.56100227560196,48.66807439029866,1958.1462867390749,0
59.050111627363705,5.852074134422175,158.10022211863458,42.41453670635458,1421.001563536853,0
20.804272337253224,0.8029411340056858,34.66556439385144,87.39947977886744,756.5035795846634,0
43.761526975424836,5.350533630221044,121.83366457044846,91.13871537213787,319.2275899432798,0
14.824470294598038,14.629822181197138,136.5065291489386,93.68285619079423,1079.718507971545,0
31.534540478089607,27.589503178974784,497.212643301563,37.62169421030662,437.11739231667184,1
49.23269512256997,3.200004137619344,121.5956035130139,90.73854659174587,1505.7103327186378,0
46.268278576745395,6.811388915922451,123.39729222459727,76.16814104236497,2354.5036318955213,0
44.35853681736344,9.054035115397053,344.9605393374006,27.79982412455219,1013.4966534557433,0
25.539747501434398,31.599104649165312,430.3819518656437,65.65241234958145,2419.385403887624,1
30.79137221889211,30.78948994900622,196.59242923803282,17.18579000248027,2061.4109902164737,0
15.66203795851574,27.538286318607646,438.43091987064275,73.7953869289818,613.1558233871634,1
49.546255123848056,12.52507123479698,173.37030027013978,75.88610438002789,1911.4047281739583,0
37.71388382352004,18.5559845609366,102.52286040943456,80.51509621338478,679.199518263858,0
48.982109779011004,4.834485816887152,168.17121804222313,29.3195794921621,1936.9773006872967,0
23.691893863828,11.323030187902743,306.63140509435624,67.14474509864507,656.7862118202652,0
27.84410257492864,44.885261323629024,186.7358638594765,29.845104840695313,1281.278415038915,1
28.381843549306307,48.98458732179142,338.08243297469795,93.57195692130159,1716.485675595484,1
11.415832536096891,32.38297928201474,122.28326031412878,71.02588749250927,425.93542855985436,0
28.757633005684294,45.84116460117101,351.9914825246286,22.91204538433663,683.2708621363184,1
54.18175154349184,32.13709502007126,176.981989807991,30.523675090483295,1101.0220626306161,0
59.35141726623562,1.659824305273494,230.65484394295757,70.06718814476906,1455.8002144296534,0
38.502007359976005,49.83812924932045,281.0838445192335,54.56365118124752,2446.2182348035863,1
35.05259323705711,4.9476150843267455,344.6813765770669,76.1127062955029,768.1827208849554,0
11.695354028465363,34.132090072253035,123.16327746512319,38.305470310829705,1168.6773762563141,0
58.356238567196044,12.641810153739502,418.7930410183512,69.60715555830738,1489.4405907004516,1
10.715561738423,19.599055645348006,362.3121611288437,29.687693946526437,1039.446389973422,0
61.96125441156165,32.29670924004691,120.87846991687974,60.12795185896575,1864.3694468021772,1
36.90689367784499,21.824367465385354,487.6124084884406,94.49736609864885,941.5060869399252,1
28.806397146609964,12.527302946556413,334.07451056007693,67.14244528015186,2230.876052783108,0
60.832013916346305,16.722309343916237,228.95130880101928,19.149470252908067,1562.8852371279584,0
11.341504621055321,17.077405846158815,82.97602614899058,97.06725743214002,515.7622086527755,0
41.978369217799795,47.96619522541069,268.944396142525,28.019905360855844,1867.497238079894,1
40.19128884746357,39.93065079617255,86.56406397942351,74.59973552385972,1723.1087594968933,1
22.062622066626012,22.927438573970004,217.59838095543267,59.19999324232826,1146.4933855166819,0
33.58880872426158,9.991046017068205,207.31269875606182,39.43193708775722,327.8926959725534,0
45.87452032690736,40.5508055131328,361.37012395199275,29.716770290499856,801.7538554359313,1
49.99221582850601,7.859123580418675,100.22967470600365,29.749296234967403,1314.2738222058815,0
10.039427228861888,10.523110857100171,411.8263206610687,86.24717354027732,799.7850844832435,0
61.52693865500584,18.30066959200756,166.43550187300207,87.45173867556414,1743.7278023491945,1
19.04889548160468,44.0174097925995,224.77437034954366,53.6070782948511,2080.812234815642,1
22.846923882229756,6.589333431705513,387.30878289915205,23.600581422772834,2440.0441418770893,0
24.491039513161653,6.111709642726304,314.5692378581898,88.38570361928356,1917.4565467093719,0
12.080107510361941,24.6987494152633,157.47254914195898,55.422368352532395,2022.5230531370316,0
16.76786679746787,13.820527054683735,196.1704476502111,51.41728109795384,1821.1046630763112,0
64.2492457619289,28.436397082407993,156.36447292485704,48.81063302832248,2763.7151440317593,1
27.336920555750734,22.581834234161175,299.4112328021928,45.29617643031407,952.5014226997705,0
16.341559968647715,21.74795531756084,169.64914393738565,58.65844849951331,965.646701281896,0
15.884519364604284,5.598648524349664,364.2203589176547,65.17692180877145,615.8341035546491,0
49.570298221848454,7.052484512492008,291.9946434989444,53.71387289655534,1514.210814673831,0
57.00127652179525,41.0539288723425,77.12477281501695,89.42179756676869,540.4042590773048,1
24.132376472965845,44.29413687858722,158.5829662465418,41.365881967948276,975.3664922452593,0
11.150023178437923,11.734176644262512,114.61648374552709,62.99988411330285,1506.702321928479,0
22.26995101449457,5.673025076238453,198.20504021298524,39.89617537610077,2693.989039825043,0
13.108362993821654,2.6708335967255303,260.4121226736347,77.52805197478034,2709.5324846004187,0
15.686721514652284,30.414880687094843,255.8476143556344,23.476051244243557,2159.3505853413894,0
33.73294659162033,35.76766062501028,378.4892198988281,30.6620167340126,1273.1254039392124,1
22.645510397389792,18.640499460160274,98.64007248284612,81.49971702393691,2462.9031834413654,0
38.37702331889829,33.98379337453198,473.50405050223617,30.205400403221713,2488.6395047691008,1
23.94215642914547,35.6479407779763,174.70832790667347,66.93694673416343,2575.493451991381,0
61.729551560662124,46.76711406984527,153.62317922348856,95.53020650804834,1900.0626205380324,1
59.82691823594455,3.2436818917553625,344.16339619920876,58.399920942575164,804.4819890197011,0
41.17433577557563,9.614586161553989,403.73073119811596,30.553905046225747,527.7019319267043,0
29.49331955930624,3.426299379849407,192.34352358275845,41.61735679248891,2586.938760100325,0
30.963078511910457,43.399696666805525,374.6892525725187,83.34702034570176,438.8652703040075,1
32.65187557294733,39.629358001678426,442.44929828734706,44.18785578895782,1039.725148594987,1
50.01686271742192,28.73210353109195,384.5678142774439,75.05144279947453,1517.4044175943427,1
34.84014475353608,4.183170502559158,21.927260357562332,79.52005521937285,354.9417321836895,0
57.120147057824354,13.665617932685981,414.5476111262631,56.598176321348625,2567.28064669561,1
61.92521322617005,14.885992402925845,388.3680744349119,80.00671090241029,1017.8024871805874,1
28.47703843584136,28.037159800770855,336.29866788582706,41.3029493675418,371.26199730143804,0
40.83819647566241,12.902194701835773,381.2110974485122,57.84125067746168,2783.974993066296,0
15.228109525791044,3.647993195647742,489.81557093680976,71.98433590968766,1078.4829520437884,0
21.025797627149743,36.53811509266497,218.40087947008308,28.950071226263574,2491.9122687134322,0
32.74061716905881,14.954010582770566,38.27550130252592,37.71062329272175,1433.6861348022023,0
21.341149374597837,22.61870885116503,233.14053496571975,69.11903808167312,1957.8147526374976,0
58.21082699337946,6.383331749115268,27.98465941856873,69.39488994585294,902.7253738433868,0
18.705744083250394,40.127415169728984,150.65395200378828,55.944119655597255,1557.188317442555,0
35.06134518542006,28.27659384620288,295.5054969393957,81.033584612916,944.1279810625674,1
43.31345822529316,45.079281310493144,158.26333199844737,55.010556866412976,2677.709703162759,1
48.052514948846444,24.77357815326667,344.2706467252216,88.14974802933986,452.3635310406157,1
31.068815334957872,47.071283590893984,411.8832322044319,76.07998476237148,986.6848187621185,1
57.80044877986007,44.5934102190663,213.11739374337077,41.119673654177326,2532.772191374697,1
41.2575533092859,28.822992822961695,450.56828589003675,47.806082704218106,1500.0898937682095,1
34.17292792461535,46.694671907493166,44.520271018448106,70.4179949188972,1800.210279760425,1
13.698234872862013,16.154437364727613,420.8560162792227,89.23956736234977,1929.2334287391063,0
35.55792076448408,18.282108135210567,415.14370699245296,29.832824814391223,477.31877943390845,0
55.14047124486516,2.273897565301847,164.38697868174862,57.71707371558435,344.3468522714627,0
43.79975600217235,29.460045338192653,152.86401762668442,24.859106969923268,2644.6026292782667,0
55.76893495510151,36.09619849644667,156.02201567098876,38.194777891570894,978.7571132422019,1
37.17064188296181,38.67595951210516,406.6398876104834,71.93645282133912,1250.7827760888222,1
16.5153937801965,7.490814302305165,416.6684763670466,21.451974725597424,2005.232926808874,0
10.750191520973459,22.207953615625016,168.21261711969547,69.97576229677433,890.7596926818031,0
26.677075069522516,8.843160604695782,298.3322219850086,89.76732303845965,2132.6784254187955,0
48.38947593237859,33.10636744271244,73.77194857302497,95.45773415453269,1445.605455408175,1
53.464294716793155,7.897318621088406,237.04547544910596,32.98047268511779,2441.5245132184778,0
26.26640590411812,45.208184197803746,499.4024611734914,77.15853039845369,996.3515894137059,1
37.26096564857859,11.531732283070667,83.6253781145922,91.88874724255896,809.5562011582463,0
33.161539743874485,14.570113314412241,474.04350678022917,22.583652800503188,2379.22088468718,0
32.57875313932853,42.545316107549986,413.00608737267885,49.36395950460404,1115.8151624820841,1
22.724179226008275,22.92338050728619,486.2462522184036,91.31101065038978,1329.6716150012626,1
17.50041077662021,1.1997972900036513,93.89148650221384,31.8313623551509,2284.269581719983,0
20.81787070271672,24.72931256013229,110.69165276946529,92.50213675439088,1888.9413434364374,0
13.043281293984036,4.227166769006152,13.349254958755047,58.75694190028561,1404.3147260806727,0
20.897190800296737,49.26723593436553,363.72739739322475,23.29112585061712,924.726272261395,1
10.50604936939587,29.405578522780118,323.8268732509119,52.33981729070774,2210.5024221294107,0
44.499212034978804,12.826630880548922,93.14239197074238,42.0796792237665,751.0775862251426,0
27.40064740632256,28.18588397738089,396.6167579433256,38.422945325800086,2620.69900146607,1
63.522959128479975,3.843355169087742,153.10177553520407,59.94247277759575,675.790172807493,0
20.654437792696385,39.99456521344085,71.8228068186644,55.138193332405216,2312.33422986824,0
29.020571367027664,46.266402693208185,214.16851918457732,55.00327424846763,1360.6221668203345,1
29.681263725284328,43.72221941030798,50.03007497129376,22.31576368155857,765.0155823337801,0
10.46483228343533,17.08788011492814,135.30560985525707,81.59240902525234,1305.9473455919278,0
56.15643741717024,16.288405982168424,188.81001242153636,54.959463174531,853.879540499834,0
11.759695307937859,1.7543805608149998,426.6727663845042,83.13518378225557,639.9841270896184,0
61.70989091010828,32.57001793504584,397.3116269401446,83.44135524872887,897.8884973263962,1
59.064089310149136,26.745239209489746,224.16337144655603,41.32223196238758,2468.4961813456316,1
39.453705384727996,22.96731856636707,363.6646535874318,15.360743216031826,564.8559686995604,0
39.897756620121065,45.38154766673535,286.48156990860747,90.63339122902383,2731.348969419727,1
45.9577857625886,8.393945054142316,173.7167182636437,78.13765952615793,312.4961342191921,0
31.287750656418783,0.48331333450911673,364.307800030166,23.901912416348104,1945.5953859781077,0
45.597225586882054,3.6658226060382715,343.3320814608571,73.2433438222574,2441.279962095215,0
12.462261377866778,11.168571891368446,311.451748885833,16.66193129951709,2634.8941203169106,0
12.972619504234961,1.6642774631728474,310.88798291640904,17.304002745317973,659.9639836418864,0
35.14767307907494,25.142185532156773,343.0760862018535,58.64332888662093,2045.52124113085,1
40.22922656083192,15.704522761678902,195.35002875805642,22.97110662661677,568.3730403891183,0
58.829970218470045,9.024150403406633,435.1925284585127,95.03993136624827,1181.528734686084,1
15.756334864934296,37.50420374743311,85.3423835207481,89.18799181197178,2129.8158937674843,0
55.24563599566392,10.222566311626501,442.5233043033813,68.93439859357443,1164.9330654076673,1
21.552603551063825,34.38025504968966,174.42951230083722,20.287844579580003,1083.4368207026696,0
31.674600668051752,17.463245292381945,66.89064972626815,41.961326397986404,590.1365470060205,0
27.41313391550771,25.59138803312773,302.01356432616933,45.853008826201645,466.09523582022,0
32.00854000759695,46.693351992565994,191.11340118985058,54.91302637378207,588.1949782043928,1
18.277252393992207,1.8675817407906414,408.67236491624203,29.018938542535533,2488.686937363061,0
37.69635409219552,25.013225373873095,218.2388069217398,62.93346635216726,327.99631345231313,0
54.0903424407252,42.72114801638091,335.9384501532444,51.16896377646553,2032.1646738382226,1
34.28437057083933,29.398712418517427,157.58770480488863,93.62564796160726,2221.5605747207446,0
36.98374667440095,13.843525848257832,108.67892563754334,92.70420405889318,1719.720760318572,0
56.68221719047229,19.884056757251717,197.08427031966778,61.93433829321771,2126.9384029578714,0
48.8331963050917,34.01328143642873,305.36987812820456,68.48099488721442,1930.6741725627508,1
36.974992468588155,44.540594715690155,330.18863590961917,26.437106825220624,1438.8962227367317,1
24.17326065040488,2.05331868733058,291.2122993225191,33.53582882373424,1256.7760696906676,0
58.670971076473165,3.576941094518821,494.0875807189339,89.75937854875849,2653.3299710129336,1
41.73612209298071,16.252576180479377,347.0896423151068,73.030771600346,2729.84498142617,1
22.163118556088136,11.63898422187395,466.1022156604743,30.722706374495434,1928.1785090625742,0
24.80158639509057,13.246544311120301,63.376931473111384,62.3274554040775,793.2470997461794,0
54.17231989149352,11.063499931294047,35.37960025767204,92.58518379062426,1419.7479060944688,0
12.42800591481005,9.791252442757886,158.94237749591707,43.649201811438004,1541.3437252065175,0
64.5650702865851,6.531198343464589,72.61152449632985,30.423091168084078,2194.925131151654,0
17.16934238431355,46.6977065897619,265.3049214729925,93.18809798345517,1969.4428283057982,1
53.78376889683156,7.209473195307653,261.89572049402295,53.28502490424423,1587.0360735697377,0
31.712642422442556,10.220188738276809,289.6483473897553,49.63108588900962,2000.9113944678925,0
37.071890080810675,12.313286199039286,373.887801011381,37.20807758279827,360.1421168344349,0
58.435781760551784,46.65074365652103,485.80820160509836,89.00157948061297,2241.5883047109096,1
32.71011542740673,37.78570668005424,439.7380522623775,85.18619165183473,829.0805850173608,1
39.56215645202789,39.48497151577573,63.59178358991289,48.44820315325059,1941.0228489028727,0
12.711481432504346,5.237912976924902,172.56427594147533,17.540902231457544,584.9331303425229,0
10.129111062709924,41.81549375078358,131.63239739878074,52.07206873200958,586.1520898117537,0
23.463993015094925,20.409654090870898,92.52459210099744,30.011215376144424,389.144109591755,0
47.4320701105322,13.141151310619437,274.63881394461333,26.846927822357138,2575.582025383779,0
16.669569134752518,28.787504176015528,278.8658790062016,47.62676978732016,1811.39689422953,0
16.25690773425022,41.10914529083669,117.48618980459035,23.223385799604056,1204.9048405728709,0
32.60283344197468,38.93260755374547,357.3891389018093,94.46955407532819,2269.444352548272,1
45.63103712345246,44.49987412905661,367.7925780889051,18.94575208784639,1865.2055015616636,1
49.16395957363618,46.406609300772196,15.38509744279699,48.31367907409435,1850.201294782351,1
19.814787075410614,11.906103571387478,200.9000633425467,28.504324268630675,1517.606985907517,0
14.377348105462335,21.192894708463584,445.61961739480245,72.17133968688677,319.8169466705217,1
61.72183686700493,0.7314269602535006,262.5577110806999,21.541350284808622,946.1562660623496,0
24.336651040915594,43.966082963253,177.07576171230218,60.384862659316646,572.6917365002074,1
56.93405736847981,7.728607573738378,130.56969503958942,79.16742410176082,1956.02463088194,0
57.492029775455,43.07374061713472,125.46048735954973,93.85496630906457,921.5520544674944,1
52.488742546939946,16.469366099329818,54.38517675614914,72.97778772646126,1425.4166601280174,0
19.285848365891354,18.40667949905691,409.52707745108063,23.257815883670432,1183.5757457247073,0
55.19908025898102,1.9566127241929687,47.89541567011475,22.347205626273706,657.99684481341,0
52.30878075828727,16.34393948826598,149.6859091015988,75.72263802865947,2695.925582206798,0
42.81976445584194,44.418184140063204,27.609490590344837,32.8723406152879,2633.54827906804,0
28.5461119342924,1.277370056080207,391.78635201323175,52.12086261655965,511.5204650916014,0
24.437973234659925,20.316373652336267,24.44542270226128,96.05955141216279,2368.413383819991,0
16.703906664419744,1.5699814906370568,157.60904641476316,83.05226426752168,1520.9342067909329,0
38.03663867954793,18.54617125545325,288.7821981928987,85.26724865591665,2234.3397114521285,1
42.18934815304156,8.63203203901456,207.7328733452547,86.44390209243053,677.8928272844173,0
29.763644478368295,12.610919663418601,144.72417828830473,66.4222632300893,630.6853444438593,0
36.14474872244777,43.87991865807095,141.2185908516331,76.7465156805857,2526.89375223801,1
29.993295155309667,21.80246103109455,399.9062014730934,44.79375591464584,2544.548729602652,1
45.25533315263857,13.689899570095609,487.1191570681863,97.87103680554661,1464.780406884022,1
59.56925642881098,29.46691889752739,177.28032987215272,38.20864008133554,2475.394494037245,1
19.015614412581968,7.1053479916291185,24.37702923646318,63.97061447419212,1968.6473787590755,0
30.97748454467179,12.969580371042793,23.10006006500867,38.411119300659045,762.52435652748,0
17.74777321729737,27.312398380144426,380.81064052930543,24.301897196486074,1122.3856617053718,0
44.37190737243076,11.87615209240344,278.42306169651783,62.109622632025165,640.1516262716748,0
50.08787802187277,33.956386870043666,392.87836542157856,44.3279396818896,2234.871672327333,1
61.255200292860074,24.574565112976128,350.26102009284455,63.40719920444118,2763.1268117393743,1
25.33795594435307,38.59945351273454,454.21564288637126,61.3703135631944,1665.945816415029,1
62.26161632259866,47.412226786123426,443.48302406807863,60.007308518915615,1939.6610352872317,1
13.479446950137113,5.790244467370387,395.2220608324828,25.233993129861943,2165.2314203340916,0
43.16576248505235,16.733250499227243,240.21863422086113,51.535004271079636,860.6477560762261,0
13.14229956388315,15.977453143920329,157.52257176390697,82.39632697009972,1140.0031190835855,0
59.15758032690697,7.559145966862713,255.97825978509675,41.15691013020478,1330.8030283105868,0
39.13949813885297,40.51515686667354,253.52544562331266,51.83801493924141,1786.4707803636804,1
46.814159291953786,37.9939352019395,307.08639670022217,55.98802199658225,2426.231445371939,1
55.73656592507489,24.221273541719953,97.11829605253753,86.60669894511481,935.5088614747654,0
18.26708423661828,26.88853888973048,329.53184082026945,69.41478084575957,1477.2220018194723,0
12.122535906597362,2.9772069001248127,231.0174574818788,23.316810391497064,2178.8347780117792,0
58.33846302520687,27.77536761635228,312.0013918107253,86.80919182181677,518.4624987615607,1
27.321327510241286,39.56707620098182,123.6043873451751,84.06147596501347,1582.2336458154462,1
17.09383993599409,28.69137867919286,220.02547246929072,77.55261638973155,660.9492584143126,0
35.76536803978976,13.265318506020945,109.04960115399753,53.68281552046352,1647.8722418183734,0
42.90683416328103,33.37741361671686,438.27605259461683,77.87626682932196,2219.556903288592,1
11.703383188238057,18.07442149826238,246.5407172955611,54.735591199348846,892.3685276123495,0
25.119261204139825,27.24366421428676,116.365800709037,76.13975334915452,2423.6961137117623,0
11.80399308522928,24.378268163946238,25.398304392065413,88.0491436927205,1137.0102752043751,0
33.118446405752444,19.058750048259004,339.4906390035032,88.91495156583953,776.9621588944253,1
59.230501598643436,35.943899019706755,111.24913342492907,52.73002165755874,1463.3084876771302,1
64.0458826321463,44.19380559929409,494.84318519779526,86.32544238621843,2490.187705263013,1
45.03761544269951,0.26062592384624717,269.18168484050994,23.42096258214019,472.33265293525733,0
18.89007315815255,46.680825961518366,148.04361314277588,23.451011651402826,1118.9286655416133,0
59.82171644996182,25.575756804161248,330.550329727352,60.50615659000084,1932.907922422783,1
38.39363027600332,35.03659401816326,141.23386210185234,69.10310333187033,1193.9521717389637,1
18.456212165660496,42.78122830879386,411.0357754853245,27.698483406207423,477.05998683153894,1
60.694966819841376,23.355184615713497,157.57684521032124,54.190943718897415,1129.9974219511844,0
51.66079778977066,41.74870366824452,494.1826275359751,22.832101428721614,2352.398465341326,1
50.243789999773334,8.880990972760111,304.5466687954203,64.97425730092476,2720.093806262565,0
49.00493870869226,7.958376723990723,422.98351872661834,85.97280505048637,399.447993494296,1
21.018690160304327,32.873568442807674,41.043657441319,76.22403500962048,1723.2095440876733,0
21.605368043913934,43.50715027758686,177.40821160616315,46.398198851629516,563.2585825671201,0
47.85611491349903,44.62130887680197,370.05610765224407,97.4848851208811,2000.9913228900148,1
22.08475125607183,32.187022918862326,329.2542135835884,70.02360304668935,319.73056502012736,1
34.126943324167684,26.274461510465873,101.1503451097101,82.66562005872576,336.85406426843315,0
53.010100407666776,16.56965438482581,181.32045060230638,70.58488314521381,2242.199566076435,0
53.11738849538125,49.00002077996657,135.40448670633276,97.1215521602315,486.0883067432445,1
34.92939748892228,15.984784333312524,308.6182340321123,83.17286067907516,1062.9541857176605,0
53.57044660513848,37.20930536157966,175.5612735820936,58.11212708532157,2695.1010602595775,1
56.124198790893125,26.599089995250036,157.98184979017316,45.45100371551996,2763.117793618678,0
46.01266632063432,30.425617126267333,107.65210031598914,71.61885081935392,703.507154715167,0
22.56342187696311,19.67402752943131,207.46842485275093,63.98841013098174,1702.2548035896255,0
25.070647921205115,48.24115627361239,101.77378214729403,67.23609905528626,1697.8720712257498,1
27.316263547480446,28.58411630496355,481.471945751928,43.46997660155183,1430.9517263315333,1
16.42422592536736,46.8893815229395,81.47839669017519,50.58445890735602,2611.750395659989,0
25.02377912034698,0.37957080869570614,457.08583390459427,61.32201571592393,2185.084772810401,0
21.523557337189267,28.633529159556048,217.09418358750807,84.66052235951297,2211.3173392048593,0
35.04308123947312,35.85934448626357,192.04366582305244,78.32144017432097,973.9235794233578,1
59.964065132974575,37.254008558110904,119.50330144790017,24.8484372517316,1385.7994305040968,1
15.746417421467694,45.248844089084066,319.69938551192195,35.381002751609515,1518.5592461886326,1
