slope_deg,rainfall_24h_mm,rainfall_72h_mm,soil_moisture_pct,elevation_m,insar_creep_mm,label
45.61791125664565,15.0,124.81919144151287,77.94700287103508,1350.5567130299632,18.085583501981894,1
23.74489241044069,4.731431949739879,34.65331400273146,52.77727268138855,1301.745508108599,6.0,0
38.75813468154689,31.77140464710851,178.64388788395968,80.0952116196136,1300.2307889854912,5.144014435191536,1
15.269622192054758,31.857706126444686,41.63442079720016,31.83637600149605,1448.0759321370278,0.04127220316014109,0
7.792909832706421,8.656051557560415,105.10814205692807,55.35493569397225,664.5965241502315,0.2259472485255825,0
13.587772149650402,2.5225958737878176,88.11361561483407,23.492680733322455,1418.2393352156955,0.2558913182149845,0
11.211775563939105,3.8426222217435155,44.331338786983416,13.422869781482632,200.0,2.3437535902092645,0
34.05186670521534,37.73616341845378,337.53307529772246,50.67549621749613,1532.5910510310841,60.0,1
19.584793277220733,1.3135500006065035,6.21732211145819,37.05469166655243,426.5709120767811,0.8780943801141642,0
40.60889484047286,16.159839368393843,33.91377363758386,39.99111903641437,831.218286037903,1.0845927085213773,0
7.643263574520228,7.0770798582961625,55.826674199221,30.973249058664948,408.0363974417338,2.0525010462241724,0
21.74611198414891,30.4925746574023,39.01457941789243,57.362702330701374,1229.0841202274526,0.7015195398606996,0
19.47113182274017,0.8415751127622698,1.9748749224494602,22.796886351107915,919.1215911760446,4.965598861394086,0
57.372740420462556,28.372610610391458,105.39071720611025,94.96239820046955,1697.533271794034,2.0,1
45.838034871022906,15.0,45.0,69.72093553233216,1830.5644418016302,30.75848286865328,1
35.07432026029732,32.92054857786654,62.92054857786654,71.92641911511409,1337.5122845193207,49.19055936967156,1
27.387143087848376,5.281238438460146,15.65137887034756,34.21694973403028,1043.319455011338,0.7976473883414328,0
45.04257814245305,84.02201278137538,187.65501962263926,70.16638953016339,1270.778329919794,4.628876406749486,1
15.444901970690843,3.141744186737256,39.42713371319755,15.65160334433633,1041.6470561021397,3.1817960478412477,0
18.815153823333617,0.5186939152727164,11.739972955996501,28.85037049064166,649.1576294722508,2.3192073606886794,0
16.143843520257015,6.979054319373968,102.5521310004712,35.39891121903577,1984.2515658736331,1.036033628312547,0
16.63036955445575,23.809860187064086,28.817419650447604,30.26587976997454,1462.5666741478576,0.7698797164119778,0
31.222150820782502,43.97728546185574,79.55341689738356,11.607042069658588,1429.4369019375893,0.007480080340471368,0
20.189670719756116,6.257303129602301,18.629544277199546,18.53658495145464,1319.1901411298459,3.4452898584174108,0
27.916446015089498,13.73462634286674,163.73462634286673,31.768008499530687,200.0,0.767267796948134,0
37.06587221678415,113.04178606559704,171.22601094676304,55.96544818202492,384.44220378545856,18.467309357431063,1
8.620343537453417,60.230762442488185,60.46295194615565,32.31860820760683,793.3098523611942,1.9201266577139198,0
18.96287705956857,1.2091304188845147,4.168475487555845,49.05637830261093,200.0,0.5149000467469275,0
24.995608002201962,42.293157561951304,77.90162201930102,21.047210044014985,1010.0537225413796,0.16759370572811316,0
21.754850936151442,14.407311749529734,78.36872857773163,28.288236117425946,764.2587833092756,1.5131792983558758,0
17.0965818292737,23.53256988282418,27.18347316239565,70.17628038328141,1727.7543672142506,4.506638368041756,0
25.896880776106336,27.455293582699873,31.60505294492594,31.100764047586367,1134.0439734962747,1.8257428616326803,0
8.274470168050932,6.140932161915858,28.582694188220657,24.87103401431236,384.3582438950424,6.0,0
39.41373831821805,7.397756503570098,8.29769757604893,33.13799332251527,1609.1641831620586,0.796732406332956,0
11.562140762073192,2.9314207344470216,15.961149855775018,25.476900360447168,921.50181833712,1.4003999134960017,0
35.30209627740439,15.0,208.4749270146544,68.12387163511495,1165.9665575445863,9.394703251281573,1
27.712542022572396,0.013864847068813673,23.39746287677272,55.527345954765295,255.21565698728273,0.4846816051965641,0
41.575592271254024,93.53156049326603,123.53156049326603,74.57784383250477,1581.8701566753389,2.0,1
22.796511043265475,14.53323378872721,63.81298592046709,41.11549758422609,1231.78978603125,2.190408289467052,0
23.310421241431538,2.3826633847700536,67.04401898972823,25.254977400689732,786.6933594706611,0.25429989959761434,0
23.701399461865062,7.814001709160523,21.874621469198836,69.10177991626573,1199.1415189729303,1.3065123643953152,0
39.60656145863378,3.888101995235473,38.03832872048594,13.198559350513046,200.0,6.0,0
42.4643943615578,213.12255418029972,319.14275354315737,74.64288093474825,1425.3280551487844,5.662814855459669,1
45.256840388278576,24.543020398701355,54.54302039870136,90.0203488566321,1289.2738269447311,6.5809754894916015,1
38.674464389654055,29.63209615840514,61.543181154355615,77.59754303462275,1543.8783222575366,2.2688223086279558,1
19.906204273026948,13.082266484551054,23.570937710859987,38.201880599252895,1081.3744775572015,0.05826854660152313,0
11.919983069980946,7.305985131260567,157.30598513126057,50.124809146916924,853.3295674559594,1.225905830420165,0
46.44505209207789,32.196654021811185,62.196654021811185,81.82727139154426,1612.0017340940626,2.55820842012629,1
60.588728204891794,64.94701990098879,217.18222467267856,88.64329186223098,1619.1889456316303,13.504874095292465,1
18.179106385852855,7.59713496876705,14.863704750960682,21.99799534812727,376.102465752984,0.04602166996265658,0
25.70836361373155,9.96426586403641,35.43054375067184,25.834254319588723,950.4325832466474,0.04863562628431006,0
39.64736857859158,82.99401883338042,175.515395239232,85.94971948110391,1660.6334109988006,2.0,1
10.081347349311486,19.390203063744895,27.589205941775553,11.822934992734087,282.9132460505832,3.578723730923784,0
9.188336901267272,6.003841863468803,12.143341339968181,24.087646012456975,1369.5569960808123,1.916109747471016,0
14.769496281144885,2.3652823189659835,80.64857518225827,63.34619148094165,200.0,0.30135941163562696,0
59.3327824063162,15.0,164.8618202487744,65.88733328679773,1999.6400320563846,40.59125934206353,1
25.608245376170046,23.946829508574076,26.387542536971633,50.25776546092956,1235.2585755021257,0.3147695866011822,0
21.539863910208634,2.596265244315577,14.946078926604576,29.25709182181305,639.1041137521017,2.3300468420381555,0
20.228520839785656,15.181899934706365,25.64221434225994,24.99833343074628,725.8055083350682,0.04434535710773929,0
46.714207369593105,57.95491821467368,199.61448104848938,67.71909100429193,1914.0780041825037,29.48738512138817,1
68.41956368626897,27.233285656532622,68.49239677539593,42.292046304319726,1241.7078574964603,2.4541396990345596,1
27.34176077389764,19.254367891924577,28.115188324315213,32.5708997902945,315.9094292853225,5.437976281568207,0
44.077511672430745,54.2938801733299,286.3065858059681,86.40563690572418,1065.7949873071675,17.112150753130294,1
50.85108967138318,46.24380769454032,546.2438076945404,59.22774042883837,799.3969808945512,16.784133100454042,1
23.8403470100966,5.010255473391773,44.13718500750386,20.577512994377916,1610.5534561494903,1.1084202597256259,0
19.264428988055528,7.94434429208412,10.125930167663057,57.574832157942545,391.44584362089313,0.29967607076210734,0
46.00869343208134,15.0,341.7731723496332,70.18630116066767,1063.850873472141,2.9788329586537587,1
11.817416632710733,36.3750825445237,64.10755908858413,19.200627621758308,1042.3573670727028,1.7891107246449294,0
29.081691778787633,3.9676878380761367,57.703093815712435,44.24333111805162,1544.5824270883336,0.3222371984286979,0
26.28574639568945,16.48110440342482,82.57777784277029,28.273997870703038,1174.0203599444183,1.2992943821835292,0
45.0,6.943763578469459,68.18139909949757,34.10012483347295,745.3695708893326,3.8234286361886225,0
11.863547615575238,9.16837089278577,11.997067837106831,52.14148208631394,206.18858087004628,2.4729457819210725,0
11.790065948792687,6.150946225579539,10.605045579911643,54.873659560440025,387.5225629567808,0.05722106091431147,0
42.753001585136886,0.46763595895270227,41.93606375631489,18.873222164119575,1621.3935556170009,2.942808334683403,0
41.97216493775139,91.8886136559009,286.92858125307094,77.56766634224583,1173.0769829503276,10.208240422492937,1
52.28100059819137,23.403286651487385,53.403286651487385,67.99153047931249,1888.0831608105727,11.834513788283909,1
47.67474454636965,183.34240494114613,335.04610646207084,66.42551195677075,1684.9758753998472,19.829849418459126,1
18.75836710909336,36.3138951376175,38.12142977562813,37.826982562649306,351.7251393146686,1.4762808738740767,0
43.818466796278045,107.15585074203337,158.60880996257464,89.21155582405356,1676.2286656999022,60.0,1
43.853596391791235,48.484057103710676,134.31694242084922,81.12811002556032,1389.7511421899285,60.0,1
22.60174831867159,8.996122083207661,55.05620335240782,16.157747426068973,2011.9513767345984,3.4956145963162935,0
60.93466558610443,15.961970272737602,45.9619702727376,87.28863616514387,1692.7115433634076,2.4264439180058957,1
35.51728206294139,1.7942180676009156,128.93689139069693,45.9213127092748,1624.1661448310765,4.644609308667894,0
37.49887526552216,1.9403601471930647,73.74017441752652,56.68613107441982,364.20010009841985,5.8377639970029644,0
60.6721482427117,181.87169897321425,226.7589738057016,60.90055973763866,1183.0848266533098,2.8705084052869116,1
35.84286457962794,80.6248003485333,344.74184856600215,46.33720807533302,1471.7960266074274,5.935530921129927,1
29.053271138512073,18.390675666038195,130.3424573606391,37.337433001322,1175.218394789896,0.20411050660714697,0
16.942415596161005,1.6394621110987904,57.86313846388053,22.14348943603849,585.5952529394165,0.7834765555827194,0
22.296502434841347,4.682757361961395,64.29803945409444,42.828235851150225,446.70024740710386,0.18591267373781328,0
31.62837584770279,11.17440416078711,65.35420219202416,21.608644943132816,944.5407518310052,2.5139778152140506,0
51.67954183274345,22.03453445944939,52.03453445944939,73.85969196465663,1440.6403859714574,22.461397806391567,1
8.781530017146075,19.856886309618456,58.55667777689344,53.98680424267695,749.324199600304,0.8426268321987838,0
40.849383058857164,217.09753257300179,410.19320186180425,77.19580634034413,1574.2697171404625,12.396703484240657,1
34.054802983193596,7.224582296842957,24.913742414145503,34.28815349069866,711.4515118375913,3.996177946345741,0
27.375858006843448,31.725893698439407,61.72589369843941,98.32678333022895,1235.3948773398079,18.89948753152675,1
33.643310066452976,54.54260237141582,97.34762076955403,41.71320461864272,833.6904734685627,0.44947665811932475,0
39.20787931964628,50.17774189407842,91.15717709793284,74.42193066003938,1736.0525882387183,2.0,1
9.145282108763633,50.698658712286026,53.39906120181724,28.322436969937275,200.0,0.090539109818358,0
22.679819675443458,4.896717305507102,36.66719540832056,21.385565715192847,200.0,3.1449107907711493,0
26.51074991587681,47.167332080678165,102.94138954267675,43.47128536184851,447.2255043392134,0.5352881075473076,0
48.684101464987826,116.70059336844544,146.70059336844542,87.01406755696607,1574.2626972352891,60.0,1
45.18282159885707,19.199172599941363,49.19917259994136,83.66127088756326,1032.0916170822175,18.695829482975434,1
40.76804818395476,15.0,45.0,75.65989821141937,1413.7609697395544,10.31482003849632,1
46.469268144128584,15.0,163.05440458940674,79.37604744880898,2510.924770304877,2.0,1
40.88609378332027,184.96964786915981,249.75996185643862,88.25605402392223,1174.0456585786353,2.0,1
42.83452056732176,27.996670125534628,75.1001139649839,78.9630957018637,1834.1262922754236,3.7866895351984438,1
19.911678577667917,3.941254160664756,5.861460218446652,39.841245912943414,887.6852822511928,0.8736215748525632,0
42.553474597813455,77.15753672216107,177.60727301657084,80.5688502036102,1148.6599636402073,17.049468566831735,1
33.2541541856155,20.66697033654405,98.77588086930366,51.890264436124944,555.0883231992739,3.9099638069504064,0
36.31962985306299,45.06617021798004,53.87790057379719,24.83872729399092,1442.143299871604,4.180031740684985,0
27.726242788731433,15.923878274426514,17.8084503241854,25.071775820631505,328.60154230396734,0.48977153775226506,0
27.307518077468252,11.177114922992128,107.31085631308424,32.88893187019045,1375.246801046067,1.338604284350747,0
17.36756438699231,6.487468562604943,34.25993651862813,12.347054977844351,403.47117614107646,2.0244820346744588,0
39.671462883962036,15.0,45.0,64.50870581301965,1336.6726858906056,20.220036110638418,1
12.497954233706537,10.320089622963451,13.629257652376356,30.593221834918804,599.9437182697895,0.5229339212581072,0
8.033778839587121,1.8184126311843247,19.22586804451187,46.03646573588174,242.18458188369982,4.36246328106682,0
12.250134235638495,0.13715233276716482,31.560190299733236,29.100870506973102,599.8979098943976,3.4420656759898876,0
27.910589504334986,12.460573204592734,69.85402527533688,24.625819881150377,700.4306924715129,4.395992178818453,0
12.70594199144848,21.72659936310027,41.93035783752195,68.90686140915646,726.2011873652698,0.42195468664070196,0
28.245823291062564,5.982953854849884,50.32950481111509,13.90132373360386,1408.2715335693092,4.61373075281904,0
12.993553684405272,16.630547325259244,43.410405061032925,73.93051936515656,756.8803828318452,1.4967457230260888,0
34.99326009087085,40.36126915731252,126.08080238322998,51.2661082803857,1118.3044025136928,0.33408063126660664,0
16.601973809397794,12.78782465178348,42.76419668649451,27.846706814951546,1254.9633446133462,1.0788893319610817,0
10.784485319606361,25.785050459073037,41.27210713634906,27.92044702987463,1085.8611300998523,0.5140308177647208,0
46.82099256627524,30.589456260550396,201.35983476751454,65.10189364930352,1965.7475885020522,2.0,1
38.85392157014384,15.0,90.99678054116028,65.70120440408007,1355.5540209650237,10.556335246325988,1
5.0,2.9240598164578415,49.75192521522888,34.97544981522574,1792.7218519193384,1.863972829727963,0
25.551414228598752,4.412086258419957,5.964802805970908,29.5060402758991,200.0,3.2212410480427955,0
33.34817558730414,1.5362577066035812,5.178577868690493,24.697357772197908,200.0,1.3674253792573388,0
50.21382416931914,137.51351867739692,203.43819597628726,85.68619662375303,1890.3565843194904,16.3010941018549,1
26.748098780570576,73.10137965780379,103.10137965780379,68.44038815141738,1490.3197666114872,38.31786798929187,1
13.223157499162452,4.168586293603682,19.278234305619186,77.52903371295268,1814.2574742018883,0.6138143107050941,0
64.79282651866602,213.31831922295825,353.1038904626375,71.33069191584734,629.6496263430074,6.942908840553029,1
21.45549695659587,37.586228264849574,133.2921183091614,51.273188813446446,808.616037786104,0.46487504893735637,0
49.04323655973461,97.88140690544255,158.9590865475786,82.44186847565584,1028.9550744564235,7.327864060715877,1
40.03666034831946,15.0,45.0,86.31405684897955,1284.6016083215366,3.1595560627737678,1
29.274741684500185,13.227095793653532,31.91099126573193,40.270184691988355,1379.71059641821,0.7928369244572658,0
21.050902976469693,8.601712340740706,14.905672602442761,42.448231511279374,1057.6343442021107,3.3006287790317033,0
29.15507351427916,9.538610850603414,16.750640812210285,44.9386967077734,1719.6392679305682,2.3016697160136625,0
18.712431101376076,34.743349055603595,47.45998167155166,43.076808179889944,1954.410450430457,0.06606395767382466,0
5.0,2.3650591112299804,16.264985313668273,37.26207427319283,1076.481372831751,0.6567989186823621,0
27.420837993167655,12.868904895593902,51.318615645707375,30.26974046262084,1049.0565274171922,1.413826887997322,0
59.214038362084096,225.7867863841442,255.7867863841442,52.9538186307476,1373.678815799171,46.81629988513695,1
57.988184375391924,37.317576494005884,93.44910192491619,91.03408450248278,1749.8641300661711,17.791549709931594,1
21.856362430548607,18.195791547007474,75.98017575116782,43.647952159228204,356.89812783610125,2.6572104036944135,0
41.70082836059639,75.24761548198806,299.5879758569207,89.03613550532499,1436.667442821466,8.5961676291824,1
58.43837530939953,89.48550566675993,436.34468714671954,90.95612655859908,1003.4141096619381,16.973368570629198,1
46.54360550293184,15.0,45.0,96.05324653713521,1712.665578918737,21.81800400037477,1
19.470034606862225,3.1886623947573183,53.02988940917027,15.81048549764779,200.0,1.4533829610132023,0
52.22634528654963,34.118710205621035,158.39119450328022,62.99135999934043,1313.378635652765,53.90781250077924,1
18.548682384578782,19.814855419177352,50.24884453177175,58.16643848054183,801.3315591439382,0.26059951922992547,0
38.98555675901441,30.09232705816488,249.97141682200288,97.07777628273173,1222.083428056994,49.232855753379994,1
44.996806953590806,15.0,45.0,76.7496212387018,1256.745692789468,34.07286083699478,1
42.39842012567444,91.33867586056583,121.33867586056583,75.22191903676256,1947.2517989134476,15.467385870494459,1
21.201839070493786,13.980785612085423,42.2288260574261,12.303600924149196,1267.3519698606642,3.4609961620091907,0
34.32922741395553,15.0,54.58967507961068,69.03462558315417,1336.565463169063,4.490982970272005,1
17.510763781204034,7.514998397615195,75.19894696174615,57.24383941917911,200.0,3.4932412955527905,0
11.762352560517629,20.36561495707526,50.40305504474803,30.32695410506741,1144.7260141604436,0.560390913309372,0
5.0,22.760927257413268,67.73702918287566,45.52803568144965,1425.774636148842,1.9483967110220188,0
25.994278974129823,17.4511417554639,27.525354080571006,51.43358113096298,779.8183454039913,0.7548746596090462,0
28.471601616044246,10.60202481634143,21.941910493716755,38.76747911366783,1176.4846993312874,0.467323708485356,0
20.78990872820531,29.76907528932942,84.49639752216714,36.76729842763795,768.4917332258724,1.5914420250619334,0
5.0,5.53909714945681,138.37150219414445,39.286241151993956,1224.1374752855224,0.8965286625543701,0
32.6125667022645,10.83097714753945,19.945754599521667,38.65341051375516,1086.4775549040362,4.372980264215355,0
17.62509756996004,1.0231131540631755,20.773354938955812,30.69099521201737,858.1593077757191,1.6251850169036703,0
8.193728487069276,7.58695123583385,115.98146032898713,19.973166481356596,933.9217415241833,0.26123488723678384,0
50.29161392142842,16.77355355569741,430.34682156027174,79.73222016886575,1672.9528641483087,43.472905811920995,1
39.012485233531145,38.29043233741118,94.52524813067438,48.408239094562724,757.3895397012432,0.5217536201528663,0
37.537881269756674,95.66704015253029,234.3651734840748,70.69081629768884,1295.2095778884461,60.0,1
41.174514671108895,16.833844797489874,113.34053237009257,79.86481840001285,1841.2570046561316,51.092235132591895,1
28.522935785156236,5.741952356712133,85.23327477813994,31.680326617330966,1158.8387967064514,1.6048761421602777,0
49.60460312095803,29.92255268042216,125.66481199249321,62.27417432370117,1883.2544713664474,7.729069288166657,1
36.23321889600325,17.11515011134823,131.00611547963655,66.5364134241987,1815.8548511565386,6.380016670673836,1
42.153771048454686,18.78597328121123,120.39136747947636,82.78921001275393,1576.186680285095,24.23362253632813,1
60.38557082441908,30.538541565722984,67.00425669177518,79.92251108928865,1265.1643750597314,22.05156984065705,1
13.04647605768428,16.967969020276726,21.30459399702817,44.72242343285114,315.9490522538032,0.3865493493146383,0
28.35222145163123,0.022656429894254097,31.186471780739176,11.000112796211226,1129.6249948047123,0.9819449097918005,0
36.37649032799776,15.488506633359085,102.74392428123845,22.366782734504273,869.989768950338,0.9725579237175528,0
14.949183192936587,17.585821456651757,59.946462366988165,48.10205189883522,813.42729399093,1.4676890138268675,0
33.364772610442934,79.00768803468277,579.0076880346828,79.08022918698299,1703.2501525463103,2.0,1
60.72431319360197,21.013473852797997,83.6316403807721,71.30050795817857,1066.8437580995012,19.49576643076477,1
34.520200225272426,94.20083413159162,124.20083413159162,71.13489261234817,1279.6900955924073,8.977635947433992,1
39.44681660357675,47.33824997407646,50.28457769155199,33.637763104597965,521.5998090059106,3.58683892113957,0
10.102506630196087,50.77678368385883,56.93115351118277,36.369589549337206,1137.8869429759302,2.3019513035472245,0
39.904044827649116,15.0,125.77951152838625,86.6753089118343,1292.2660939414752,17.334563527879574,1
32.60118599921833,7.3950167407972485,21.787460642277722,42.849171959633374,399.8186921244438,1.5761737584610924,0
33.95009667695153,46.305339774491486,122.98753341504919,53.90899721713088,503.28831270998944,0.9249938914198009,0
28.76382739975022,12.72551858811531,50.615657128472876,30.06431350925093,895.46164437203,2.136934562916124,0
31.282859402116877,17.84245552306966,26.4048371273141,34.75410702878209,745.7046314973753,3.3271806678250178,0
34.521048689933636,67.32711060992295,147.40034953610808,86.85920623413371,956.9053896273838,31.635096274953575,1
47.11776474972284,19.560639415614432,59.23020999005983,73.10285913145223,1076.094655537586,18.125809559079617,1
8.043437054466875,13.584416036290554,32.33486527639084,35.431350799849,1123.177157114774,0.08609258433707617,0
28.57964539090569,0.7765370427678938,48.58351332611068,35.75892687070373,749.9475013307979,0.011467074464130365,0
19.070698403600655,17.520230871551533,29.729113696866612,51.75270018125556,831.3918182015335,0.252155706129229,0
38.129895887364576,15.151400157298847,119.61397322621134,71.32796496315864,1543.974815915485,2.0,1
13.206176298181557,6.463856668364841,72.25730106414397,17.914311407695134,500.75807588499197,3.0597963939500277,0
25.26905215033921,21.068945312986482,55.81216749344671,41.521771654293765,200.0,1.7003501688303988,0
30.14275753401992,13.80135545518058,31.8704398487181,35.08141501207083,934.9365654527711,5.246425682396663,0
34.67913308493812,0.03084703936329814,20.409083928082666,48.2054992876388,910.5959171490703,1.0571484701441909,0
15.755531808370286,30.792130496829095,85.64943822017084,25.309666294759143,1307.5436976709905,3.2014370603077706,0
46.936782606710736,49.43387794226819,136.44401674802643,90.57469480370457,931.4627403859508,2.8743682607071004,1
43.57492034295716,60.88470094045848,90.88470094045849,86.80049358692136,1097.7772246333639,2.0,1
46.72808078985698,37.19513144037768,129.38656697671237,77.30589918823803,1623.3847511987467,2.670122001182624,1
12.839436983170987,60.81233896750949,64.86935697901514,34.30433388582862,1283.7601841330752,0.8400507262587922,0
53.871551682749676,113.63701090134141,143.6370109013414,57.925892284136374,1433.7535661803806,2.0,1
27.610171400899453,29.76989854443932,50.649328671235025,36.90560049539635,1217.9479762346136,4.0321973187105105,0
5.0,6.373439441062192,15.780344596971686,53.88802441713408,1525.1671653088838,0.20981058628720464,0
26.027968388719124,4.84260888876876,8.252112260146696,44.8606395099431,1236.007968262639,5.779164446151769,0
19.73551789981987,29.504407946737985,31.21850807813442,60.03936341042532,650.7463423196839,4.932871144056017,0
8.919606445910366,0.055266425285918235,34.452633000256306,22.67194761981251,1097.8560562504329,0.7927578688379682,0
16.74803688475102,49.41708794585735,102.1189267209587,25.006590566906574,1224.2325595849716,0.48004869089841595,0
23.293871766000994,5.719910255682089,55.32907943353225,27.84594664593742,337.672708289658,2.191441361179652,0
28.031454526806996,19.73852631394849,85.94583418054464,21.77221865929632,582.6429762050689,1.6329734808539433,0
23.1555446543781,12.568560667905137,92.05890791867668,14.55355982699691,1417.9065952155286,1.245998133454059,0
24.05878837762827,12.590980498419523,49.304506244466694,14.298945755532804,1172.814747096534,0.5417518465332029,0
41.004579345527546,23.27456419537774,183.282803080396,92.66909031883789,1725.7272866538426,26.648036763805568,1
14.295113831096497,1.8879330857124181,60.88220262400231,68.37677085693902,633.4794314119423,1.8188080112359368,0
53.61617220178246,118.76166526088288,148.76166526088286,80.98661473558496,1739.6945852118124,9.372647108518755,1
30.462858082888445,1.5327409928775029,14.269648436340715,48.816813308045084,658.4409098322074,5.046375217738414,0
30.8823609575987,0.7100642961784829,100.43792247178537,60.48516080215448,1182.3226442850666,1.7474250075523885,0
53.83113433696401,94.18119167049156,148.70282613187413,91.4830700483896,679.9712622706645,10.408148962799341,1
20.108863622870764,6.612398183506673,20.24896686526654,35.2994720464526,927.404771459459,6.0,0
16.775575740551457,28.733637833453137,36.826470528776824,23.43407035627549,901.5345168146933,2.1292213423684956,0
20.041485166779715,33.909503968572125,73.38973521992446,59.031706610735434,1296.3362175122131,3.891148733061039,0
54.34211661543481,45.28999075348432,276.0173396951302,79.95112634378376,979.1071423186435,14.441563302616755,1
31.3757290753203,2.922140061739113,20.287025845692515,39.8609223554265,1540.1649168516906,1.07788540994912,0
5.951724040343059,0.36240435868423865,18.44490195986409,42.34650155435483,667.8046884484559,4.373435803631399,0
16.90296046181827,0.10184111274375257,1.0618365768378986,30.737793587412842,692.1625482713653,1.144885049666559,0
56.97994998441239,41.18108337799027,133.08429042746027,82.19546737168241,1606.5157670938186,12.453444565648391,1
40.96348354119036,94.97430215747504,210.55444425069658,76.29079733635223,1365.9572081765507,60.0,1
27.667190919084657,1.3880466546653067,5.870045151481,10.295544434096149,1410.0356319872258,0.8107508728425096,0
44.437881841247794,15.0,111.14031777290128,88.69545544872803,958.2345830049181,7.43911517018453,1
18.34821514336735,24.04297504244464,61.31536995266717,19.840573341482912,452.2430888732003,4.055268916245533,0
44.71473519993369,99.23315297913133,257.4691121508658,84.80135491974842,1323.3412468512258,2.0,1
35.763382744299584,15.0,453.3526690532351,84.96354306400129,1654.9768175140819,42.73592693400001,1
45.17766848770711,55.587852519372646,264.1628131179514,92.11444996855019,875.9412262608975,5.888442479841953,1
30.896326149117215,100.11269422364927,485.4102444453732,91.18552906231862,820.5223698333123,2.0,1
21.553134048863274,2.522554336477899,32.6749498115901,37.88680497058753,721.1601225934196,2.5306326764792924,0
18.29811769520999,10.943766335762568,31.15935351195235,60.42819920047789,1408.2831822333405,0.21063331653540268,0
19.26900648860972,1.3041472528038245,7.471861926225684,61.715947122916226,388.76651538602755,0.6017742742935672,0
23.691630550851663,22.01552910817669,30.650441696910786,40.16702739373109,1018.6403984894479,0.39599727999745216,0
50.08015323162199,21.87082495862229,215.64691050150597,65.39436763797208,1078.7562008504474,20.326812548990816,1
26.59626339716719,15.0,238.32051204978922,82.18214031248988,1532.1035944890652,24.91707530415413,1
20.72316406375265,2.61933651710258,66.58436601467494,46.63745513795533,370.09479684912503,0.10372496638956251,0
27.594373744543756,11.61149917916666,16.617595357104562,47.731776176774964,857.2795397855987,1.7418469565035315,0
25.682265282602547,7.784085551130847,11.485361271740631,41.10832923148669,425.42133973134213,1.6770662158980347,0
26.017293206951155,0.7335118684502188,59.41312337232454,45.72148675527664,836.7704789775478,4.2193265632509105,0
18.17332146367821,3.1350778538257167,6.471921331284559,69.03730661903677,807.4077148233922,0.7038870326451542,0
25.943133366792964,14.716645597642128,131.08494705134774,22.42675237061946,1285.1033045127883,6.0,0
15.522895951154487,1.3242583719143872,47.79986282216186,39.81374587460694,1155.1368168624876,1.283065699327194,0
22.05523370091239,8.709587390574562,15.921138159610969,48.434532955545976,1161.4937452270742,0.5524239105786228,0
24.788792650830562,52.32935883341979,60.731297516474505,16.898638876075644,758.0908895100523,2.773353741650935,0
10.645453159422024,3.1587318498035897,17.041888382771877,71.81167844337587,280.51399305088864,1.0523364557933452,0
14.559710279595329,3.135312596872348,3.4322826081472657,44.431813237970594,1605.3426712046721,1.841674826534262,0
22.150883469769873,8.410188582077826,108.88833157230212,48.056482164243896,512.0634858614517,5.793108052725065,0
46.228598765314885,17.031725186563744,47.03172518656375,85.03975888344237,1753.5275445396119,11.072442049938267,1
41.13769096722117,15.0,45.0,65.92231751031122,1069.2677789343238,18.073429540511377,1
9.419650983058865,22.647995218252756,49.94838360979201,44.13475818543798,1226.705014480271,0.21369172837792222,0
38.24514096944988,8.147675516653516,30.28976809121287,35.57398350594777,1127.7990422694115,0.036636125838734275,0
42.05336460461073,21.18917896461895,78.28083377217305,90.64539762848189,1254.5160633952712,2.0,1
36.435295002126665,26.968290916442246,90.72337305427227,77.18699312797925,1842.699709163983,2.0,1
19.415436720837853,43.388248360143336,148.29213739033116,13.435204098990939,235.94975287034924,4.973275724923714,0
35.39098390036215,23.168007438951324,135.31641615835252,33.13382585852335,754.8942403533406,0.8969966518953931,0
11.469158388663324,1.6970318875173849,114.69700582093101,35.323743289459074,1079.1304387623668,1.5819450154504946,0
61.065093617836254,15.0,116.45305979718341,74.71119545034371,1319.6121352385048,6.269025218294793,1
59.22690502637151,40.45068855665531,498.64698709780873,86.7249276669054,1662.2940975054548,15.06024758763405,1
47.82862598345618,39.88539304066939,86.87691277641852,82.2858095737705,1164.5006464907458,34.29104204532149,1
22.158530171288994,13.20247577440309,14.208210714527716,37.35280030244661,1514.0667210160836,0.0381582705971472,0
48.856417164766526,53.46255151393617,361.97964215295997,58.37995578028718,1276.6292619333365,21.502569616416235,1
42.979598910552504,23.198159777928485,61.577613184457746,38.87354218552596,404.3204147401683,0.13821246904228898,0
37.420531308556356,3.997906041585305,72.20408449646537,58.18637233374125,662.0945582978294,3.0056146201775293,0
33.733154498678374,33.04708122311074,66.5475397244454,74.15752999210333,2057.433693012051,13.109191754495635,1
12.702438279119553,15.655478641425555,152.89630171793183,26.48118073822017,941.9694515563435,2.679368093373377,0
10.17593570859864,9.786891480770356,22.127546342019095,39.46426833969543,200.0,2.4017729243254387,0
51.93464683439625,81.75606693741226,257.0505659146376,78.94276411821747,1857.2809568091106,21.590092685227358,1
26.70690792530275,2.371982237194512,79.71469015933899,37.47213448986954,1186.7837099210694,0.6740105620469321,0
22.678300759417965,9.62341087384951,27.94843288050498,35.57008557084156,714.6635831568735,1.9404505126772482,0
39.99105683811035,22.21595247884234,81.23794735682569,72.37508311009012,800.897297910719,32.288944882960905,1
12.816797663639816,6.817926510135617,68.44781923192963,19.399978363789888,480.3166203823206,2.603562652601483,0
45.44437318817749,63.41045201546262,206.24293702469205,84.83999957085928,1002.5194711736738,55.183611088955075,1
27.44522102881854,20.49911768209451,38.316951936583564,43.31306613221522,1203.1343511428847,2.4771884049744557,0
21.452313896001613,0.410063775551719,32.31576333289444,35.88389444678392,1349.2127941712017,2.162817542233259,0
18.351175895985918,51.35326518681411,61.89657373668007,51.48966039529695,1210.0085749767968,0.5887115118762227,0
49.54877667259972,51.36681555665393,81.36681555665393,98.277786979478,1751.4344577883826,51.36507747854471,1
46.043211237425794,40.6361974171328,87.08100266445204,74.16763092266451,1350.2579790909758,41.25376523058047,1
23.748758502981175,7.50058316622545,24.112560964564985,58.09696588815812,993.5514790818157,3.7190468701489916,0
25.220790896535092,43.733790018253345,49.64951676236634,26.083839900085444,695.3743941316332,0.8771081946371665,0
24.2312669504986,1.354181085685103,51.102824565501756,33.33141294264189,1812.4419660632345,4.7468529320939545,0
47.707420021855484,15.0,191.73859267536898,87.77160945745611,1088.2979835973656,29.16663655324956,1
34.29814386124795,28.931937323150724,71.71539221868541,91.92363831129343,947.7893234784138,21.86675701972337,1
41.179095180712324,174.09248037046123,204.09248037046123,74.48158420587025,1443.5818038822056,2.0,1
16.487940833909267,8.289556109583648,13.669014287457795,16.150245888855416,667.3238799593632,1.644500847514352,0
16.4366531453903,13.566501489471802,15.247814534692843,18.386873932749054,1229.447942794095,0.6847224969002904,0
26.192682282340204,1.5992805567276782,54.84044359480729,11.867889633864314,423.767436540138,6.0,0
11.032024852246945,8.68474185239186,50.3558257780608,33.46012182667615,200.0,0.09368233882780602,0
12.190657766846341,2.0737420439451864,34.110065005956464,24.837390416382902,1184.5457742997457,2.1456155262745655,0
19.989571874570974,9.059764609897776,49.59694796672731,52.061019054302704,1810.0060002986224,2.5289937909517235,0
51.30715154893055,25.889339759546214,240.69059252405054,80.61342890302518,909.4541240399077,2.534108256059279,1
39.964088780726584,15.0,171.67101369110034,69.43112453827128,1411.9195682362204,5.207105925535612,1
45.57439603993072,41.23241667494892,85.69143101546486,78.6087840660073,1281.7837265003695,60.0,1
43.07859420959496,15.0,69.47505198976287,33.74518062623853,1464.7700475653692,25.68491253364341,1
52.95718881643199,46.361432617368976,76.36143261736898,88.49309534472141,914.4467351119761,13.113236064591332,1
28.835040893796197,20.564280112865987,56.20568236129308,43.48171208653321,694.6141744219699,2.5771460547763847,0
19.16084383535308,47.00749137601896,62.696280380560694,15.905411306304337,948.4465036665713,0.015862100972057674,0
36.293441825146,120.77544911849478,208.53565608236607,94.30317155872214,1587.7935700834425,28.416305537517495,1
48.11066183228544,300.0,432.1374688388272,79.92417475648608,866.6235041662225,21.898452595926766,1
46.291783903684475,153.96745121690114,434.06392723514955,90.02441754244842,1533.766468789609,8.489775618451635,1
25.210799896278257,5.841587944756336,11.958495857445273,40.74609040345531,858.7968910549797,6.0,0
19.307579270898778,10.019282819349524,25.379361224137128,25.82209829838173,1029.0561959552883,1.5837311116203319,0
19.493395913518768,9.407749128539658,38.69952755349685,14.15333084411616,1148.6834670040334,2.4854551232048756,0
26.040875384376818,59.313166435809265,65.10528081016118,46.36012771953168,1098.4680166483713,0.6361148257321623,0
19.41604683311943,14.631988889857272,164.63198888985727,46.66495978161641,412.7024961502848,1.0813112103169926,0
31.828960899174987,5.011156384350802,21.685611810904703,43.65419819501316,1374.002513617493,0.8228998399907723,0
18.914457170166393,12.955379279408392,19.924058935883487,29.28717107566156,1090.4213852405364,0.5651560298342705,0
56.33592326424986,180.95870253242367,235.51386356769333,70.45765882117608,1436.0662750955598,9.2392938070425,1
40.348508389662925,54.214028175080045,84.21402817508005,84.48249608579414,1808.474937451501,40.607875046190166,1
19.505755201485883,4.737341392261301,19.595715760714256,39.76540013613092,800.198450390202,5.758004453702503,0
6.420927092437207,17.533875991765566,45.708064658003536,45.95827302650689,345.5526950500307,3.037518149211389,0
23.18090135515716,19.006929466137702,95.96896451042069,19.399050205160965,834.9346752444609,0.7971392315516819,0
26.435467371041582,37.630792401833496,46.3537397330889,56.66055556202895,1017.73691409475,2.5470114070859013,0
22.43752943090878,1.8452024844303225,70.23142385122836,19.363036055047658,1006.6792153697905,2.5143444417995675,0
21.822572949831,1.4951188883484585,28.892136088644577,36.06962153103389,344.3082299637207,0.5862572345787225,0
5.0,14.503312005864744,97.92781099916535,67.14793613299719,1759.9535605002143,2.64422930941748,0
51.20254247487897,83.75200026289826,182.7413948130638,81.32004205359274,1555.6201275649314,5.571104213325148,1
33.676634619687135,140.3896498883473,311.38227282042044,89.3807226276607,1384.9856186013249,10.707089152154364,1
16.526117136159968,0.5191690280089366,31.730976126748388,49.66364389048591,875.0686709539252,0.9975698849994465,0
27.24841252575304,25.539867515764122,59.96283095449792,71.89391550721152,1191.3467049592437,0.18740031941861285,0
43.84023726776445,59.89179115367017,337.84000019261555,80.13796098718547,764.3447814887764,15.957774554511547,1
37.46320526772484,0.3908703754296479,50.703382357517604,68.48414060342213,638.04166535669,3.8984627429389924,0
53.423948696757705,51.81319260183625,81.81319260183625,77.3202334233244,1212.910579153564,6.415538677832058,1
27.986790640736384,7.964584754723795,34.38877366135687,40.416598121388475,1289.9082408406102,1.0590708778608522,0
21.601118673847434,43.696464571578346,80.96873351257966,13.190372838223698,1096.8260333097342,0.9962883634963411,0
20.605157284310923,32.77580472272054,40.272704011084,71.8337687663435,1048.3914718694994,0.22744179084065433,0
29.416553747095463,3.1067963192933994,114.16929667701348,66.30352428219283,950.8497321773484,0.7685099030685626,0
57.530501971521225,85.53961256169053,250.95179010710768,56.49924262962445,1735.6848420459755,14.004945304410056,1
40.436593092941166,34.852134623650294,46.33047505867086,45.34029193908911,200.0,6.0,0
13.71953473890881,16.187398651631383,42.74929371055988,38.79863310211803,1447.645550505648,0.09890538001218763,0
51.20816661956278,48.02841331085375,446.0932661568347,80.933534442925,1306.8383914080084,10.274036274433865,1
56.82252429540911,89.75313341865353,133.93113805884056,86.55630370662745,771.9067259896497,2.0,1
44.39469625185794,20.13219036482911,58.37876182635934,50.70490937885419,1054.1654781730942,0.9259018575624495,0
54.02331760323624,161.5752728493162,191.5752728493162,81.69847964888555,1530.3302400155617,23.345303211619033,1
19.775137396073227,12.437297428495516,21.81829607655007,16.68938814992183,1345.2662450821117,0.5299756096474179,0
44.13737482614072,46.784583801264894,83.05402243955037,83.69496264462259,1286.5534956845734,13.501446124610265,1
40.881106539516985,137.02411361297663,279.7946471696562,82.30669266028636,1484.4318754727828,2.0,1
11.445474254053657,10.85854340394534,42.51608477228891,37.34617830040575,624.0313433226402,4.393174283620286,0
44.61006376862046,10.225353701527263,11.048894270235252,47.3338549236857,758.146402613803,0.6052774576188021,0
49.951112471605455,37.41552024800376,67.41552024800376,77.12976573200888,1490.2580483881386,2.0,1
25.56822650937578,2.272779323477524,34.21170915032611,45.959192088239185,265.4699490282279,0.5610526266817223,0
38.327733167125906,18.610909978234503,48.6109099782345,88.2439273054738,1563.4007334558753,9.304007843861916,1
44.57041445440107,44.30248241161304,74.30248241161304,64.19508534848141,1447.677460148798,24.366378180271138,1
31.463443607212472,44.02495603929153,194.02495603929154,40.8424344264544,838.1123886163714,0.768380712999319,0
24.856717419173968,37.85668992984285,76.81116678275131,42.21954421657317,669.3468411919955,0.40132880544109684,0
18.701008203551666,5.860328197425707,50.48063216719049,20.347424410816625,510.41056013204957,3.382637849739953,0
5.0,23.912738704472076,91.68671215484426,49.91601227126415,1160.663569787156,0.15193954882471186,0
38.0656823626486,92.50226552148163,122.50226552148163,94.70921906984583,2012.2035374096502,3.2657179209803493,1
43.78901637086438,105.43227739028806,166.46248867853376,66.86779984584604,831.8762191316305,10.89942503054617,1
11.368828381631559,25.84668689386771,84.51217279417175,26.157483871753413,1008.6215413922806,2.2554725490111047,0
46.23249208809077,15.0,112.73231495652134,88.38069157564692,1338.2225401216533,22.66736023408483,1
5.0,10.51559969516194,43.068618396940984,55.8899378227943,200.0,2.1990705125341767,0
42.087575913765086,88.99038538904294,388.6695385496386,85.56499938972843,1876.810138922332,2.711688522921919,1
15.305114102202735,16.235903088424248,34.92217100828776,41.025840210777034,200.0,0.36612993602445176,0
46.05746304161698,98.18885127911162,188.72675252533293,55.08786752321101,1590.541404756114,39.715492181909816,1
28.97130430563654,5.9471013045954155,29.482559331481575,8.130432830028019,527.8628965539086,0.5719393896078218,0
34.585948170545386,13.415420278005163,17.186375905259943,23.196572330169573,1124.7785099442622,1.0463340166703736,0
19.1728108975029,25.49760315855116,40.36926993123046,46.79403960063966,1105.9391323132943,1.720875514387322,0
28.50259354207702,4.287174827168439,76.06341564297679,49.746828644039475,409.7886485375721,0.8604661800566008,0
19.0635445647509,14.456614907079775,54.56232720673552,47.57462433948495,596.2642183134293,2.596326528790407,0
41.83429504035445,64.9198426062949,327.8012634196705,69.39590272616229,1213.7948266935068,4.4662222478293545,1
22.38035220790514,5.378273066736076,41.96176203242943,41.817974099357784,1046.446771307949,4.831387589159619,0
27.459777066727007,15.0,70.20142761674992,77.70055128544293,840.5121939013295,60.0,1
15.778708178212927,4.373912104912133,69.70087229192087,43.391224684809856,808.6309708312373,0.5345066761117478,0
57.62709462998458,66.59880056310578,96.59880056310578,95.13951350792625,1077.540344712432,28.02622227333229,1
40.12188376446103,71.69995908236847,101.69995908236847,53.05846738519161,1826.3253421545685,56.98646924491737,1
50.72952958431911,91.8716401221507,135.88040823300102,49.99139064070301,1837.352626076782,11.186344673018294,1
22.252553294759103,17.51906371021087,26.74555946428075,48.2834968904421,696.100450518879,1.026512774217832,0
49.46807108431132,147.69871455116837,211.37457151894847,54.451634925339306,1553.4245486556504,24.11554180219646,1
20.546001006369387,7.517722604353134,35.209721575128476,22.653244574726415,1014.7307293527248,6.0,0
47.80917718983605,15.0,95.19505588785282,61.24511181360326,2081.193483719235,2.0,1
11.183895018324614,4.337331921293009,33.1186980445182,34.51651142661921,1273.8380687589693,1.2510351540454658,0
10.171356242253545,12.617426001147336,30.970406008365458,33.24507876242508,1433.580494739901,0.7346322980164,0
6.419790092774255,3.050672549196769,22.10392785302039,63.48035793858718,858.8968798346077,0.0780001946178655,0
26.95215532910509,8.976515390712654,15.182828990594187,54.063148024020244,895.798000732272,4.027955959440765,0
49.5885312334634,98.76705193652846,417.89802797723127,76.36454693460125,1195.9062857431013,14.565050474541682,1
17.740538258105445,10.286633186381893,13.456520994586374,49.28477632275873,1432.2490278338255,4.525925175244864,0
44.77362883066625,19.089279284581533,314.64019584200463,81.02281404224354,633.8613290023213,5.132513625144085,1
11.883645832611766,2.969942585313203,142.090484861628,28.358577542130824,1701.5089509583772,2.439916481651983,0
13.166323226836727,1.3512205223198313,8.769970613637811,19.361549430812023,549.4046101989102,1.1200745670125467,0
28.893106837111937,12.865981281855785,40.448718825501615,34.9334691837142,1685.9814280893602,2.314618682196654,0
39.072347227631326,5.576308296584266,58.679110456174804,49.749765456155146,1618.064224998042,2.5139492524704172,0
39.7452922220828,99.80050849849111,269.9003226192397,86.44037833321985,884.2204212027806,4.526623859392909,1
35.056730929314305,17.321119265793143,135.29902451868753,16.373506435423344,1219.2372356220121,1.762395047611782,0
32.94036081688766,112.99003656936233,142.99003656936233,82.34204837421872,1139.8925734159134,6.365418465334507,1
37.133566309682614,60.379162535981635,90.37916253598164,85.91465730560164,1083.4164324719065,2.0,1
32.11084739561771,13.65125245488707,60.6287344591552,44.700176667872945,624.8625185721007,4.195408671390235,0
22.625869259558023,22.813044685971025,42.47324186836502,29.912256654777003,668.673760396993,1.8445080799763345,0
46.264001183471215,18.181447580246832,181.4725387574312,82.95840426805238,1394.6409299324096,49.11910706502241,1
44.338213806853915,17.913209991172433,47.91320999117244,71.74474993087033,1330.4575300298807,3.384049231352268,1
43.557366676964,40.794041480468195,147.50618856683852,78.29879551752856,1895.0461968120271,21.66509835969733,1
14.771226377628702,1.7095017654130604,23.952582726035317,36.99431371138881,1055.9991957691939,4.620508396231755,0
13.735709328860448,30.888839231905113,105.67187610959266,43.366772613553024,1459.8804813329753,2.003476441419244,0
61.83427867592275,264.7653349821098,381.2352165206556,86.31658778115066,1719.1441001367243,13.882550874124846,1
34.00260756915747,15.736813356638823,55.61000675706883,21.884611560884064,200.0,0.6387326293059432,0
33.18062550926173,53.70895563267895,95.13886500141867,53.923450273034554,821.7810301216102,1.9333570825212092,0
55.028643004694274,34.37046205008369,64.37046205008369,95.6074870911427,518.2968926205317,2.0,1
34.69850604780451,139.55639464120333,206.0321614313573,92.62215648688726,1766.9295012420534,14.341990455441358,1
50.84310878159889,78.27009002672105,188.48709545840137,74.13912180063214,1407.45451532762,23.984060870907577,1
15.189327172873424,5.404101210044325,27.36091919143984,54.22871499007851,663.1013719216126,0.6845233420623349,0
16.54881969796595,8.671471780673388,58.742464758473616,17.236381702749703,447.0943370066782,1.0022324439522714,0
24.80768881811219,6.418049173613943,61.5031833797679,5.345009564548347,1333.5129106972245,2.0194391342059075,0
12.799997165556206,37.139861508344616,41.27947253460041,34.522075628252736,740.2181542455745,0.8298576046032086,0
36.408272910508785,38.926446404763155,55.701948917584254,41.80300041174899,1762.614590291247,0.9647347635755031,0
47.90855162127016,19.903369916306108,64.80720960317558,55.80146361927435,1416.1821553976645,46.700389984855164,1
37.216792745037814,150.85504958378831,205.1722877263204,87.46975334265949,1191.450777033759,2.1435915329207216,1
18.726719041030613,7.184291384417328,48.32449334772003,42.334563187149996,1174.6602964511608,2.267385938187366,0
24.90787313822803,26.43092451717721,124.88225051175974,47.24137590683647,298.9630608445925,1.661557370230399,0
11.99957512730389,1.8241573506595667,6.4200162521259205,51.80925144209796,886.0357302280823,3.7013215110531412,0
5.0,17.41651874565847,33.255821272205345,53.281560923152085,1272.7757350886661,0.4047109017878422,0
43.129970008059026,82.39688339489167,198.38290722223766,90.44888444049415,1814.0888633557727,2.9397417202235268,1
13.280512912214213,1.0952737749040946,34.11751309698003,17.74513186648115,535.3514217972427,4.240718985788797,0
28.649162437905343,37.5084350141329,68.61448328432189,24.463348161132952,1299.3870804511323,0.7113772704777185,0
14.164493056032091,3.0643978444653333,57.644233184113084,19.61544533345583,1805.4917621704517,0.3192425737411947,0
39.634750835757494,62.9196170806523,126.58027556627471,77.55103437780649,1631.9180405599693,2.0,1
13.735497288424511,8.572146398096978,45.009440402050735,53.5433860244333,576.2964684236397,5.725907201690223,0
15.26629361220929,11.626839103453053,32.87399936428381,34.634996630414875,1120.9363302627255,0.4281940859608719,0
5.0,10.139663460259301,11.002857953177267,54.1262752708765,1457.183214984319,1.914987620170841,0
23.912239458702103,20.02907952190509,73.00283240272654,16.576326123259545,998.5262552754633,2.972329776098541,0
51.112247073812156,66.18119486103082,231.1768034930156,83.84737402591436,1724.1480474126815,15.60470164743059,1
20.276645621351648,18.379540922148657,31.74487302644959,14.460095496277987,959.3605213674987,0.0687440560111286,0
8.605544162497477,32.54275536663472,36.09572261678917,53.8184957963909,1772.1208877022455,1.3701790718712705,0
36.54210929825824,129.5499998419143,165.49773278180513,64.13701781773065,1954.878813753305,7.994610983647943,1
24.67122389508329,10.656587298799488,14.230403933399073,51.25366000842768,1005.4407273406836,1.2429718064991597,0
16.155651247741467,0.9901683178559582,26.058403018360654,49.84424731892027,1708.1503360625588,2.699272291378235,0
31.880118658594668,7.257635339477509,42.58599855530852,38.28367869444505,1148.6878881896773,2.634772331308031,0
45.202456068417845,26.364024035418524,56.364024035418524,98.81852298631009,1343.4510517334,12.351430141850939,1
44.40268784432081,32.22156002331473,117.21365978344426,79.39490153935508,1188.7376485088892,26.708087678808063,1
5.933104013192228,21.749999309236042,105.93824541012111,22.77292055687633,1190.3170991660606,2.319028096310268,0
38.46862932036353,76.95101679991204,394.9789116266293,82.98827812914672,1799.5840852244246,37.35429906097874,1
23.084302434430004,35.136703680560345,87.64858428741503,27.698149760199296,552.1994897985069,0.1734752070396091,0
49.70452609966823,15.0,292.7939325812587,88.8465692599807,1337.1193024470736,7.068896391487395,1
26.066695980765562,2.2895624588850363,18.111591718351413,45.3732507711378,596.2422660094202,1.3650921079915839,0
18.06979618592679,7.604404772936386,37.12183155109522,31.17010123574599,1507.7549214809114,0.1333522056314241,0
13.193754374721708,14.009462117054998,22.948177604213907,51.26822088576869,200.0,1.9592780958185947,0
40.92351812628597,47.76960061564129,293.575823416235,78.58136616923528,1563.3716640998541,2.0,1
14.460582547067306,8.693395290373335,17.56178920555689,69.18497485470036,712.6375464164573,3.174877897920516,0
10.833232202951956,80.0,214.87143081977226,61.85062830495922,1309.443519951402,1.0851736675825008,0
5.0,14.0305955322266,21.61369273465288,31.760324962866765,925.5933288547989,2.732265204515265,0
19.676371850924713,5.519386283596777,10.764181943010279,34.680166327876066,1355.342790551992,1.6671173397781494,0
16.964121658621245,16.929622833113307,52.41531548167109,17.727765385126162,623.2811414899147,2.548285892072923,0
41.02084154314251,276.5946318594048,306.5946318594048,63.90619268758317,888.1426633268104,14.338853580287417,1
30.338759738909282,22.608470228627226,52.608470228627226,89.09733755059439,1770.8351859307954,2.0,1
25.166610187107022,46.95795884341589,54.43649993198976,34.87194146236213,435.1687114323069,1.2003068114483124,0
26.30385279265779,23.256350071061153,100.22858882501698,18.412910304178908,200.0,6.0,0
36.04131369692305,13.690045116499741,90.21884050055999,32.086423999778354,1045.905849904065,1.4350913304640815,0
46.623313988977046,49.74588181884238,104.44171597555729,84.68581175998274,1945.3154453776938,32.294059675385476,1
12.207781162338732,6.279488082775604,70.85824207205917,29.85537039894348,200.0,2.48555439133964,0
11.556570020050948,2.9972426969273203,29.81131044776214,16.330925549568907,714.6087722570567,5.1349050852705735,0
32.48856562607491,21.619946958009436,35.86500644604281,26.609057978206142,1520.8699228560522,0.7787518223457648,0
21.095769676646217,12.297622046175334,13.690601927216052,19.98233897320084,607.814266079761,1.3334387027890973,0
26.344837071683553,13.376392051249443,25.183241233473737,25.81025891658787,1211.4111840437704,0.5477783472198507,0
19.769989052770377,4.339263612511857,21.948790644676084,24.3596273126146,1044.8220364234587,0.7789348507157116,0
20.305369097576484,3.9161786751308707,106.94103866317396,13.180933751763845,270.63196727795537,1.6832671406130677,0
25.307894455386815,6.402506880026613,23.433659701316166,12.060406030352691,568.8039652556802,1.98449289140942,0
36.87453954293091,165.13471931653598,270.5381405238353,57.25499807887734,2019.0319330742973,13.660882970877857,1
25.558221184944117,19.22124032006211,35.97804421169032,70.58029110702024,1209.357040324706,0.3172128111280875,0
35.61057507336774,80.0,84.12784504829945,33.59682459562377,463.17979597696683,6.0,0
20.09738146421884,7.678579495166978,35.72672180644503,51.795281669245895,1121.721104196672,0.6817395992213658,0
40.23555107043427,19.1236077197464,46.791266334719154,9.764615224113692,960.933988289838,2.8822835605205284,0
12.908958084667656,20.092241068212626,31.014948933500943,66.17317514758376,580.768994063953,0.02327155136854487,0
16.190646819222632,18.485115797858036,48.39745484385877,19.756024626298014,633.5121523290829,2.198320002414418,0
28.19632694466203,15.0,238.5236361798315,92.43872931602999,551.0141017582821,11.3510581555738,1
18.828126393381623,31.665116325904986,41.35199442315677,71.34578426752516,397.8198089171018,1.3564666565358494,0
21.46864994403077,12.222208025307287,67.99533326667662,26.802262270254857,1265.5298633507175,2.6981262654451474,0
19.193962750251153,38.49070070651304,45.91151578125013,37.11182401465396,497.39136268440126,0.6486879146009809,0
32.353275065399124,4.414460393333286,5.890163548119795,37.9520586368021,1476.6678073569042,0.8019056895713093,0
14.09217366907977,9.817575049284354,38.31053969371981,31.908749823057452,726.1362388684171,0.9290776850426755,0
13.088931153640793,5.278123848303115,8.002477754876246,43.960406364018525,504.91917206516365,0.4663974278498271,0
19.108654925914184,9.906375303082116,56.81655430474618,41.62966414498425,1113.1452835011726,0.9897585093547698,0
18.51552532419162,53.749548987477354,70.32786183286998,57.980833324414505,713.7771434112733,2.2811828691589042,0
43.568752543969985,4.774701230397254,36.25622827013953,18.443113320093662,1110.6229753927025,0.019791511974307844,0
38.38583632057008,17.73561395549294,32.36816883974877,27.79881999983229,1368.8148686847924,3.061063628601857,0
23.705217561780465,26.674209550537,41.09049581196027,25.629598035265637,993.2036610024861,0.8272600297279782,0
31.460107481750725,1.3213518850576058,20.812188102834252,12.752017310690004,551.5702173333676,0.06504466173745413,0
37.95739727991554,40.05311286305877,70.05311286305877,75.37815885134877,702.5314367725633,3.6486545994193835,1
29.158676568273727,4.516541253049231,17.904282157682328,28.14292798854039,936.9587698426398,0.35648720292949854,0
40.44363717042088,75.23491040280058,333.7607646564352,70.42792951375245,1232.8877982967902,60.0,1
51.53635981872261,30.506977772404785,64.36403723880893,83.41727306367252,831.1776763788631,54.22954966787675,1
29.16351634677894,130.26663671839142,331.26499190812865,87.61690141018772,1001.0652377118163,2.0,1
30.260904465013027,4.1035413055407,83.74540425172094,51.665061824707806,2018.8105621990371,1.486194781878915,0
29.548072180639377,16.544316113145342,18.851940395219053,53.90331662014935,1888.408381313177,0.21421398972514483,0
14.500794981796322,2.176346931019005,67.11663775833063,34.78629983903818,313.1728460705059,1.4109133455043896,0
32.417618263144945,46.24699318628958,354.00749645696766,50.63298248142989,1317.2667723499992,2.0,1
29.888998722036654,13.614085168191291,104.95748271422384,27.662852722191637,1467.3586127939643,1.2875142993054056,0
5.0,23.488016122813224,92.91577739376272,39.442327755170815,1409.7138186317661,2.8134837479185664,0
31.916883119914175,35.02825202634988,250.5885995051294,66.7136998155193,1407.0088928699188,4.789853711289322,1
16.38654607808415,11.36616175024991,31.452428508149644,36.99201908038847,1203.1696558447475,0.38208225438767135,0
17.477916018358535,31.598227280896502,82.62008607947675,40.07422454345506,627.0130473657257,1.6774098993104445,0
31.712599069844497,1.9288379257170072,87.21625298203243,78.88268413537057,261.8021861923696,2.041840278111633,0
22.707192083836674,11.290178046703375,58.3470253345594,21.132093216491068,587.8186366375801,1.86534014980384,0
22.941965224835847,1.7804207879444345,53.161870716316905,25.547133863025547,1177.5016718273178,0.1130659237642616,0
32.07325435794817,0.8602799165094603,30.446207413526608,30.01541383859308,861.3654285974799,1.607227996726814,0
41.90797376637358,91.08399130465152,129.05767216098013,86.57126603097298,1272.925944466358,20.930757616225414,1
29.30583790398506,30.67231856716598,30.999724144250106,71.18675530751096,1387.4270489406335,3.574618664905516,0
39.1741162732579,15.0,164.91698003585853,75.02380440233999,1386.472447012747,21.554214143836163,1
41.34640585561907,46.95383786655442,76.95383786655442,68.08525178543752,1598.499965566471,37.94406779090753,1
21.18042698776179,7.553623162656636,10.452917616841052,17.139676010062963,1065.9817069213984,0.034409086768103704,0
37.79873194375923,182.58097533633017,223.7247710960037,75.05741051143946,1603.0006006223327,9.768586747418297,1
5.0,11.738948844547092,23.58001347994002,36.36878009667941,929.4441375525305,2.0277225156846983,0
28.20306594071964,23.84854298031542,47.031805599644,35.72854293278884,753.9463100168032,2.047716131132428,0
49.79831006213483,125.63333007021575,345.91637580250176,78.86613353195983,1484.700091504806,3.3750769854148017,1
56.05578511081579,142.83398896721795,181.98998704392625,71.79788924690482,1643.1409915599386,8.112697331026284,1
20.431339142817247,9.73437422538723,24.833054421656705,31.529105082918125,744.4942200368471,0.3712823297498384,0
18.228384411270476,22.954000647755972,103.57675964277179,32.877743179000326,1614.218376704598,0.828590332182404,0
21.86784811109386,2.1592997504070026,4.83361757407579,38.28428616873915,933.3248030359265,0.5817281054156297,0
42.812950421746784,20.8703065654565,339.17714072435354,88.29639898652715,1417.6412870622946,2.214249983854405,1
17.665265119352856,9.551810850338015,20.822382641757134,33.10110334383119,1256.116683084854,1.3535162824034987,0
26.107638171400392,10.737669366256418,23.685599038062662,39.82125123984882,721.3436574911715,1.413949336390438,0
55.1167312645169,15.0,303.67855907641086,67.84231882848599,755.1370904455855,60.0,1
19.070554350620686,32.7142956447971,36.890023440628894,28.230954964314382,1626.1008144892778,0.9497011419511339,0
5.0,21.67131265267052,171.6713126526705,44.669269684316916,1458.5898517542093,3.0405968631688123,0
50.12056820452635,15.0,113.73315301066906,90.3414746242855,1517.7080235284443,2.4506280599640995,1
12.444912773044479,39.927846478266765,54.76394517871013,52.944763391739066,1006.3477490795034,5.195876197567123,0
25.08492136053304,17.385057399429396,42.96038955860783,56.40973141290391,499.31809811333784,0.972475613735316,0
52.657891848146136,29.774186524845287,65.99424799876856,87.22620436401945,955.3411544303231,2.0,1
32.930900849573,140.4868150046524,472.2137358713395,87.8444705931831,1742.4522318658292,6.591681669745087,1
45.0,26.110637369116112,128.59755266460004,38.329782981150764,1394.0648971184025,0.07648457358309323,0
32.589859185422874,37.67939315482808,124.82366431135813,78.50948064744325,1257.51696272377,2.0,1
36.31024134236428,1.0516363066152206,34.38459809344499,42.551095835095175,926.0746787634454,0.3520029397379207,0
53.94118849821418,78.1874003648717,115.25382315256468,86.40671427634962,1256.075784842839,29.026708516252675,1
32.317977143267434,10.297410289271324,59.82293101425699,17.970474069258806,803.7145833325502,0.8869422091002183,0
14.661119038342704,62.254249757021164,76.39463222916767,42.27701193935991,375.5310851482021,0.13677790418521313,0
51.27884004905097,15.0,45.0,80.95607851766893,1424.3288654886142,2.0,1
20.973351160316664,13.74047610064837,103.04872482992708,64.46618848165699,1006.8451432835888,4.376919148497047,0
31.15510427075554,6.882999010870141,62.71091359043238,43.92627118777838,508.74665377642276,2.463597405578799,0
28.987669844509394,18.112650829659405,23.033397554537608,30.41833905709006,1048.148643808692,1.9763103576077135,0
24.104337153315967,15.362742176864083,35.48080640160512,58.75588540235083,1748.200810485244,5.870545379979561,0
47.38711920485867,199.78555782044032,254.59765016876352,81.37583440225576,989.2206598962941,14.235258752839352,1
5.0,4.441002022792388,8.008327000002637,41.11026306420781,618.2075415958328,1.0171753888370023,0
17.735158610877193,16.116435023419882,25.510368991373106,25.117635311920054,1363.5880739751444,3.404938344836552,0
44.829716018938356,106.48154064507833,184.51069411723512,97.79617654946763,1380.7362734676233,39.286632539002525,1
42.73355221436494,203.48991604012193,233.48991604012193,92.8477094552527,2049.949653996284,6.576369575603388,1
46.50631629254218,72.61603715205432,304.0303849645948,74.740869928143,1414.3896808634947,7.669087942424695,1
29.158879411027982,4.400417036328605,29.757642596199727,37.07438844526186,424.28643268412725,1.9294997626108987,0
44.66708362105942,33.4682698142468,63.4682698142468,83.19636490506676,2103.856575411304,13.556677016082965,1
36.90415237316836,1.5554897269149757,96.93491940400335,48.04710110907339,1284.9308576572482,4.260061701296713,0
35.47082704773557,17.837244702861096,94.15932662008011,33.95514920851847,1513.369660223786,0.33315563232081763,0
21.188987175884858,35.36974633381169,112.20828135768093,42.510334914274154,1058.4843853233183,3.0454714514093966,0
36.76501844531977,9.4411478613963,63.04774507482041,53.13097284115603,1041.369476397017,0.7161640561082,0
18.807920434625668,9.53034021286557,91.24905845482122,28.035460724454197,534.399332255754,0.41187695292812054,0
45.587855756911715,17.86818083322256,54.22539799496598,67.22246754110907,1157.7400898559104,26.52383692212507,1
21.561599610902377,22.404071902196684,52.492825965546075,70.57160046733199,1174.5620642299361,0.07592299557047463,0
45.39557060154766,24.809756739409305,61.24851620492612,87.29083496191441,1101.542154477189,7.575221341445257,1
28.120816425665137,0.7588172653424794,31.455951090301234,51.30779784902414,1434.1546675684715,1.1400165943436444,0
12.945732828828902,10.678873926460701,36.303145028862886,44.07420832400557,1482.7524023621795,2.036007826980419,0
41.15251756457147,88.55152938452733,433.156278606064,67.81449428612254,2087.1438181672384,4.905982430290923,1
19.90344856829135,2.981198538968473,35.88339166134024,7.493860213522484,611.6750820964701,2.3209625144801107,0
30.280299149557617,150.53467512451053,281.25483270209327,65.0805371670866,2027.2896234448135,12.774597479565614,1
61.238771546075775,15.0,106.87118766884406,72.8335825524579,312.25612015672505,2.0,1
42.99695358888704,15.0,85.1229705760717,80.19184874630568,1949.5508156095116,32.83450844906956,1
33.8718930459237,25.793966667352038,63.67626759493409,63.02172789223274,1239.3741910528615,3.2460013447788834,0
11.782368708153706,11.666096638245609,97.04422740863214,51.005382938002654,632.1952527547403,0.651575101610366,0
45.61738263033521,20.946201322474995,50.94620132247499,80.5721956661752,1282.3978150680762,19.48579643719197,1
29.440011717272125,5.421523533936005,36.48056105918614,34.66532935013915,1308.2588468627036,1.3885045830418947,0
53.34240595793824,80.8571592311063,110.8571592311063,74.42203101405161,1461.400331039593,4.170378909581605,1
27.47139110215145,78.89589517713833,108.89589517713833,81.26283694005275,1015.0979137579088,22.623114668607347,1
55.258705983687506,104.82865819472082,134.82865819472082,73.70427243141569,1462.511825694464,27.33566994118633,1
8.594597229542954,8.19689046681901,45.46535110906008,43.05920197736573,1105.6604674620603,6.0,0
27.470025706829958,3.5071784323165818,8.463097339068058,26.527588169506338,1191.811384493789,6.0,0
17.51010179783672,33.523319242331326,49.03867718069353,74.78542411374708,928.0275885563086,3.355260493565628,0
49.27867970807853,153.44318887721212,337.8398735578513,86.63550994949617,1046.5398979240244,7.834243011893444,1
9.328926077905246,12.061785438966297,60.587925637413555,29.008321023632792,866.563332838529,3.5125757139974474,0
19.59217607109062,24.607685693272455,51.61346494612266,50.59829907841077,200.0,6.0,0
18.90797334375616,6.638458563082984,96.58510781855828,37.77193168170604,969.589893631592,0.7395979594124089,0
13.725400649149606,51.89793859954129,58.09141757149773,31.46462026840018,1348.8111656358055,4.5132443012612775,0
28.187340255324003,51.119168449085855,53.899798811706475,50.06085187360312,664.2647410731046,1.9061039488580023,0
37.82937116210158,63.88523425150378,178.8240092142953,76.95165530726065,1517.2944667988306,60.0,1
10.925639558940205,70.49172892176061,128.17539927479282,44.52902845905954,1446.1386882083275,1.791317155550748,0
33.38316544685229,78.67675793951376,266.33535459389225,75.82313766111047,1161.117096187108,5.927267306595039,1
21.30604242543402,1.4552966995709122,62.966618927913466,47.20084227463113,705.7918180535303,1.2088445033193025,0
20.270031594077377,6.004483946566491,19.109914991155676,37.816868931178185,1179.3036211920385,0.10114764815313003,0
10.673591026044326,20.60102885976639,47.41044376936172,22.39574195838828,224.92787393117828,2.5393450505323205,0
32.025134445334054,2.371270922437225,11.962602512290328,37.803600969041504,1028.1293209795326,6.0,0
17.69282103778503,8.873125428483847,67.54669608136365,26.002119108945877,663.0814214518218,4.673438785345194,0
14.543183509994904,37.18508574572106,99.69326417576713,19.61893599690874,1108.5113476181405,0.20343753269701167,0
33.04633998637284,24.605951974951488,114.91557835719755,46.54368184058122,1204.7783594360267,5.565920557780397,1
10.625278894063918,8.01029512453941,27.622833086396632,21.558128407562872,570.5099712796576,0.567570042036449,0
45.0,18.684933728138773,51.82618416658968,41.556075927591415,929.1573046973435,0.7516668980907432,0
15.843286948542964,6.157445754312811,44.893677877868924,41.42451674845942,346.7238284277993,1.4059708518437402,0
30.883932227263386,4.138473147998603,8.13999174024121,22.12337856039245,1446.2959276134347,2.563218167401711,0
42.688792227141974,103.69478948524667,133.69478948524667,86.887620044155,1432.3479934211546,5.9805148305203515,1
32.75050266611698,0.8889003179006165,10.82899490191036,65.73004814317277,1387.1611991566915,1.1779988444857672,0
34.517774235946185,15.0,284.30989680813275,69.85687807419467,1548.9899730182617,8.490314422888241,1
17.455521286222552,1.8213320926323007,13.93283268441854,61.99734237812261,1498.7828725909653,0.019891058151296805,0
30.40755983983179,50.65199917733462,134.87084964624373,81.14671350835728,1063.2929950288856,9.201463006035196,1
53.995225541128065,44.51628576419851,544.5162857641985,76.75930853412189,1568.25084837488,18.93289946085681,1
56.180496885344326,48.04495000848149,87.14385715070463,65.58653493171927,1405.366290993521,2.0,1
26.133578312964023,13.245762534381333,163.24576253438133,69.72805684071585,1406.0003280608485,0.38492341474874836,0
10.955583041600018,13.56661422307573,18.77602231013462,25.50330699815961,200.0,1.1889201790472168,0
47.13714770370743,15.0,304.3842861878888,92.67967330476964,835.5169074703981,2.0,1
35.233815035629505,5.345658199449558,39.19484053807212,48.24510148949914,620.4292223626262,1.4844112921579657,0
47.73185736775727,34.30298555178482,142.41395382555902,64.45102572085905,831.9197145462256,3.6028783892484837,1
30.318095330680592,0.27094754095458107,3.8181536396567135,41.18978069904486,1238.2016217321575,0.9628086663307979,0
17.558452501189826,1.4585668076017122,16.4244316239717,6.240088332057974,784.9355142805267,0.9233284317823487,0
42.74165537083056,179.44795120995568,258.95863646416205,43.04220659245343,1275.0989172334987,2.0,1
28.851859754095862,41.281954549675056,113.973810822946,30.06253995037599,1143.840237858921,2.004615423068242,0
6.12206625355439,4.497732361788052,10.686645573213209,53.569921853399634,1250.3094620630375,0.4907030441725726,0
29.862016293318028,17.04696659266063,46.44798870274915,10.39034116724676,1864.4484026368414,0.5816107118581256,0
15.028554965377822,6.657426449905247,32.55326991079215,43.862808411037435,847.3149683300621,0.8644052295461016,0
26.662733376988008,23.691152850017893,29.992299409481344,45.21171690817927,573.5492217322569,2.850822879475227,0
24.834327897964293,1.898158022753696,30.189111432332417,48.82906699535179,812.9698254419959,0.9166719031781132,0
34.33682388432622,33.64943732299226,54.62448139074468,20.42277172821178,370.6793993855489,1.5855548309393677,0
34.695899287771326,84.23056609545984,250.69551279209838,97.09029131077423,593.5574659298462,4.248718217303525,1
14.297732194345453,2.515926643583351,8.435326302057632,32.991400104539,989.3056874005265,2.686085180190836,0
55.52773144476116,15.0,195.08332414140608,94.5683573287991,1565.856491957326,7.024691799473016,1
14.639452954844463,13.939983082664563,77.67802978199195,32.64337456186717,1217.5065687899578,1.3395387083276011,0
15.320782655691248,19.941584879096762,24.223680095414572,36.63346330539231,200.0,2.3667097332604565,0
43.27833848554571,15.0,126.6163871303349,94.67591804342544,1235.5772776384626,5.332170514659662,1
21.27902641119607,50.08934174202216,99.64138230049028,71.29493805984013,471.71822847559616,3.995299523063566,0
16.405328433420227,10.144413465369544,13.307829652517952,43.14276930343121,1509.4996729166282,2.0540864727309764,0
53.07502310505363,192.7653355647616,225.1491887077991,76.18982705411024,1679.1315304734928,11.517110846380124,1
17.442588952072033,70.45906747641834,91.5754872427213,24.357340136188242,1558.8665603173667,1.2686180277805428,0
54.22403696429771,94.07770648809203,214.77125616781066,94.22876549591925,1388.1145197850487,60.0,1
13.78899302517446,25.029087764614736,30.168303641873088,60.35042118801665,717.3868437795832,6.0,0
5.0,1.7600999335693275,55.571955894272904,23.827805608453197,1796.122225786597,0.6738516439998572,0
42.3345899307095,65.40503074622427,147.81448016254953,81.57257198610365,300.0,38.549566858683065,1
14.392481883595106,4.4639746479232265,33.7266258392431,41.58950743064762,704.385464696464,6.0,0
32.732303350926955,24.596333122646662,64.5279515899528,26.504821992761247,1688.6959429096082,1.4793057744243983,0
32.10558704045441,0.5394346227483914,78.56823842912372,20.132169173327338,862.5284156925195,0.5179591513513462,0
47.67061194723477,15.0,72.76683560612983,75.3515210979844,919.7955971462648,21.515252005376468,1
54.769608714316405,122.05122930196438,486.6644327879185,87.37111232806599,1722.9486372404608,17.11025466051966,1
21.462674013137715,12.300919226250924,83.6269588646572,68.99385939830655,616.3827993920087,0.9523134683563566,0
29.58263475454989,15.041590173010741,77.9099329021846,20.785723423037382,1176.973103808157,1.0496218739407646,0
26.349048609479986,1.5887231442238599,47.51913924264997,52.042275245257606,1144.7981690295073,0.28726297002711504,0
9.332169512762674,48.72083949449634,71.03120137979045,24.648043423889156,1425.61534702363,0.23983864842077318,0
8.524561848876523,3.1606143363496275,67.0652839530262,38.37484250070146,743.6179182120657,0.07475962975807976,0
14.414589454284329,6.523824239708698,20.535221283878567,62.07836312615763,421.83458780369074,1.8662572983630266,0
24.78952963666657,8.223490594447094,28.551165705818654,29.479966477947116,561.6315774834862,0.2165098272838906,0
27.850960964866097,8.32317404994604,53.701851295147065,60.68529369616008,644.5745245780399,2.439037713266589,0
24.254336994109817,9.055041986958733,73.26888966484887,50.111893066456915,1100.4720299138912,4.970477366862221,0
33.757905039122235,20.7909391924908,24.462742541541363,33.3908403418671,1329.719808742895,1.642361843509033,0
27.645592464511072,11.968408154646463,24.662621664632965,21.19198945010077,734.3175948929189,4.503417061717311,0
55.8599639686676,44.77668214801804,185.09273347833252,75.35291130643247,1091.377827633685,16.409125427514823,1
39.95027663329391,120.19020173400044,349.94731926550924,85.62091423934805,1704.2401623102883,8.711566377719276,1
46.45044962358591,88.7270971476401,517.6419168250201,62.903550253510524,1752.3733528792711,16.31367050822156,1
16.342688932577158,24.665414549376855,57.93463080670883,17.21414325836765,200.0,0.7469749804546024,0
29.485584939749096,29.72460029162805,45.363695365692884,42.423106878491865,524.567373615204,1.6398222876483513,0
39.27305195859108,45.86411994397122,99.51058780835515,81.51834189942451,1435.7136044689667,2.524411308388559,1
16.977784838527757,29.641345258769583,101.40622576297903,38.975222200473226,638.1510229936061,1.953538051503585,0
42.397119106461766,15.0,140.45131649206706,76.34093295050462,1515.4165238688395,14.616692821553436,1
17.92965824156768,6.070455624890647,52.073317151579325,51.007303950936524,581.7604781015482,0.8063489943494,0
5.0,9.59392511319428,18.279498788552818,6.267825044785487,687.1132481408371,0.1670515827683362,0
35.62913291262214,98.86195515288236,166.8586296742394,95.17791099523296,1966.6309437204454,2.0,1
10.624915819793188,10.793375073104603,75.22910337780547,26.581785939751907,1246.560728967684,0.340942125735643,0
14.809156294976708,6.94868103225746,29.313868529422024,53.214244874910776,1679.2620787658568,0.6035963946271802,0
28.496747566150997,37.17520321361788,92.79919753699758,14.212932594229525,510.45889588057827,1.501392711236448,0
21.092404038532084,0.9127503441555929,10.86551774682107,23.900308981553632,1215.0237340919484,1.2425093052546095,0
40.10721490420997,49.632808034857604,79.6328080348576,74.76573306727992,1375.6822221416905,41.147787490654885,1
21.479874204720687,15.77124140561386,89.52337900689015,71.50525023008278,733.2397812907817,1.2283196319854892,0
39.64737326457029,3.207313785640093,109.93084158915279,29.906213833528383,1309.3477636391733,0.9176344393406417,0
46.6371703904362,41.10022005925338,149.53525083245324,75.33106691474613,1940.389747793416,6.620374740840797,1
38.72977592667691,126.26922993592164,156.26922993592166,85.57362184837899,1620.8056900514914,19.474504911792035,1
30.259389900656668,8.110257868615031,158.11025786861504,42.91282449063661,532.9685922268168,1.0805887264327312,0
22.084037933508004,9.254102065576928,13.099270311880566,15.3851710784489,849.6997633202639,2.6443173668057818,0
23.68049958267328,4.0984978264543965,23.063942968116905,57.159368765184915,249.71149445920855,0.26375498124345875,0
45.424072730868204,110.82414841731423,321.8047301624522,82.91098322592161,1489.4969215533072,60.0,1
5.0,10.467611235062165,154.53615602970052,33.509545129380605,695.0470531513072,0.4099400757773964,0
49.22875302918948,15.0,62.17782724866419,76.45001196847441,1860.680285448962,10.801075331713552,1
5.0,7.427219648651743,14.310289039305536,56.21140058866935,923.0362780303601,0.44112271146318094,0
22.08694364306065,31.964217143183692,56.35550553908229,21.889390835883262,200.0,3.5121236472011694,0
21.054864251697506,3.036798702423477,72.27099784552618,40.78227588186784,1010.2203270418157,1.7601364048408046,0
28.46775933925061,1.1216014569540713,5.064444185655455,41.74697606216986,1791.8073260400236,0.30423199958082714,0
5.0,60.69269542708832,137.78028905743324,48.22005899897142,1690.665399509408,1.463417120599763,0
13.263220038450264,0.482159229137182,150.48215922913718,36.96281791973576,301.3909456654917,0.7688673821395982,0
21.636515249558876,15.585405346708724,35.714672621366354,43.79333808880552,614.2064917314544,0.7476141449838414,0
36.0445695115241,6.03501063448583,32.091637007463376,38.33683513382968,1846.0391847406204,3.194290829377144,0
36.019640919764896,13.003509930727216,32.17509330131682,29.76125876088306,877.2204650442749,0.5775416075307793,0
38.3027887931012,15.0,45.0,68.02150921370486,1724.1309361733565,14.859090303675787,1
22.22638854701469,12.635435449814706,77.44694757228578,46.581037083457325,1596.4735513383016,4.731571709217728,0
47.22418987906653,17.620679424610003,58.18555869309637,88.96660683680008,1073.100650287865,8.737913275133177,1
24.33209552962122,22.566299332148674,35.90906131937145,46.18342763442705,200.0,1.7088849566419164,0
39.170487269559494,0.7068396267094903,57.43966436059698,64.19104682117684,1182.5473261299283,1.803004371530939,0
8.966744164151404,6.824946588517971,37.37827053748861,20.98818127733604,995.946435506905,1.2897620191661816,0
46.84819699140005,15.0,205.34196088120456,94.70832805719992,1314.7844101218443,13.125902541979155,1
38.353597398121806,165.99789198546983,195.99789198546983,70.55184618733897,1797.3250792200115,25.34651693831109,1
26.225465987605446,17.29511993934249,29.047546191196915,19.826131970218654,1085.5861907181466,0.4823810606012892,0
9.252263554944374,27.26673525671864,43.841149719560406,49.94660772505608,1787.6242119801486,4.730434686145718,0
27.00474347044557,3.1804426446693177,31.39155383976623,55.56164391104209,1047.5919659831154,4.238172747025026,0
39.305160466586464,34.07657767951386,64.07657767951386,74.24714518832013,1197.0960218679274,4.098641959154769,1
5.0,14.5391944094005,53.36187212360429,58.81055526942869,995.0675884806913,6.0,0
16.622121740002363,5.472502187808516,34.13405510287889,13.458864835190147,1645.1106366830595,1.2997407967328718,0
12.997290659783888,20.725735440148085,29.938966871467738,27.781487406855376,1163.852584023693,0.9746650968409288,0
15.981991762502421,32.32063482316358,68.15022428039492,22.49177434996222,817.0298094851803,3.4256448542572295,0
48.60144842255159,55.852974570575675,89.60062947184258,76.68140322363467,1365.243916218441,7.594831779803089,1
15.371151062487757,18.006160619880816,34.333380554505595,44.4808301399711,1289.0968646521742,2.721884843630852,0
24.246232068628363,4.602153724104689,129.08993610601394,19.77429680413057,1455.4558874536078,1.4833508518299117,0
25.290269431207868,36.32759178441115,116.82318850092832,25.94214555867659,825.101657406007,0.27205104113032064,0
51.53577735330409,15.0,235.3010859860209,86.08858541880288,858.7346965633031,25.483786214756314,1
46.86520943550126,28.155295019584678,108.23945940054327,85.36913884313644,1890.9741444064357,27.314461390772173,1
43.706305886901625,198.07186524566595,228.07186524566595,89.92662722373495,1167.8130843296326,27.237609012987896,1
43.27616504316626,30.18575452130745,91.77282436510248,71.40846777445333,1569.2138209686584,7.831520193552958,1
48.39501041336285,73.69416817198405,247.4521966358158,92.17043203737293,1478.6700577836716,6.149199074914748,1
19.85254009890307,33.09975494668598,84.51040917372143,67.25663305565284,460.199405553569,0.6784701577198515,0
49.31073819172059,15.0,56.338131354852685,68.44912538568636,1484.0583523402556,2.0,1
58.39778548889702,15.0,111.36685248910445,66.32523293498151,2064.1990529129316,12.034754612127994,1
32.2598878373112,15.0,203.62110234313317,87.508306892115,1568.7731087349778,4.478311371236283,1
42.218395070402686,189.2168952008975,270.44153123245553,87.6719681829638,595.2050550773725,7.364244856833094,1
47.53833379573561,47.87338017329145,87.78591831209823,69.31898918410376,1555.7674982999267,39.707405571740026,1
21.571811631774217,7.592778700903309,41.32157648637369,27.26492005943878,273.68289127437095,2.0098692346540403,0
43.76116213588561,12.998794391936956,162.99879439193697,36.62076321227979,1378.848088038933,1.8584436929831463,0
32.94138050471492,70.21268860128436,161.9382060729464,32.83472730020082,200.0,4.726589345294698,0
48.46089463417977,15.0,90.98795711423604,68.20077472055767,1128.1297581669774,2.395466846765249,1
31.46601829827808,15.0,45.0,72.63757024811798,2074.1450531118667,7.964044261439547,1
54.76560286277118,78.05342944303081,313.8134680964081,79.3690767746627,1561.8504367318858,8.412534278813546,1
19.259203006504038,13.2107198156426,38.79579075131974,11.255922866508449,515.9046023850522,3.0599589117927866,0
28.7144786300293,2.936270051053454,43.81983673792102,7.7996239177948805,929.1897895085957,0.3218657845333422,0
18.98758897379287,56.82909759099876,58.56387613482685,67.48158839789528,1132.9911171977583,0.42322856081553856,0
30.43845332938662,3.2652891565531394,23.90973912147294,25.48566889161102,733.558315598829,1.956032711848648,0
48.657360237915384,16.963158242936203,89.70539161105053,84.17588974222092,1826.7985265490656,9.938115370914684,1
46.22596692651667,15.0,45.0,92.07648468659879,1477.8716289621464,11.443339840216105,1
31.541334090599946,7.762082350701704,75.95630821459305,51.63249322862382,200.0,0.1578139832903906,0
45.381592129715955,184.8209937178526,227.45649489228367,60.18357882226177,1612.4326839050998,60.0,1
37.73120763856746,21.531026650926584,292.39360312260436,86.50204382804526,978.3451061220507,2.0,1
42.18413245411203,212.29597352674773,242.29597352674773,72.19107590635575,1068.3101758888051,9.227400998649005,1
22.471072266036675,4.4218275061616295,12.91893482873325,31.4547045426568,1852.3146541334995,0.06578963681062926,0
29.07312282377001,24.102190985276504,75.59199536064362,74.25684068970774,1163.9535604329778,1.0146302284423783,0
17.231703863907434,6.309313734868523,36.907774672383006,32.958557277069325,1145.5657676918722,1.7081914866352674,0
21.942084640643937,221.05839397854936,344.2337377131683,77.38430220679649,1456.6437845184003,2.565583856863387,1
50.39956523351179,32.06128063399493,330.2708651085844,75.81238211513485,2161.1563877849367,22.589627524331053,1
28.59749797147555,16.682755757402983,163.97108426299673,68.14120363735773,379.2475908047322,3.6960210197116914,0
31.91216906240128,3.8935018422724013,34.46843449415524,18.062406056715634,200.0,3.421036272503188,0
31.44011448880591,0.22516328428930635,20.860219318641192,26.710623077912043,1650.21589699297,1.1749637912611752,0
45.37997770105227,300.0,438.8750111800104,52.0457343784466,2119.7097886364086,8.741771801976313,1
19.447288622258124,27.0397000461816,76.68960311806099,60.79614069891785,790.0819832470474,2.5900103767373346,0
28.84374425088219,33.38507560058469,63.38507560058469,35.00773918390008,1575.3854527370413,4.159813746529108,1
7.607873692839956,50.35222312675914,61.96366718957792,39.67794586919482,977.5908026326194,0.30859656179921446,0
16.963194811593503,8.38802180036793,48.38134929948335,29.718970247109645,470.10201527026084,0.8509866004457469,0
13.88492891809192,8.565131437042112,21.073876886632686,22.27540582470957,351.57697177457646,2.7440519343407703,0
41.18936509684029,102.46784929890762,148.90830294453437,87.3528185712952,1582.5441018824088,19.330541388914522,1
66.59265336180283,21.877105001248005,51.877105001248005,67.03542507915023,1607.9804515156563,4.412251463352262,1
38.07837049659264,181.12682350081556,211.12682350081556,96.21332336613055,1538.7988081254782,21.283322802961298,1
5.0,37.11983223537746,77.01909042298107,31.770893012843203,424.7382447508671,0.021335647766294135,0
40.95399117144465,42.22362439158477,91.50136037314766,67.16753564310626,2358.435642815172,41.70595997322371,1
24.881905236076822,7.895721971800195,92.0478055747896,64.65312351495832,743.1972086652318,2.731748388902029,0
20.389859816053573,2.611465970416786,23.800430418067528,48.42255578523359,1469.0298437032898,1.852515379550033,0
20.364449767921197,1.8476589860533987,4.202846794050336,32.03278042870404,492.04123001079745,1.6223840213757144,0
11.357840146124653,7.028520801760573,34.40500487855219,18.498019020184692,610.5760966643043,0.2133390088715753,0
42.148340293326996,15.0,63.06959122572711,77.5781535355922,1142.6541789275361,8.693407099091186,1
11.638917354535938,7.730256756436814,15.582519042243138,35.53741243344711,200.0,0.03236316962127142,0
16.442190062246365,7.9405306516321925,12.983597875817766,71.99197858218822,362.05498659400473,0.8227252959142227,0
15.224932750817029,11.370182239808207,17.113288888438724,42.07263412292156,1515.3074350180518,1.676785216870082,0
24.1022338319327,2.1575598949891024,20.232015889383923,10.907201013945201,950.582304928067,0.323148345902533,0
31.727299713644225,9.002530355247913,89.41837413928926,45.56422157091468,1365.5815649693575,0.22465809728355607,0
20.043501484514394,37.95656551391626,148.60820114008544,16.64860278048628,1035.1309581036328,0.4821564887030298,0
41.66542671444604,30.175929819334915,155.08536139771925,82.3678218654902,1550.5260449778327,3.088955323680036,1
55.56307153921692,25.134391379840746,343.30280781817083,70.84469405602121,1228.5585288158004,2.0,1
42.245514271231436,35.20794941979018,120.26411736065177,54.58676062442463,781.2980924684073,11.806356671504968,1
24.236961066752112,12.335905493570303,20.521970126018793,54.621151833401896,200.0,0.9899278274111855,0
27.501085825248406,14.445639323964688,57.78001985441712,40.99680381342985,1058.9013838432577,1.138304859759999,0
28.03492893163176,87.96622862816737,124.96675203250157,71.25018445591478,1553.6859772874827,24.432483929889692,1
38.56911950465199,10.793131417364464,25.61774554308277,31.64927125585387,431.76576089504624,0.39871029278854064,0
10.83894619795735,9.998209974767812,25.718759556836165,35.22685002793598,1117.750530285453,1.0162731382507002,0
17.408652539539197,2.269772137722315,2.8726463798291713,54.186573140766036,734.2949563483011,1.4510450872298397,0
13.11121557908546,6.5765102623581555,11.747911453720317,51.58446403419498,578.559291593944,0.3925340633696233,0
51.39753690612945,15.0,62.38578853999886,72.80874248750851,1796.7986633161386,56.137044343725044,1
17.625048364806627,24.33273777106742,114.22205929256663,14.526105817293796,1013.409310581314,3.242684200467018,0
31.60370194152872,7.485441282084456,37.38732509976684,42.10567265034089,671.1256737901716,0.47363938443156783,0
14.540511388742763,3.9359812257845874,14.783442973298808,16.15050460628536,791.657840824819,0.4694704357846403,0
45.15695030224263,33.057938052373714,103.66307805453665,86.31810647847354,1811.3089113042995,24.756721368460557,1
42.88562095471948,85.45397448055127,260.8183552189014,75.65747126516264,1563.2106211713344,30.953797705535553,1
21.55345820839906,0.293443000571385,52.15261512889554,14.983448099428076,249.88315362017727,0.1890244454013773,0
30.645626664434253,15.940104732993488,17.977186796518453,54.89314660420354,1014.3655053054864,1.7157326199262484,0
20.24660759961877,49.31919226005228,101.34815048632495,33.323617226455255,439.3531700943177,3.574520489551866,0
53.91810241173908,18.404708137785065,263.11791547436155,69.70192610367685,1240.2113938075104,19.314679096435363,1
32.93747948053591,133.11880468253082,463.73163935660165,81.2731906394249,906.3768855650785,7.241973228060594,1
29.764446411083046,0.3327338684857011,78.38905297964737,68.01909989335661,1858.2457080400143,5.3947017911046515,0
13.033483966075291,14.813031001245719,51.164689156077685,40.54034186517557,882.9595853829785,2.90206779053037,0
17.93848227228401,0.05429126215843899,20.204846696391478,17.25839455496282,1653.8326555827043,6.0,0
43.16015500016073,113.69984225544432,239.04205857233873,75.78864426052824,1476.3898992179888,4.029578045445137,1
45.0,23.26957330761917,40.30792395588929,55.43437145195702,795.4622034543901,0.16269301612745238,0
15.246008962716573,8.7465813498168,17.682571568651426,37.005740471093304,856.4505725497165,1.7123426256445,0
23.052717686492976,10.464738867053121,44.308321175729574,55.00616962838231,574.7493483383323,4.287522366155748,0
12.244506537396576,0.9918516377885569,24.24375184206438,57.00060710449431,1793.1898895729423,1.0714414179120653,0
9.75808665315085,14.90621020291851,35.60889176039223,28.172599985121117,1128.89771836257,1.0409266278323253,0
23.569813780557546,50.51794798180771,64.20652421731786,60.53639195018184,200.0,0.07788037383962254,0
30.798313326727946,6.089345548774954,137.14331249557154,26.568236624935178,1434.230848559651,0.008889723966707725,0
30.85102628234745,24.355164347792446,29.743350656575373,53.396745338095705,1741.0105582206397,3.6199216247360204,0
24.194992957342713,2.5869542434888526,2.7936512989263287,15.563245576746334,1306.2433701518505,1.6859146496149713,0
26.080044815678264,12.45696869577746,35.88233993615018,61.7606779414172,889.4429871328645,0.4386209170123139,0
45.683090307972,15.0,279.7768793224444,91.29516868995786,941.8387315988507,2.0,1
36.514634361367754,80.58493685372716,262.6862951946366,83.35204723934284,1797.5293701695746,2.0,1
22.625611234642086,30.693773479384486,37.82145937529878,23.74478973045841,796.746337898711,0.2151493856894093,0
38.74547056378874,9.07830589322111,25.578558418918703,50.20671354015782,1396.2602882768647,1.155356204845321,0
51.795426222178456,15.0,247.21488000523905,76.13680601849225,1674.5767904992554,2.0,1
31.1800811915938,58.41700996603761,58.618082918658516,47.12050336761118,1273.9125733488609,0.5082976132733357,0
38.47801735353785,272.66666322375454,302.66666322375454,82.96045852245672,2078.0078211334508,7.995280877595232,1
38.8625909468105,153.22386547919643,185.36647031290445,82.13637805946486,1405.9143289722936,5.0655781244319895,1
21.72826736216276,223.57314360624784,423.1781017333758,89.40475124538197,1461.3236827224791,2.0,1
13.940446258004908,10.250476234696846,54.919054435325876,32.726522200293154,1267.872005057553,1.2133834287701921,0
38.253565432842784,20.937460953757398,32.497171339336745,28.02997490379869,1481.2897420300783,0.13095288793680882,0
13.855683485866747,34.62417768012781,59.53830178286026,25.24755953322685,809.4788932837432,1.4562519118951156,0
22.05498150956571,1.014393354404814,46.5880529385648,20.7510752143311,200.0,1.5804158178558192,0
18.105015332288456,23.935463902965477,47.28962575494505,47.74268744426043,1211.364090066138,0.672090047527311,0
35.56119521940828,47.19656021032193,308.9615196972582,84.8604163041273,1444.66069369153,36.31820922027778,1
41.499316232983496,51.60065624043813,81.60065624043813,94.27280079978809,1053.9622535445833,2.0,1
45.03704733398256,53.54704253452225,83.54704253452225,92.10867664864216,963.9512360821163,20.719306656608083,1
52.18935052631568,172.38706806381694,204.95230329656016,84.1213236126744,1401.8631317127267,57.732442926545815,1
28.339896354451376,5.21765345431207,6.33149345131059,32.685673220697296,1349.15612442294,2.366125883201108,0
6.945257265896519,23.155700186838537,34.87405326874698,26.59468635443954,725.5962597887481,3.3740238629964034,0
20.41204035117567,25.85331514047843,36.49313787914398,66.14651057660274,1241.7067020211582,1.3823037623760936,0
5.0,6.2225785003199166,51.706029482450425,59.059639354713354,1265.8560814734853,4.7650230190050635,0
19.25211832695811,9.384215674017494,21.51054604430611,14.374782810463248,1065.540351831432,2.596885175634396,0
29.08739702216708,54.07587368206407,126.73666686954103,15.583229423626532,872.5937676787482,4.508539813821479,0
43.50801529858662,15.0,45.0,92.2068835658466,300.0,3.4156339511875964,1
24.026904346859926,4.459976864958991,46.11852289904493,52.70575155435074,402.6525848701328,0.097160378952232,0
55.836897197800845,240.37253171751073,462.8257239787517,84.8154968761662,1561.1735677972906,24.330136705028313,1
53.61395222654871,22.555174290124754,52.555174290124754,61.25283185265865,2141.63027035008,16.935255339319635,1
31.199128686934593,39.14141542871441,68.64643037573083,37.44017790639489,1376.4822532079295,5.126172243573567,0
27.78090990361347,0.8843803899953898,48.05251921927902,64.01084559470443,738.2688026409683,0.07477218681958371,0
59.830058592902624,49.710303874117244,79.71030387411724,95.65229884195041,1538.0293971377957,12.465332724960067,1
38.10517617878787,180.24966044271804,215.82964864647667,80.15811858633454,1872.7473662918912,18.368274402358168,1
50.81758459441515,18.305614775399846,48.305614775399846,92.81974955391689,724.7860732730994,4.21621852481797,1
21.543743409038296,11.667833753040036,111.15373771992518,40.25317225300314,1375.9968106013055,0.3703839051517064,0
13.985800248647415,27.31297770866978,61.49972392333834,26.528361405562244,1141.7292937534924,0.06337830009920971,0
6.581555577295163,34.48377314755636,181.05854330368084,26.92552303289627,583.8729418680855,2.3196194546995557,0
51.71067440257869,20.482272147308713,64.72963481342005,61.853206137205206,1241.910826402718,9.5428902500774,1
35.172284613203885,5.246569563737195,8.836603147068377,52.27738500080258,563.9282142779184,0.6560293427671519,0
9.943428064083225,0.78161924071003,38.401372428556115,30.229069811663916,200.0,2.6849412899563974,0
26.680260698464487,11.9907184425756,77.53760036237642,63.91685412894223,743.0064568989457,2.9599146311138225,0
19.205637187211284,4.469505021583648,41.87312376674049,49.86557861401001,1409.1313493229081,0.337646996489955,0
12.047395366222917,30.281061562778312,38.46737645847485,42.71945425732452,1038.4788383037596,2.4212857130649037,0
21.623543504142233,53.15575249599641,142.88678621770896,29.62977699574757,983.6803944498665,0.5319832988402119,0
59.68267987475529,32.47812868476904,184.1443919500625,90.83545859881119,1674.1124994228735,7.788351008660472,1
19.520609069678947,19.592343902641023,25.115894057909642,32.45496345173266,1298.2073108709073,6.0,0
30.803901368386512,2.6266097091386955,13.282067090040883,32.2168273954712,454.62298927836304,2.8063951997376413,0
38.812096407846425,14.681837808012437,21.4481732022415,31.814017474837687,735.5775046859794,0.47311705104540447,0
45.0,45.33085400175574,129.26962698552012,67.13230301721327,434.49857651481744,0.09758080083046339,0
49.17012040742051,15.0,125.81383645472216,72.30024874578311,1116.4450897447373,21.319540576461257,1
26.097762328194484,22.542383541443943,48.34619235225844,24.218124949265714,1481.270548145029,0.29348829534593446,0
20.15656483703169,15.677778405110407,34.06850260681878,36.09452433455064,732.9756635931543,1.8129765662267332,0
26.918029614582057,5.3950901733403605,21.008981797218496,12.914608403054098,260.05529128749345,0.902213736592984,0
24.20405490680817,9.117545518686887,72.97335620454707,46.6893586004874,768.9636717610088,6.0,0
5.0,12.756416961923122,161.22350708400202,21.84403354975083,1293.5996321833368,1.0319095966284402,0
24.13519939240647,12.161028784567891,54.490550882315354,45.19625027427427,568.9216350258126,1.7315349929288726,0
49.83287263694027,15.0,45.0,66.07123052131185,1466.795478404077,16.567071772440745,1
43.36736228674963,16.766166064161244,177.77843452106617,63.78013438500002,1779.091700927569,5.571043479850806,1
38.74812445422237,63.662097300752,96.40621020264672,88.5737921731367,699.4672218690671,4.393886416047126,1
28.219159171124932,15.0,183.23797270679077,83.9253607413925,1020.8468334971546,2.0,1
48.60696294770319,15.0,45.0,95.39487692406908,1224.2527316707797,15.763527076788133,1
30.229164497324128,20.247807151834515,37.7226951720515,50.303137803811104,1531.3352378924405,6.0,0
15.841171947003204,17.246254134750508,17.937414542075377,56.20446295524106,563.8193986485476,0.48048809051570407,0
34.27959457399366,161.52070381602664,191.52070381602664,69.28493268964928,1710.2738744979329,9.901826410146146,1
45.764524459231694,64.78818519995603,134.08785535975983,88.15868628355092,1796.1720587931366,4.178968396637483,1
32.813682573827165,62.37836763536827,199.0856121528047,62.276779595809906,1336.1812428959984,16.551566876244262,1
21.769576373657785,0.2799796977797888,89.9734613894125,14.99002907072629,661.8543455353392,2.1469005654686373,0
41.79755546275218,116.3149218303861,288.1901821190497,62.99474636482434,1353.6266439283136,2.0,1
43.48352532346513,15.0,45.0,45.65381116927269,1062.2540288130933,9.720312353774604,1
5.0,0.2615324045353923,80.66384877528843,19.095156533250442,842.4171528631902,1.760288366674417,0
27.292140024475657,1.1585441552415674,43.46526838431836,40.49964094048414,1013.8740374001509,1.5460600419378805,0
52.00154463132184,17.317447300309457,374.330219391768,75.95152562172485,803.193948286289,46.10292896464337,1
35.8419992894646,15.0,397.91030600598907,75.0303504681098,1412.4732175382114,6.150925161461464,1
37.9501610458204,91.72468740033264,121.72468740033264,55.773548176818444,1068.4425277913372,10.753764983335104,1
51.676857110180315,16.908259551358825,207.11318160082965,81.80581953445733,1276.0647827303862,8.02308396672996,1
40.90731054307795,27.591021995394666,206.44278418764216,92.10887857368778,1230.3469614648275,10.410123349838068,1
39.57172073684573,52.26518445569226,82.26518445569226,57.81709329802956,1141.4667061751338,4.274497186691932,1
16.446866379315267,5.697739482526361,36.51769372117284,87.13877182249259,1168.7610036424621,3.031083085836913,0
48.05228740634473,15.0,45.0,78.26782964011426,1822.3559420907427,7.220449000770593,1
21.985301909654414,3.7860174690889155,61.087265180093155,33.441111859730064,660.8974244098848,6.0,0
46.96265784202887,71.84518144428664,101.84518144428664,80.89931762071669,1549.3065446667345,6.571264856968317,1
34.16826306736729,0.6628330057504042,13.390427104158169,37.81056415139049,957.1407457950183,1.0285991431293606,0
12.256643020505186,10.364192261745663,11.060479719684956,42.84601884923872,1168.1053838424746,1.4618520297830544,0
20.65262979777306,8.047590085972304,21.42646034455656,51.27654917225685,1402.4659635008256,1.6234385498752184,0
54.34036007246849,158.8931073567983,188.8931073567983,84.97851398733982,1034.7262559025955,7.30163388483142,1
19.385895038324083,3.9474801112321014,9.164047016125746,12.697816534229533,607.836142794604,0.7545162321093738,0
22.58874396463177,3.818273999599317,16.318663312456277,43.3498144346367,955.1460840605791,0.22057079925226616,0
26.206411464014863,12.035148136735893,54.834218005667054,32.731196271985205,975.8951426831362,0.3230609944029301,0
52.56737888820638,300.0,358.18654915718287,61.60279078583123,1034.7192887276408,2.9241718291037406,1
25.716517301151324,12.491238629406476,32.55961733443179,75.57380902176976,771.760839238696,1.1563197804198255,0
40.92828143155321,19.785890195021995,300.2009540088945,94.0995858295026,1529.0953043884344,11.419836643050184,1
25.805817073487145,15.423938753766429,38.60384651642423,29.135868886659743,1086.9446878212416,1.7610030976168625,0
15.926382746397184,2.2051470389810075,34.83961542341384,51.29220782153981,437.8018948495223,1.6786204156475564,0
37.09526984746887,52.123590171411884,104.96050536647961,85.46414061290282,1567.0822729591393,30.279066064089996,1
29.567272713803458,27.436103833201436,89.36099798175681,19.915839688530145,613.009384728608,0.44275144709810393,0
11.782785880846184,15.039718353948757,25.478013283937226,22.499191257465544,740.3101326418289,0.4684289745682123,0
38.39028811924768,15.0,152.07635273416,93.42925564130867,1480.3608529621956,18.337134483553356,1
26.09077036559836,0.17411947981653395,23.035906189980988,43.84725561702005,902.152422736922,0.6444767310986336,0
34.447095165655725,5.733427202890513,48.21872776209076,34.950574169128615,536.9222487608624,0.6109649871588242,0
48.87828673253602,277.94397890925944,444.61970407390396,89.16188613075323,1782.5084671796367,60.0,1
19.38486491788358,36.75533890633547,66.85838902969928,20.084510149665835,639.2054316092942,0.8138361941179002,0
23.981717726987405,12.293518528922878,68.76168552109169,17.24775712486036,956.1543826113916,5.188682585276559,0
20.225178835748153,25.51265165502483,84.55241462355399,12.242884381076346,1768.811277470908,0.273709063592909,0
26.46439186133355,1.3928010664246113,32.84244323445397,16.380015028330604,1345.2685877739393,0.07314364527280068,0
15.888513132242261,10.860252952697316,118.92526102331794,33.48296278433759,889.3875153686315,1.0230304774089,0
35.15323006572684,22.5555202427365,88.92925826568037,48.227842506499805,901.0604306976028,3.612647221498648,0
26.660403519736732,26.96275439965714,41.33342965779365,18.413194563171935,809.5105436656141,5.81571734974993,0
60.36874431794542,88.71119115301377,249.26573104307911,75.0414389967634,1824.5263143457282,15.644527791844734,1
27.798837964157727,18.853162084769355,91.13972077333317,38.734471116713756,841.4228354193177,1.4384861127073707,0
40.761694568046806,15.0,79.82283856295219,67.53587549955202,2010.1401735931952,36.15242596762965,1
19.707963233408407,4.171308606346432,25.805384161041086,19.764465490456846,1149.385978321761,2.3544240261701335,0
26.298024737335968,2.8189075486783817,9.093590040439938,18.494673543859957,1161.0254345511862,1.1308867164182248,0
36.75920078551649,283.8611222952839,313.8611222952839,34.29606486423821,1157.8693068095422,22.940906199948074,1
11.972591366277959,4.988737243673869,10.888883951315583,7.685100130414712,1005.9277965025198,4.114392552456157,0
29.26399705970153,17.90704857430168,47.49819339361838,71.23178879473502,1828.7623335188719,1.5406592896998346,0
5.0,10.300079618470322,160.30007961847033,16.456174031292395,200.0,0.001979654892904948,0
21.207185382080066,5.6019724740614,30.951571070873285,45.13068845084665,580.0880892451997,0.9165861764718206,0
20.82428623388265,18.485141584825556,34.41548918209972,32.005414855925366,1159.4112876567551,0.35095002448825147,0
28.195662430261883,1.0402480309449746,3.2432025054817366,40.53457949976083,870.4041012404946,3.357417961167421,0
43.47920050414986,47.970664641723765,166.41539683273174,67.28303000902598,1778.166043092558,25.481386360973517,1
5.733699393833906,9.976443441958766,15.045170461899072,46.71783172015622,200.0,0.29700236371900424,0
22.226012804204107,0.0677356129114753,41.42360148563594,42.615545261386565,1281.7342459699435,4.383167068596268,0
45.549656595009566,43.454570583304175,73.45457058330418,49.92142420959745,1134.020955947097,30.46855500892757,1
50.06517850405878,15.0,191.9542437529477,63.67276072490571,1105.4302547425532,7.243445934179885,1
31.9629496843569,3.8821033003407477,35.36411026850499,13.011697098046676,1375.63276793151,0.9020281591506862,0
36.43820545090233,300.0,383.94721047356074,61.92668813926587,1362.6092494634831,2.2039987468444644,1
37.33582264651887,21.879036340250476,122.5745968446314,58.07376826995833,1280.522339707767,3.1344269115339474,0
31.87370447721305,16.12689407471463,16.42462215784323,23.403869918213363,603.7365782870193,0.44166770214228673,0
44.07115113555922,17.55021635878229,60.884641710464905,62.068205891859904,1723.7204487928834,1.122459939427331,0
55.89798939880899,82.2695584788012,207.64725282484034,95.87194586804327,1413.1076213904323,2.0927100972241015,1
24.129354489125028,8.642284453158958,9.041440055417912,47.126514628756496,991.6051063192725,0.3369111279070066,0
24.67314087924035,2.2267970864605626,27.713597817474515,50.936635679007225,908.4822355871117,4.804524785753479,0
41.20703855296912,203.40924638968153,233.40924638968153,70.01556981519819,1105.8566649764834,60.0,1
37.733194728400825,13.21522873242283,26.429505152274118,65.89879681422076,1150.3525495458239,2.406506091565915,0
45.68956091086906,48.0208047342181,122.10583343497073,93.48723960915615,1960.73516920544,31.58487216674832,1
36.76646403764148,46.62777429681148,124.960748754138,77.5655848011514,1833.5422793431087,4.530212395076579,1
41.29920605963137,56.22507671484541,86.22507671484541,88.04425586687937,1879.5954177574963,23.151971177460997,1
8.833386651393976,1.2902806996746914,71.13051759005462,25.33812687228994,922.0447612833212,5.9562276093635305,0
39.66523960611393,32.5956006648028,77.00955417595434,80.72347650165125,1113.4971616233324,23.517846834655792,1
32.22281170742283,7.657495102643301,61.75745299152936,45.5985350242747,1083.1887076687092,4.482896968837954,0
36.85882020785433,9.088194750361547,33.78240765293685,25.151022201078575,846.7372060580497,4.877563213366477,0
18.957683756501257,1.8220754624014606,46.89416504432333,33.60290016414902,1002.8352607588547,0.3891263757168002,0
33.74068325865328,201.86733026088217,250.3776375990106,68.98551257247718,1835.306635593776,35.485680437282426,1
33.5907278385624,11.244431754615846,48.7179692595588,13.199932855517856,574.9030216201111,3.73525549766219,0
33.48686260530188,22.297863733747295,127.88610871742074,86.91632950849434,979.1969757714809,24.651389775549724,1
43.45177297261567,34.62209579748153,124.38426542665857,93.97836463919255,655.4177376490179,2.0,1
43.53912124465113,15.0,118.89799494170643,94.56061564577392,1362.283228376667,24.11305351329965,1
35.75023482288138,12.200693473548842,22.669609398353764,57.822309165842675,753.8532692029635,0.1651038548139712,0
30.119336522410514,0.7009127401878242,45.7437090790083,24.516136376562248,1445.7331212904426,1.4620614747092355,0
47.86455764461723,68.12649837409309,548.5873691613342,68.7301842328539,1203.879987548772,26.305002621559577,1
35.71259343635498,4.208193704864668,34.074049509439526,52.30890947768548,1004.2431929617632,3.3688448575802528,0
60.432324025478565,74.27010650796706,571.0550851793602,78.47025378760442,696.3211009943631,3.5297872593023234,1
22.228833018460737,13.78070982567273,34.82208531955095,37.56647630541819,1214.001071928432,1.7126531395198845,0
50.18582404947465,63.15363300727206,323.25395602768475,79.76164872368051,914.498950968343,2.0,1
11.403602101876366,15.628361375666755,36.839287551167196,47.68443133127214,595.67759811719,1.5915916091179332,0
35.80202706962405,15.0,45.0,65.7582381683383,998.2250406302572,2.075243826293402,1
18.554155885565,1.2058513706340224,17.4771881455209,18.116010437259494,926.3567952301546,1.6459105970073982,0
24.532351059517843,5.8726118894036405,58.8094231381282,35.33511752217837,1265.3246663925906,0.23440768870208495,0
42.41781880037333,41.322233652842755,263.594709617017,91.1019516083119,1292.7305894914803,8.978866476730706,1
21.380446461367157,3.2153993223875963,153.21539932238758,14.825169696300533,664.4355884747968,2.1864018440045663,0
48.353273914555956,15.0,112.08382189834617,83.15139481627519,1835.243317772704,7.805492257973698,1
23.66608285526673,25.390449833742572,27.18076300958732,43.2098207704656,512.6001501337879,2.5301860039775783,0
28.24725802115525,6.57929486243775,56.57122497504263,37.95214759773699,200.0,0.5534690263241473,0
26.258329696896862,6.4995102616253115,26.881054562041104,19.310314889586405,1087.133167516989,1.3777616969735182,0
23.649671950116584,19.830894903663413,36.25505596636597,18.829253892307726,1289.6378152457794,1.240260220719595,0
44.77511237263572,30.938429596063422,60.93842959606342,87.16736162224336,1325.1167694412027,7.606801377137694,1
16.347365149989983,21.080578474335322,23.93546801191692,75.76455603540789,1041.9615911403787,6.0,0
17.989051858038835,13.954486226396154,73.21220427587474,27.181000265757127,1743.5710918012344,0.08395104826672774,0
34.72704467561256,99.5251178624173,538.2065640336544,86.41459279373187,2040.398404057998,10.009945376105463,1
44.52866082674256,37.26129363112174,67.26129363112173,54.813530114357945,300.0,10.412797329384428,1
26.90737115238425,27.006255664293352,38.15206422258384,55.061394428369795,1515.8201480868627,0.362716391503564,0
17.48217525221292,4.571426901462821,79.43062982485452,30.609493854694737,450.22247294374125,0.6573065443716707,0
12.178492363258554,0.6934124624847365,59.608733157430116,24.09971661443255,558.8443093976608,0.14255045633623845,0
23.65047366354452,9.79520439507614,17.717375150189294,18.130541250348877,697.4800541983735,0.4545279137088395,0
28.32326084513246,36.91369521454999,206.01710805433447,74.4539325525148,1123.0927721166304,5.578948766363265,1
28.550424436999187,2.2587353151550573,10.217126541808605,22.410818206951976,814.3340017181192,0.2546459585946062,0
30.458058506600175,3.254987392946138,27.647811843945032,42.62558141692724,1225.902801620862,1.1038129998754724,0
25.79598763275286,8.37776720081576,33.123097531206625,22.332342213019203,1015.731056379665,3.818509745904204,0
27.302613254866024,18.76313041407732,35.467628495623536,39.76140104667627,1839.7024550821657,2.9236992650210363,0
31.115248773342156,23.0135450942992,64.1130910546804,56.04925618853838,1446.9942542166914,1.7901853751332328,0
43.92898952704662,152.4902114985582,269.028239079873,96.73598814050844,867.3939062387277,2.5309339506593482,1
16.328385756146886,4.045630980649478,14.822490075362868,19.468566955537327,883.2498632548306,0.4702350294599859,0
36.85075075322516,15.0,45.0,68.93675966632618,1502.194469900849,7.914436432365513,1
18.901363571625613,43.990068125352934,49.609502605096345,38.55584611956639,482.26115736564356,4.00889171549689,0
6.478301545319752,17.517918769642332,31.134946233121596,32.54428600153813,743.3883802761114,0.5084741917904334,0
18.746423058027453,15.820513307725898,20.34045745135908,9.570929099313043,349.4298251444319,0.5174206061071626,0
19.762010019156286,5.968550058274495,37.66339859371776,60.41507259878899,823.4972659967221,1.4953249719515096,0
18.304312491134773,20.085210258625743,31.737796934757874,55.408657220029156,536.6739399612813,1.2783931161091469,0
42.80891355975526,77.88499599766676,346.50007460629524,92.94986920941861,1816.3853245209784,2.0,1
19.671396407642607,10.945240360387636,33.82902106965694,75.65024619645196,841.1569699211705,6.0,0
55.058674555616264,259.7725740445178,427.68677928807233,55.07555410876838,1846.536869254757,9.636723596640163,1
18.738714138768803,32.854126130293885,50.171750174556834,37.3116940657345,897.6639641498286,0.2960825111589334,0
26.794058265298787,9.888364797591748,15.815593792934356,41.06545943156499,821.8450473416405,0.020901552712232787,0
29.16657731798611,1.662299100089766,28.85135877676337,35.28097859534633,291.7056247133081,1.429211847213726,0
18.99669599709818,29.633443430395417,74.60626066254179,37.45713302902549,1407.0404734921487,0.983882236217194,0
28.679064834920514,43.00420759184799,50.494736081295116,52.582510984217954,845.7616483158494,0.8083261386202366,0
40.632402551269195,6.050512329719828,21.69722686003403,40.22529797312746,333.0467574240623,1.6976619047898787,0
36.10704803760063,300.0,362.98408956334845,74.85747618310693,2276.145461437765,2.8368057659303147,1
28.577042985147898,8.519221954600255,43.15761567181802,42.4060037846744,972.9513733298621,0.8780700449982467,0
45.37962919367265,64.18962128004536,94.18962128004536,90.5079108948891,1907.117791675708,47.6881182365841,1
10.393429533785971,11.506096033078277,16.46089729686417,43.540963411209546,736.2177793235481,3.0599998778020403,0
24.005214170827184,1.9243727301524656,47.03222419119445,30.534050069186137,1055.037588700402,1.9202838097816546,0
37.93441849576995,10.545112923714841,41.15751895944742,46.37531188992302,626.0641483766673,2.282544315721129,0
16.6861094468574,4.546596423337197,116.24833833799245,20.71647609656253,364.8832663882703,3.5621043935579926,0
30.4867323985326,40.19509820183932,98.17786045441039,24.109681232836586,1297.4100173281686,1.249168236318455,0
14.257923147282185,2.3059749049536364,16.430944973472567,21.002664017789538,384.1001031755643,3.0013006944283136,0
22.625025526761807,23.297591017518048,26.029598937744474,34.3222888509768,1452.1914236157952,0.08954666031505015,0
11.284320139734895,36.70530342753074,66.52510230530086,51.505597759610446,955.278651600849,2.8341244733489246,0
22.540171758875687,1.9934910413701044,4.283231683336962,16.680037645166824,273.1203434190843,1.7620982105488072,0
34.423053375426626,37.86958605271121,238.14192339064886,92.93331547726753,1105.6320200924026,2.285038635804011,1
53.14220128649482,17.42915313787886,145.89513446834445,90.92122779930129,1409.4342364268434,2.0,1
12.846879225788484,2.7545001387316224,20.90727898608557,21.393093157722703,741.5218797788543,1.8859621859454831,0
34.09992473881353,11.68139687064383,82.27979974935101,49.778670830809716,1079.949695358639,2.181526100608625,0
28.86588828048502,60.290960719212954,369.41831448904884,80.8303066770094,1362.8713987481335,14.659148025932343,1
19.235219040474412,22.224978878390804,42.79597318517315,58.31538839418066,624.4776698757262,1.099292967620439,0
32.58593181580879,123.2063012541397,176.5758286385599,84.95469574147951,1699.5431240094267,8.186664450147646,1
61.19111685059153,28.531685409850272,171.4497324476801,93.94264599031351,1037.3151959984516,6.034759339996492,1
14.777647644904299,3.2145277733920645,4.58462937097741,31.032770390444064,566.5912130306363,1.7609802237350054,0
22.71467052215726,42.18221999494863,51.93942619122352,49.04172389322877,1063.67343874066,2.129573516409282,0
27.07909521830098,80.12457619838806,363.6536943092915,79.02201020739784,1144.3779805942847,7.557532926116294,1
23.097642186129764,5.279666466733927,42.651029589145715,44.09787924277326,1106.5074968312108,1.8487989790383157,0
14.306036811587765,9.964071495926046,68.08987430957083,40.49799255540696,875.8132272255862,1.6522677651179627,0
16.84161445382022,6.939432655918214,31.403264097763344,61.248411241166245,768.8373347397342,2.189237631103284,0
22.771832883722055,15.36757297395202,27.10079511422381,26.935423781041557,1125.6110689088769,1.9174524998672375,0
21.89163669076242,12.998911160408046,14.999797967291322,16.00602233419073,886.2240437903333,4.655543816657636,0
37.51388530347054,181.61729135527082,219.88390943049458,95.2497114961038,1797.0579060259545,6.695834377418254,1
34.92946270732969,180.72277230569367,210.72277230569367,95.97728961120534,743.6586133198514,2.7895506411184945,1
38.64146515523291,24.730065722492817,35.72851726932593,59.25073991987044,383.57262294358713,3.014304552849162,0
22.998157900189945,10.441860908021471,13.872472838613236,16.028990488595028,1517.9788984188544,1.0608831732323245,0
13.800866684937235,7.234297897528771,12.41244187929972,43.647733547082844,592.2742430743136,2.3685457729019546,0
53.043267931908744,68.06739617556573,98.06739617556573,86.1256394624552,795.2466370949417,11.871977825282544,1
5.0021797952931415,5.206129300732944,39.69952814994677,38.61676632212856,1211.782797226266,1.10561339011216,0
20.18996816598887,7.115410728341178,17.582548987490675,27.83682462472101,200.0,2.2168889940871375,0
28.141147539515032,34.518756056483504,85.06988155996656,36.57805094872919,1275.1477130543326,1.95418436223584,0
30.52312034480865,9.645641498006825,16.119758586655017,61.876045242997115,1335.6947859359304,0.18124696418355263,0
33.997184388345,0.5016083145067468,18.25548034648861,41.59046335282251,677.0060317540051,0.33773245607305324,0
41.20385523203531,37.44378165253355,96.79005894826196,73.66830051154382,1795.4562270966612,2.0,1
20.352275309796127,3.25929006917599,13.295234734190648,33.02037644245764,934.7715201861552,0.29127813052235135,0
5.0,0.9934673994173366,15.200313779231648,59.48498481137363,838.9615425549335,3.7730776270832553,0
23.583878074333217,6.221215648258202,25.30663988201557,55.26263395810452,1083.6772517092907,0.0033748059399553564,0
22.094561290785183,7.40115524638602,35.71726202508565,50.52883377896996,1215.7471737376766,1.4045917637565875,0
19.716080799165834,9.762183209663526,38.343040747613145,29.277134440482676,1188.3587783234138,2.41764419818649,0
5.174554558501644,15.522845730098249,23.464780713454115,29.616880165169807,1456.4555243572527,3.471508605334037,0
25.452752725990464,40.735336449014554,99.77265352699757,36.946391742236706,1690.1359867430363,0.05595846553346595,0
34.661647443500485,15.01832768605264,56.50114523794072,40.38489013085445,203.840266402677,1.167786318550083,0
18.041825353570864,2.8850532910171642,17.397351068376377,19.033202403180645,662.4865178507465,4.175550018090834,0
25.79971915539153,10.67729784347983,36.73532811933684,26.824580529400972,1859.9580472193186,3.039774605865148,0
15.255324544791282,5.436515794016944,9.930248360360551,24.06132148183201,1684.9615519019308,0.6307741209106268,0
19.17526189539678,19.27636911800269,110.89438013192787,54.57778889691441,1682.818089580358,1.300393477589365,0
30.645985333576835,0.7022926650594575,3.1563136813629247,62.098581949226116,796.7645028317019,1.9704197220038462,0
14.459290573994759,18.662488957627694,61.50895408756609,39.403483965063614,442.312076922277,3.6744736071197956,0
34.377200009569734,29.60496658782927,59.60496658782927,88.49700728711295,1056.2007834410022,2.8677226556790516,1
27.002042415871763,18.355345061341737,30.266697362312215,39.92068576377074,1125.7723819695343,2.6958506830474764,0
17.36702195226912,0.055539713234146235,16.685113045017843,32.720684501217725,1106.858104202269,1.5197241590469983,0
17.458446211495204,1.7861876132861931,4.225233067137922,30.104436555981355,836.1624011568078,0.891680024361008,0
41.18620349137559,75.5886398400981,253.73231028014362,81.65664965718052,1649.57295045978,2.0,1
22.49374822119141,8.090533195732526,33.07870001930313,43.6155446095698,806.3913014729724,1.7557256577246108,0
42.31485374352352,55.576955552936475,85.57695555293648,85.46867568593193,1466.6304528567848,2.7148167384795485,1
16.04366851549769,9.979580821853773,106.43847583556845,34.67394492387809,208.73653932106697,0.3544627737085787,0
38.78347582632823,15.0,71.58700132815534,86.47896181626527,1803.2891746814653,54.5963809436671,1
12.431364329013016,8.265356391900218,86.45013707666922,41.114625374923435,791.7018751854173,0.15433595358113233,0
24.079030488001624,12.482102709838475,117.43122919350246,27.927453364485366,356.5542825605926,5.1418875636970585,0
47.949810699031225,15.0,45.0,89.6280007673971,1367.4304301819727,33.31587205550451,1
17.523498862459213,8.979656114745852,11.843201648468181,55.50929252464157,200.0,1.067707939502914,0
24.20036774564872,1.603144183203127,9.562107077441242,43.686532557957676,1024.9987961777642,0.17492383544703655,0
5.0,16.366293806017712,59.92541346399193,22.600746170135327,1035.7049855445593,0.7409216986428214,0
32.928998228107865,0.9911935957694089,15.661397944840385,78.49188437090274,653.3503117067172,0.09881482807592872,0
13.88110377692645,19.126708672607265,33.08252694127857,22.658784900435798,1016.3500139890791,0.3191431189244611,0
51.331241431552066,15.0,317.85198729697896,78.90702876146456,1186.792891701595,14.015578183535496,1
43.74458420558076,35.997848666574214,65.99784866657421,86.5017174750286,2386.6050710352483,16.560231922210434,1
29.680927809706162,2.5498067578958983,3.396991814103931,52.162236184828416,457.08261250218175,0.4175903028952692,0
32.154725552238816,133.69458111860192,215.78948231941058,85.26224222029106,1589.5237375380755,14.72287210375363,1
47.4383020130329,16.444936783786176,305.84626885243176,93.18645145709729,1409.1450691368875,7.142507398184016,1
50.69592137618785,44.881075372146064,142.7555545852409,75.81293357235532,1018.872629168953,42.438747670223734,1
23.948660797975215,35.634600552841164,52.48503611429099,43.481038708382684,681.3164716914456,0.1457143361027185,0
47.30572474014071,254.00696697999282,324.6863711361401,83.37995342308625,1707.3295685957378,9.081114576267423,1
55.257510745611896,110.93693291339326,195.23047738228644,89.55964410409008,1225.0385190042007,2.0,1
5.0,24.019125166997156,46.76250112332802,11.630891834547393,1084.509811332805,2.80744890153218,0
6.9305348281709875,4.9175536111698275,100.60527353563927,38.03234653282198,758.727097313329,6.0,0
30.958741805002614,11.176762141134036,17.187289355417708,50.94771974192823,1325.1961800612512,0.2699305418510782,0
34.939880965290385,7.631504687552123,38.70328186726728,38.7747426697465,200.0,0.1717264995980425,0
22.699998237840713,16.657471149567662,35.759276602315296,33.068794677421764,915.1379256609878,2.1196243822729635,0
43.53516303036824,20.891731959646098,80.22063382437983,96.7082385427578,1671.139758751838,25.334902942586726,1
49.70142271942209,40.16803577319309,70.16803577319308,64.69168440292653,1198.8744075825787,2.9935629975564044,1
24.400105088421594,3.921419737289911,63.123804805481356,41.06038451311566,220.48507791562247,0.5093430596991997,0
50.0458476456644,15.0,489.03205990879,39.62015710919086,1924.1680097613014,3.8118734923894184,1
51.22260687386516,19.02389595307206,220.2330596124292,51.403888356217124,1396.3605059594884,6.806131929631599,1
36.75363067524615,62.8140241649481,191.340471736129,56.62741670060796,1341.6915599272006,21.167718632033697,1
26.09512500743825,4.042052141374355,21.879668728010596,30.841486802618196,670.2788279618534,0.20925378230354055,0
52.086940791479485,69.02828087413698,178.20762253810875,98.40330356078462,1543.6083103038434,16.958516673468644,1
49.33055456735852,132.0197675156032,162.0197675156032,93.50789023365535,1948.8691154257385,2.3460362268888546,1
28.79353635327512,33.9405118214462,160.24689005356558,65.41416521985377,1342.0583691237616,33.46283850948922,1
19.82763489615278,32.29180285741647,48.95534938025045,54.645726574678186,200.0,2.495146090648165,0
26.14884543845407,15.730524475352174,104.54285342003669,48.18644533974742,505.7245500916028,2.0376024262740016,0
49.69885405421394,101.2246922587332,382.9513026088001,91.11312016228433,2213.520721084506,2.0,1
19.524980344877026,3.008704330681197,21.308556438786237,40.85963063415552,1060.7535055162725,3.330766291858372,0
44.429291663340415,147.01883737748017,177.01883737748017,99.32697306043951,1726.0096172578624,8.248054448417447,1
34.108215961316084,21.62040433162447,34.83347321020111,66.05896074193082,736.6557962718099,0.1973885356718106,0
30.825466932651842,6.639388752196622,27.022889157924055,27.582812488328162,1535.9155083640642,3.374470409105651,0
36.65889701146551,79.17512946831002,168.09478779583753,76.3468687865979,776.7897090357919,46.2718582263985,1
57.66797095243831,64.9506815526824,264.4606087643432,91.1152862110883,1443.5194505911932,3.3862961937197635,1
22.82320115583904,5.717145671625831,55.69168859976166,32.59082406638048,671.4672662426549,1.5520562395572732,0
11.577014887787525,33.82679374143906,44.207250503209636,30.57971252707688,753.9181817871206,0.08542316496675358,0
17.45647372087042,19.029331888298593,40.911976113099215,34.05133619275975,200.0,1.2390876360055751,0
19.893247585511634,20.111012635421066,83.99786904629147,46.085453872977865,710.0071500122453,6.0,0
25.59865826118822,14.070388441706655,57.46681758073661,52.202214110311765,1068.884069142849,0.5561035075577729,0
12.204222000731928,28.19868305568338,66.47519987017886,32.92254833878338,1106.347293957174,0.07171387422667978,0
42.83372814581652,161.75360425034063,305.9360726077819,92.17879122476852,1090.2642361640042,3.965143033530178,1
38.44398195270196,48.17541240004569,71.53427995062415,26.223912799286868,757.2272644413493,0.08533602030565267,0
25.021213716244933,23.91220963606631,64.94064716155644,60.01608600147668,819.5340598491096,5.737233347297434,0
31.270752688964652,40.603104217445065,45.4012722317059,26.463178035900185,1661.206082442277,0.8942798777291364,0
34.71377516382014,15.0,45.0,91.0540555457956,1698.7331989268976,42.38656651792371,1
28.668554059262682,0.8222503450154948,19.413058684516564,14.701293046082368,456.386746631572,1.481970360077528,0
17.510607565575768,8.073799541912535,21.040596482003735,32.245914722482674,394.00995048144466,1.5120534412616085,0
29.27388443640225,24.803709384196036,27.746768827180453,13.081511364707934,691.8304991794428,2.7930208108136645,0
11.860180637094027,41.5130622506784,46.91597502389344,62.4169764460771,1187.7822915310396,0.4254039237043676,0
32.98321147006443,1.8994595814471247,23.08428655680889,36.47841485705077,237.38587004649253,4.983411554977096,0
26.722221824953365,20.482309818676697,39.37446387267916,54.721351111147975,533.1845557243798,1.223080825645491,0
16.787341471315194,3.528690280076442,18.40507903622643,49.47994305025872,1421.9200504393762,1.3508410112996576,0
19.454804026779673,17.540890787057812,43.21516938275447,22.393832773815117,422.10709470327265,2.675654327669041,0
16.775658283493023,11.11277232362403,51.16659053131294,40.63349284726704,200.0,2.3750435242408927,0
10.219094494426166,20.89979826077187,31.25132409121651,27.821364520969933,1365.2910452891579,0.5485690336465844,0
56.41966672575668,28.0203674580677,83.1261749507389,68.61081521658588,1459.2840128863268,2.0,1
12.448998826220492,5.379733095901445,47.704704299700516,32.41714468470111,653.3542423198458,0.17446993970994396,0
14.858727975277446,26.778727888494128,59.32964541883598,35.841229156160466,683.8110767626865,1.4503234345916811,0
43.26009201677188,116.53118102007788,218.38957683765938,74.75713079918181,1879.9405697880816,60.0,1
54.71519147943107,46.23901604411394,319.88117655140667,96.03456157638139,1180.0229736528495,14.979285750151513,1
46.13029426246987,33.88094300456112,75.60750703237795,64.46521376694137,1578.605572672486,2.3307904700965567,1
31.66431210805387,27.19679324136239,93.66255744716567,46.37147717405743,662.0878312366347,0.09510139754318324,0
24.74250102536007,6.107392384765518,31.807977931807077,27.209742846922985,804.9499578634452,1.8609395115933105,0
16.582250301984544,14.804076904109362,57.881845508863094,69.12349378192441,398.2662452114747,1.6612512818533338,0
42.0083338585394,15.0,109.65055184983771,80.18817891093995,1432.2682613504317,8.753495829455032,1
18.08441116600064,7.471667679869481,19.911403573966957,43.25417469662115,719.204938432309,0.7808122092084492,0
49.102597017579036,15.0,515.0,67.19305667046726,1926.4975812041853,22.00081565853462,1
12.458053076011367,8.598115067635947,29.300061014362775,24.562980732811486,200.0,1.8454283359537103,0
40.24994971451883,61.54726550957164,306.7419885288156,84.8970487962406,838.2713312642854,23.009260044530684,1
32.94519418305282,21.467139713727303,128.63949413780213,72.75387950508035,1530.8343201672092,14.860424871548961,1
16.939915475503568,4.6204687399436155,8.10216346376592,56.19519348274815,922.1469222363172,0.372704930044231,0
31.426290670513822,1.773963421649513,15.784937207004429,43.493404968854634,1786.8805983904201,3.4944642287234298,0
23.63984323538815,0.313368488058532,22.54696006137362,34.21775064157634,367.74921128211827,2.087042670571462,0
16.40133953299246,9.867176062416943,24.271495163640754,26.36181340887897,1227.4782425968365,0.676500597935131,0
39.72741348463041,15.0,58.15728036765693,63.63565065647931,2472.3155896925628,4.739552658367239,1
14.312238588125428,24.668704779217016,47.33807576893586,47.086248350805526,763.4392639475327,4.434917492537455,0
59.51258196513256,46.07933106405115,200.42686502180788,88.15482305543404,1673.4823382921923,18.44454138586188,1
19.082790413360435,3.3962093406920295,9.975922575438888,32.290452083165576,406.90271487871235,1.2277055427451087,0
23.97568144613679,10.255667642957903,89.83292033399226,31.008765086271982,240.88176806781712,0.3633242767562763,0
33.694577908967574,57.000157027392135,87.00015702739213,73.39648576819431,813.1131430384468,7.705795096771566,1
29.01460857248548,8.821356538036515,70.25202835767419,49.29628994603317,693.0784852039442,1.417188395379353,0
27.489591642441475,23.54222692638643,48.97594510238935,55.58655223528972,1359.2062581729074,0.8440846440021036,0
12.239876061204063,2.2383607406968298,3.4168004681765747,34.823850519155044,1123.7114951583021,1.0669185010783269,0
27.967795683327438,17.61600614348911,25.55278211306437,75.3957631972922,597.227715015517,0.397957689746578,0
21.19772178289684,22.36404963211272,48.521324083127894,28.91809327975548,1437.6950850544904,3.0017319849258834,0
36.5092043211726,69.65297472020885,99.65297472020885,82.2527650355168,1658.8913054876857,2.0,1
25.440941213149607,4.672000407184804,56.925897231383736,25.97070173843543,1364.1896743800842,2.209823212379287,0
27.975823879491948,15.230852691366017,44.6286956413619,66.52812933075792,1403.2377044739178,1.0319233140693571,0
26.05299225543103,1.0599564774538173,8.164990636366372,35.1441748293986,211.67030691930358,0.8822035520291049,0
13.656018546448188,26.103670689555216,42.69708487072543,34.99798823199897,1489.6467140850687,3.9072027665387914,0
34.13046862023375,1.3963389810548346,8.427114428715178,25.219906894636097,328.09210722022056,0.18444446965655925,0
37.35190716685784,15.0,221.33967348160337,62.16333564493549,1867.1017663185198,2.0,1
37.07522939181831,20.338555067789144,36.011424377062895,28.930322049953222,717.4467120793596,0.18011343310194702,0
26.110304693701146,3.422675082701858,24.147168896661555,24.071155079565003,1134.6698808470544,2.7613748223191625,0
28.732294955979953,6.469295010393194,8.271693209590138,71.82985182300699,1076.6478554609016,2.173142530234874,0
10.599203284576092,48.424428140506514,66.81064465753974,20.814122521234232,235.14415032842317,6.0,0
32.151754545919644,18.78533704462809,32.21350467750634,28.40067214146085,1385.6465820072974,3.664161670123937,0
42.39752484915537,15.0,45.0,86.90538594961247,1663.6640986299828,12.119884856341612,1
32.04513264390498,1.7790014840811479,13.220420434383794,37.073076769185164,838.8656399061441,4.600640181522182,0
37.34909774808247,34.18531504315903,240.00962373895638,78.2011209245214,599.20491583278,9.47238387080505,1
46.10834537735495,36.50885908369812,364.7688966478027,94.48426029335404,1542.1653720241197,23.178925615680974,1
38.255944160068054,50.37176616720418,80.37176616720419,78.8194109084765,1172.4074036720283,4.607187683939692,1
61.323368936101424,56.780363999664765,535.4853232743845,64.41415958492097,1853.726591385112,26.655915069937098,1
52.78729549438973,41.44378177474448,97.06960689070524,74.19354405326315,1337.8639346117873,15.992178389870094,1
54.32183944756075,15.0,45.0,89.17206830301855,1155.8559949798246,2.0,1
42.60389165021744,29.891655042759517,124.55973305791863,87.53149782750693,1362.4722317944143,22.248392528934804,1
36.212628314222805,40.244742918052914,164.24555577830162,65.35726348518104,1284.557843664389,3.1194478093440225,1
15.104450080746762,10.933204467678836,59.74003403639905,8.113110739535667,915.9985173203777,0.40143129516300635,0
22.23280251675414,4.736559440551924,28.398656016222724,39.90940913227239,1474.9452583210004,0.4085970824079971,0
56.85423888988849,26.697491583126723,96.54677586462081,83.15044160226091,1482.0086920044691,21.223753832458712,1
28.57282496192361,1.7170054272938513,13.079937415190813,37.92201905156516,1154.901968730881,0.13945840737381493,0
22.86151099548934,5.005906769383154,40.41278666879101,35.81278554027744,1294.9097812115501,2.095474456429134,0
21.528612365144152,3.8719010038764394,46.19813834149244,39.5106586675749,980.2937150687856,1.2753246747026616,0
38.23808396795459,22.07257606811087,139.43327363947634,72.60428912147425,825.3332152355036,2.8767381252441155,1
28.594530673724236,7.755979132950571,23.707234242334525,33.317371625302705,503.3962262958318,1.7777013369880303,0
50.4607787507542,105.54107849867539,135.5410784986754,69.94408174565292,1635.9159536185825,2.0,1
39.40559699135061,255.55598260928892,324.4061654930172,55.84165001681837,814.8555672741953,12.718986204812413,1
38.1267272877013,15.903766490613405,48.293558332776165,86.24397094620218,1112.5196648647755,50.227470519465484,1
23.52036952463322,1.6131941076564873,3.5724639408356973,24.138367551589024,583.6362255359786,0.17024211681909082,0
51.520962168796316,34.25587411976147,158.11435689122987,65.76221842857738,1524.3782110656718,24.17347077427177,1
15.510564102542372,9.205837175891803,19.236659522091742,34.5446803063832,1269.188536157201,4.713177264248399,0
29.78927206643269,20.276374105262718,27.172222866944374,34.30376723897207,200.0,0.6677858456872461,0
10.238354725168655,6.540133703543969,20.644582106308704,49.57740416187389,596.0803193361176,0.7407445986750564,0
52.671943895721306,41.190453958785774,322.15800174335226,90.76890538548058,908.2478414603861,8.603870348674793,1
34.22043674636467,15.0,189.91248793532998,83.15349852208124,1230.6890456857213,5.165252994718217,1
15.497743291161338,5.689929507011157,31.955439579926086,51.59034338222078,1225.0234375517239,4.071236652854927,0
9.90966783380427,11.252114293267256,49.12848856759564,25.075846995599104,583.6696076388355,0.20472175574259371,0
17.7148221480005,9.678975330309445,18.522608153310642,48.99024334044233,1014.3461729636039,2.157515776421125,0
37.99835965437339,100.47514955258944,234.86644173103244,93.8271777715034,1239.1099975258458,54.355658965489226,1
33.68682387248116,68.17023624864935,98.17023624864935,52.096394196704324,1056.202595417369,24.820464310126834,1
27.84564084900466,1.954232031898502,26.510743708338854,42.19763491155749,677.3274357076259,6.0,0
39.93648420036372,42.70414712581059,174.63395097844347,44.54549039170252,2059.2861158203887,6.071740401313173,1
15.374644368001796,8.077958852460952,15.170838527866088,13.174260814141467,1046.456121235997,0.11217950101535627,0
35.432728562144206,43.28285332862626,73.28285332862626,57.07487715958661,1722.662353502412,10.093574890836273,1
48.614621466609755,15.0,374.94641188999174,84.09537028038943,1309.2648956872981,26.872216768343193,1
16.284448082226753,7.716779588158892,106.5493913320397,30.329541546396367,917.757378713861,0.3836931213942238,0
44.95329837018546,15.0,172.34309626792898,61.190566891149665,2061.2955470499987,7.231647863189248,1
19.7401016086337,6.982975866616883,38.976857291203,39.56559364390985,488.6155648707448,1.6091041716183412,0
24.534361226887434,27.200828931566818,29.032641525835945,35.21169627832142,495.4222942845778,0.8869964222317192,0
31.217014300166085,5.6688646252237325,14.655215210118332,30.693482674158673,1872.3332951239,1.4524373527786572,0
52.65006052875939,38.594094561193195,274.4550951281727,83.61326493434572,1447.6674255285275,28.00370988026933,1
21.014759156259917,4.6036109595401244,20.831850698245812,21.17870732961559,888.0498309933776,1.1390763792212326,0
47.13991048863555,115.75314154954809,145.7531415495481,86.87052874690856,1203.6329667746456,8.046358565028456,1
29.847493944465967,38.070661112601776,40.18207679925439,51.014788625437646,726.5975058522146,0.8318497582290769,0
32.44492644394778,1.0966480826391614,25.80808080408393,23.102264910405303,1227.7896753999196,3.1015253418007833,0
30.797944616842827,6.663773579842608,14.24244803106447,39.84182083712206,1563.0884477169182,3.0369108919653574,0
10.38776478413623,4.363434308456183,42.07354114099245,75.74175097139862,1454.5817558579865,4.382674541514536,0
46.056648710343985,115.31239879076884,211.969701198726,45.289142272123236,991.1227883145405,2.0,1
53.330436806082155,15.0,191.5493020421546,77.63848647785132,1539.4665139742585,10.573866682259048,1
22.968365997977976,8.501961165407167,27.12563707259517,40.02354386002031,1566.0293491116806,5.927399587633027,0
16.437803783128334,0.06523682486204302,21.542676058551248,29.27370562644162,1403.286930669167,0.8247869634845566,0
27.639646031877582,1.3515817687309646,46.82856670708123,26.768397138933704,706.5155831912327,0.9888680365582727,0
24.93611311011336,0.6532418814429115,2.683018006705423,50.06192324275132,234.99837139412568,1.999758151297994,0
14.832910073380312,9.701632954522573,13.877986088163393,14.211707587852407,1194.8979329601457,0.623860804790557,0
16.553231149844848,4.427016138797449,31.869378386096056,54.73449346635999,644.8955487051699,1.0050168474757053,0
25.180523742065503,12.120096839733455,75.45872830204122,51.17489666990559,815.1070429801448,1.8199748792406145,0
28.866486564997672,1.812450187370555,10.698573020358124,28.861787437469356,465.1703404070784,6.0,0
24.562279828523067,36.77356562874882,73.32963521631885,25.134730591641702,1022.1240201759534,0.19898432410765363,0
50.7311120026152,88.02209932194266,118.02209932194266,86.45591597602383,1627.262230500228,9.906996239472264,1
25.57406643744914,4.65472097453913,27.002164651724904,11.86055362578472,234.12349295341937,6.0,0
22.86037009120851,8.134795460608112,54.05409416143985,51.020962119164146,569.7735538113172,6.0,0
44.50675570432999,22.14657314573148,52.14657314573148,81.27767061517055,1893.5270712080476,2.0,1
27.640114227120698,23.1849191899946,52.044266522744735,23.40217841337966,899.0419282240804,6.0,0
43.9149572939097,42.33220081199599,175.22695101632212,55.942451881210985,873.8585743998825,16.348724090008744,1
18.20191449027499,3.6828337054917872,122.86044521390451,7.730184974492838,518.744702058478,0.9979869127127092,0
13.644532544135345,9.927640887405191,20.38004983044743,50.756704073809914,1366.9419992751386,3.4799528701536446,0
49.22058888854961,98.178882576934,138.4859863570119,84.85928357807398,792.0334293439242,10.830858493853295,1
60.026080679714795,15.0,46.98937616298393,63.06880467047051,985.4990843427199,11.996604600250578,1
18.7235057122964,26.31341877785337,48.7232748851708,22.00176174697492,918.1446123650201,3.128123324512498,0
20.349494019250965,21.85118859973809,40.92717810702527,64.25453174138434,597.4192634253301,1.3666469880496102,0
5.0,7.0289869908328,16.652197534295155,60.40557169713105,667.5189639227603,4.051536020581395,0
35.15951028859557,27.33366838801613,61.14031979492556,57.576381851205106,408.18680855319707,4.555729346160606,0
33.36986109161211,10.498577014384374,32.271086904643106,31.573734275313996,1162.214486621181,6.0,0
31.78527867593705,11.432693767924077,20.54040066927784,61.99896353711474,656.5150415959929,6.0,0
15.986162299709708,0.03778033760976143,0.8564968344874223,61.41601880770067,468.9821936952461,6.0,0
46.563982089329635,147.4169867861528,177.4169867861528,54.33167304131252,2301.372376132552,2.0,1
32.5349552813254,66.5149241705081,223.448843138023,64.0491053631114,1615.3573928135615,19.896118715466592,1
26.54594818856593,7.688546669191884,99.96976767668149,25.259779114481656,830.8210548330364,1.8944044140056748,0
11.95251459088691,0.29321376891294804,52.51057259013264,32.734755755814064,209.90354002045308,0.9319299892836295,0
15.735078044641025,2.6159249871318977,23.565190130255885,23.267294111808248,1033.7817491395715,2.0492060011700923,0
41.4710235924617,87.09134159816612,137.80063758557247,67.4737571431266,869.4514397897312,20.802188336334904,1
26.069927403593873,51.8395154122177,56.52100786988469,37.96943058555031,1038.8292546050013,1.7378619661329384,0
21.648786442708783,7.8468821697014,29.953071817797856,37.284828325626165,200.0,1.010340346377601,0
41.875225639127834,93.77130285998676,153.34554339238275,72.85954260565866,1730.0913913677039,3.206763255685425,1
13.647368275425835,13.825372021799168,53.518870029773254,18.27481522326029,424.9477242052774,4.073263050537142,0
44.3321096237658,36.29409864652362,99.19569541400844,62.89992205403574,1005.8702525263047,2.0,1
22.024950797871696,11.203536801712819,42.82644323253753,14.361632530073818,654.0359389422551,2.879515255531374,0
34.590485696652166,15.787805202621,60.55978312066552,57.159982156619435,932.4401658736189,0.20159628611121294,0
31.320589056817077,60.53894224360597,124.5395519650566,25.907134829471556,200.0,0.8990089949612685,0
48.67003645051473,15.0,49.2775229521241,78.16235232982717,1601.2523360786201,3.5642358187835543,1
27.17604465302884,23.09352497677901,77.44685811133886,73.43091657482267,352.1104740988552,1.394998092451388,0
28.412975364534237,11.854038001925089,80.39143439062559,14.260784114643595,1436.2320428001494,1.245705297799538,0
40.68658551222866,34.788827931289035,427.56353239745283,76.13634307591376,1410.178509046238,30.432883179663076,1
23.796671794391557,1.666479707020923,17.734488532771195,44.77197291335133,911.3523605724265,0.7178304530868022,0
35.0381086765845,3.8533003044918424,153.85330030449185,22.02558927707531,718.8446170191969,1.687309951426118,0
39.270649268101906,8.40776030041707,42.64354102421257,38.88268590035745,598.5951307210964,0.7831183561588775,0
61.96921913766214,180.3958676973376,395.06887989469567,82.8025954662258,1037.1778599958143,7.2935117552242,1
21.344395228717723,32.381274290361105,39.65087388071275,10.521510446401292,1248.0569617954504,1.060685944815175,0
53.246366129118556,15.0,163.37363563106535,80.20544140996009,1410.0412654142303,19.073415453395864,1
52.66117928568997,46.435661397246044,110.32297428318228,67.95616985389728,1051.9467386771953,7.341411490082177,1
23.578717944353897,63.42050839314544,132.4899291930106,63.49850298834657,2004.5663035764937,7.548097280728185,1
20.040525859160702,14.495415332963127,41.185838158629366,17.307644758831962,1286.3710898228621,0.6930993832034297,0
27.489305791243883,0.9605096823512642,45.3266566904618,36.55375094015152,200.0,1.5613172676222895,0
20.59897092524947,12.788661436926244,32.77494723155486,36.460125952888795,228.04923212540155,0.9230721919189937,0
28.8307628587356,33.34401175955506,74.24747727927715,40.95364836042754,1553.9775296373168,1.478116385362719,0
25.4027366989,0.6032043843172679,40.71833915009273,18.4679069371267,1062.9178055873413,0.418185714607602,0
20.035660090298613,8.726865275481986,9.37257187204712,27.91969567186996,2017.743223232166,1.3094434505755772,0
21.683435903842575,22.947943990085992,28.371072308614558,8.74155632280305,725.5983957607956,0.3348968753480764,0
31.801155705929276,30.580285727296296,120.09094037341107,45.170181602201694,941.4365887182993,18.1559566810414,1
24.01375886538932,10.595825915791995,79.63648890821433,35.55275460057496,1334.107648713658,1.252596671107531,0
25.49093803172338,14.77898350245623,90.49386681757514,36.39836149231226,442.13334065632677,1.9226243553104603,0
23.966304164330918,9.708147515829586,16.812202619817306,47.41347822213905,1723.6037335488013,0.03111724991857146,0
40.018008064767486,15.0,45.0,89.9606226377909,1772.2594549499802,6.4661768411728575,1
27.233963232052965,12.992421816355284,32.299823735294005,21.334455362696755,823.8770530188192,2.291241844714098,0
42.69209303541667,23.413381862135395,130.7792084773048,90.67039264752366,1388.0378462550614,5.1044189605468215,1
34.80486127901928,7.138551371863516,28.22053831818566,21.407594705990164,200.0,1.037946739996191,0
16.688414372014158,1.00370318796194,24.22239463008195,24.848312240939837,648.5584139142919,6.0,0
27.670357073841114,38.544701287479214,83.6506096451966,80.60474949454944,1099.7649886888212,0.46724452599194444,0
54.9878737517521,15.0,45.0,86.34110769505043,537.6038797051921,4.753869631902627,1
20.837015206243116,39.3689974732913,67.59064701259032,21.6845168194719,532.8515735304522,0.09643278293250995,0
15.205740403681563,7.717077386511846,19.26222660400799,22.47850670996197,657.3415162072258,1.419624730965093,0
31.635938914839006,7.947419515093092,100.45041979793514,27.39546086409817,799.9173067975812,1.2826770856207186,0
27.64332543545666,18.608807648410806,25.66009259209205,20.535179851203285,987.1463085972588,6.0,0
8.782021530521003,11.57571540711371,24.24143756226554,21.35234734390056,642.3911138477865,4.943802905799894,0
23.46045620701556,0.17262384011924922,43.55293293983496,35.50269827242183,893.3919462872043,0.552715961643456,0
19.93861618550712,0.4482573802592842,29.06330093801624,4.383004512223862,817.5473399628479,4.102364550268481,0
11.64635609723259,7.90015925034344,28.4561805053381,59.8813925071364,781.502737115658,1.5078329023799024,0
7.3658697016449555,38.35029300717417,45.3973589227442,49.13511739819227,985.333777734981,3.0416667570776137,0
49.940230097822145,15.0,132.06622992616133,92.69005054912972,1393.7295821985733,39.15895090696008,1
52.255326880088184,130.14030991723249,205.74725885661888,90.49091585984857,1129.0680713409133,6.025191149408924,1
65.6547987151995,30.617837426301186,227.5482699377284,90.78435785721635,1165.584364394644,14.011009995998178,1
21.01203480579207,51.18032395363115,67.36741182852305,55.81151927961414,845.3316185896924,3.96792342779705,0
9.882060943388153,18.97942776950441,23.05686147507017,23.60033800675189,1416.773891533035,0.7630461490879942,0
42.99637799877376,57.125670034726774,289.8980158114762,89.63759271247108,1391.963908707209,5.02196995931346,1
36.53410226959265,66.38927173308578,98.41487029621237,78.76340818184204,958.0174901327971,24.479953828332256,1
33.41258260380977,3.6473477311549205,66.46414236469859,15.268104890989243,1540.645398530779,0.09447710040843961,0
46.65248928997757,148.54059255462857,250.400105042091,78.46965952180483,1588.5517581256322,6.05935890817892,1
24.902470947385396,11.090391444030713,38.81776671643217,85.1816684552055,571.9230730971498,0.3832659832593414,0
27.854654047700866,106.7193614127167,136.7193614127167,87.03335809630978,1060.7207297180023,41.03991196484241,1
16.673912417275154,4.001543016020902,95.98692290031867,11.61319778985918,1262.304876625597,0.6455437255360854,0
39.41327571101512,35.94068773717364,93.8837702473358,56.72713455263075,1538.0851414538304,2.0,1
5.0,20.396261135433686,28.940462976239303,45.956978470179436,229.73721314543604,0.8249514178945172,0
11.45086447513421,6.202226803051555,39.430987211755756,8.032885906924648,1693.2151855480329,0.06609725524818781,0
29.099178583259118,13.489208693422741,25.60515465626913,59.93487855220548,1041.357093979754,1.554558365951667,0
27.37869215967567,9.464208889534067,22.81316677195459,64.8184349818797,840.7271727702388,2.8473139075977203,0
16.973372707878855,20.785400783005947,48.034309400598474,19.158440238999802,1546.2985847052023,0.4349850340977774,0
54.213851601271045,15.0,198.37863671823942,62.68515533721683,1068.2190744001632,3.3162822843305406,1
31.02921739636421,15.0,112.31394352653409,57.69261426978287,1036.5011813011586,11.325308498947194,1
44.74804872625991,25.81108187529874,175.06161745413334,75.5256519836104,584.2926539267015,10.065353971426758,1
24.29146802403135,12.929277327304971,64.8157275371581,54.400786354891686,493.7896624769768,2.7004369908216073,0
43.006267067384755,69.59723079642035,106.74560278471323,75.4696272611508,1501.2173945659888,27.79474927258134,1
17.61990911516926,4.083928319951436,5.460549993055708,51.75444448609618,219.85560300940404,5.436325481166622,0
46.3476699555177,148.21855766156585,178.21855766156585,85.7121560456673,1165.7724946260726,42.60458876945279,1
37.76186400672235,75.00209934844722,191.58418626406737,68.19068840546441,1627.968251602297,42.17747864287345,1
18.689863687645367,11.792874182085603,19.059210743459595,17.77068693401015,363.6542192608937,1.7439969910862128,0
18.777151083916742,13.715210112160094,34.85531082860951,55.817700760409316,273.8437741873919,1.460294805210346,0
25.660411896476823,13.06885359706242,26.469497717354468,62.38642597842923,1515.5390916124657,0.6064284463953179,0
30.94202801585927,21.810933679452653,31.189205120607102,51.05977734205194,808.3360678197198,3.93247478625941,0
39.08553341038568,1.302128660322018,89.12240963025658,46.590884235169206,637.8453939130084,3.138193227912502,0
37.60464143860162,37.26084474331811,67.2608447433181,92.76600720171955,1945.1960655330195,9.61155777920069,1
28.695069048544152,21.282173619843128,25.620190622837807,56.371651638177326,830.0370203854762,0.5260855352117857,0
46.512421125250086,48.984976546319466,78.98497654631947,94.66414802462079,1967.8810834878818,36.86689814962066,1
21.10413583296811,3.5445325628668773,47.559477776096514,21.242911635249477,1042.7383133919957,0.5478711734938656,0
16.74247499328997,5.128510494693426,54.137504933916716,42.60122576229109,526.3916021567161,1.7567498639281787,0
33.045379391195674,15.437017453872159,71.0551410924892,44.10350639639354,1643.730080391198,6.0,0
44.6521868621227,32.01761823265779,73.30779440050921,78.14449076017918,1109.7416587238615,2.0,1
27.899761391158076,5.814601108000529,27.400643258822946,23.480744142335926,520.1007031331515,5.711289556732269,0
12.084812228617137,18.140848836787953,32.73669284500725,60.43667065886255,438.18951926999995,5.495885930160065,0
22.67623693052202,6.483173335005638,49.49274167492304,21.29685786065223,1146.019091197083,0.3158167684173843,0
12.560038339476856,18.508180183529717,48.19849828549361,28.710366379660364,958.9428729914277,1.9407671337273866,0
9.962679959671654,23.357489346258244,46.07287502545395,30.87540131174365,603.3086581627715,0.3088228091055135,0
29.97740356347167,15.0,69.46669829382802,86.90428247313747,1907.1976253298176,60.0,1
55.574475284712975,54.53524899783794,245.9448831815282,73.71012481089896,1473.2827783248479,36.209122365543635,1
24.243244497849048,10.499849281102552,78.33861363107904,11.409457364967684,515.8154050535807,2.362811038981785,0
18.91635454676405,35.773450633066574,61.36721762452798,30.790035375845715,363.9920127781386,6.0,0
17.645555335395084,9.301341383966703,21.33479318318267,19.70336581002634,709.4312896201423,6.0,0
45.755892119283764,30.36108887678102,60.361088876781025,93.89201949846591,1693.0393175745005,60.0,1
34.65357132619723,3.3242523045162127,29.96519455233009,10.96460785368326,200.0,2.856795032890623,0
47.6308102954333,44.523456364464174,154.80978173677548,76.60920414290598,1525.8008903691252,2.443004936582561,1
5.245201214312516,16.95457840271669,20.13669570501365,16.470580346475924,1365.1729065725785,0.12711066962837783,0
24.016240481921507,8.227442612885467,66.36388613359514,28.894807847122344,995.0710458954281,2.7877659463374758,0
37.4567117807553,33.66882163432259,87.05421216485932,57.49611992556295,1547.851557445058,4.62049100197031,1
47.7042670815803,51.55612713581213,81.55612713581213,82.99251875206967,826.073815835293,21.407798000359527,1
30.86578923799241,19.169674329603595,40.90534792916725,57.8324788871728,1871.017955873645,1.001534854220672,0
41.75653759720741,128.45579524700662,158.45579524700662,47.82784669451105,1184.407160925368,6.5326417988746135,1
31.092131797066465,55.406701642488144,111.8323280898513,63.083786720930405,1811.4436397487395,25.92778777806084,1
44.23288214503426,23.03180349166422,252.01468964918377,89.44555321801656,1396.5839622156343,33.76630348996147,1
40.43478689203507,15.0,72.03773998798331,79.34432481887777,1363.098278959734,21.52882211426748,1
18.246009103343777,16.383419516082103,83.71361435574667,29.73533886113005,546.352023111319,1.42390366167849,0
33.7157994543112,0.5062843447103262,1.6837221375122273,38.09133874559066,1625.9598768288533,1.8835579994229643,0
19.8982489701634,9.025166514178682,17.068200321397093,47.579213061408126,200.0,4.684233829840288,0
26.168844854179973,20.543768515268397,42.678960160632066,56.58612075180057,1126.0928241564611,1.4973072140819774,0
19.912471344776122,6.570797606266355,71.18912059507932,46.63628043659212,1711.2236242996678,0.37182452802947485,0
24.881844042722573,4.554454583267386,76.04174254139105,24.43605830639267,1505.2895554099032,0.6138598711216813,0
24.116999812713193,3.5267612101662364,38.089433377408696,16.61659634278251,228.22978142847637,5.6984884471130375,0
26.468847932501223,15.599041387113362,65.97490004627788,85.8956348848256,1138.5012055508691,6.06454987388919,1
33.58362004617517,0.7822805188941151,10.185320640845683,39.32010553922517,773.2712215290284,2.5338745729548937,0
19.928937239940577,8.235653159184915,158.23565315918492,4.441256950218928,689.2452530783554,0.549101041762027,0
15.546188732694867,21.089238570458676,35.00491174477217,45.816222569841244,653.2527337008861,1.9875511950682172,0
29.480549543193344,10.784342052934074,46.09564608398487,11.007429374330174,1291.7523126946398,1.3653450926713522,0
36.23301804124552,29.80824007867947,59.808240078679475,84.48687966588987,387.4888333755415,15.361806146131778,1
35.727854333353974,9.812974473229067,25.328163119128376,43.257950949787976,904.770236537174,0.7803001422803011,0
33.471286224293735,25.577982411395865,143.04335212768936,23.544556806230784,1064.4741208123464,0.43526159577981005,0
28.532419180802084,0.422203324289334,150.42220332428934,12.525273690932556,1171.8774253323645,3.6237250320145704,0
34.53900554556968,75.97897860612264,168.51533893111514,64.27719287774816,1533.2411978294865,13.130716074350234,1
33.167606488017526,2.6758270140901486,9.288031746948782,22.26762727779584,1028.4695962077813,2.3736810873039653,0
41.92295341273199,15.0,91.36462451996503,89.45057578572431,1055.1438826363592,8.388712706762037,1
61.24762667721549,39.7900114720945,229.22546785493705,74.03153097383918,2154.90839722156,9.555335388741526,1
23.866194008151467,6.534722311067915,35.989099740730175,49.03013044755905,308.4307231384239,0.8854193798333521,0
69.60110970163444,84.5845233985361,114.5845233985361,51.78758903704155,1478.8489549454066,5.887364980027718,1
14.842158866190662,10.230589779451558,18.551996582081834,18.471972700752485,1752.5849549268069,1.7912203491246128,0
19.661597921996297,43.795800369129,80.55918235284479,52.04000324547023,1251.1157936548348,2.0765203385410502,0
26.786441478334606,4.446717682495077,25.074946020818746,39.15032174750074,662.0176259526822,2.333110898867035,0
45.0,1.0842162154592259,12.954086319292598,60.812610739858755,354.54080326439464,1.6823628606666947,0
32.68095085672418,80.0,81.26465053326207,63.238345328514086,652.8739764794666,0.04592259414495727,0
22.88351315277377,0.5904723840879912,39.93889664066326,77.08034048915864,748.992089669463,0.3900014997648594,0
32.09443766212624,37.41522710540092,135.82665394472514,65.88348826349637,1550.4138555414956,3.144348351315326,0
15.052476251768264,1.897965314110461,40.41335692517569,62.09660834202665,200.0,1.4747585109171568,0
21.16406636594493,1.9664987603370367,60.366954658191446,17.169500681659642,963.7547641985633,0.9014887794077404,0
33.337352486761375,0.2560457657884429,101.16543931258656,27.156174711932717,1244.815282202481,0.9294465264663027,0
52.16279232249459,56.28146856825458,164.8412644901931,72.93485317415089,1539.867693919142,2.8559981824017786,1
15.292550135294825,6.9643647995210545,19.5174476428927,33.63745030233664,691.7554712128073,0.6437327027418727,0
41.99200109443491,15.0,146.88170001625534,54.48543812556842,1926.3425235336404,9.729107652785057,1
5.0,33.724392207795546,35.9545290787448,55.77923638237976,1260.714742379494,0.21755137166678828,0
41.89377788224262,15.0,177.82919351824097,95.4086959162156,725.5955483353982,3.301135966418075,1
50.35302805174552,106.95130870034737,157.06884344788818,81.07640215935518,1337.857033995178,60.0,1
27.099845380286563,33.28030561510138,110.93204127595753,22.550988059819403,1789.755394774479,1.3367687506852608,0
7.535283582459154,4.537588311327947,21.441476283588734,43.02595866074081,535.324856486149,1.8242375364173373,0
44.23313180589905,20.72783673519955,164.91257315046798,97.06350669087792,408.3058853779878,39.963601401674495,1
43.997160311287985,73.76548662955074,109.91967565101552,87.4913379579083,1054.3977443524236,8.037319127167724,1
44.883819289042584,99.91225914563674,161.93683451160368,56.27774996339322,1084.1225403253948,4.169524314320621,1
10.832680398133267,17.31046523189148,52.524541393186894,38.53034947090979,1319.772629095441,2.2048908763300767,0
54.44638401707336,91.33938952951117,182.06776821266504,70.49581712248033,1495.022932052821,15.589718602677893,1
13.226449619309882,15.181027123372335,28.539618755275054,53.12145871432045,1180.9453778245138,6.0,0
18.248532375288143,33.51414314760026,72.48529790328917,49.339125659503054,803.9349085358713,0.1763812165241516,0
5.160650703574397,8.473127187312913,17.455857343641796,24.323597228213124,200.0,2.281260227725341,0
37.35401298566388,40.74486546274308,70.74486546274308,78.45439014261625,1041.9930203308224,12.956530629893956,1
51.373858552132305,57.67974676082021,106.02357833590301,92.09991310660753,902.067588176559,20.795025830348038,1
8.077421928512464,21.82443848044435,33.93986254394094,73.88550367763357,495.67881434812983,6.0,0
5.0,23.908272504778573,68.0358555379066,31.29089448849434,1006.6848474708413,0.5209536674901053,0
36.66703101317653,17.91909273376902,37.17762351186906,39.743346946043204,1025.3727212586182,1.4453207850584726,0
45.58343451949428,15.0,189.7849288692153,91.22342998668942,1890.2760759949606,8.32154125988549,1
52.00039862889259,52.50133433999847,82.50133433999846,87.89123761004353,1569.403406572252,18.229954710275724,1
5.0,52.87499153507885,80.27269735745611,29.638809597371623,1043.0869995970438,0.40702376440021876,0
60.03725496313607,65.16750573738905,162.33993335734598,74.02556458097649,1717.3959073807682,8.483861126393887,1
48.87815916931605,83.36837137366139,113.36837137366139,55.465291108986335,1107.9726474631198,22.941593614371612,1
5.0,11.94717041758349,19.852593384985443,25.845090093860357,1239.0048621188375,2.0266120477011977,0
37.464750024691384,99.90889034185348,217.73423677972102,83.03006240831424,1645.3814679082943,3.7831455724586753,1
18.639932908709266,18.196163984777225,19.780736114499312,37.44912022322146,859.429254457884,3.5185639450940256,0
37.648472688639266,181.68966335271406,233.54991735071712,47.90921493176927,1746.0353171334707,34.33716160891657,1
42.666831071975125,114.2154984034382,219.5730961586725,52.65410016374478,1426.3122234174632,26.005214343952186,1
5.0,6.48171293899307,16.371244376984095,27.1310447925567,339.8167348374791,1.143080923134005,0
8.208396649889215,18.228966104137715,166.71498784425026,42.15663944831355,250.44994697094842,5.1942202488869516,0
39.621920893576366,15.0,45.0,78.11143839697205,1356.3649482081507,43.24132663392011,1
28.448748632424874,47.57090530192992,176.32466838256488,49.0004038937386,348.6650299770263,0.04765395399134928,0
39.206105486738664,138.83192970700546,506.68148634797524,69.19988830253332,679.3530897685201,5.091791837169902,1
48.28845907024394,15.0,80.24693608684109,95.44808423469952,1885.019373704034,49.234436818306285,1
26.814798763643616,7.787427541115036,37.05987192182259,42.48196360799752,1384.7972986474977,3.7790589904977927,0
20.35435990604925,5.5239137952367825,142.13605252422138,64.23934663789008,1410.6317608685501,1.4092471372686235,0
9.229222091003473,4.607985926302366,11.013233862702894,46.1640988080986,200.0,2.9225899371628787,0
44.1671597348957,15.0,72.73294239292136,87.16427134703342,1817.2260893874072,3.4479277966859923,1
13.993120115059678,7.288840053363006,35.814496251699524,20.898947659745346,604.1538822204041,1.2656650968275716,0
11.075413935230953,17.368130941068934,31.896110251274724,70.70139058846496,960.5151442775986,0.7221359209330492,0
17.042922136988754,15.376872895611823,73.12692269293498,17.983731642886816,989.073120566001,0.5559699683451068,0
16.26654787069086,0.34708068023658195,41.69222581794391,73.35190119411634,841.4168855232101,1.0710128898719755,0
5.992322004156492,0.5050737893050689,84.87204513045825,21.908935553476816,363.63028987939026,0.28646117109904334,0
27.84273251418997,40.097200334366114,46.79632402045015,22.39511474194936,1064.6127497994999,0.03269821155745925,0
17.705531755613436,4.066624723138797,10.567325123769587,23.294438770871125,1229.3437207201264,2.272263795139328,0
40.28227136118632,210.9120043832024,277.3143472780336,94.25198142708619,1101.6206373526932,2.0,1
30.31128056858362,10.96218551843059,14.300921605025776,60.899642994103296,708.5719441282936,5.562855808006503,0
32.565379027707635,5.1112622184311975,14.791138216719428,40.13849348355715,1396.0669679234793,1.9010805243239954,0
16.775871876786038,3.3845193919864904,12.3522546028211,50.252147878714936,1207.3702260076334,6.0,0
39.90267706115372,19.699212596857475,140.71797240355588,93.2122252684048,1460.399509441491,2.0,1
22.869959597113052,1.1770997363819484,20.214875257582484,22.60056822168608,1720.5538979290081,5.997032083401539,0
21.18507316383233,5.767376814889093,14.176732360332306,19.886860838311815,1325.4649834733,6.0,0
19.15842532747405,6.5258527786588,15.937559217126955,29.915922605425255,785.8145043971242,5.491504348057156,0
40.58650623693877,101.48437514530355,131.48437514530355,81.11146320759907,1302.3155530807062,31.732388063015378,1
35.65947092228326,21.637120860933127,111.58837759862992,72.95576378012912,867.112386744621,50.8171829062936,1
9.612731484036395,14.543924121533907,24.29299722174914,30.989801168449844,993.7102390037187,5.5638622971442055,0
51.91018276062736,68.19105719165287,118.88491306424716,88.64490867188347,1633.443145743105,56.83690851296777,1
31.00758514894364,3.9598277063960636,26.66611554746448,36.348009046118015,200.0,0.00026406323752869326,0
13.490326037425316,31.43502331390674,67.48379765804688,41.4915564808529,1116.7699042379486,0.42784769629208086,0
42.01923323661185,85.19434271120377,141.2226880645464,81.2001734804636,1533.4596710116582,5.21701336558705,1
33.009896288119506,188.6842756566339,491.1241103180589,86.42815857919668,1074.6355592850377,2.0,1
16.79439898643988,24.6911585427728,31.86172462783209,45.61825312791321,643.883783055643,1.1971654243036502,0
44.039965305032766,8.878634607133375,37.07716408025975,18.215672624694992,572.7316949586213,0.18905818503964406,0
22.324996674063513,3.6759365180783576,33.68141943434719,32.43336154949539,1161.4730857624686,0.12489483578775207,0
26.656800686082683,3.646821639635532,35.64706051232789,22.696453101060346,726.8031797943197,2.864783478870861,0
23.309919173900568,125.66510203057112,176.0082294040168,56.903866207241464,1353.9231462284483,8.239942892327807,1
36.71987963868297,15.0,55.459695349037105,81.97004447159917,1465.633774165441,2.0,1
21.482720726871047,5.762976271317124,40.1765083742749,46.366717497447866,640.7595561984624,1.2816482546823587,0
18.380032305279038,24.82051319893363,41.85674330793748,57.06466599333362,754.1109852707358,1.2266635594756348,0
30.307546429536714,14.115304148573472,18.926386529635906,14.701096795350418,390.20589685899364,3.61116704425281,0
10.708209547355604,53.80190988010331,161.561025418424,22.383137944511887,1040.1398310846894,0.9843769865297807,0
9.283740984315541,3.6674223408580136,38.56645114989423,20.432450874245035,1339.5712262353118,4.033367311309212,0
11.701210813462229,1.9825620754431363,31.045827783535845,32.70896764044523,565.9457960135051,1.4646510462837834,0
24.73848736756163,13.812644004258711,15.933518637307028,16.661564490739064,1402.59177375839,1.4726304160462655,0
25.36647917524197,12.915028475273425,15.53690273044528,20.98820246518845,656.2136029649467,1.2981198139314245,0
27.64908957005351,3.6768512929439336,55.78090608921691,50.6345584537786,1136.1591834427936,0.18314277847326368,0
49.625835295200766,15.0,157.16561323499877,61.40399294429809,1441.4530615890258,35.72120149158564,1
20.28815259126383,18.0745895476093,36.451595559190345,27.61810857653309,730.2885087861064,2.7561377842564103,0
20.497994733653186,11.14433950454207,72.61159602057224,36.65900059103251,1303.2220716265103,0.7911344475672301,0
49.96976975015173,32.30397276763094,62.30397276763094,90.97487311614643,1275.6549794840307,2.179905893833279,1
15.671592931003822,65.80571460856284,90.84286816559333,24.206222493655744,1206.2516966140145,4.554224924160931,0
26.34846365989472,32.94365600442594,176.42337419099164,50.34281291045646,1751.5096617728543,18.30342185492953,1
14.554792771805182,0.07188410764591725,107.50116027232481,60.65586176253793,1214.1306329271624,0.08992141584099925,0
43.2435825344235,170.89097502651936,200.89097502651936,81.9149375527944,485.3899841123107,6.167783767960725,1
46.61994285297556,19.3245088609023,118.3011820216286,71.24003406087753,1799.6942609792227,3.189856657730372,1
37.77742252335393,4.096960014101922,31.85290433442688,43.80855572564189,764.1200124256135,0.5569937449438672,0
14.362926581007926,6.518391260895823,95.0227236107191,48.8492794153184,928.6657109739648,2.569881727732669,0
29.129931915457362,0.5194938015962056,49.81968654989991,26.48049860863465,1023.1741879895062,1.8012302695033906,0
45.0,4.452865262377793,17.0465412966404,35.74891743457888,822.6603534107393,6.0,0
15.402756853006656,22.602561807904422,85.38293442395442,34.733161018347424,1090.2417115165235,3.1872311060142247,0
59.34618525637943,74.82851188873649,104.82851188873649,57.71584721190904,1714.8067831214066,21.437616083349667,1
37.8547011997087,10.93702914290592,104.3723493844868,41.51579529750195,750.3884294165763,1.6074202530043236,0
27.08626321019932,14.749005586249366,68.70944503523488,72.0545378212585,1178.765248864257,3.1086491883379663,0
23.424830298652726,11.985320582745837,146.27560669886083,52.3949896710787,1133.2044355282912,1.1677610968563135,0
47.08573159201273,203.1146894064403,275.3257670589405,94.33146672459263,1222.66847973095,2.0,1
42.09532691654398,111.16730115402777,228.04688922949475,85.38511355101468,1248.103235110999,2.5290185414235484,1
18.36520998404158,19.81129958453783,26.446375793973864,24.3951534689249,1179.2855350821615,0.668227465395731,0
26.488229093242584,0.6854034350905592,72.86721714793511,34.03740243270919,574.7070617654418,6.0,0
38.44269377194402,19.256400991820946,80.70795088349705,29.142548020659433,1379.9032869081097,0.49994006119711565,0
24.807459493603883,27.13151220728764,33.83626628676179,32.928499956632066,1612.765497651101,2.2397438445705062,0
17.07894941425838,62.89913201768371,124.20358008444725,48.087231936381144,1230.6516925368924,0.3499730635313609,0
45.17989176850872,70.83646576951602,142.93843554131553,86.48790648562947,1580.089093294282,50.388422411465946,1
22.576722735198068,31.87894292559118,153.3086894083185,59.35643027750186,707.2373059340066,0.6883680311744872,0
15.217995711044187,5.5174128860963405,19.537028755245935,19.29296087528254,1049.7279592912232,0.7131684152828882,0
54.81445635947369,22.66191932158657,170.28502626839816,83.1933096447093,1579.6584732123636,44.98781158590924,1
13.116568000610444,22.251739757407737,89.94202612900747,24.338571628066866,1054.3479872720416,2.486136754630649,0
22.14655620805242,3.2469957651029615,51.09619782520496,31.878132492772576,803.0865312740624,0.9599770325513194,0
9.948316793368036,1.7544524089899476,99.22979378441195,53.9548197375151,972.7123927646069,0.33328625027559294,0
39.199676594359914,35.6650945083311,163.5147761688454,81.90417922326624,2026.0298082072952,15.62986745154556,1
42.7472167656881,132.69826611659772,201.6898798148381,81.52176427568803,466.1534746067042,13.76901603020503,1
18.159137067181597,1.363520593551237,52.3741769178673,75.04992107021405,568.9798506466883,0.07785716364390147,0
33.811346581008245,10.687610325350574,10.834309885078605,35.31405250387881,679.5675694073813,1.4196562180784342,0
16.78178684536264,31.398995534076835,43.180907809410485,25.167900950489447,662.2635761835566,1.3219262531670024,0
5.0,10.85930864633235,68.6915223044278,16.310489983359297,987.4562282382898,0.1796153123224379,0
40.22115476643343,0.5025521588073447,22.510559595920196,19.875193276389034,1370.174553249938,3.7665631315721,0
7.593817093213628,10.652606630372366,71.24315269183305,47.46625177759144,1132.2403757289944,1.5915691589173633,0
17.300704564141746,27.952436022141235,32.559716627843464,41.53550527293403,666.2150613883471,1.7522169424857987,0
50.13878744835766,19.17160418912013,111.7683654264528,49.589950496785754,1671.8637258264166,18.665943393563794,1
16.040726374055932,30.874244276581365,34.295834628312846,45.44837341963045,1579.5107358804848,0.7749218913114657,0
22.953456989393988,3.1038013145087624,17.266868288899985,59.437152998985795,863.2137831622114,2.949316883422096,0
27.456945987925724,6.391283450552656,35.85776959803698,14.555462683534753,1135.7095669126197,3.3792778967216717,0
10.808377898776552,12.83529818327344,27.65948050910844,44.89792629968201,1204.1058128817685,6.0,0
20.550327467568902,37.085678747641396,42.924186195207014,38.22060486931213,1323.966215553591,4.299673958398523,0
21.945809248388755,0.4373298138752874,1.2880101394525842,20.81265525434463,420.7689586216517,2.4101534350206926,0
35.50634580491515,0.39669074224890527,81.15334812116978,30.64746874121866,399.0901238173195,4.698005166915192,0
26.02039990077756,6.70833175865744,14.18168864563745,71.48568945535392,1409.1992448090186,0.632701634311457,0
5.0,47.587102849527476,57.86301280983491,43.53473448048483,1038.1146820915776,1.5836197143344377,0
54.058074685562154,21.775129483861168,246.61063278614176,78.47005741502761,1379.1001836095445,2.0,1
45.39099939776344,39.168621588978304,88.55820569670146,87.35451667983521,699.5131105683762,16.282764597686352,1
45.13632797558522,15.0,236.79882968550433,78.72740837860374,660.6595440264566,20.96956895591024,1
13.736364573076228,40.8560513007533,44.78585689384277,45.56581058266055,1069.4416895602385,2.43942432332462,0
45.5477233056966,56.504326190309094,127.70103134337484,59.202500314275156,1274.8864891207143,26.803974766421025,1
67.10598189242,71.54834240556367,108.62049459791908,77.85089018294636,1198.0828280215908,4.034895717839193,1
24.02575957142828,22.573002341785454,69.54013979855745,53.97097771867332,1552.8182303747985,0.15760348305250657,0
29.207969060169724,7.9128208135293345,28.383749920036742,51.855950671294906,1487.863665471552,0.5210583890942952,0
52.29769184714075,40.81340732624413,335.26253040936575,74.91606121696377,1610.4508437904708,30.147724110838848,1
14.226151266923031,22.869812396800985,165.94186827539139,41.458509828584994,1168.0057708689292,1.7906286542819954,0
19.74568707252098,2.305000208938299,14.825871591889939,37.24663671182527,755.3996961273263,0.2710212111349235,0
56.40900626284993,87.13992107316905,218.7951462960075,79.66679108008212,1161.9591380175223,12.224078528567064,1
49.419061131981344,16.88113037668782,125.81277396186944,90.2559886573572,1764.0062541027514,29.725327900420716,1
33.01644740226119,14.586735814695404,39.61717107579538,31.370480962545226,1770.0102717689608,5.670501921372898,0
14.755051291689803,1.551910060474549,76.763022152954,39.63486412668778,1151.3910115589226,0.6604099695757986,0
26.38611011025338,2.981724999621946,136.577061897707,22.09592926151526,234.13427450649124,1.1930024707859055,0
45.78745046031274,15.0,356.3461212246058,75.44900398196775,1692.8529506020648,47.84027736599332,1
6.754487323587593,41.59369768641493,50.2115195559016,34.250135794741496,1000.8325301960398,1.0802742621922137,0
15.786203235522233,8.839579485972939,39.72875176750507,24.83700595797225,1328.4569461075562,3.219638444069305,0
10.563075722937748,16.54693328618783,68.62280156817748,45.24391785211628,656.3774454757097,2.4569237000752038,0
46.76013872622247,15.0,45.0,81.46055839703224,2339.258298264099,45.49051438849583,1
38.45707392895243,105.28763822822285,138.995433780729,68.71014827743329,1202.349924667622,16.968424383579162,1
15.345899843606666,14.545582851210956,94.04238389527666,41.28190347903388,761.6614983721295,2.660331514028993,0
52.88719045064191,15.0,45.0,83.13800283778716,1320.8564070010832,6.7833360812088035,1
31.602631165163864,174.430539195589,204.430539195589,91.62355547785262,1324.0802516222047,2.5512605445801415,1
30.29206309912523,0.5101371634391657,26.04923129763464,10.052369790439707,1636.384089080047,1.0944602272203834,0
12.995729625364088,26.891305062932165,103.58832327320384,39.21969708240863,945.0133983005458,1.7727324277620051,0
49.19318197157749,264.04639380013316,461.421832200136,56.78607468637984,980.3341094707828,3.458840986556133,1
41.22865197185165,113.76655572708434,466.4788824390387,71.99828689962034,1554.0240736068718,40.33643676870115,1
51.58512868545329,214.34628369979498,244.34628369979498,97.23735948249804,1618.008461627584,9.108916922791444,1
50.120639888032855,43.40741438745059,332.80323380234995,54.61731885298248,1135.3797728861102,42.074566784162194,1
29.37696430950097,0.9064974306755578,32.128532051627616,41.37099636427652,256.34065683547703,0.1548869813128744,0
45.0,39.90485819182575,48.229846406298996,17.041919367433337,1443.5847627948533,1.050233404369508,0
23.4289576995581,13.178942680304058,40.401699745367736,49.459482452550716,603.8732164982234,0.7086616152213481,0
12.52903505285284,4.172463030468379,154.17246303046838,8.796426781714176,935.9324513396416,0.33315792758273605,0
20.807377976457467,15.87079323300671,31.34924132838232,31.995444215736867,766.2938332901617,0.616283749093994,0
18.175152869547176,20.008386895902948,21.863705190000474,53.23461581980072,884.0024902410779,2.4991077194239315,0
19.126365116123893,8.859845599514053,103.14252474612368,38.57338294374586,682.7885125640105,1.019132390913576,0
23.32370841345419,21.70369745543491,43.149985727653956,15.052986816135904,539.7509366946401,0.3683278379675178,0
34.679261629572956,21.222041300817292,72.4587646867442,41.59837230007149,1096.1031371829938,1.491964479425156,0
28.31481152695345,7.856766348621233,49.79352855556763,69.92312620285851,200.0,0.0523502681180277,0
31.466283818226806,4.986875824935734,68.91557855599586,31.451558198935654,200.0,0.689644466230229,0
31.48775701172714,15.970712786581235,44.82656620515213,12.812443370227832,922.2819749443207,3.7677903737530687,0
55.918342966220465,192.51378681445695,426.53786196985595,97.85738205050765,1564.0811612938974,4.789800798648032,1
32.66950468261245,15.0,149.0688391977892,83.60611116248275,1758.418583927143,29.74642212242265,1
21.45165554453377,8.062822840972524,100.08294063401439,58.08513961885,1890.1631139579222,1.6955421528460421,0
17.79627042076796,19.225954179118233,121.054017175334,29.997492400016334,1172.0831525220158,1.8174311102207719,0
21.538188805727163,27.678172034790524,32.62054910426417,9.330398605405152,665.8143850681648,1.1838346637149642,0
25.019616727312407,0.39438557299740434,60.00552865267392,62.77489403793406,876.0839085500234,5.302832986291368,0
17.244579178910897,9.369457488010555,54.8371010109024,51.40259322178494,905.3928142991707,0.00134168136194975,0
12.247046675003263,19.728002144191176,79.5101289850212,43.18265552423715,928.9200230945521,5.776700254594926,0
32.639711109499245,5.560825649409554,61.90460892056207,58.519218497577796,1304.503938379884,5.8112024330592895,0
31.36501280877806,33.5122006838349,92.55587991362253,20.659052708483244,639.5727659906636,0.5060524389241382,0
28.01188745892368,25.2194269747384,85.62731775873233,34.71803308554208,200.0,1.0631636744394963,0
40.13413062541725,15.0,234.27627546140582,47.73368815967154,1200.1795900368609,32.42373313219644,1
19.755006559171157,14.307556850223403,65.9015805138482,39.10343949885666,1126.0983537286743,1.5828221600525259,0
57.73775582148486,120.98424495020537,194.5511119505672,92.08356752204962,2086.1830159881956,29.218794399454566,1
24.023940465795302,32.368918244258595,32.761636983911565,29.128187045748856,978.3712772177555,2.26430772217731,0
58.902913107951626,300.0,342.1453888669737,90.74383521406384,1326.5137606089781,8.829177866417611,1
25.08484783016757,8.24604749454713,28.45213277024601,32.383274257168424,1392.3691543216441,2.465853619672103,0
18.767667654096595,6.227596827353463,10.834975286094673,43.06575842095101,1195.7604244048393,2.4055515267695036,0
21.918543295534672,8.212346915444709,43.25261696678979,23.829276890198496,200.0,1.456189031219135,0
41.20563775132263,45.91519378418297,82.03448819737712,94.31439328660072,1561.3074359228879,10.925307887677063,1
23.87118924459028,4.019949353321597,43.83386443252681,60.005479793188286,297.2871388981778,0.20012027648422276,0
29.677158548771683,7.059057881035107,59.05574391837064,49.421629316033865,1574.6149002563632,5.053309517013861,0
40.061606019591395,83.03989801566101,129.75208733795915,74.91563758290438,2010.6547621936556,3.561249467049686,1
31.29847054007113,13.835587871632164,27.04599030301813,60.05988571918828,645.5872239170417,0.2376687505181862,0
19.838368429736825,76.84944539517409,129.87822218127462,20.88960400757501,1229.5420975805575,0.5169837663474731,0
28.707612427684612,15.0,274.17428030049604,95.05332808609992,1582.326284170455,2.0,1
39.868398000174075,15.0,62.11265306977762,78.67022707401073,1504.0403769822206,2.0,1
30.07434372996349,2.25881704220438,13.248915419702275,36.599635548819506,791.9608599051686,0.5047077594062156,0
52.148520263539694,60.18869848338797,112.32546351512471,62.9104219792719,1965.4439618353958,23.07989466307534,1
33.32397030852028,7.73921451465469,86.58616145381541,15.517530876079222,419.4651596864924,1.2891173897306012,0
42.52922965433075,14.00015627768423,15.032129065713267,32.678757555710014,1287.4257895179887,1.320285816406344,0
21.586812043238194,1.6465438744289433,9.193986914848788,7.755669730175967,200.0,2.367424876667232,0
16.343405843774946,26.561887124820494,34.986625543619255,65.61916968865302,1570.1512921311278,1.8941630461823018,0
44.48776647377007,96.41357653704856,134.77636359894055,54.99823042879507,1692.126785118714,11.15186523734365,1
45.87649202996569,51.22119650218366,166.58640703581273,90.12451968814457,1925.1781361632454,2.0,1
27.579496625847497,26.447473534267157,428.6336026121236,76.28708537906789,1441.574613867697,17.52255714521369,1
44.00870724028923,15.0,264.34593476291786,85.17775249141127,1029.9995254581904,37.856025558219606,1
8.628486103713175,2.873494703178196,79.00935559863669,39.14735974161225,1578.9434614887218,1.3697238513579577,0
23.674728632654272,24.496390111004306,47.583387233421725,70.33150326804045,763.3770754099287,0.3470119492438926,0
23.28860970562638,48.44535174399267,87.46580951960388,40.398590925670646,1057.196838115007,1.0632204339030673,0
26.23051931957579,37.03087924673028,104.65820995445847,11.17982195725137,1261.0512215156116,0.4611268142312526,0
27.777959834666113,24.19612664358665,81.38076972279022,62.9592549684708,1463.052837213299,2.1072134364287556,0
39.497396769736646,4.953195339184854,63.641204712903075,62.25759807577316,1148.6862799015146,1.9216026880986314,0
18.836636180331194,28.175397470193396,80.20626909046788,43.20635328926209,772.0297019386926,0.13242977029490338,0
47.59818131393614,178.5964306623312,208.5964306623312,86.36630126767527,949.9054106921137,18.985592837827767,1
27.081422013909744,29.58131852962451,70.81209889953752,85.6283998059665,200.0,2.981938341675327,0
15.714180586680076,25.166727874871928,43.8532151870459,28.512085803656927,1066.896032246837,2.2340778606200065,0
42.42650298904533,29.79074305530734,164.5907103048053,91.92539015569757,882.319198465755,2.0,1
25.39059711628569,17.162923850682187,46.31225289193525,42.038352848685285,1151.1467037424986,1.1014508247314831,0
19.613802798507578,13.878406235190296,19.48978419066759,49.1005440151448,1409.6869999585067,3.297081460980378,0
32.134176078268126,75.91368517431522,76.32961145322145,47.11718489460057,1769.0528141167656,3.018839850950558,0
7.027090479994502,12.083045551567778,39.94847483634625,45.98404255032563,943.8898588497107,6.0,0
18.585375151446577,5.899431506748856,11.940610023694923,34.832067501469666,1817.3268017750634,0.27743020958405473,0
31.366788975009133,4.747525096689206,52.32400764295463,52.7838018148187,544.207222930226,4.3611815664146985,0
41.01203856184991,100.49206290661292,144.7398000272483,77.18464855967665,1205.7298134918829,22.008379454846732,1
48.730674970652245,15.0,45.0,87.82656115275836,652.0039217483014,9.612176948496156,1
18.365910031002862,5.3285159775420015,10.704283728334282,32.360013941489065,934.0240959961416,0.34482398160860717,0
19.040324304814835,8.429456361985865,8.9651389492087,47.72980672114094,1213.3656383066502,1.2453232370483514,0
30.818220242350023,11.230062760478996,11.891090094342605,45.7062515780536,948.8659877754677,0.3061097123180876,0
9.117555632033866,12.855422742264865,55.43107634320722,26.04289923144787,708.5080533398351,0.34802681217149956,0
30.147572054321092,2.2978868884249426,48.701876754584845,73.37528045943242,1817.0829481536043,0.7178211523644075,0
41.866281877966664,141.09742308527686,187.37076713008122,72.70994527595671,967.5811932266198,24.153221645774927,1
30.009483422286575,5.008612513093884,8.323655359902375,20.893829262545516,1211.561979152284,0.8247415708681081,0
44.890412065814544,67.49259830446168,97.49259830446168,88.75597651433036,1180.1897772861566,3.0602106245578513,1
18.680924657165942,45.17520221630925,61.197301258876465,26.12378218663438,263.4656526882395,1.7791795723321147,0
25.050339954222544,3.982692605609575,16.843149585977034,20.549258676230505,569.0727413576898,0.3354933851517865,0
17.44304726340799,5.428169339948454,53.413706207218816,20.63362196253784,439.41378977494315,3.84702441117203,0
20.271310605007642,16.802866741512318,23.23367060034467,24.59428844150036,848.8348832808725,0.01063361075182549,0
39.210431961224884,15.0,109.43108223623948,82.90059482172332,1447.8840538544732,12.744610330830344,1
50.77705725751879,23.350842000216268,116.06760847764738,97.26549458936887,922.0745169317646,51.175455475326906,1
28.17169004896092,4.251371934410552,67.3839145246564,55.0926997341868,385.14351494304753,1.3225880164550468,0
38.16046877645004,173.17281028685693,221.0904006169757,88.95359187748606,1753.402817865312,8.914637716554372,1
15.899167920293934,23.93394392040705,56.26962502527937,24.271453083814798,1475.2243143942783,3.1891411376892203,0
26.168288135425456,25.899101632587453,36.162037492132754,20.87163648906633,849.0507835543328,6.0,0
38.26704807463562,46.48672309796997,168.5714105649672,80.14148615548984,1037.4788450088618,25.893780199961512,1
45.0,30.827273214624494,51.97467201478679,29.26206673037029,1078.9178177410804,0.31448469168193566,0
34.78862571780891,15.0,364.67610033459823,68.53451003013487,1183.016303584839,10.34281194932473,1
10.004639906424321,13.204880565530452,50.05873435440783,19.683075406006534,1214.4971529030443,6.0,0
47.84340523459436,60.84171583659801,135.38885378615143,80.86723322385258,1483.1686441085894,13.029339124904046,1
49.42028091116511,129.0911454972456,255.69187829918022,51.412999892729076,1571.0844678515853,5.271472984261466,1
41.14600482194103,175.44324942980919,205.44324942980919,73.30677888979463,675.4590178706338,2.0,1
27.53281394916456,12.524802344977605,16.419166228690887,35.83401043606643,452.6814871563314,3.0485415351257,0
46.28657221488852,111.03549030634058,141.0354903063406,96.22067966546767,1085.4135741269433,30.895671447637415,1
49.486990118145386,141.9851716146742,216.85082795720842,77.90715302627451,1098.6914215670947,3.1476033538023582,1
52.07546576715888,40.419708810617315,173.44104465963892,82.26529520862572,1297.5217004553342,47.94164589179012,1
16.994952133191795,14.631846203579322,45.507355661170514,18.372777253567726,537.5261513815158,1.8548220776036388,0
21.85747369248104,37.0192281880421,66.76267267996934,31.206484304161524,1486.9712774982759,2.059718138351499,0
42.70117312382179,215.2270534481499,249.50107441219342,66.88790045393776,1645.934139320084,2.0,1
15.304951238903513,13.318648278589869,19.944359390273952,63.204185325530695,311.5890254400816,4.043420529395381,0
19.82379624516954,3.3788928615078877,50.47761075429887,16.90240855099464,903.4468297927028,1.2490420274494822,0
49.93580880092174,35.97683323046928,65.97683323046928,93.51805647207746,1458.6849604462586,14.31525583247786,1
56.11217327884077,15.0,45.0,62.573574001417875,1501.9599982969016,5.21323128870249,1
45.48994442817458,235.78285243221694,574.0661159067533,77.6038421246911,1576.2515393637104,27.239718040078657,1
26.436100307233048,3.8566277637288358,5.041056801030342,33.165860135462104,200.0,1.2918973918383123,0
25.33086265087629,6.048232885673472,61.23852040701429,36.85085698797896,1536.2067262680457,1.8028727129259543,0
33.48460441915778,16.25579971339238,53.75366266343737,46.411063621531326,1011.7673858625416,4.466050854173551,0
27.034770605368905,79.40956817104068,126.36519307250109,77.20125263538971,1642.5073428635792,2.0997499608367933,1
25.42084012967671,26.719550995671973,97.95745329200798,10.731495563925304,1631.932913482347,2.8335390982221096,0
45.174299089811186,47.29859860314406,208.68130434167952,89.99502806715401,995.0676684758109,60.0,1
48.672361721747954,70.82622192525031,158.114942237265,93.8193075583569,1764.4531085066483,9.440716815028804,1
22.71379698608244,10.568770055507832,32.509155597293514,22.239756828245923,1126.8702752645886,6.0,0
23.89882564031891,20.6895251143449,57.8419837331076,29.537882243371914,714.2592847785744,4.461185296801015,0
17.26998779847552,13.660897204927997,17.09789705161503,20.749677304022583,390.8230659363304,3.120263351235931,0
29.70027811974587,2.5951545288169084,7.576275729056174,32.87610776410476,1090.9444099217455,2.4367259670878254,0
24.546678508287677,7.197448075246663,103.17358841354095,57.546281410065816,200.0,0.2909501370501066,0
23.112763357059563,1.9476321631732232,9.087575471510275,20.942813906345997,339.4838396543579,6.0,0
25.113094852866645,5.34940768249864,20.495898942345868,34.73506702809811,1744.7971347288112,2.3441166655724324,0
35.894175899994465,103.40944883381924,194.95400729463825,83.67796106079524,728.9035319128539,10.579428272645032,1
31.706771382936267,4.344770450692392,31.463312189841396,61.8719889205219,775.9393190157137,2.4286778348218347,0
18.209918351439324,27.91172047610364,37.30301663440797,50.23279152297629,1333.3787777288812,1.5977719645780595,0
34.9679870641749,3.934569195000957,72.91625624381513,28.95133431237716,1304.1804497421194,2.461367571820147,0
18.710743995346863,2.961678563588662,68.22480684396756,43.97018575976872,709.0768314714222,0.0982257039063717,0
21.399705970749412,3.6133587303219423,46.70487739618999,24.874266174831572,1049.8298302285036,4.145328004544002,0
14.527581588613181,2.1229557231082223,75.16804898880333,43.806353981377626,1958.0526851117122,0.3971519609790072,0
18.174974039112122,11.362940311469131,77.34108894301202,29.311323666513296,1360.445016843787,2.3471866909552963,0
10.930768664971989,2.287591142519608,93.43699271651089,10.176570494849175,821.8665122321297,1.687395538863157,0
46.156324498839396,20.457873650652108,303.67473427370913,53.16880527922733,1183.8357570144574,21.093465415413345,1
37.181030482317986,69.25552679671634,99.25552679671634,54.274872262983244,1344.9915996808168,9.550916911412338,1
17.629512386878417,13.468289977455271,75.44000227337372,55.893162788981584,200.0,0.9144817692168534,0
21.047888419731038,6.837766952024081,8.766542831704061,25.488720934771308,757.5263351944236,0.2165193991894189,0
30.386685768257937,18.060066752166936,23.533458999010584,33.10896552192983,1238.3992113137308,2.2980108894839084,0
19.932264942032294,21.692727852642875,35.62335757350893,33.78567561353311,1105.3088260166555,3.2367077039202994,0
35.719592128084244,5.295554693520286,10.63395410426859,21.7220560123069,804.805576065399,2.8728446743113607,0
24.401973179701155,11.775193116088417,25.864987698110724,62.599194868484446,1264.485903375477,6.0,0
23.384075869980443,5.95491579020888,67.84645994959274,20.14652804466201,1237.5524080043997,1.5167876703968668,0
38.80994644050441,15.0,84.71460151318351,48.81794752095344,1143.5128386655474,4.750431705849824,1
48.88382326030771,98.90377751239858,217.59336716304892,67.92379069742684,1196.6815566661853,15.036034582075551,1
41.68992983134608,11.440442210708094,30.378741576764206,17.275442660532256,1359.3789002734463,4.65547110708419,0
50.73431843761377,71.74336205335923,101.74336205335923,74.63708315823597,1737.314182184307,25.034183744962665,1
23.10523684534756,39.41603554056186,56.805035082314745,22.861243129384718,1425.3486902986174,2.14729558475098,0
27.385600932248366,5.943484919400381,10.808041727965128,21.60245462780295,1273.9235853583807,1.947609244427034,0
20.14241721897878,12.339051023174925,38.40380719628057,38.92709743183963,1232.9244415065064,3.943479272701919,0
19.217554471069082,4.469752324418607,16.88011973549331,53.2711573763528,328.7043820464312,4.735057254163288,0
20.9966676274094,13.384316801984248,15.97891061919135,14.357388498361129,862.7229909988786,2.393496537290326,0
14.342123071095033,27.280824094773845,53.54956223853527,54.433585067138615,813.0035369595543,3.433716465607202,0
31.478436470733325,24.56895763170364,82.18562891648966,43.95577096334585,1463.9010148360624,6.0,0
57.35632925570821,99.89394984942544,294.49138491663905,78.01219986992972,586.4163198209982,2.3096884579253727,1
13.465137004595386,21.872452212151316,171.8724522121513,65.31272822561986,749.6168275627292,1.6172478244423107,0
15.530606265071455,13.559355283272978,22.942271559791685,10.101285394055676,1094.7976973171167,0.7358121392051612,0
58.26179841194688,39.58210678764747,142.43602812137888,72.92456008118582,1570.446022091084,52.956694778594745,1
17.159294342442713,8.790241453852774,17.914158061110562,14.73973026681317,954.5016275860588,5.258105852378383,0
31.136034309078134,0.40627206393472853,15.352462435397397,29.6280364067441,714.5328227025798,0.31421351871559666,0
25.91395961455724,20.729052202141656,52.670935595102264,29.69594254584809,1644.436286403582,1.6802075863212278,0
21.084520171039117,1.5274798052514467,44.9176142299009,9.827591289035558,958.5217456653636,0.8829507082324043,0
5.0,1.422251249760525,4.903049158347052,37.35785771696063,1262.5899258845932,0.5864222391543662,0
5.0,18.889015716108037,52.91015392450056,30.64252891847038,1232.3623940975972,4.501369509561088,0
24.962401252392937,46.115429719118616,84.80222735681303,53.906282693262106,425.9208071250556,3.701825387987113,0
48.870858334414656,15.0,138.73227117165862,67.6261130062163,1024.7752223632629,16.514206740341066,1
5.0,16.331211172344723,23.298539237348667,54.92643523634605,1822.7253489716281,1.9124354036386182,0
22.756548896975943,11.758441137116671,20.787668781822397,30.44636210856087,886.6041109712306,0.48031995538493133,0
13.882904006547063,3.2932456316046843,17.841814045169432,35.44854721174301,785.7891775923649,1.9963657133633734,0
40.863094941342204,15.0,59.611853405465006,81.80634823329878,1459.3233124674407,2.0,1
37.67188819702469,45.90912504254868,93.62364640957892,16.814385444070286,1104.2990854057298,0.6638417238313785,0
40.12473676253074,15.0,144.30022791013909,41.148340247038306,1653.3356515190887,12.862142037341187,1
26.46476873381287,29.572891707279698,160.0379898647001,72.39164426523821,1130.3449322294027,10.354258777500604,1
32.63183062363481,22.817621794709193,45.1113522810424,30.55510372906066,333.81482344028086,0.6035616522146172,0
50.74658097938882,38.80716737322747,68.80716737322747,77.16544184658763,1444.6093799340113,2.0,1
29.958115003956355,10.387995655903552,40.86353418965095,41.39257594633861,950.3377476980994,6.0,0
58.65961116675879,15.0,113.35081873516619,96.02372403548122,1461.669306206781,4.102469038893167,1
20.6574690647886,9.59665046975045,40.886082413302326,23.864598241630283,841.5998619109189,6.0,0
36.654227132344076,45.01546976137012,256.2387614963985,90.19545533978591,1035.5201501792849,6.490877431072295,1
19.016582499387628,11.64069151359836,12.6894785613438,53.16291441772895,544.5430259024388,1.2518868359713704,0
28.580431019308442,0.822223926160834,42.761822008779994,40.94248859960537,1113.0352648869589,2.4694880598371123,0
18.8212121739451,13.010666099091766,31.835308360205367,65.87814711419551,1320.9213147500202,1.281295145337182,0
64.621739591678,18.327335430795305,248.75597630422152,73.8917682321579,781.5570673919732,26.298062992336938,1
20.254759988167308,2.288764711976997,55.18141620120282,25.10430918208948,200.0,1.3677654816506304,0
19.795130627668918,2.878722758356254,4.194558980320264,35.27139880519839,200.0,1.9480048969235684,0
49.6282846950775,122.456578714579,294.7473829566809,74.26452752337764,1293.499382908117,2.0,1
43.03762473376861,300.0,365.85373106460213,93.00712272647007,1460.410076813066,60.0,1
25.784447402497413,30.321873967526287,57.87956861063621,53.10306813344475,200.0,1.5317557682489737,0
43.975373989526425,15.0,46.845962565383445,59.003547952052706,941.8621539109911,15.891519905460678,1
30.936608025464942,243.84629019532642,273.84629019532645,67.26256168713124,1452.3109991322513,13.034950077312091,1
22.338886604529584,4.42050258294048,29.721469126379596,18.506031543104175,754.7090268924829,0.05031205753733557,0
44.36938565103399,15.0,48.15543131492292,82.7897297717342,1326.6295375066331,6.343311524261836,1
30.354306946970276,21.849651702785106,130.23816097897466,49.253402815983826,1017.0546354574781,0.590086918785085,0
29.394902249378138,4.446086665232875,5.5599122866561235,19.121872025355028,392.7196614387422,2.3800787694475223,0
27.32423952651284,10.092958474871109,98.9155582610246,21.032895382787846,825.9850216628367,0.09226521328688893,0
45.40027644893509,15.0,89.86633339726947,70.34496707941366,1581.9496779018166,2.0,1
47.70700613310239,187.81572611706525,331.14228996840984,82.85916306596442,1563.56839875892,8.591509028027113,1
39.86757982032533,25.49557771287959,160.73632774833285,38.3817093591859,1430.37266192882,5.195009202457143,0
47.15967335055421,100.91604423362902,139.60214563560746,78.60996813198692,1641.1570844763132,25.05014804315389,1
26.878116761672263,20.37916719788197,93.02801068103088,15.109257125762305,1439.7753624906168,0.4538395985845618,0
34.368132859263405,21.89688840122542,128.5648474979283,16.847818356899207,1418.7818640824248,6.0,0
26.113767240152065,58.79589471327731,58.92795899117736,70.40045250727513,438.5278362016209,4.243108624764675,0
48.6485624854932,15.0,154.87822022845074,80.45236315746239,1320.6705038797752,6.967695388579988,1
23.104921088847373,10.863805557549105,58.21756449958322,22.210367964934676,556.8087475257792,0.43789273799306744,0
17.611314237913,3.7114376287941875,57.49185857492872,40.88669985185837,916.9368043295304,1.4135124820567755,0
18.85277844669995,40.01798074259655,48.953217255555316,22.46371903274141,928.4823644322789,2.0957998596977094,0
43.75600519612927,92.11695838115858,131.96126388599168,70.83273913675178,1387.8877461220477,2.8882639410822892,1
29.067648276478124,11.263269747214066,72.18242324564808,17.81220982798033,518.7262301975004,0.4164978570000098,0
25.111688600311037,3.291723097665006,34.75477833289864,28.797715092886662,546.9424188540528,0.44891410790330394,0
38.54463270090281,15.070495212487328,127.65059772216028,87.11027486999268,1583.925924322216,10.97280205556605,1
8.690593193119147,5.65138658173219,6.617334314594307,28.376001380296767,1502.238653772948,6.0,0
14.985986655922396,12.381876332992055,25.057017857075635,34.47400195652336,910.3496132564295,1.9910164590150325,0
47.149314902417125,15.0,122.39172989702404,35.47333414289645,1522.6397986336708,40.002529232254076,1
17.090161056999946,10.661070304022424,35.28118634638487,63.197079122430985,1152.497540340032,1.2844300303290197,0
18.929947643553046,10.653854478388377,13.07012853409299,51.96461637487189,630.3143495609393,1.5482415084832917,0
43.198471900425595,128.0318476823924,267.8047159222288,95.09270229643109,1456.9841317066712,4.3305576878695735,1
22.932268666202866,27.781123758926785,83.03803599433907,32.08625998146648,1029.2711410650477,0.9575043781981384,0
27.815330704108927,15.0,45.0,91.32937497417304,2234.307508040519,45.89196204000277,1
39.301205566272955,202.37420387915904,232.37420387915904,83.77905658409013,1081.9985325391694,5.549434812763171,1
18.765769449066042,13.60326437422836,38.456712447345325,33.974492293958534,1200.102624631761,3.0984780523975184,0
27.741835359990922,14.676681688179109,41.386663308548464,32.187582458548206,200.0,2.758286997879034,0
20.352941157851053,24.391102960494525,80.66680804847928,40.191591872815394,1045.6402563767901,1.6062126419644545,0
15.094614942868795,12.903915653604795,63.0884905289047,42.617356687335494,1025.0825432055844,5.109934277711038,0
46.727101712907945,15.0,162.47967817342658,76.34706821239574,1447.5766601378796,2.2977050484061152,1
14.11930741452019,24.929358712001317,36.37079159102933,66.88457526824011,467.82572811950274,1.428107053122003,0
22.93385655905342,18.389118534864817,19.907152501773787,44.643570252495564,417.1005874867634,1.1372523394176586,0
29.658860698587276,17.666509421688357,71.47223814750525,95.2598028601878,1340.9177304346529,16.44686222529509,1
11.476015558916366,7.183503276300948,17.935499343347068,21.776576059863743,970.5243404640267,0.705251343433713,0
44.392266550454686,109.78682094197582,308.5282498076883,85.95055854775248,1920.7925034338482,60.0,1
28.395612334691087,38.42731687795262,59.764063198481075,49.32317616200619,1104.909154290676,0.2878759241443612,0
51.64045207410989,44.99776584755602,74.99776584755602,78.1782101908649,1946.5401037535103,60.0,1
20.378653168602288,34.9880652585189,53.05928402736848,55.03100180123207,720.9169676734188,1.0257703161447183,0
48.01800269348124,84.43867270674333,180.54441417987252,92.45439768689042,1124.7868442604527,19.922977040428496,1
26.147757448434426,26.714071828341556,37.82334873556878,19.624953531440028,537.2641359466681,6.0,0
9.290423176083557,9.885096652385293,41.99621583269876,42.45627452647552,827.4105260333099,1.076621968191555,0
50.73685994610611,15.0,45.0,87.10151624777488,1075.0083467100965,19.048609871066365,1
39.19077712517698,15.0,123.01889275122038,68.57384623924371,937.8656979038769,43.88901331215104,1
19.86161104054897,21.73140917575666,24.26315878369013,60.821090120032586,1610.1037647384587,2.1280323491549815,0
27.918698565947526,0.9677312780639409,37.4651226461176,42.40249854700717,986.8873334983344,3.5027082240613883,0
20.19067448016607,0.5272210605103702,77.68909565553695,29.066814025326472,1481.8763429894882,1.146454553149031,0
31.715966793657934,111.1254987182137,210.985833055584,53.39766320022446,1365.333469475067,5.416790373263122,1
38.50827017909167,15.0,338.7385160177983,93.23021015780634,1646.957007232541,59.74145247308139,1
46.05002714434255,36.68275837085373,91.82221543561553,79.40841510303656,1381.2941593713829,18.100682938788573,1
6.611754328333822,7.493759696444511,53.87017719526696,54.09129063347011,1223.2022980854017,1.049232621184865,0
38.1594622841297,133.18647734151,229.30892401011477,84.6563256195389,1441.306252726733,4.426646324799094,1
26.25506175720772,1.284199409064463,58.94305963358861,36.12588003495623,1354.7549483029475,0.0991148614232293,0
5.0,0.4461790930925992,22.696181279047842,12.592101814859507,344.28252186199427,3.077677792723741,0
29.52335603310286,10.136671294516981,12.259773271104155,18.52407665407862,692.2979479831581,5.516153104348763,0
18.230648977368876,60.80245225747821,70.70792227950116,48.89499141195871,1311.9460487413949,6.0,0
50.93819161938637,73.55801218176961,240.88169426128988,84.96320703017612,827.9625226889383,58.42004660419515,1
26.355574394816703,18.394729337841362,37.89286792361338,39.15957425380469,200.0,0.3900033482585638,0
22.03511169279511,22.087488155401992,23.900861120345798,36.61312370491484,777.347657084982,0.04905089924867351,0
24.661890916339257,21.342685733305462,33.240957846987506,17.263165209280913,1052.1624057625174,0.26498732022299376,0
11.173053595442596,0.39692347154678975,8.087121201916574,20.16830718850974,1308.457373311277,1.3966594186505297,0
28.327071282951525,80.0,89.51458429374549,43.70615853507714,1096.5566728568097,1.2094418251167074,0
15.587644955995115,2.890318769839242,80.9317359142415,18.489054147475855,672.2780546665808,0.2504093649454637,0
50.13775569200604,103.56894631246453,149.72272995117874,92.68871549629627,1509.596419685441,3.419378101336595,1
14.059180352798013,8.520797785296303,35.38912225013296,29.129566604869588,200.0,0.6234661748880543,0
27.790306958015226,6.607460001358673,102.8794811371961,35.40743868594697,488.09178583121746,1.106485760028744,0
27.422326366596856,1.443416566531008,4.767631852227536,48.98633690087203,1814.309555906301,2.0659336339242245,0
17.770529333376388,1.2325274645412916,58.21343286413774,18.66234437579824,832.2865335441982,2.350579797237226,0
12.974416285378972,13.250989517622575,21.022639613012316,79.77230779378183,200.0,4.657384337537305,0
63.90001638546664,88.60945618076906,165.68673934881826,95.20784073364817,839.2881768164543,30.969114510811615,1
18.993814533171918,25.745870198788225,55.12279976612913,24.597418470838615,1220.4744737954065,0.32480069259943356,0
25.23340673646181,2.8016175433917585,11.791928491917586,34.34410932295485,992.0412069414808,1.0137329020574086,0
38.18607474476975,15.0,45.0,84.19077630872161,1284.6064694175898,16.713984897624364,1
5.0,12.893601567631428,16.87035661663889,54.86197317355703,1332.3965916617021,0.47324121241494016,0
39.85521263747537,24.393742233502035,54.39374223350204,96.66578782726899,777.1927282823377,10.151740079924625,1
19.91961356312531,16.564330851676374,19.03843620739088,36.972176787070275,253.6425005094842,3.3538055314457864,0
21.440773445324698,24.222525837423873,30.431577576860285,32.55664271382856,1107.3721271000454,2.927348825544124,0
38.22589880656756,64.18145646288271,194.8365214429411,48.47921228773153,1437.1761933357384,52.3543248510475,1
40.96943850402309,113.07574409116437,325.33129809538275,62.589383146923595,1444.4594537976568,21.65321727415955,1
22.05867463239667,30.69250932614161,68.67208472430421,70.00856399788093,1241.64094928391,2.4199444361469755,0
41.20811552544779,3.6833378227899383,7.567002766305453,24.78566636544356,973.7692827799359,3.44236500506417,0
17.196913573022563,21.90116966674995,54.535409095539876,34.58744243178541,243.54461207223756,0.9494554497866048,0
35.80013490152789,22.15270744832245,83.33438476058555,89.18434746931464,1312.208406103794,16.16170046265683,1
12.964759766570744,26.231559170880523,43.86644931399124,45.730432301303935,769.6040888455694,1.4356751779295875,0
53.7752557736284,59.155493009124044,89.50491139373773,85.0534830836551,1328.662576644279,53.51356301310062,1
34.256483174866254,75.692072725555,307.92857498048784,54.4264185772446,1675.2662338711777,16.802156703841288,1
27.245119599696764,185.447308839376,215.447308839376,76.14583703597837,961.4836488597382,5.965493813376176,1
41.78562208710046,120.89048215759024,161.67751737162772,92.46225337325502,932.426573773877,33.59362247674127,1
36.20843635372051,105.13251728956301,605.132517289563,79.37544762221897,1238.092130852797,22.580222936090934,1
24.285324629709756,15.007397430348611,91.90564921983037,43.47693058942815,1611.1244157817418,2.2007416452517985,0
15.721134289780093,2.6882322075738134,41.382658533597784,88.80159881993188,942.2035827988396,0.769809219668057,0
56.05634988167536,60.500978843625404,93.12905189531466,89.42177685247847,1481.7816014258888,5.098264108916732,1
51.740745705820025,88.30985331599463,144.71998896254382,59.850260962387445,1661.5638893773723,7.662117861194832,1
37.9674423916795,258.4271500164543,452.1281124384895,52.575522658685856,1188.8298385170622,17.393009091933315,1
35.62809355705776,25.434708739000826,72.07505081178203,54.80828965382224,957.505467604767,2.848851155201878,0
40.31622803958145,104.67338550466494,165.89885128868448,79.52885764255365,2855.7409213630444,2.0,1
52.20787321665257,15.0,46.18496468868355,67.97285208467035,1158.5075676187175,45.7399800329448,1
19.870016896564284,0.3315102381210539,80.6423735668902,38.680044092777585,1076.5154038726853,1.7352979838264422,0
10.196692857288511,80.0,133.17585255158124,37.086669667366294,1036.1026712709315,2.2592429478527953,0
29.346431703344564,15.0,203.84579492059393,63.73977367697976,1832.0786200038497,14.785178954565648,1
23.981153140816026,19.365362388570656,67.67303500634229,18.632950477219527,773.950100263296,0.569970260191015,0
29.984465949698425,9.075245474643474,12.043219009680927,49.48745605661199,984.2760785487621,2.8710086715878207,0
31.5344161898214,3.180122628481264,25.588537167006617,55.262813246960285,1378.0451125652855,0.9037218148060867,0
20.725272059378547,7.772925328871664,31.53177246156866,48.65909091246225,1406.512579309934,0.075699314834044,0
24.27776723271624,2.828559056875704,112.1856644055334,40.180547497733244,473.1676940406711,1.8092559426434622,0
27.415375159656946,1.02147888324439,57.300354466502675,40.09838990484245,869.1265162649358,3.3994124513012243,0
20.084087306067463,42.50362749603493,110.48825768023536,29.676353915058517,1077.2234386212206,0.30845852992318123,0
42.51778147622512,29.108586191876622,128.05435090191915,84.24220905586934,1759.5556186628446,6.943737892887961,1
34.08185636927905,51.414366473513,81.414366473513,92.57571503436958,1523.6550155134014,2.0,1
29.11465946686052,20.509747866942895,38.68614961836893,25.187545071328593,1378.0521002479068,0.8797688894863536,0
24.826316385024978,21.39633532427937,60.17270700400268,17.088849701970215,503.8394235104187,3.3435094851060176,0
27.349910281182993,5.1201409307532915,45.48906886349832,21.46338686700692,1038.980043418316,0.3707952189941257,0
45.3352370887425,45.52159410865436,81.41503564221371,89.14828091039675,1449.601365367863,12.597073249871015,1
23.397667559199267,2.4069837258093147,15.219763720437431,7.540255865934445,1556.581217811719,0.4930186117025123,0
45.84269074873926,15.0,196.06463154834435,65.03038534290717,1291.4197808450183,33.937810472375695,1
54.51750234413883,40.51184424141578,385.5403611110589,72.403898446658,1660.5661838128713,5.999844724621077,1
20.90479261096627,21.61773201943799,49.088961696308,13.036779004222687,1540.2407081108227,2.45064769421684,0
17.709648339288115,31.016042751457654,57.32162606045267,20.90980481662473,1123.6998964665536,0.9309835445623371,0
19.17154779836521,39.96990970727669,55.678105361452566,45.27189949700443,1305.4442725732742,0.4022646185998338,0
31.25701515719598,9.035825826523391,47.708321734862054,33.2849080719174,621.1370266030724,2.8532178221671805,0
36.833563351081004,33.11647946352138,63.11647946352138,56.25885509978391,1455.2265188628862,16.765909054849146,1
53.672218276574924,40.787905183086515,70.78790518308651,82.69207966825543,1746.922134683723,11.566162548545288,1
17.364224247090572,6.221399988947121,35.72335349305516,36.59415403266661,1372.3663527662295,1.4675183488872214,0
17.61667335011055,4.23011999992909,30.543846943846624,43.09171257502169,885.5476772381517,0.9037196949005264,0
21.460787511174406,16.747774345120195,47.72104660476676,30.87964986127108,851.7999074376896,0.6867332080251214,0
21.002349489980027,0.037151496585790755,13.621479018541768,40.963084962707256,513.2764858602836,6.0,0
13.697230956989868,1.445084008340602,20.498935602709327,64.70830823790882,200.0,2.4451313944596285,0
43.508911228884934,41.38020648187328,147.6704485200852,77.58155076365276,1477.8721931341838,54.024284828759384,1
7.619645178483239,12.316751042462963,36.31444717072305,72.10664280594584,817.6296893758363,5.1872656963353805,0
37.62870802758468,129.4274286184604,244.17381239197675,82.4393174591034,1504.5895493162038,3.1965836713199005,1
38.91921909572625,31.979677669413427,253.1620199502099,74.87278227239075,1111.1043793088038,22.772765317942333,1
16.285157373050428,3.545977557558187,22.00733506572371,17.558342874480424,701.7712178100758,0.5418711034073244,0
47.64132597704779,25.592036009257594,89.02367272331199,64.57508501149852,1511.460181402804,37.71930617484614,1
30.716679500846737,7.693925956226761,26.542567212150697,26.389013065794142,666.1218502768126,0.440012470300076,0
18.77273066580875,1.0563902484589383,119.95425332903908,46.46068702949452,1131.7820210253083,1.9052230659823506,0
40.94198870771313,16.387447792990464,151.5993182898392,86.72062798060833,1790.6707110624748,21.04327236025402,1
26.539397516164865,2.893004503398688,11.648239372291744,53.388597212810204,493.9755594166976,0.1990912163871506,0
9.32169588028983,2.5559617999589515,152.55596179995896,40.76582516059159,525.8205414547847,4.945767201443443,0
26.20926609643452,2.3600756814066477,38.13977672468449,32.736007375961435,216.91164372478465,5.061769905586285,0
24.999360066048286,12.47541311300444,22.262556755387354,52.29337988385362,1072.7269626856114,0.8824261952948729,0
27.922646211691355,19.49945058583837,39.650328383261396,36.18586835725673,1084.855576289239,5.902409857934636,0
18.855429923079214,6.049074268483062,13.416321449900394,13.694693648949109,439.88578838803585,0.34921127532105006,0
40.19061026580435,25.813408807850735,112.2223178348425,76.93612358246676,1251.2106109899382,14.380980801541806,1
17.38492971751066,13.897653458256782,27.529319918169186,21.419764608026863,1055.9184709549625,1.0861311419861646,0
15.407394889595924,2.2951341906685125,24.186977653368945,26.689420138068893,1157.7148233588878,5.734773428554139,0
5.0,2.7819340056140054,10.257525242223293,67.00889859204511,441.5841606806607,0.5692533978840358,0
26.09059854625438,30.69814736695405,47.39245002985149,17.58098757244747,1340.8892983497626,5.44781446914951,0
41.49248860261048,100.54000243893316,214.4939444954075,48.527807009019575,2000.8081780514422,13.574566384016581,1
44.72558995173749,39.68597061999593,69.68597061999593,67.56481454650144,2426.7020899030235,28.94160071878109,1
42.09061378101119,33.885506266151005,63.885506266151005,93.65744711600144,894.294534991293,12.118158696803352,1
10.644187420280876,24.34914197942758,28.088030611022212,58.02219431738097,1353.8307205177487,0.20820773782238666,0
36.56994449747021,15.0,45.0,72.31105354704279,1787.4227828284966,6.973808135730152,1
42.22437648530972,58.65219208390968,127.75998985650135,63.09519525803688,1572.059872895194,13.509374506562667,1
20.673158289641925,6.4256198306816055,22.581002816038943,34.41710006239597,1275.068809400052,1.9550989779465089,0
14.522257889239135,42.50612228085019,47.245560788422495,33.882115437283126,1091.9889865425266,3.3455464988441355,0
14.554770355443,7.099265739988159,21.923326489946334,49.01535936566751,562.5214178520748,0.6778388022257366,0
23.00394286410828,0.6373635329838978,64.32212697532351,39.13474619038372,1463.5212701997145,2.518418565200499,0
38.62746435701353,15.0,212.4174902929992,76.64745940071317,1544.526459806324,21.220967446432777,1
25.25088770156351,6.244721088612179,21.83861377466588,35.787458343612485,1623.6655010192073,0.24389267405644505,0
43.472875977068924,52.82753374952872,83.44864594415759,38.99571655345727,793.3325781229231,5.437338838558028,0
43.166433631273144,104.2377159134033,139.2758680988565,87.19442827494579,1594.6410988511755,13.835679546634548,1
30.62301162526335,4.079703235672587,32.77515893582359,62.470955515043855,1532.122730681404,3.4185847971480117,0
25.425967150825784,11.242571865820894,22.544899797296914,5.39722587540643,767.169915145984,0.5235341095068484,0
34.024964699180785,23.88664229864766,41.12978381059146,52.04915055583746,1139.2416766750987,0.865915909481604,0
23.546763283949467,0.7025210792626752,0.999813997633264,18.978931165077064,1484.9457104783432,1.0773386514811956,0
41.29561059351501,94.08315440524538,124.08315440524538,81.92724553837289,850.6003976936507,26.403995589914924,1
18.49187853974054,5.803000038914707,18.314795274085462,61.253047047677775,835.4819963501841,3.533581256072322,0
17.777899428996747,17.318236719278676,43.11451626583677,38.68680026028706,576.4350605757066,0.2900839162936038,0
20.164760976482693,7.564121372791137,28.078576459094435,12.565373050796483,1174.665234320347,2.4668337420817537,0
7.499154828988843,9.138920774046028,13.214179292081461,53.25292058259383,200.0,0.4136614104541862,0
27.474214126352756,31.425830968072926,113.81816091574875,50.81201656943376,1524.6595844659937,0.05332341525550084,0
32.1734450843886,104.54489552571214,200.28331659285527,74.24710678631902,1644.81841257004,21.420439024472905,1
46.63826921949734,105.06542663098178,135.0654266309818,93.62920285989809,1654.3428275214844,2.9036129620029705,1
12.792081182316574,3.2947093304307664,16.357201869679614,40.45909593945568,1327.2940825168705,3.9646946036776014,0
22.040186509003817,24.665446373889587,41.40262414464463,38.30380604429857,2103.6080197741344,1.9876074753008426,0
14.623427024280506,2.552925563103812,77.67907090729035,34.408458939257336,1087.0971275016616,4.8309568322450405,0
24.94895028411002,10.803887507281393,17.89727377285841,22.665482859328527,1039.6325009379198,2.125640889369688,0
28.124845706563853,21.22059953698998,36.294119419081184,44.1159832701466,1176.6262506123408,0.041631242841889265,0
12.415021632097963,29.745926722828784,81.9157321250073,65.35102959078138,1474.0518003470397,0.0565613079669958,0
42.42454180876289,49.37541282718784,79.37541282718783,72.61522630133362,1564.71489197205,32.79395917530901,1
47.35138121738028,300.0,800.0,70.06338514687619,948.4292794743344,14.56476253122957,1
38.019511187509565,7.84157651533615,22.05480337968136,20.1990711993055,200.0,3.770412325472499,0
16.180035383595442,16.848779039939707,110.44332384962561,36.36393488570104,1213.938857541245,1.1298468141998042,0
29.411932830987745,1.270694149905552,63.18777117794614,45.19416676038853,580.2802875233799,1.2414654122942623,0
9.444383073909435,27.760236478036912,68.5106273041891,7.810551516736178,670.2219180876351,0.5127572485955781,0
14.350596767011611,4.446451008126871,7.6711200163763245,52.7715704675902,1323.161325124329,0.9698340621501436,0
32.72699455917872,25.82797632103236,55.82797632103236,63.5575761297625,1533.0554973574265,2.291178436073376,1
41.11679346582453,150.15108882949048,215.67650212952796,68.99802429804244,1046.6955106544772,27.942971343239474,1
40.49657756107867,150.43690394931977,216.17757585638745,68.50251097486074,902.8771381983406,10.832522326025998,1
39.57220687053511,25.18640711511603,181.87619179090686,69.87056256506521,2001.5376463442594,2.0,1
16.480755530094054,28.16173595013581,62.95102947065567,55.899102168893954,778.4875234187979,2.189336001607273,0
59.00502952330138,15.0,45.0,78.25707462884898,1838.578813681712,2.311216642393547,1
43.30309851207793,20.356899928803173,62.85424459033327,95.91229203188676,1162.13017509334,18.86880878210974,1
7.232181087038542,11.993068129017871,41.723182278193136,49.75259969006337,617.5498023533955,0.38580066283649617,0
27.565396636445698,16.617682617464848,23.512496187988273,24.05077769678849,1395.7372370181192,1.6503365146889777,0
46.35373301226089,15.0,260.8085392295524,95.12511668773543,2053.127773500498,6.660618894998209,1
31.28333587377587,93.94347190426818,342.19538118774904,70.4899999538078,1522.5159908431526,10.973775089605079,1
29.06288120202514,58.58376259632103,272.240994577961,71.72257513352585,953.2612204745897,50.57835477356424,1
29.69789434283472,8.08471758853093,49.44681376084652,18.571277708318913,717.012335519429,4.394863704916081,0
61.804363049715576,29.901556120055165,117.62412413068144,77.21643623337661,1528.5771676359568,2.900736428139564,1
28.657431260983422,3.6740634211607692,14.577017800678378,27.97489121276964,1151.3986806831792,2.805801286046536,0
15.936827649529896,0.3371021652145725,18.481739315983482,50.19429183473402,949.322238054881,5.017741487069978,0
26.295588793892307,2.7165965118815287,14.63291786012663,44.993901192865266,1112.8697120051243,2.70543745172804,0
42.585811293067465,80.0,86.68883336895821,68.15318923018683,1279.3704962723366,1.3021524105798012,0
47.823087403550744,140.49430304598835,170.49430304598835,90.21467236506388,1705.9251271131889,25.43547582841784,1
20.0,98.60772526423555,201.84666023719933,87.91678160214093,2023.9717412395544,6.27279685223895,1
21.99033175832836,27.78004061012941,41.12699386996671,64.32537899570534,1638.9581623993763,0.553317260193756,0
39.191038549960965,1.575633155060233,78.50223915936881,32.25427180729529,890.5549015673338,2.7477817838881697,0
28.12249901595257,15.517644863445918,55.15314968720473,58.0696197015779,632.7467987392106,1.8460606092124658,0
42.80036011039127,79.70650170444578,109.70650170444578,82.44153765942923,1186.201547735802,14.417740519607182,1
12.33907915271188,12.652719437748932,31.124691299321974,21.127478182204765,1087.9951642879803,5.88615244964847,0
29.451679136074297,5.760907272523118,64.97676772091704,41.21342388092067,1243.3886070255935,0.974011278707365,0
22.161848464283203,4.408562817722837,92.2359414270516,28.41471532771057,396.94139041354754,0.9245369849041678,0
20.079771472756075,5.149647638884421,14.358097075238618,20.808593990224917,1240.8161397012736,0.6512074159749439,0
51.78734007600521,176.78266128382387,312.7151260699893,84.39700193158043,1283.4751797843999,13.951186337456726,1
24.010709729468125,28.621707794209687,72.78209870106895,16.39128881088166,1356.19916102472,1.233198036929578,0
14.292277491686896,0.14780791619471673,8.840987525357175,48.580606834272906,1073.5998456724506,0.9032656332954313,0
27.842687188967304,6.734011995096259,17.255632995635416,8.516426984634224,1156.381149001333,0.1293505143448732,0
33.36865975289489,29.746235819266655,44.8277888178335,24.63261407240681,1079.259170309082,1.2435253826299857,0
29.190760946857406,3.831125043418131,98.68388510055134,30.090055813657834,625.5690158351658,1.425876098479013,0
46.66700632335542,20.527221420680217,50.52722142068022,64.86908526689722,815.078189409909,2.0,1
50.23176312649444,193.05486958668604,372.67128124310887,71.34645273869543,825.6049785028107,2.3090755629154165,1
49.59749259981025,15.0,91.9509174530914,73.64230412646802,403.9978885223951,53.47413815456759,1
19.509228513254627,6.983190763428532,15.273307299732952,29.511994909108807,558.5608980253985,0.7843316540428482,0
22.621571279233564,6.403368660938322,8.213353558566325,58.73105190010969,861.6983315079888,0.3510307078137882,0
28.765398181244556,2.49669487451676,21.83254130562262,34.59155273831855,722.4999017988516,1.235360707850194,0
26.94264182487847,24.43411993357729,45.65838923505023,25.934591715492587,1054.0605870456955,1.3700039822206893,0
45.24329513459312,15.0,349.81648969235107,80.85777179923276,997.6827220249094,10.040438511409587,1
19.035128482550167,12.403115621243991,33.452533552155735,34.50200835677909,701.446508148392,0.7883061694528981,0
32.23678753654043,4.523146471851981,8.18239073298395,60.61932992655048,1154.5639824926288,2.2699150484450334,0
19.97530728770845,12.652866105592176,37.048420658370695,22.12983122693071,1357.3343515010267,0.3366643483007114,0
23.508579604731047,12.982960769993165,77.62859746185443,8.78684701604021,1416.8187451578883,2.409053795420978,0
44.58367740253631,52.57116155801448,115.74436958475313,74.83916947764118,1628.8660588664143,18.35528963300908,1
5.552349979030613,8.363366476845178,90.3455853083247,22.16935813107494,653.4558623608722,0.08699702504612043,0
23.782076419719328,3.9227459237408597,5.151595692733865,45.13114422239091,903.4914538230239,0.16601818298922122,0
34.9010205369393,104.64940549823876,134.64940549823876,79.27526601337378,1369.6615712645387,12.143569670230304,1
25.379233365645668,9.382179389837923,32.91253237455632,59.3148334619088,1529.8488605575908,1.8731347339566662,0
36.63110475418993,33.71855419949384,299.8132922162305,65.05820048846502,2008.3144230806852,6.861169723996975,1
22.039714235601405,3.352718153742844,10.90076656144031,54.03716014436719,1294.5034654498136,0.6303217623005767,0
30.573730736027393,76.20378095964956,106.20378095964956,95.11151245321571,1164.393954991241,27.85937404274477,1
35.64487341256278,20.60518859384522,39.35423525529146,22.55200292470226,216.1840822821854,0.2225001999519816,0
14.853273135627266,45.80106988622733,58.55435144176754,25.469638715682663,1053.6031225270692,0.08654893772932463,0
22.69419270629029,37.581309924983806,158.10306551701484,48.18192911156436,1520.60916794153,2.966658291750771,0
12.260395484496092,15.02450774313125,63.25334027204867,37.227641661329656,1885.6613451352941,0.615223946794193,0
25.726604765484318,62.96142274481636,98.41586599199967,83.37865155487337,958.9381249376139,2.0,1
17.400107741684007,13.562318352431406,22.76655731608038,51.352922273525756,1130.5291461450345,4.4336696267320574,0
25.644947766903602,9.763803315010056,17.789222003190844,65.96236808516899,1629.0890486731266,2.1196995559359277,0
41.87838698947736,15.0,59.970729271299135,78.69022484928598,1611.2337408718838,2.0,1
11.332265024224448,2.243648949765336,4.266897455964483,33.61096518034349,1099.5847694450906,0.4674556493066181,0
26.062014204356146,2.976653564785127,8.606631877235468,52.26477014100347,200.6389642714123,1.0163775487826856,0
52.507333086599495,73.03541953114903,103.03541953114903,70.52631283903337,1352.9936690692873,24.82290620054205,1
26.87030167135259,15.0,515.0,91.69077471282236,1706.0056030605713,37.01885739614797,1
55.037819729183035,28.046305549272113,143.55189136747427,55.41254113031104,1178.5622776575628,10.82453816214188,1
46.49607891889904,25.6286915463737,406.0185971644438,80.16570101586534,1797.1461787830674,11.351390063842326,1
19.162137375288427,6.109735698747693,39.28880659862777,35.29748327774235,629.0356074626134,2.737403113643898,0
34.13513818923859,21.131240271507213,117.5126987798693,36.46963951543364,823.8389763026678,0.8242199514496966,0
22.75642939215997,33.248196821147026,48.931635953393936,37.61177197175541,307.5641684739469,1.1586704071707044,0
13.548190673184545,22.887468029769376,26.37696303356348,14.399860347545578,1285.743696474358,0.0701524426089258,0
44.45750813656366,3.670978032484528,21.74921306813855,28.07719985955517,992.1109642226534,3.6324904922121473,0
14.511148167188416,21.11447905599456,34.607612047916845,33.89754827534512,874.2000878978589,0.0046022139303415945,0
17.379600339046654,11.98325558035145,25.303668608264026,23.25806752450906,846.8063674207687,0.553992417772582,0
61.85244194756961,127.95608723786026,157.95608723786026,56.44916947001904,2007.2329353195896,2.0,1
29.01234648032908,0.549492049333275,14.096230495788259,43.726350070025724,585.5826012647398,3.9044946650487855,0
42.40762229758557,153.79078742987656,186.3918927994452,53.75311606310505,1705.2258070123448,9.622824188412853,1
25.06575746094361,10.225828556886094,59.526849085414014,17.490737772252025,200.0,1.2009629073959587,0
48.71469101098475,137.1443802610112,167.1443802610112,91.65025741667127,398.5625883811359,10.110705632351062,1
13.645057442645497,11.042683307864237,66.05091944760534,22.681541810868303,828.4251183034706,0.10611142936182473,0
11.58609637252356,1.2634955665759349,79.63877006210159,32.0596503571203,550.6216783359517,2.917271911096335,0
36.244321293748996,50.29058465842885,108.06012060910365,85.62316754626559,1945.2344493794574,4.841044215912008,1
20.804723734978175,6.013585300063795,7.893996387904078,38.57189644486368,330.02549354866085,0.8150616324711949,0
44.54663885098576,67.22260640806219,271.00250251240743,69.09761362241414,1075.022118647324,39.9107445006987,1
50.00101272734858,19.233852490125795,49.2338524901258,79.36275768177276,1685.9314289512213,3.933054680850973,1
51.1460568463524,124.06322244060198,154.06322244060198,84.29446000627671,1121.4606374583539,26.843386171379223,1
37.48599006935645,2.0554289620206787,13.115821718597582,31.25499053026351,200.0,0.20737252029554856,0
38.4480381931875,73.34470181354656,307.9272682324159,93.07716749492415,1329.9543442593638,20.03711379660829,1
44.529069243248365,162.85738810638207,226.0573311157243,66.77866254315668,1595.6952632967268,8.605556062273491,1
56.87529894651888,68.6156920877307,186.25219245803356,54.196611986442576,1169.0170794900375,22.866009190949544,1
11.3900745577905,5.709991351802948,24.902341705783016,51.83234728324302,2086.925745066501,2.0733518929475725,0
48.44033783133578,39.03517546468158,105.92834934620782,85.19481049031693,1565.8270162793176,45.346909087479986,1
13.952377077703519,64.46185786701268,164.16513225862693,19.7193165045835,327.5740774328149,2.1639811089214707,0
52.9386281446312,65.75450717514713,95.75450717514713,77.19074520659873,732.7630311977603,5.532228671936729,1
31.51826994802407,15.0,45.0,79.11787878633965,1333.3803120656917,54.485113790077406,1
47.799061771521465,34.503285427589795,64.50328542758979,87.89898701208408,1457.5393173067926,22.303148592556347,1
25.931105333910136,30.052484615651615,46.258151200350085,47.41749087306393,476.18817858863457,4.329689757109067,0
28.80067962393148,15.042802640113383,34.13847806566079,16.834307704917595,1498.3852428695036,4.392225564898294,0
32.14080077948584,16.1965979858349,68.19794173886088,27.780953726485063,1327.379094905854,1.3091581337194604,0
31.4622956498779,2.273853441431092,152.2738534414311,33.01809685558588,942.4647662937584,1.0801604980994068,0
57.4743406390581,123.60009195550744,153.60009195550742,89.15012381820677,1609.735480632,8.904792660957066,1
36.13670044082497,15.0,109.81300146523743,77.3873984478883,1849.1061318586217,16.009976595072402,1
18.714836943565864,26.734288386242813,34.06136596723187,11.471771425544999,1608.884759673614,2.3092963462163567,0
29.85610109373782,1.6070179468208141,15.347773632647042,29.45221814737654,1062.6862002554487,3.401858980021708,0
41.059578673870675,36.97553976027757,39.571460687886564,24.001509214771485,717.3002248675614,0.34108588904861803,0
22.739933407458118,13.943592023425625,25.678512320908716,59.698062310770204,677.2873660575024,1.4603665484559598,0
22.1206457327007,2.1678234715101166,27.434766445180102,24.50735580759911,779.7713699394293,0.23199597308295716,0
40.45014753651542,59.023151514138824,373.5742336040216,91.05558926971311,1654.732654874271,23.170298095449095,1
38.941672793009175,51.413802623412636,120.33384200017346,51.419187141295296,672.4928346694808,0.06576038925170327,0
5.0,12.147088227499172,44.25447453724787,40.65391719598636,533.4266385713256,0.24452248209799654,0
12.232439569067182,38.92736378294533,63.17063786272195,54.01285914504357,767.6867945428673,1.148769802918571,0
10.541294511969035,16.48850865600475,93.28861036540529,46.39251310022984,1467.3465999846321,0.5405724468462351,0
38.55494495692849,4.458359460784479,79.90291689651093,18.040767183959723,825.6460674681473,1.8957916024932677,0
29.846397437116927,24.30492905272623,27.13464225236194,19.87230195247911,1562.1467303179406,1.5725968161666073,0
41.2565942062683,79.09469459979825,132.1893596248478,78.04430980674707,1433.845704846578,3.081559881699805,1
17.31792407657985,4.206190840124836,10.638106022221978,16.239366458360646,1085.2200064491049,0.5396535988345844,0
22.20969106928669,31.37295045330854,31.44151833689798,31.143841672284022,1146.06268716121,0.5134624094808069,0
29.17178884367312,117.71236819813448,350.1179495436757,76.13471937376701,1954.4168604617703,32.00107461552102,1
26.542735098266814,11.423313937570716,45.94954793231865,20.557318274911356,200.0,0.8475552350055917,0
5.0,30.95528086315748,80.78722090046776,58.34575011200614,908.9888238858659,0.23810065503088435,0
44.684230460626694,18.57708539014991,48.57708539014991,67.54599593689726,1195.645913298985,5.717989219217481,1
41.06655043827096,269.8794922485136,299.8794922485136,87.30923939533731,904.5537781119402,6.4577466992889745,1
64.02705608105165,120.98582552393937,156.15104313306992,80.2665712217832,1457.3390411745509,22.862576163623668,1
53.04014442199506,27.577591339101257,81.48799535898355,82.97072219699989,300.0,9.780982803457393,1
39.55216164493082,15.0,109.0839233424871,71.2103900892148,1310.4340028304239,60.0,1
21.357214803471717,20.270357569841117,50.196253700594085,17.29546817668135,1672.0392338237048,2.029864098483197,0
19.077944951591107,8.010583192532154,69.27436031439277,28.148022972710812,395.617612901244,2.5933206136469513,0
12.812135687906496,23.797670471534968,54.79879831947813,34.50873676144748,794.1916305582071,1.1147823893154616,0
37.61055956733596,26.801408349189334,59.003637496375504,67.16005650207238,1858.1604544710162,2.0,1
29.003697221562547,23.66408358050052,76.8438411469075,88.09270565825165,1451.0214951938412,15.952978319346665,1
20.084736529163013,4.192186960260085,27.009600604104193,56.835719938698325,675.4166990757608,2.0976387822912854,0
49.52379949832927,59.67535441097271,89.67535441097272,76.20857959528918,1768.767517193985,8.648973081923435,1
50.56166684459439,31.53193158934968,61.53193158934968,80.93926653145087,1544.552596631377,8.098499775092856,1
35.684980115294096,1.1703430227864906,1.2891355609096786,50.96975949829955,2407.6099185237035,4.266339320722131,0
33.125592739515135,212.00667495222353,420.7070990943399,60.313903819960125,1043.1555259154181,38.878203764791806,1
31.995179896823302,1.5271336669028528,2.2659989683825366,46.06728557279555,653.0301492838588,0.012661219594236748,0
27.392717298924307,19.7820881016645,27.547935476541067,47.57385105052759,1773.6692335902796,2.8925124722987436,0
52.14012376930587,15.0,84.67059757987758,87.39877571063367,1041.1232792718788,9.959044072267998,1
22.606300819629716,1.2244170629407478,16.95898122500437,32.70906396733052,464.90648014155346,1.608943233671327,0
24.105763189609508,7.4311819504671295,90.29159259659353,18.602505128763067,1398.3338186758847,1.240927447053322,0
21.937065136553176,13.226874899302304,25.848067804207993,26.872173929239157,1248.7637560412095,0.3053620542576062,0
24.931359416584893,18.526841146833643,31.85054123019762,68.60881272093454,1856.4580716552439,4.731755514862609,0
32.91697154468068,65.69630811093873,184.40242665707032,92.43039497180334,1795.387536831998,12.66855295460193,1
10.375540927103257,22.680895153727718,43.78235228497138,34.00740137450697,650.1201254018589,0.34287030253577894,0
27.48183245671335,15.438938622823127,21.564514849231582,16.56104735674449,200.0,0.9106945489024862,0
48.55554967660127,15.0,156.61091551673826,74.34143787068905,1519.7480806751678,11.827181471769814,1
34.17789175114654,36.40248268075891,55.1985465551278,45.94095784451889,556.6413127175771,0.40011492621249617,0
12.686212729068899,16.979257837612312,21.478201571395935,37.017495652256294,982.8519018029949,1.0435887746023054,0
31.512548422287132,15.0,177.15223388648874,76.85355031948957,831.9340307720048,9.006392231756747,1
23.33037848379634,62.3956040454239,127.65826693588795,61.759655900504185,1006.2458567893286,3.555656590921088,0
31.938039102337626,9.016667534768231,18.364240752920576,24.918055250328365,1402.3365656409535,0.18710384729971005,0
38.11944968417086,102.55044687177185,189.13594473512393,88.24108637936942,1063.2598193252452,2.0,1
40.23948779084158,50.63462930842626,68.52856607082394,33.06979129386112,975.9812603446271,2.439792775709237,0
24.890702876986637,16.438924536717902,56.210605106459965,50.11424079168416,1525.8401522300805,0.8371901125179187,0
40.162052165501215,15.0,231.4339036083737,91.48863828297958,1665.0661182265976,2.0,1
46.56834926095522,48.051152064936446,110.23247493548467,69.28354817783715,1429.396553801803,27.227810201702354,1
19.416160209878985,66.95405305044423,100.22109535646354,43.195242644760405,485.0249515154956,0.7650677221462541,0
39.600176978010325,94.82380771956221,161.77080231394882,69.85884291812822,1007.4307831589183,60.0,1
35.65821633497343,9.018937811580733,159.01893781158074,19.533753435636434,732.5371422384759,0.005929301626847473,0
21.52027991458016,42.83685280540136,67.31102400209373,24.52792907431263,1265.2171878116228,0.24562482505326344,0
37.6942520157589,5.751460233143987,48.145816834999415,56.162354202687624,1313.3321430675423,0.9448273374425342,0
46.46937008901406,87.09969656378877,117.09969656378877,94.27663659662373,1014.9196151447306,8.31628250895302,1
25.16593541402295,53.766862531752906,252.4406356998299,76.69605352615734,1435.723683540663,43.34405293485874,1
17.715859993372426,12.278343961517065,23.456064599823097,53.5627032311083,200.0,4.465382815421883,0
40.37994935233207,61.40951707728267,91.40951707728267,77.95780882558776,1341.2179435862201,15.120238665486458,1
37.49152518272,158.58063172139657,197.87058212672844,84.21618869463094,2352.5644259606484,2.0,1
13.135133316547924,22.14593631759593,44.08163820232686,58.48215207222993,569.7057930179844,4.82838686209842,0
39.27334830286965,18.78714390772205,48.787143907722054,85.38529506614991,916.076817566555,2.0,1
20.31195551528178,5.699881379195656,41.5813582454259,43.78177256072531,200.0,0.2370391127730394,0
41.60105357115891,15.0,45.0,92.63984905115848,1008.1931982258434,38.13246793387883,1
40.93393494839637,174.09282063926022,228.87153724103635,87.08494984149979,1605.1044062142255,11.795151919595092,1
50.51919207809901,40.59855437585875,180.00102958581104,67.98331450465419,761.6977440713614,9.026408086476163,1
47.78144541204247,15.0,45.0,61.35082571217008,1565.6914779928936,12.168939086000305,1
31.19251461672929,29.50446718194207,34.577086701862314,53.820695080799695,719.4655492351942,4.8726084183185705,0
23.560561488815452,5.622611073737066,79.64647216774273,84.69408178003076,1081.1233206707268,4.176071667988896,0
29.94057668656266,0.8990717624982607,1.526709581057648,10.790722608138505,727.2220561274082,0.14875166752789776,0
9.665531420756148,1.3216647493948503,43.65662938347647,49.436489821465905,1450.3772754203471,1.122381926312669,0
34.7933351592165,2.063528728272306,24.42957074083239,15.104871529384742,798.3898074659993,0.20776533110287512,0
31.760070723846724,34.15831897337413,64.15831897337412,73.26430188968769,1291.094796604593,33.55161637326926,1
47.50070656932775,58.34322299410629,117.22263824535196,74.2003887294868,1365.1942257075682,60.0,1
23.417073595286634,22.071941713880292,28.443481012883144,67.33386411159417,705.4615989592082,2.583782817170057,0
24.723463303504754,44.857265949211694,63.90197617175185,35.67018312039949,769.2325492302468,3.8674201099180228,0
41.316245388748406,19.333722178490344,295.15745166080575,95.69246898713921,1806.0998940910445,30.721128935533727,1
40.44931905504764,17.819617765192106,31.45986453681086,40.920078726910326,1183.8261784545891,3.830815434358763,0
42.87862481544998,57.17023978960059,87.1702397896006,53.142432489721514,1653.1907725112424,10.769826653843115,1
20.026071486406135,5.339595600241213,45.11495396788761,44.49335376836844,200.0,0.6798238184889795,0
53.003972214653096,15.0,366.0883557537154,79.31586931281697,1158.7354000046817,43.475382087374236,1
33.11980557652314,159.52602423795238,213.4351168853006,64.98688157203861,1531.2977200111177,54.46637366020959,1
24.00838896051354,2.431693452948629,121.5343477918803,42.40969968649655,1058.9106171140706,1.1378864130227222,0
44.487158058854085,15.0,78.5164796825479,53.9913146567644,1499.1885358557831,14.060172048525002,1
28.951156429457228,16.341549726021896,16.579527627312704,38.33762416224328,398.2938981412465,0.42336631281049764,0
46.44446981009123,108.89187789257956,138.89187789257954,78.09504061170885,1276.3821551124552,16.43276176670984,1
25.738896971177546,17.206884667587886,17.27472134024691,55.90591073559749,1605.2799529959816,1.353535499303846,0
34.458136994330246,20.630634189396197,28.084761060213122,26.16301486342381,350.9060409464014,2.693749561695314,0
22.54408892959785,33.36554698239045,91.08566855860943,20.292786207474244,576.7635205204866,0.4829161207053361,0
23.078556339430435,20.602155835004055,37.801206205953854,24.51694517249097,1045.5375126698113,2.3547372725151434,0
35.720057716074365,125.68059866219971,155.6805986621997,85.62965653496472,1795.666916244678,14.380743094641787,1
27.307853258264625,14.700658563082486,28.685276731820228,45.41290116151725,736.0522506443513,1.9908265744795803,0
47.11621858619089,15.0,97.46106648695142,91.86519890775968,1855.1291730400887,11.187381404603356,1
27.051706743185804,1.7033445923602906,52.80460091527135,32.54636706238751,1508.66438924554,3.7645661041352994,0
41.41908889124687,35.38007761700202,184.82998672393512,83.72920922791121,2040.796800200784,35.5748524165994,1
13.124028565215992,31.61631028844953,98.10448308651338,15.191401245713267,1054.7077154744125,6.0,0
42.24094761264688,52.93551377206503,294.07791802839284,64.11430496839284,1299.6433654700018,2.0,1
40.08365273210374,110.92128215189051,295.111132835993,67.12474604807397,1353.8977744859549,7.581285859011551,1
23.69214010032082,19.432986021395607,22.933838311697006,18.584555417931515,850.5442384715705,0.9603350191729765,0
35.45169088514015,27.68095692080107,53.50625258158999,17.73812455018128,1161.3996148458011,2.440115845894675,0
19.38487298269665,0.9458625891179995,68.69171732072745,58.83357198864887,200.0,0.8843437338570459,0
26.655543002251513,32.208211804912374,119.33232622253541,48.59936359104138,881.4561807330798,0.9179959225343577,0
43.30523136309414,87.84621748625074,141.340921834629,89.10200606568573,1425.3142967321396,22.099868937999208,1
34.40234432421544,46.21824753374942,56.878485924387576,31.413139267089964,776.1124562264787,1.8858595270072354,0
17.669613712347058,2.3105285377728317,57.651235947934644,35.5455206096787,601.724919970119,2.230795459019806,0
24.139721040245504,47.28794860575266,65.14392149931633,45.427932495357844,1085.004995937035,1.953832462680398,0
20.293127379576333,7.701591977690187,65.86588746376593,41.29131505973533,1078.2234529947643,4.726191160129447,0
21.061073895196206,9.260204716336325,30.93147028753659,36.17420113843484,939.732645757944,0.31315150352166865,0
19.945236680655288,3.053982877390309,47.803179321950964,55.53883191527624,1092.8509793587798,0.7988756162572177,0
10.26966519263756,13.292114690648688,15.37722076886214,14.021414682393488,1698.720332375148,4.446002830370759,0
27.089579805253074,0.6418203890100032,86.53397443818324,59.9999001762882,1083.3130977560595,0.07233404101169251,0
24.552169608092708,0.35752040332458707,3.7416039360026385,41.482191105451435,878.1036662126071,2.140165274137105,0
22.104295479452016,1.3533341239700196,5.710775460017117,53.22823693732624,1210.4307093304285,0.6190371948413075,0
27.470388530273766,14.665773471507354,52.90778178856529,36.43387988281271,525.8127816281868,0.22877500679072255,0
43.61203043498141,15.0,117.24728173295458,90.48436982285534,1400.6271908948647,8.221501606142139,1
25.320256209286274,7.1315049436593245,53.87897303042145,12.906289102423072,997.312573276448,0.3599900002484961,0
25.944180338310563,18.245161279017857,25.090117610954536,21.414478654041,764.5749887422592,5.232664641442037,0
12.319111497396783,40.4811631372738,42.359012141488286,17.369199408317733,845.9135108638301,2.6008489923530145,0
16.498358973585223,23.419200662995017,55.291878124391026,35.63088520603942,1283.3397320715387,0.2670209883614995,0
6.514206106192663,2.128985826366263,21.686139138912658,29.286626374967163,555.1097038864866,1.500090324158778,0
7.051117885826262,12.012272911539442,46.25047992675084,33.024066604806066,502.49803979549796,0.6259321466722506,0
13.905519275373878,16.435865808524753,93.52243271693897,60.26739233730327,1370.3584636543424,0.43462603501455693,0
22.11604090587292,17.788418002024304,18.957433895982795,45.83087444124496,792.431598256675,3.651981580982465,0
35.59144011471862,0.5371771252456532,46.67339647936543,29.227164936199717,1360.0010495983502,1.5725453428059235,0
43.080312958723326,15.0,119.53472541261367,90.71742314291672,921.9069619739274,2.0,1
8.68715586865238,1.1518262346129453,34.394595517848224,36.72313115162819,1225.4600557176097,3.032156837724331,0
58.5566371101572,44.969208968867356,74.96920896886735,82.79406428394667,898.4958570464535,12.827554246017439,1
11.837207052601602,27.900503719192777,109.74402506139941,37.9690684232381,1001.5476723922104,1.131637124823692,0
31.263425319082046,16.919862876770868,66.87691084393259,30.103156448357076,907.9107474185671,0.37972028947726383,0
36.3223455976038,15.56206269928946,21.596407018211494,36.473115875882975,573.537026161214,1.1183544443762508,0
32.44543033286029,8.133286272889746,137.8713593331778,31.123980484625562,560.2302595915198,1.6327840089234127,0
45.60567159940181,15.0,241.32645148516505,91.82136151706746,2116.882654283646,7.25987046162513,1
31.004955922153588,6.315046318133211,8.265020359951231,47.67381434997588,469.72979967333134,2.4099521553727574,0
52.11626451281711,15.0,125.15915604231857,78.63078445481094,1068.415526498378,30.157084807898265,1
14.712767049688345,1.7553610377412814,30.148235802174778,34.16844195505716,1184.7246851911775,1.1316889764649813,0
28.80763765176403,2.5253499329361437,19.545512587332794,27.19913677439442,373.03931593954576,3.84027619784677,0
59.29842402510575,18.198695349730503,48.1986953497305,74.83477575750159,1997.5168901664788,25.510666322045772,1
23.55737502978752,61.80289686749337,87.89452455706625,58.445124521444505,1383.4761040889227,1.9519170200104656,0
30.863969837004092,6.074304736380536,31.2269917012518,58.62078800261625,1373.004843853803,4.61419410703937,0
25.596863577964623,16.801455006622533,45.134279311557435,37.20886282332959,373.1918352547689,1.408813702336092,0
31.38060387831071,19.424350622972742,81.13573425356172,33.24385045718506,1510.4840872744612,1.4521265757480342,0
16.652654009901504,80.0,129.03590230091154,62.25878623373762,513.4524773997089,0.9517038488337526,0
26.76005870962057,0.8104305985851937,3.0410576443162163,23.08872716702651,960.2621270317796,0.9561818063246817,0
49.14417640644924,55.80880929005674,111.3495892356204,69.38612436128875,905.5234785582811,14.995860170735591,1
31.9915344240645,11.493306990847987,30.492633904488986,48.49988316848228,1216.0446531934288,1.4903503433265881,0
24.01970638888,1.2543411890169058,63.922271124359646,45.48922958457106,680.2238329356858,3.6440942341614613,0
48.875425074493194,121.82195551309322,168.4633253233521,71.36047170374408,1306.213058396145,14.299227405916424,1
23.370445541349685,19.6278419303445,55.586337215093835,34.20897796770665,1080.4624030358395,0.045741013036029815,0
32.411566469523265,109.69183666028033,139.69183666028033,74.1134306821209,1496.2365920616576,11.29400568826733,1
34.595175013039814,21.003594878832104,39.735017129515256,42.83337373520965,1404.3470428681633,1.8670254869687346,0
22.796189032875425,5.051189200420489,31.906816515025582,39.153456893105776,1181.5710258215095,6.0,0
52.54821139686314,114.07432378588435,230.67787942324463,62.11259077127782,1647.6599437697605,44.96533182635227,1
19.848042848582526,22.92076941995266,31.530067212277963,40.798038454164065,429.64394844749614,4.433811540363784,0
19.040556490473612,27.826915531437237,38.774027111163754,48.18324709591161,882.5603038251154,0.01048705855384719,0
26.53869540480061,16.50117899858609,28.583407186239654,18.21328323054565,804.4900660768801,6.0,0
14.479332596480901,44.41440796007905,71.44428060700864,38.017995273399286,814.9682683886888,2.835437656001876,0
14.549320680816937,5.023486875241571,7.027729817985533,31.017721236093415,861.9463906779423,0.07515325581933732,0
27.11636108907973,3.021262334842874,16.210436382261285,54.93387051557285,1145.20603867382,2.272318735794901,0
45.0,32.362181284518805,35.75629804462934,31.503561124494517,200.0,0.6663269749206171,0
21.79689532390036,39.210335298413916,148.48478486689154,68.12289233436886,1678.356962936583,2.621341894420738,0
29.360452167598588,11.896142226702702,31.232885614265513,21.90078604293988,571.9185543747524,1.4281636245865512,0
16.69228529992689,13.499842734587979,61.619935041960105,48.26735174169658,1368.0324317985,0.9056587203016245,0
33.41870946293095,24.744291133877446,29.864944711271853,57.35497747850913,1270.3725860071468,1.5028136050263916,0
43.069035576405554,45.19593792336663,78.7874987465728,38.081820882519466,1026.3535849312868,2.1247001095583773,0
46.45636704444589,22.221875919755476,312.23800418018516,77.93882854190105,1133.1756957802904,25.933723478612702,1
32.59064079834187,2.4765584277677744,7.665992786019514,30.120868831189394,391.7411908059105,1.9340760717273004,0
22.373620456676324,2.450636236674146,2.7290982018745487,32.16630997516924,1059.9533933442526,2.6666113066097292,0
22.038098116453966,16.511783496342904,95.8176477491455,16.245512889689138,1257.4137694383865,5.852052718310429,0
36.886198296425775,13.46378792916894,124.10097826066973,28.125722464990883,1636.58614062396,2.717769253309689,0
29.81589534680456,11.88125959560101,16.432626192622408,54.463453136083764,1322.887294320602,0.964078022431019,0
21.14786568190925,7.968322650953217,70.085270444533,59.660077996251445,1150.6489838792054,1.832980714787183,0
27.128139892766317,7.469895995811642,11.704129122603206,31.92511833597655,474.37707511276153,0.21574957693240318,0
39.45134911463905,179.37152036839845,391.39052607527395,78.86972704680979,1351.185188878775,7.161807106215289,1
25.636627264998644,0.6628280081450384,23.640786617207382,34.584107312796284,763.0606005738986,0.22412246845459802,0
29.837859613777084,35.027430898710485,44.187665552908996,56.9745607427082,1638.185463964673,6.0,0
18.05871265698957,2.00386962420232,46.86245835634682,44.731120503305085,763.4205460236167,0.3715880609983643,0
20.8371550500106,13.63964737326965,30.789502472103095,55.79519385425789,432.8577684653072,0.3629811897589554,0
41.44058346835328,15.0,110.60533238631,47.57583044022401,1184.6796571355649,4.194382971290279,1
24.59703723795538,21.113564939391335,171.11356493939132,31.725408889888264,1487.457956961598,0.4240260583367657,0
12.925646715788204,6.1465755925079195,19.546813278400897,23.487811787248333,924.9031759237473,6.0,0
23.49936015565171,2.7021582140458524,14.41381503881462,56.84039886156136,803.2724918265658,1.8242094791466488,0
31.4353389164413,5.8464951910667216,18.129671812624135,48.44959877971531,1413.5013703949162,0.46870636762515644,0
44.65474645874118,235.63610737254055,317.36083952733316,75.13791246923405,1223.2548295439176,33.34976519762794,1
24.883734474994142,3.890215192283104,37.28806843828153,66.79051456143364,1237.7971107789226,1.5380046793010924,0
16.118430563491813,13.566285050957449,63.0273986952584,48.8258052405546,990.9412019879237,2.0432271961923902,0
31.502672617037973,2.902019164172264,50.79631905145669,38.1476071244687,678.8355229995818,6.0,0
8.5949617040228,4.631816241945527,35.76252898043445,12.865891089371239,1375.923006326549,6.0,0
24.561016947972515,27.932492142494603,47.63498277325931,31.75800064087973,1419.4489183187134,0.2977480918546851,0
21.223273160212514,31.663034982395637,44.28623989738544,17.060108055456798,1372.3330410473181,0.3716329945662189,0
15.432956510677634,14.194063051096087,18.43221482389807,26.624283174599306,1168.0573760391212,3.0716629042277903,0
26.774116089699433,5.843575749859169,19.926520773882963,25.946586467197,1822.3973371620857,0.7975336956252675,0
32.718166960042346,13.995695997880322,14.952910858347803,25.846132715037534,624.4239702951865,6.0,0
17.307113116081013,0.5989253965275338,76.77614658537608,27.758630181311915,1485.671476980535,3.2880071395237493,0
16.45307524598362,5.7947276286652105,13.85902275226836,60.11713949416016,200.0,0.06008668444384359,0
16.885214652218174,9.585188266613656,31.37923309138949,36.79238759675549,728.4174963247357,0.399041142565154,0
20.95374550152773,24.399149280231608,29.46992165678101,22.288313363607195,1378.2693004936937,2.7519557111890167,0
22.50200641645117,2.0000929542430956,8.321266779344288,56.01102096789845,312.4614871077073,1.9098085227281727,0
25.018715667762855,24.91405333857852,95.1239305461564,31.754257883642516,409.1979839183588,6.0,0
11.783215421702291,30.101899613474885,33.81306698906203,51.95014749867143,958.8632534543506,0.8768824399349435,0
30.921009858714214,13.381547823123794,27.360403828187483,19.333035375359962,1206.276993662551,1.401230409692164,0
18.525373652081697,4.724960202016884,7.033015865398256,23.997780880419338,549.141915003842,0.08595265849736593,0
16.547135949258983,7.053349859643761,107.43956221450468,42.179282301245685,1192.9628353805479,6.0,0
28.820349569107847,8.617718291033167,50.8542668017968,39.818287566137236,717.0845369026038,1.1314230233530573,0
20.55905119856303,8.39387691458071,60.947907725543644,26.465722368124865,226.56581534289194,3.527038299535187,0
5.0,22.584926875996185,38.781448596034956,22.39689471015404,723.8327178640261,0.7736161407845855,0
23.400190851371683,8.416596028187113,8.548263339896604,35.290597803403315,516.9094868630641,0.765295819212475,0
39.92964269387019,204.98887441549135,378.06858548479744,89.4026941027917,1337.4216743654229,12.083963680669873,1
29.464394036676673,8.34109118183296,9.838329580376747,62.709314459759646,1288.4636158628364,1.1426891914610895,0
23.92414200305141,5.221784603401773,119.66245989310706,30.071172394643963,301.08985457908784,3.1358204979992874,0
6.014047655244212,16.044872718397016,31.109897855632067,33.99733838699735,1315.522341013647,0.28490535480155144,0
31.495787429943157,14.48298990046482,22.204460809330755,45.11449110833375,473.8933626698332,0.5145802754821475,0
31.82133700903591,15.0,277.00110969261146,81.19998274425856,1086.247872126149,6.836853057789384,1
43.08958387465588,30.959756942678386,142.3028048034113,78.0993080479698,806.3232250969367,30.655487514889824,1
69.07752530241086,27.831518307069878,102.43926661445869,92.67312618556353,833.2633577882647,60.0,1
9.320189203157915,6.801735401067434,17.380087219039016,27.504224001688517,227.12750941305842,1.598467345651348,0
29.893358796041245,12.956308945463316,63.91957010107478,27.490669289323083,895.8086516357644,1.6925529036206939,0
39.16702303585892,0.4005318546370878,22.32715781276321,29.523832762083046,620.5141924951097,1.9642114389290382,0
29.3517054899872,4.7699564278243205,8.286926699810326,41.72109915397784,1640.6726840623583,0.11650464815122714,0
39.561432840572714,64.18940943941745,191.40253919604257,66.64156282359207,1365.2125093789248,54.2702020774301,1
30.659705753370837,52.79612870543048,82.79612870543048,80.51352620387058,937.2931030273179,26.78911680961489,1
29.488080628560432,10.082549388171419,109.5127551565778,52.011060596145654,675.8972884881932,0.16794437258113984,0
22.691459982317436,64.62195341046935,124.42195128187598,51.68049650048386,665.2677569943216,1.3875237940778378,0
26.98296434597637,8.139576052525486,26.406908203309598,16.094714536576372,800.7210380059269,0.9301854051888908,0
49.96670374504556,126.50074701026693,200.00065355812262,56.6573367800856,1395.2708777403927,60.0,1
38.2481863564153,15.0,45.0,84.55534873169599,1012.3644208298747,15.285593169964667,1
39.69672674438766,15.0,93.97998931462342,80.84134791240854,1675.3356595042924,14.198172372176726,1
54.2262786612416,15.0,169.23094867461876,74.48508535838242,1218.0940741794595,22.229498525411163,1
44.153707195238454,15.0,79.15199874454332,97.73397268080647,2157.8944741490936,60.0,1
11.690898224247519,2.1480098809806165,10.740164804482994,40.982818633711275,963.9460335682974,2.4356070334632047,0
46.83732667955911,75.10568493066097,120.21264971218277,64.62394551266406,1386.0865022951712,3.179064376005,1
28.617099242267287,0.8081338487292102,5.411327203247514,20.371887728537722,806.0208659182631,1.7360012606003665,0
39.57792044903635,21.26725166397363,89.01993136923423,58.58700734599404,1029.3537528364657,16.50911510505949,1
29.057730869462436,7.429749557388524,13.753381872048497,34.07565156804002,434.21416379741163,4.272198809188978,0
51.29768360863063,15.0,78.12294105188508,93.17950157921047,1682.5133123615653,3.4114313191141714,1
30.822570123694916,4.274499421309729,9.598743877587756,38.88861653641404,1640.0582242915652,0.15575329448661818,0
23.187223478382663,17.997247057027582,30.001076084373175,30.906062456527412,892.5118255071209,3.614002817479002,0
11.371062047771272,26.94530118287008,47.50114011827539,34.51927075466957,454.4538926006549,0.8036024388772313,0
14.021469996354247,9.569914963854053,16.429831358530436,57.37790689012979,920.3940948217842,1.2204956551902755,0
18.885518066887087,1.7928222408639354,17.79482144936221,19.10102233549342,488.15366415725236,6.0,0
17.062863143807025,11.700523721754248,44.4551277274348,42.772886875228856,545.7132519899277,0.4205057131621475,0
26.77610785062966,9.313726197908794,71.84405135151418,34.13298191037787,1768.6577252702584,0.5906611091741115,0
13.432076977375539,2.6250445829861486,66.85456872276421,68.08103775866509,200.0,1.1203992928084723,0
14.371386121422233,39.12597916823743,54.72367481460606,13.273152895325676,346.63881802609524,0.5026396440094502,0
40.433017739378684,15.60301404272346,385.9672054054813,57.12658696448213,1378.7185607822591,11.473076993903339,1
17.29513151778296,31.478649516869773,54.06984210308884,31.8379231361414,472.2584128222444,0.4066312663859058,0
13.407769472875648,3.2557625775606907,24.107372612704836,50.889085587929095,783.1699666891557,1.0397869203763566,0
5.0,3.377950027061558,25.09645473432578,59.17964595124155,200.0,0.31265294699073304,0
26.807133181236154,52.673079116863995,63.02480456427682,62.60850860366469,610.0087528814469,1.346649251537893,0
44.95315969920644,17.22475566387698,168.0509818241558,89.39471164114242,1045.591252631933,37.97531623732523,1
49.186239810488026,34.47846425015584,137.17909395353567,78.84850719028552,1398.7402899767899,7.571182344294638,1
15.520736465386232,1.8910670220466645,100.44315474575731,23.93501941531716,200.0,1.8085617663852398,0
14.785472078378707,17.321235394149713,59.61658373841209,34.912867397819014,986.5254020130286,2.3305444695672874,0
21.400592019791844,22.8858206291519,131.82593049399344,40.62884916446408,908.6680155880808,0.4265752132396982,0
15.369821008450835,5.4920957183338786,37.04944699477724,22.75973688139297,1581.1736406199243,0.1655817945239347,0
39.73368672612033,15.0,45.0,69.21657751927364,1278.4770382244426,11.855441456912928,1
23.513965940448138,15.069965070204322,16.335568294042222,23.216403710661105,872.094053941671,0.7784637431670464,0
21.53081422221519,13.610281322531794,59.41548892272789,31.823867787267083,824.990653989323,0.3926924815302146,0
19.24080857910996,20.399385274309164,22.946675176444366,14.262721604779344,915.9079869965623,3.436879076235106,0
28.486748696996653,9.477185696070038,53.88025451794142,21.763720665360555,1040.5565191558521,4.4967317855925195,0
43.606043249940086,207.68494394241503,237.68494394241503,80.46067347746761,1140.7776593385058,15.370736864983702,1
15.877600075966086,11.761048577299508,29.7042509685331,47.69243770727713,1365.3281374353176,0.6774635244432401,0
13.111223273715305,10.34268704182221,38.97691901392014,21.99894354814634,962.5107876746241,0.4099722674719167,0
30.896010993697033,0.9202949222076359,110.10784272848913,27.10005748808033,978.5644195829674,0.04031161145425906,0
27.408373225828228,2.1776851577251204,95.07864200797255,45.384945708393786,716.7117007745353,0.4657944168596781,0
22.5665059416752,23.270892174884384,68.80679701122254,68.58627807989356,746.1974550490908,1.7341960250938913,0
31.947448914933332,7.11994340410294,11.9472517024608,58.437026746539864,807.1754754376946,6.0,0
15.372879692832969,12.271482466084274,56.51970598061899,33.15451012306523,1023.0898705464872,1.885053379053874,0
54.63445415946464,15.0,58.267780479590506,80.51553375202892,1615.7962445623425,60.0,1
36.18310902929339,5.81150014732836,8.6163750406439,22.548927399242157,1096.6340276798023,6.0,0
40.34394950343481,5.615335960794071,9.224202345463107,44.7885961545625,727.8582197622316,1.4556511704620616,0
16.456879206608967,2.94609867011883,23.613970854354026,78.70474716848355,228.1561062956664,0.9764279732439372,0
15.440600052006705,2.400072576223855,25.418292672422773,39.908365890396055,733.8114354612993,4.189452904740803,0
16.549744271986782,1.9524391965335282,72.47943945168215,39.23804740272417,690.7555048957267,0.3583038608944765,0
51.572537148779105,21.370537275241304,207.20829307315597,82.97193822925422,1723.163282274489,2.0,1
18.93346228917835,1.3562929882392518,14.71867449993405,24.905636620649165,1014.1592808668725,0.29833004286425757,0
40.29204248309952,15.0,78.7288636986048,79.03190688021165,1103.472750194504,22.95288963338138,1
22.02872224903116,52.58610144353803,67.32685419991722,34.053533552187574,458.9056745342791,0.28331038322993984,0
44.68269482960193,42.8082452340273,123.33758143096686,48.67594905473381,200.0,0.3186547767013655,0
48.421996902575295,75.72941497188694,333.2269877734889,68.58180523322443,1783.1177490584987,37.320006670015154,1
51.514446036279026,184.42084451170277,240.7451412790729,82.06445622865915,1594.8493943312205,46.77341596738176,1
14.913795114108229,10.212119733194754,19.557687538182712,76.05732930355144,200.0,1.568654119283017,0
34.35803446649075,17.17342060197997,75.82370560608595,38.156835157879684,452.3530671929093,0.6809472564781538,0
18.469470642004957,8.252797544018344,40.5034167779829,26.850939132405667,1670.2286204365312,0.3731388077016376,0
57.473997459123225,67.39639597052903,130.5894061821352,57.10185303158374,1508.902313853924,2.0,1
7.6874153721767176,1.9380143899883373,7.59932532674014,39.950521255984796,1070.120471094538,1.2295256974904922,0
32.24728788863315,70.36612115421728,100.36612115421728,86.83523483600068,1458.8532145324618,54.246050314988636,1
38.476610116787306,4.31998005063002,9.304204839911055,70.34932873655654,1091.7379553089106,5.629468451700465,0
30.862445654153014,17.051734039184318,28.47325415970834,44.93959508575161,657.5095226298378,2.177226919788258,0
7.893872173119526,0.34130559359413515,9.080800871369288,41.88895431412856,1075.1605452795723,1.6692256058703758,0
43.18206784362723,69.42300214043641,569.4230021404364,82.31708029182741,1233.0034331491547,2.952257175759325,1
19.423704773653494,13.668271295718792,103.8255465028931,45.234007195994195,1304.0175237818662,0.6333791715713232,0
34.35237731728397,16.515956121180466,16.65903566564037,45.22016053054408,1165.768414191474,2.3142816104827353,0
11.696932370450437,22.529451715088808,58.94305005492279,69.57505443917967,510.0185851247028,0.6240732975678076,0
26.490020543215458,13.91265804660216,71.87236108600175,36.683273829494645,915.8800567074344,4.737586225690839,0
40.64871779132548,7.466784969212733,46.31749028030698,15.13590199560045,1486.3487587097368,0.5324915113498535,0
39.41525595731085,80.36511144321342,278.8558113240501,66.00051299917173,1238.198181837265,4.732812114615693,1
22.20623554312678,9.519123739258061,27.80269967842284,21.607787054561072,1301.1671718216066,0.74943640890808,0
59.48656766456076,113.3431055933129,386.950760292574,88.21627298627612,1544.0143117918635,22.651381514749744,1
51.879637356738336,81.29016665806148,111.29016665806148,91.91165050698167,1492.389682701289,14.12263047113466,1
42.60754766995953,42.233941586718124,190.41661429693153,73.901295291177,727.2049592195552,60.0,1
38.25225998587802,15.0,84.39562932408288,94.08578237475234,885.4464085758372,13.632140476192372,1
29.418957843006314,13.587475932649422,50.02279361089046,48.751243656995854,820.6538247247845,0.38271395654218204,0
13.161052999519379,2.909912095457627,9.00641792665721,48.256632539728905,632.7234388141017,3.862261226486919,0
42.32908171257144,22.430183112062835,94.01835714237447,79.46319604234199,1202.425060662834,7.6170994220274855,1
40.209051086169694,19.074926165687344,132.33010900656274,65.16926280036463,897.4479003049883,2.0,1
15.875792615862279,72.64980086982611,78.2374900569335,20.58948501768288,1163.8018502780108,0.13407276432832632,0
26.02724195283906,1.6881935304872455,4.110853655159499,81.02366215319022,602.6691867761506,0.9040654941766241,0
45.56167543703541,43.16069898455147,73.16069898455147,67.47269216314457,1324.7855088396611,17.143196354104138,1
26.911718146876506,41.22296623687965,137.03396992334632,72.72799923201883,1029.5431116894174,19.403603345581423,1
13.331294285827624,21.90782765540678,51.78340842176782,28.51905871328108,517.2698862671518,3.488063139806012,0
24.57549671672205,1.1359049986253635,32.82926219752351,41.83340034853049,1653.850414686517,2.5727067980615788,0
16.06278886283532,8.214730132078024,20.386625130012998,29.613974635876435,200.0,1.6167960877431617,0
32.23942531537474,120.47228258478853,203.55187289772533,87.43230056804694,1767.4427704163957,2.0,1
9.336192802941707,10.229885968542069,48.854484960556746,40.66276533155947,321.184223961465,1.3628014659414263,0
24.939730883625387,4.69640295012002,138.11530129210462,55.985942100382566,656.8697923615349,0.8349755269629587,0
49.272585549632865,29.111986118686286,160.81837627297494,61.8427756168314,1153.1211405375493,3.7679663539296295,1
20.576842059998377,21.34810547710881,63.62937405847317,55.83267190501938,1064.9900941741287,1.7741511261396945,0
33.160149610487764,159.1747048740862,274.3674611646266,78.34310259533072,2027.3259741937632,20.29632648361121,1
10.738942284855092,7.3280679495506575,21.76142618334931,44.20845187506161,200.0,1.3171796948714452,0
29.17260460072524,4.395047292471785,22.03344639235531,59.958734404406336,1565.419805464881,2.4786703171595246,0
19.27381291634588,21.33240997219759,171.33240997219758,48.637759531393534,755.8047102519283,3.59548201430055,0
10.764868205930078,17.26393106567527,57.47815269767041,44.750987591587354,849.8029791682562,2.0104035681778303,0
25.956529376708996,10.1634654740671,15.060038501853576,30.318736438513955,1257.737667251663,0.2035602539084242,0
37.562787907948746,18.94867473442453,48.94867473442453,48.46805175489683,1993.016274862065,18.41841620352053,1
25.730252560369934,57.983223614490285,87.98322361449029,81.9431458487711,1068.6088473008695,2.439611981734947,1
29.550433190273772,3.2129407831864,7.547000937063756,68.73424288764765,784.4265496776604,5.165130923172145,0
49.4270689433437,300.0,453.98810229268474,90.09853282848817,2097.8793243188247,60.0,1
15.070348682106623,3.3961070475394095,50.197112402642745,60.32400647944394,1475.9222251886206,6.0,0
15.946343885654695,4.770286887280306,9.268689095192517,40.76633798128185,1524.6377604191903,2.9170619666530384,0
20.00510290067097,4.927166135810794,62.11944777994911,34.41607536736143,920.7717163684989,1.9417661334350764,0
37.339602717535904,69.25491579538922,189.4823987870372,42.00198404970288,1187.753271490076,23.75933423914974,1
54.02354906312711,15.602062960214914,45.602062960214916,80.80974854588763,1076.3056676524002,8.159310325907109,1
10.597330039313206,16.686629804121733,29.5379273072091,31.88168390526038,326.53273919441506,1.3671771340065586,0
23.547436256351897,7.713023276835262,61.97738438399978,66.16112480312191,1047.7570438838763,2.3995979914840007,0
43.49045854351186,6.0778304719496505,32.05220411504137,26.183690378928183,321.9181249572915,0.43901284211953395,0
24.41434421565023,2.0371137736289193,57.56833292926627,50.58996107039076,646.0211071187664,1.0389006534692313,0
46.21518361225782,21.370159372580385,182.88832471364873,76.3936145591281,1837.2786258149436,2.0,1
48.73108428548385,30.588393971857037,118.0315533716915,89.5179585253585,1288.3708776998617,6.222739017218889,1
23.89581248922721,4.421673346465293,4.993304905382035,48.64799890522885,677.2476854574732,2.8693260589802536,0
24.57410733177837,2.4028768334230692,41.01710769200744,28.925550009674307,1144.1681975211277,2.220583579447701,0
27.559992560167075,0.11144360637975893,49.39280890811112,42.57564333988836,873.5100397415093,1.5637662868076263,0
59.64335910368936,20.579810740748826,50.579810740748826,78.66125323971079,1342.9329264858256,14.433236140075334,1
34.28230472978679,18.069912852631845,159.50393484465383,76.28567335695935,1850.6285059675258,4.139925987241471,1
16.436114454569957,8.366073810722948,58.22399824610771,17.762373043033307,1804.0465858106402,2.12853789430408,0
18.241735775392787,45.64247435199444,62.833865009016336,57.467055915534715,394.1374703083258,0.07926007757568586,0
23.531860879038664,10.59039876862615,60.040446843162734,50.86784543815537,420.2881093036678,0.9832776908845124,0
19.373241542242553,6.5510511303994,32.82387729413711,39.40653951056905,1259.0863596793422,1.0092104415187573,0
13.159313798053875,7.75468181716192,104.95957782656922,19.358389258018356,597.5874983550609,3.894510982538681,0
28.288754227493055,23.98154394810395,101.08242338079243,78.6432921809267,1250.3898641274188,54.99692484919946,1
19.785745688765665,8.519653721040727,62.76009884790659,15.914470860462579,884.3027616167632,0.5119646369841958,0
5.0,0.07252006220183606,46.35114876573179,63.41109210731557,490.6783430385361,6.0,0
11.381342388098634,6.047373796763595,119.40942909417431,27.15725089672928,1563.9188078159361,0.11943796501686411,0
55.24671453594695,87.57952945281586,587.5795294528159,83.12785234152017,1209.7872474125022,7.423633421581378,1
21.929554010928687,35.315555457633,38.39544340607457,35.22666848109971,489.1840926537009,1.3347902938830807,0
40.423558481857114,4.184515835969438,65.67339126579591,27.220288579240353,1067.1117522073878,1.1944666223609288,0
38.13723881965696,225.58205700600712,697.9618212253913,74.0446078687057,901.8425534479452,29.410933019757508,1
5.0,27.351937409704906,46.64686662376118,35.96885175410839,648.0226299750935,5.0561216829309155,0
32.79985516801943,4.457947371908221,74.62290357049147,19.222444602114074,315.7842531097249,0.3814798170570712,0
37.20426971482277,15.312139951359407,140.38293199080425,63.69128115404721,762.9359983866902,0.5536985553607253,0
51.47331155567917,76.72897242306558,106.72897242306558,75.62570319804509,2302.0115655744944,53.19704440450663,1
45.37297550843662,15.0,111.01979203724618,84.63324876620628,1746.895630764169,13.254025428680588,1
21.440304665321595,36.14016099361482,61.55797255536575,25.182185878930536,522.4946364084101,0.41355770528398944,0
8.952356285700334,9.550433183585751,21.59235755439005,45.8448701104784,200.0,1.7551449810697026,0
18.839408288113724,9.795815959852167,13.90104232310075,23.924770397532477,1006.8686919021928,3.0140449750653313,0
29.19462852183903,4.054400239288996,12.280735947927038,35.48723828172945,873.1784087179806,0.021210264753899134,0
49.46043030089353,15.0,95.05312020235738,68.5156617855038,1045.7901750799501,10.336556309582189,1
5.827317620227557,14.05600242036015,41.83839943563311,56.874165436732646,241.39736936962595,4.881383640601008,0
41.16775268930643,29.390034812129414,309.61304102699467,84.42241430997099,1271.9969185487907,5.693107778980861,1
39.38341171524509,15.0,58.98245769838142,69.78466837014811,300.0,15.585528228056454,1
26.78565436363772,7.272196225950269,20.71867339253806,34.15741448718703,1558.4081376427257,0.7730191563654683,0
24.775368071920152,0.47665558577553735,25.24050347689364,36.41996059011647,588.0892536418485,2.9920164103165954,0
20.36891573995806,2.0054614852065735,64.04119233858333,13.763275972940178,200.0,0.6010401784604743,0
38.1214481823805,38.95425995044539,139.07426625487585,75.27093996164429,1132.6961336018117,37.73163576039753,1
19.937261329421755,40.105270408692796,89.99430204461584,12.882236195979013,2082.4659101959005,0.7605177851936807,0
47.36463208502544,79.23583288583582,109.23583288583582,80.08837339526706,961.0333202847223,2.0,1
34.798116917420025,12.369562927580647,69.72565561250748,45.71564898953536,762.2278001413013,0.9854162596127178,0
14.152126960336012,7.179843864051176,35.03240558170963,58.15134948320393,448.6219590128619,0.15629652989608367,0
39.160507743569916,113.76108811412419,185.34702489720485,88.36745980005206,1710.2937256398843,4.372753999565685,1
57.76497705292123,38.40018419924786,68.40018419924786,83.33498194219337,1888.7246219291283,5.92041099232346,1
22.167678686952197,21.72318981894947,50.783472844529165,66.22696259832081,543.7855725014149,2.982697719124256,0
24.496836501497267,8.283983912893753,31.379875864715714,32.152916487865504,761.9730360471822,0.11135106504268592,0
42.61155646875713,12.688152634456797,51.24970624541485,41.659748018891946,1111.2004875439593,5.711250639057436,0
57.90439403004639,16.411753821747702,83.52259701720624,76.40001407241954,1878.0008616415307,4.4764649321934735,1
22.298490115440917,0.9662752791069131,46.08211983416912,37.20922277497287,1749.0453919086913,1.2014856670918062,0
26.12296248102258,46.68201925683122,246.1469666330816,88.42661956283844,1275.3082060395243,5.066983479371188,1
49.5318824131495,66.11718721849373,108.08387265608403,50.72114990263555,1463.9799153861784,27.38282732525347,1
41.489348193419616,13.490350914148088,16.582830209657217,32.85846130829972,1184.9482414426373,0.3693599049870594,0
46.3223944715619,226.829277069342,448.58645886080285,81.71672761821857,1948.012688664774,10.39759598884252,1
19.142240575127683,7.1901757454162825,30.084248533778084,50.43329988685531,913.9056932659125,0.012366300179859811,0
49.19860666792676,115.86827478687178,145.86827478687178,86.67115855349657,1409.7531694580764,17.88501944234136,1
20.087705644677374,0.5232169480666727,83.32356707712867,52.01453971340625,1238.775301432343,0.7799858386518548,0
36.43524107127638,85.06504753089143,585.0650475308914,72.05002291724384,1359.2950319919246,2.0,1
38.673469672160756,9.349929168481632,35.346796539007464,53.07347241567688,1183.7726134072918,2.772795043066263,0
43.423113837801246,76.44165513222801,240.1378985249455,83.0675795450964,1618.9527009105777,2.0,1
37.069900764554774,113.58150014124934,284.72512312716526,63.0761268118256,1260.7482907967737,19.306476953978706,1
50.07750390465505,54.76651326744591,413.89657295682207,74.75392342241672,1611.4656750167926,14.811101237306088,1
53.88890760681063,130.99667986836954,211.66022761495856,84.50818036904161,1477.1503126171415,18.274426711186763,1
19.876054598355974,0.5407952222302606,0.7689799335883513,41.98818846228489,1033.0357204949694,0.38996605755211694,0
20.927976668597964,8.058000732484839,38.966326414777484,27.41852496118874,712.2416211133313,0.4541800792465282,0
42.83854098681054,118.4836104008163,165.10505866859322,70.22223041015081,1402.6056880565986,17.60609938749218,1
22.611353634517936,49.98014230566307,50.041396955966086,30.526827910443995,1153.272574861623,0.6369924764823599,0
21.408336357508233,35.29676718874597,98.28862724668758,14.754273732017376,1515.1153040373476,2.786259904913652,0
53.70358416474865,63.78714763965549,170.29494255245498,81.9281549520485,886.8654014156679,22.492784211553406,1
25.750912799102625,10.10750655922353,14.269636294923682,33.14485517114851,1048.1482002137268,2.575874543836072,0
29.47069403377287,14.946451690723094,58.73782204064591,44.68813784470305,762.7307572433949,1.808908788343095,0
13.5977694369143,2.7940503328399835,26.053328120814545,59.24709551437903,960.1509076772527,4.485155865754218,0
15.780528723074775,15.77352598986704,22.026727737142597,23.461234116694698,593.9847687897175,4.2292599949900564,0
28.861151000771386,11.380194121240688,24.58442637728878,25.79223046288936,1393.3690788595172,1.0561860804494458,0
12.015499738662603,0.5953622855080157,4.270455330551543,31.591430948053194,716.7255158440605,0.19366701047388551,0
47.616325953999464,128.52329984705986,169.57545150794493,96.78947549042108,1503.2297738974794,8.622836010886818,1
31.22107075880559,15.0,209.5564130107503,86.69760656935117,1161.7295954876276,2.0,1
5.0,7.4200615664360905,37.84620807703026,31.12928420375306,326.4890076197415,2.8463191427545143,0
9.13059418264589,11.89565171393131,32.00766243634095,29.11744343824098,1222.964880067173,0.1930401521547222,0
50.24512416918228,30.060071214230643,65.9326396006975,66.98457059422749,1459.3286034776256,8.538778181089679,1
37.93497454220209,98.97166765887283,159.02711658037725,98.20342953931352,1519.9211575107026,2.043009563596057,1
21.680175009408575,14.616044701385682,21.32571106727587,58.68362375257621,1058.3425751870113,1.0587248932130013,0
19.602837798901934,12.022311643733572,40.386786245191466,46.238309405802084,868.3552419009136,0.8057967193351909,0
17.412313089394388,30.95531109159498,76.21057279168602,10.094452674764701,422.615786244978,0.5762983847283396,0
32.10800768294612,162.74324329324352,319.08910136081806,84.43437631109519,1496.6006276675394,6.193212671072651,1
28.167617459375457,33.056160386497986,90.3597085995422,14.676837724891104,289.1761596965132,1.3029951172700498,0
38.94130858046976,15.0,228.51778101866677,78.4769390925256,1401.507107048496,17.582242817006634,1
22.522858418769108,71.58813027827935,256.2966926164997,87.67900306607491,1544.7738057009278,6.964870969497777,1
17.083692260986375,0.7768859527107216,40.31682740043605,65.95843389564564,1303.8210066305305,1.019867764999798,0
6.318864331710506,13.359855849879052,13.741566324259669,32.43420791008057,1236.8434344231189,2.5345069781180896,0
12.413447235269278,43.980777511449055,58.97592332768653,40.738827719019206,1445.329339784593,2.8383508709828322,0
20.61580019804655,11.354906053224191,21.968884869828692,23.22008331881405,2131.0937415689905,0.020338317080454714,0
35.012303083687115,172.45042485925833,237.76666780801474,79.87584483450998,1670.606598680948,9.279072386656791,1
53.801587585708035,70.14219393572431,100.14219393572431,91.24406484217053,1589.9467708277618,6.059396650761465,1
23.94434263379108,3.3533581760896074,55.059486216399115,4.0977592813646675,200.0,2.0866165843498123,0
14.797014556952643,16.256134927942128,23.480725554250476,34.44042692197718,962.427156809763,0.33362797623305374,0
36.24073915837424,3.1683316529184054,18.061908104665292,19.912773073209802,1103.7729924776736,0.1252555071923953,0
49.11029610799462,69.03465855985971,110.62026502263635,78.27062156207646,1794.4254238658762,2.0,1
50.10274828717084,139.1996256367946,169.1996256367946,79.06025046244744,1790.3382931244441,7.550710264506897,1
27.29848619267552,5.894747093846053,21.147621240555235,65.00969191054571,1083.766744016532,0.13236202526390095,0
16.545416503496266,12.158053944682386,55.91023888463419,12.370042146012295,1057.082436426203,2.4488947321564085,0
28.869451311191447,21.204920413520586,22.723699801094746,48.30081221402624,1257.673218437155,4.201259415777968,0
26.456452859409985,0.7337117306162203,9.7725520988305,26.905046691211183,1243.6993093961948,0.13936697595479167,0
5.0,11.923013312762865,33.410999715352986,53.057236725435175,723.2740026043721,3.088490620470391,0
42.05038750284954,8.603482562548315,22.776180118046543,49.70427441257032,520.3870041076865,0.6314855830681821,0
30.267121506553654,12.474462596068117,58.2570132849329,19.93760002412628,1072.4584386104764,6.0,0
41.685452998476045,139.20493112595432,238.1233800355655,71.45270536216398,2102.099032392094,15.206746520050444,1
18.75183843316611,13.053821098024452,89.56047622191635,63.919222305078804,813.6549961290647,0.34896947841863457,0
33.64941077438116,1.6889928166825896,43.30768627705246,23.208075797735745,1378.2376175965362,0.5613354179706401,0
43.28737503723314,132.37114066630778,423.4422716089221,74.75187901979628,1720.439272749497,15.402169336521437,1
40.37655126574021,95.16675115355821,139.39344014067035,92.6440718263279,1728.9443813978344,2.0,1
15.113824903775477,28.12560949720625,63.31140489783352,35.376457583779036,719.4686314872275,2.554359063885161,0
56.401807575263454,151.82419932273254,181.82419932273254,82.43894977870826,890.3860423870738,6.015030972576603,1
28.25391273813745,39.201281634354565,52.29857360981579,36.67322747793704,1991.8552921850362,2.8829424139310915,0
46.02838433183723,40.96643905642062,122.74299348197675,60.207582866413155,1417.0454391658864,2.0,1
6.979010993026385,10.980012873760355,27.099926321751614,25.4869707796979,632.3497790286208,0.49559355387950615,0
36.48744645257147,9.744874592135966,63.32087888099268,20.662267298766956,984.9611077344655,0.020487625371565017,0
19.53136212021485,8.01292149426388,53.78053105823112,56.73528237727387,1493.7372643740778,0.60379698683904,0
21.796282684652763,0.661011412847674,22.268420348417013,15.371332481813504,218.88803583621143,0.04521650651771575,0
6.959262197007707,5.965950807580893,91.9194490276429,22.596798393241453,1323.5386242013083,3.4217719857576885,0
38.175271412353936,14.5071990538676,84.9025842606614,68.71980434661884,476.33306985632584,2.579967816980168,0
44.728562528989926,22.402824513614245,55.11874843762854,25.708718551147285,1569.833161524405,2.6039928546807194,0
44.59664924652301,15.0,45.0,72.99162058311231,1195.1976352532497,29.88518665469031,1
30.699558175120707,29.523972525582813,58.07944404929373,60.93853078876528,959.5883123953639,0.21224478746028136,0
31.42360301505309,117.87851521016694,296.6383006725747,73.70355754093943,1026.0161212751418,11.547880170364262,1
21.3165262821712,3.414097750160253,69.61546403742693,22.42685291777702,956.5177283261704,1.8844588876652568,0
32.2839013401049,0.4311858431396788,20.358935324050222,70.32642507684473,1214.680530439091,0.26493095644967785,0
32.26182312461223,69.88641151642656,124.83208366341398,31.60542835011662,1396.3260375503696,4.573170089287332,0
17.25378967480747,57.29980875585874,71.07173137894392,40.49460319811759,568.0151819456407,3.1923550596615784,0
20.33603099817452,63.64199110161698,91.98719363152668,34.43173508196602,585.6666751367405,0.3104871412623166,0
41.2130584094743,144.20161304297713,174.20161304297713,39.76673246324733,1150.3447559446288,27.138802959318813,1
33.10405013301227,4.462707752407449,14.085942947612477,50.427960899116606,764.2171306262676,0.3066618615601409,0
25.87842591369419,75.67952974421507,329.8948186407627,80.22118359283219,1332.4248487741083,20.614125587386688,1
18.068893534290012,5.304793071514435,22.146861063815507,57.34923924355964,267.45979175954074,4.496151037770956,0
14.256029110830292,10.372080635011434,28.373733251992363,55.637156541626624,876.7084453271241,6.0,0
14.329922109408031,51.81460746000559,60.221796486154346,71.20730706353208,1305.891798933842,0.22070558542513807,0
20.51431416150914,19.157974940390552,40.13054155262945,54.90272542007818,1117.5450638376583,0.5941234873791127,0
19.400565890282742,1.3807815312465301,7.093025011109899,33.86340130593176,527.6046160558901,0.751441331056859,0
20.918962197979017,14.655588695586683,64.49202431453114,21.63716298925759,671.2959362973495,0.5550295928478832,0
53.11298176774394,28.315132840126974,58.31513284012698,45.90856976389651,1152.6126051861922,11.911876113764318,1
24.930411437087884,12.986049963777816,62.99233141275851,48.77716015658086,200.0,0.7605044924807803,0
35.93305253687975,34.16556211059011,38.09908554883308,19.482455484114585,436.34523578053285,6.0,0
50.836421812582266,15.0,192.13860876160015,85.46435025886619,1815.9070775807465,5.117695711570212,1
38.72011748403654,52.47287703862748,86.44812990881465,74.2503415878595,1266.8162206380036,35.76655913703129,1
14.849900048437682,13.082905881798762,13.20926445528483,37.85167492639841,1118.0274784121589,1.4489792462387059,0
28.03198492051208,2.4806612874202556,21.814161518512297,29.702487197175227,1195.5012081558468,2.1170308676737832,0
12.671609777588296,20.80249528479093,53.73918576237385,32.66933914054587,839.3144880907021,6.0,0
12.138190116234211,11.303287345519589,110.95475859429004,28.962608900921055,1102.7305275245603,1.1792615415964876,0
29.286747533670123,42.15990667988597,80.3016758157909,62.536121326500506,1359.371897272997,1.832755422009169,0
23.186352880824536,1.8837535974581163,34.79404013577812,26.73090621414225,392.31476556701614,1.0658058886171031,0
18.309344949910752,6.740786197409129,53.47518661174288,34.71932919310532,1234.836416410894,0.10076562178063855,0
60.2363534793593,104.5726956360592,150.76344721456206,97.47007511861653,1847.8502451223405,11.158431002247509,1
20.247020081782217,38.10388590841789,188.10388590841788,43.28265786781643,382.5230769589472,2.3078564936546413,0
19.987083031758274,27.5336913947425,59.3914975405459,32.20399976931741,1536.1188063559466,1.5837621733867664,0
13.126201823464976,14.22430549154955,52.38564237324814,15.782163738365487,1589.3514760291139,0.09211982589078141,0
54.329755507033894,122.15927923153954,519.2687794901136,90.79525430872573,1288.6301194508328,36.52309741093294,1
43.24528838528064,15.0,105.99501041833146,68.26398238721579,1933.1356510988721,9.362319260462268,1
18.914451761020047,12.46300489064561,120.6187757178839,46.944998944167885,482.62311067409917,4.255514767546325,0
26.4513239813841,30.554775199700376,37.348395929286646,24.509441638347,1403.187288132744,2.2401704524650685,0
24.712909514901035,1.9576435021536325,48.46728384765108,18.82795959832259,1694.6938868836685,1.0534161626491059,0
15.568051954314809,33.110545092042564,44.333734954883084,47.88350213306197,200.0,0.18400116062061694,0
11.621791556369649,24.390795404934913,36.373455386641396,59.046084120122956,840.6033549491684,1.8451430141373317,0
47.01035356053132,164.49154812801072,486.28541718606743,92.69925387479896,887.3814555747439,16.92785710997135,1
53.274278651661916,15.0,68.90157810325837,85.71511302685468,646.3552398988884,4.92198360455227,1
23.064244369505584,2.4822995150330396,3.4847280773604714,17.148503583969184,377.34041601293904,1.1994319112029517,0
33.25497485037966,6.614481440584977,7.6546325757646825,43.42929659465964,963.2647689503519,0.20176845334782972,0
50.03269491202574,51.097809114695046,104.29566400592813,61.92443204303134,1941.2584586693342,52.97137029553368,1
43.753945427313866,15.0,45.0,92.47584478242969,1398.266494002837,31.830731853447812,1
35.026953962899725,1.6963567950033251,4.8299198602581095,47.69077913551494,1525.3615042489032,3.3431149554342015,0
23.67609967190185,43.62734991153852,61.75745977925126,55.51121203184912,1587.7769435473983,0.39581186377776356,0
45.63273018141827,17.662542791770875,47.662542791770875,87.50697908996479,1515.9720745249426,3.7566422651523688,1
56.190003663043086,162.64489389718344,254.93610357751996,63.07095572104422,1396.2884865161411,17.06384356604947,1
39.70350982475318,133.1223467790995,298.565888019617,66.04764242127246,1284.8845745607832,4.366213867737042,1
36.125648573972306,7.718050932898819,8.50169974596674,51.15141345656941,554.7548286102943,4.524015601213246,0
33.90203500794167,62.36175236722707,69.9656213819364,35.087896682841986,1029.653251692781,1.9476935825577446,0
29.72112138969618,0.7300765237352413,6.529245912094883,49.177483337357145,573.5252928664395,6.0,0
57.52525788473155,15.0,60.57722852911652,74.1188378164634,894.9666862845677,8.998183693867347,1
29.693311829103344,6.345806539264409,8.220530081592514,49.271253076351584,889.5020064085409,2.06743154931886,0
12.272665438593968,27.501924881796562,30.860182739410345,38.95741579944302,1028.9117364259178,4.240710476547734,0
45.509562475593796,15.753802329320042,81.71087755207924,90.00564631384125,1011.2450472673663,2.1199927017719933,1
37.650203508925415,66.11484100990313,354.67292772329426,60.20253583642737,1428.6246374544157,16.231080439640575,1
27.028505644441278,8.186573051717259,34.011751409074,22.672480203676546,424.37271833327134,4.741788885163918,0
32.32273917155429,13.70228176891227,114.30614370917493,48.89598497289264,331.39785354556466,0.8011990999538989,0
38.63038846700576,0.04935950575908927,12.710506635028096,56.83237572540444,1254.5862429255155,5.149156990957475,0
16.243247658807526,12.012302646438439,66.57272691890915,20.427713044325795,1172.5118380914705,0.7014116088857909,0
24.578732556950904,58.96211278769437,149.84121173819148,85.20663762878623,1357.7694201700065,10.652060754664745,1
68.29957227142819,16.747330874252018,403.71986560071593,92.07060097769858,1759.4086538600766,29.351427657334636,1
21.838389799400172,19.06423784355625,50.29251804229923,53.39861794486577,950.2432498717183,0.0200106857131815,0
28.628192407914263,5.192948599192582,37.37063400215294,52.28355259854365,824.6007752546257,3.7669508178034983,0
22.475168668105546,7.667520576488566,61.17272445863565,25.120418168001667,543.2571774796477,3.8052647062112825,0
27.37417375488978,33.88584882658797,61.376086521546625,22.103912619415105,658.2169638790403,0.2493377169505524,0
31.98395528917846,8.236212474673485,73.3939932173192,22.929539074366378,576.5131844427357,1.8835796362988255,0
41.87592660853067,15.0,114.11346665537484,93.99472736991518,1481.561720750949,2.3127703168876264,1
28.076651774133087,46.596690525059714,299.2723649938693,87.8965164646582,1544.3186711229478,4.593008061034896,1
39.36045254624689,23.070360514057867,58.699907099475695,48.25841456950239,695.0893412283021,0.7796777009339845,0
31.359524346441273,6.39127381362676,42.14724147344402,72.71089198329975,1420.0013403679714,5.820854223289574,0
13.669093786591395,0.9075454952454832,17.302369212801068,48.65864937528538,1445.357295923187,0.36804002501959765,0
26.051547821154276,57.41471491117276,61.99680302192298,32.231862164386285,1560.3483720540241,3.5739939533707688,0
5.879913306113476,1.7648237087092769,64.67194155914787,35.84423156267543,1460.7580220637108,1.0836682036188852,0
28.671778238857833,3.0707822299105123,135.24265121431787,60.90000706494434,200.0,1.082616413122454,0
30.78264421355534,14.26656587676964,21.648310479497113,17.33266054948929,1480.976592686608,1.2937415530889251,0
33.06030055091762,7.441701827220087,38.17090182528594,47.35027238271299,1223.882218406371,0.04869096622246732,0
19.454768821431507,4.541605618633636,5.800134246472412,41.04550414449591,1671.7688499987785,1.6184037726300147,0
25.977556658345208,8.572204389563733,71.32673899791382,44.890163012521924,1050.4226239294978,2.3606355789231968,0
9.803218099372705,16.33459867418719,68.66394382717559,45.939663475134,1162.1754801443585,2.2837834801352663,0
45.0,17.65945401700767,43.58028076669431,65.13465150038165,1010.087859444672,0.5592767432920538,0
52.12122871892226,15.0,213.2614397898695,91.45407379750101,1842.9100294503883,60.0,1
40.347967404825425,177.24926201366955,226.44391065214438,59.25410369880927,1679.4067963585544,60.0,1
36.610201264193236,14.886487291175387,136.98619980789266,47.35540499657875,1482.5680573359261,2.2046420186058704,0
17.80224763700496,13.403984870653428,84.23248254712882,48.46760638636065,861.3603391756375,1.578902751571108,0
31.031422764132124,65.25282943443143,70.72966795014588,39.731206883305404,669.5665067300491,0.6526073631004968,0
12.853652524227863,2.379498892433183,4.1642381939282505,27.482394486108586,919.0052521563474,0.193323962747962,0
50.64184857990885,15.0,50.14355247002952,67.56782329256633,2356.0489746403796,21.457008911752652,1
8.57629995634108,4.674815931386365,70.39680311519577,17.702589060647043,679.6708777960157,2.987620611728489,0
20.175165392370907,29.726430293973564,41.48521767004243,27.810170814066247,1742.9337843689866,0.6133157514344029,0
50.88077628627529,76.63549377174317,141.1376652479476,68.35355595459842,1233.139520564115,4.800563642794072,1
56.899347298245175,15.0,106.6371427955835,92.25196717177825,300.0,2.0,1
14.310353526216447,8.55502835152102,17.508029999114797,44.75093985674341,1712.4015237510848,0.3779273702065462,0
20.428201905770734,42.04623679712025,49.11259139080444,24.265391181297502,200.0,2.150242493537525,0
14.84818354146143,7.093861232491091,11.449561793727293,18.12029842507499,307.93107189740044,0.29470833193270485,0
31.144127089631827,2.5734619471434748,10.168908875766508,46.26946119947102,871.0009415520994,3.0698022602371706,0
23.684091340484468,28.196175131804313,44.904592611171836,33.75871891381942,807.8800091571385,6.0,0
31.915158040399053,20.80836635832957,134.59635770341254,47.899316424307244,869.406158449452,1.2832991200090376,0
13.768933716453903,6.1254596090110915,25.571529307820246,15.984092969305836,1144.8824585219734,4.1158824092323645,0
45.512793529254935,30.250375661558685,79.34080135186326,61.014959704131996,1298.1399542662934,34.86298992377428,1
33.866829063056564,1.2921700778783225,29.816422613990195,39.42035404173915,1471.0069357408886,0.651865399486006,0
41.55455482391296,30.652063347945724,204.75885106522384,93.6086185668312,1324.6022078310073,3.8335478918229526,1
17.466483881785926,3.549571854895338,27.14839287459583,27.811883617903582,545.8492032323038,0.20722090050076197,0
23.693247178174772,1.7710990192792517,16.91391270632392,12.914179469961953,387.0572613552008,1.0162025090682936,0
20.663986161976844,4.613661855224093,84.49220382893094,46.11095582652119,1367.5925138184625,0.2792301424796878,0
13.731148853610058,8.544409179876054,26.460854128285277,52.376366841311174,1304.9165653523569,1.407564159077784,0
47.286507234270125,15.0,72.33250183432091,80.61263787988054,991.4977833898286,7.16014755390592,1
5.0,14.502837532309336,126.73465460239936,59.83935218241589,2268.5647320690337,3.208391997610768,0
12.416778764082544,26.120807767032062,75.87362559989896,45.043854590744836,200.0,4.992213324245349,0
22.7905742593507,7.135151951937276,21.845249432027188,53.10812544344887,568.355938269737,0.38984058145721145,0
7.336243492885091,13.832158398515247,66.87424529156553,46.258326978392695,1469.993141744625,0.22708085639539596,0
28.800423432587237,16.71738495201469,19.76017310021554,40.82185757781823,587.7941383738587,3.0943273908330005,0
44.629817480615095,15.402503496677216,85.03513739592472,74.23647658108612,1156.9957763550558,12.974436938928978,1
32.194216958478734,5.864536898026338,52.319191765432926,45.82186752595153,1261.8046729656446,0.6186098634917643,0
16.109273600661965,25.67986737199008,54.77249196241753,54.81066806395457,1295.9691636069588,1.734782521878538,0
34.005835601992885,15.250063747878025,80.89090628414868,14.949501265988966,1007.0247753779688,0.893701936083757,0
29.908119520254218,5.029058067439016,69.82674671878463,19.137658400867195,740.9177907649425,0.9517275238899507,0
47.04565566868674,84.75058558552689,114.75058558552689,85.28868604440753,1540.2004138452353,3.06304187433833,1
21.220576886256804,5.4658420346596674,21.686683754976386,14.215691329060798,971.0666768797024,1.5050208389738313,0
52.32513801401293,15.0,69.30759186114456,87.10827703344808,1216.3483096889456,32.773344642284314,1
14.13246769740637,42.68245099039569,47.63805822764465,43.53501826904343,836.582745565991,1.5171719580299767,0
46.71797509997107,96.64999676736574,126.64999676736574,71.0959101147548,1373.3740952496805,15.262363406021178,1
35.951845955446814,118.16246730005727,269.63948786885703,93.04193327480587,1220.8066774008705,60.0,1
47.626434493656525,79.15542854866176,229.85357962674982,74.57957927935138,1198.9681552117481,16.57128888393719,1
29.222095878931658,76.90916906483633,143.34351584219777,23.426695199079308,728.089113785908,2.397319354717274,0
51.21918205760689,97.69675649357262,258.3039290047253,55.8375202057598,1668.8506371926726,4.484830592321679,1
23.866170146630072,25.982661266244037,39.56635675600801,32.66922811116106,1345.9019140142054,2.7969966398199824,0
8.729931800746849,5.919012973639514,17.084918938186767,39.69477054744275,660.2436837927438,0.3934639906018648,0
23.827383138535414,31.648690506276317,48.29066830597674,30.940311787374853,630.1895542798279,2.023106697440317,0
15.25586674139872,3.3989787939203344,69.80187977560412,38.41200571483197,1647.9666959929755,6.0,0
31.687873382203122,7.3200956573955684,87.89117896423494,21.12577542828473,829.4786868695716,0.33487133724786966,0
38.70244848786358,288.17647327454887,458.9023563718875,98.88417034705375,874.9895280196084,31.16666747520724,1
15.428621017115827,2.3577662560413,6.110919128980512,28.38698965389788,897.1210274799139,0.4426087217869934,0
11.906869626168318,14.588258690138462,34.38301974737318,39.97622769608674,200.0,0.5374180587227341,0
13.329035132341799,16.244674498433625,44.36957067347496,25.19300927744682,672.3813395440307,0.9842128215508157,0
20.72529450229134,6.517535595836865,16.10910773779735,52.96997494435883,1247.7930356602374,0.9116394392406985,0
24.307505620581566,7.177213791101922,45.22148758916992,59.68926157763822,1159.3323329694485,1.0959577790916388,0
15.07951713238858,0.04980846573297185,47.227496700870745,20.59853167547818,372.07828026595143,0.5725028820895255,0
18.569194162538363,8.260109964553001,20.230915725205783,59.40366503228059,1072.876535952265,0.6789321003143475,0
15.11772672457639,4.991523162915366,26.57079766348248,26.31305271872737,1005.4249248228548,2.608472708032671,0
28.929530236399295,86.3469743185538,131.39979187994606,61.5858769881935,1771.8429240776077,2.0,1
45.0,1.716512488979306,44.59895342733376,9.746921375483721,669.1215786912263,2.0101289868631746,0
26.851931618136337,30.38236971760656,36.57944091120135,48.211442083982945,825.9068023610469,1.2092152785452754,0
19.20273930342165,7.6865250201572355,38.03280333993466,48.83630631909622,748.8077663233614,1.9935330758379946,0
16.016828351928584,15.738571085881153,50.14666150914219,32.36021805133313,800.5447051768595,0.4259368324039669,0
25.704635954780937,9.603869810325634,108.64137570040373,14.612975179603307,1464.6542511705748,3.9877965809106093,0
55.22854392929141,42.441514119278025,183.75687221226033,87.4517361053044,1655.200204300557,59.68978544326796,1
27.960997614094467,10.911831539502918,14.375060458737988,25.01257466803093,915.267255745774,6.0,0
45.71387354916169,15.0,128.09716259006348,80.87026048260051,629.0392258804399,12.257248349647163,1
26.174721052717295,23.123813554969914,141.59160476197343,45.80562308412817,1017.5804195284525,3.6471939724789055,0
19.02248192695493,24.631688825781623,55.11038515171151,35.75327116812966,1169.3008447377815,4.931648007530031,0
30.64680281772796,10.471288406486714,114.835390278018,9.68872896613501,1309.0216161838748,2.350397083004371,0
15.077600945100418,12.818749497955423,36.413415964661866,33.34704547899575,1368.3479975001123,3.9751860776140466,0
41.316332469003726,1.7919030967990721,37.792629191843155,15.22807056755562,1191.6781151723312,0.6379459569732674,0
18.614146808399646,18.61126028340307,30.25204673439323,16.338934827921474,1101.46649366687,0.3401750763026097,0
23.05710727170631,1.4151522238499181,86.3128299551571,53.50364869104427,1618.7896749937831,0.9884680025476809,0
37.43629469020606,173.93825140986388,203.93825140986388,81.20856391138861,885.211104483432,5.793786680684682,1
51.94058762442156,15.0,68.30390595565717,87.57279329954311,1329.1468414593437,40.559074461258405,1
23.336853939093263,20.191361254961283,52.197187503806944,64.00194833011646,795.4815018296714,3.728002951676857,0
24.693185545112183,7.839840371942202,17.99295703428134,6.93800243438968,200.0,1.2993566263457146,0
8.749175656399219,1.9459359681208865,6.896484519310235,14.834413164614228,200.0,1.6098092929920487,0
16.26370669445121,25.644010294931668,36.170047051045415,4.2841960756944975,493.33512928003034,0.15470234982388248,0
47.96491737355862,56.25393017099286,110.70539347277305,85.93063651559638,1400.1803866413366,8.032910774921007,1
29.15187896986386,3.6079345566342127,15.140307518001432,41.18860356020634,200.0,1.0088090513570325,0
19.98281240278299,1.5454104461726876,4.193586835111393,50.629096714727154,1358.4038781449042,0.08081365733362655,0
9.908537259955441,14.812490412048787,27.41694406155282,16.495368711159234,1008.9418703862705,0.06450190641913138,0
21.77091918532279,20.217465659222988,28.337090296374512,28.893474779237582,409.67253125902175,6.0,0
36.1900051208812,80.1039158698697,169.81061482002406,92.48567799634195,416.76258528594246,10.850785692354025,1
60.95002518224564,103.95031826140037,136.66674506320385,71.69185933289901,1699.9092733892153,60.0,1
26.117178351319467,29.09674925064971,63.67329796659563,43.397029664208574,1315.395701951607,0.3245079011640435,0
49.45892135767148,47.977857838598325,188.1894851908629,76.05747794035177,556.8392330350619,7.339743445771248,1
28.783323547530422,11.704640464177423,34.73120267819144,32.15408251976859,515.6985162574813,0.7140932938047952,0
5.0,0.05927261457085598,101.94097016173491,49.544419955237615,582.591847263145,5.004050461296976,0
22.90337997240836,18.489622931817276,23.38496896452895,36.86103683259096,492.08365924009365,2.6026825768046407,0
22.763781956962692,1.2376538822208552,7.225238781902464,22.1239765957188,568.5882929729923,0.14918222493081795,0
15.765006103352063,11.8982002218617,47.26858755289331,52.70608063491574,905.1822266540147,1.8089449409894607,0
49.56437379636624,80.49263358732794,156.41131071727926,92.50321989444159,1572.2847042572744,9.473185144899654,1
45.68398782521743,26.24765704401933,243.6950527246169,46.93856947127258,1481.3922997139266,31.178795478559962,1
16.211706315128776,6.42599986239116,25.30333987371629,60.8472593625752,1579.9334493977017,0.5948398869420332,0
18.574152390916083,11.661315951527447,43.25847064257377,34.60647841244817,1532.9160227426755,0.547843122213456,0
26.15170357617292,15.0,284.8632933460916,60.971287308075006,744.5383063574678,60.0,1
18.18911575826857,5.013890238597346,13.50904833813492,44.97865744219286,945.5077218490933,1.5092121991157108,0
27.922205186341507,13.425714368830636,18.230472844730688,52.132184809988445,1072.3693951982618,1.5930139204812441,0
26.133016978386152,116.3996209392379,146.3996209392379,85.37342498298386,1697.5266387086228,2.0,1
23.405402133510574,23.775570953883076,45.882296596379376,36.72757464573089,1010.7635265033804,0.8182962379494035,0
45.98155065029145,15.0,149.520729788305,72.27384712654714,1210.740174081674,16.607052592705834,1
30.690692859646006,18.686040224617553,43.246368751663766,21.3044873323549,1072.474923481955,1.3236896005351182,0
24.281354002059345,9.44606980930304,42.114341331126695,42.460522173412045,1313.2471325272675,1.9907069922520664,0
25.494331491683614,9.859884347839127,18.898541180663205,27.434153979798975,844.3281565079324,3.2400010557481327,0
8.798991501903235,2.5728081130311655,72.36593752140067,30.150349146960238,819.9215964184308,5.045084350268324,0
25.23492043675417,16.65293310331479,51.24937930446022,32.2323720713956,936.8672737879986,3.219117701024608,0
28.99828504240857,14.829594275853445,17.223863669444338,59.609679608949776,854.8475604353001,1.1047153263170093,0
27.756010694749758,26.604837679412512,52.843738232126306,55.93652477362112,200.0,0.3203552297035545,0
31.305785658144465,1.5493524091455204,6.716555119733453,12.903482395133414,576.0328646951784,2.1342561352849647,0
21.60092666608129,17.00036468339803,32.6313786523635,33.538671424971646,816.9949624672932,3.2901324403630223,0
40.673650193371856,63.076644619573074,65.62811227391262,18.202358075822456,1429.2252809978745,0.33762075918939866,0
32.596350020407286,13.952420179621567,32.75060881158853,35.56954173183263,1253.1152617152413,6.0,0
41.42940545381025,15.0,115.90887543142138,70.33495229559082,1691.6428072591618,47.523969160714906,1
50.261863051121985,21.596036097598727,128.71669631409873,61.730944671702915,1692.164851355455,23.880099658620885,1
28.321162260354555,9.868843309537441,18.762987398207912,50.36348601133446,1399.054459715382,0.08169836391253803,0
21.420562712327285,10.023563393031395,82.6396112745047,33.964167842388996,1408.1730587379698,0.07846962383480796,0
29.285815686637694,3.0400450547086577,34.21579786596578,36.520812956663725,853.2093163657239,0.2160068045209148,0
11.15619879934096,2.330010922585633,29.605946221926036,39.02805622741276,675.1606208126035,4.3058523644007805,0
44.100860813900404,3.5887334491988105,3.7600217339350808,22.970467598683637,200.0,0.04074804278988719,0
36.16033295099778,66.38461900537402,96.38461900537402,75.28089249604871,1283.1582374652749,10.327308269994745,1
6.346544699566342,14.01237296393034,49.340121187725494,78.5849950828581,1517.7506608706394,0.2627223190074491,0
30.970562670327187,15.0,110.90373529811568,92.48617885332669,1706.251693083705,8.696503680442547,1
13.528774480736551,21.800214240606305,32.53120400509661,47.57031168240021,464.6433131788082,1.0810242195370685,0
25.68568836903503,18.271238508268915,41.09588398096594,42.772764193156206,634.1868443366404,1.849200202893618,0
19.981026233078694,2.9944978273902167,36.53968168509371,44.11117697279635,520.6057038037234,0.5120918952410479,0
15.208931048092328,1.516864062464354,9.142416967570371,48.665635879265494,574.107495297128,3.837629400051229,0
31.062284256873166,39.58045234963779,114.39090878994051,28.917280241244203,416.5356410787253,3.5340674331020545,0
34.92756303654028,2.7863814398962594,31.159712147707367,45.22618051583495,667.4321508298913,0.717370362223533,0
33.70171485652345,10.194746665192334,19.039058306601078,32.878451807911226,857.9613310668925,1.59706807174121,0
33.59743612123796,6.893745246109837,26.83407175771003,13.927810933798337,869.476673879031,0.5520796534527028,0
38.1218507622188,5.547239727245487,9.509224776878053,30.720053685343718,1572.4521179091794,6.0,0
32.48109422836909,2.9879703515844818,61.30848571848841,50.19012063612522,1265.3346952817235,0.2907586890239396,0
6.8133878576473705,7.019784565569336,23.910345219526146,23.67014727937961,598.5723941081862,2.830880549460541,0
13.904594451957946,10.74621408290472,22.105462728674876,31.133415092686477,710.0684900667957,0.29603060842017836,0
45.093953139500876,121.15607872543218,151.15607872543217,63.19088199773415,1430.283196960639,48.672389845261975,1
7.931140191456137,5.519868235931407,29.057214872348602,17.24114384171618,712.6625691441443,5.884492296319401,0
40.54799928945323,51.55105111437723,85.56511584030926,76.10502341256657,981.2595506204789,8.381420762274983,1
51.18503576833752,136.589125383779,406.66993152641794,56.11144441908157,1447.776525312101,2.0,1
23.836499237475202,21.909721112555058,136.3232811011305,31.112800520920146,593.7292609852846,0.09915612939025877,0
16.764560741840672,28.046189558094508,31.417510187666444,14.63180313041712,426.58656896506545,3.462803052813667,0
30.419473140660266,8.631840217129854,15.856703476870585,53.17823720363386,432.8736628850078,5.331678666593667,0
25.37660177538223,0.7603070654198413,45.170938391733166,31.617694377452576,1039.0879750513207,1.3419371475422759,0
50.775231184475246,39.96797685145776,367.9230090815777,94.5335465685743,1247.268208902311,22.02938080240081,1
52.5593329039927,47.09296259999902,87.85154060814287,83.65520690366968,1647.2589016361803,10.870628928909719,1
58.02977246791863,15.0,161.1132927962295,63.03630526293457,1320.2087501120154,2.0,1
27.50775856470637,6.00771163216163,47.6927074092725,33.83384125327014,200.0,1.378357853944453,0
44.00293183684515,15.0,201.91714854124942,82.43924657054433,1152.4710239993206,20.90103298627712,1
35.84425092957226,45.385720343500545,157.69463337023356,69.03783856659219,1347.8563315621436,22.49950791450426,1
5.2412829304878485,1.6994056586725725,27.579534821985625,22.730057696471743,1188.4573353027874,0.4827485177615414,0
16.920762353096286,32.6610136005043,129.08612979334615,18.376523920645223,1183.1296895902385,3.086087927453504,0
20.708889544104316,16.403009949687473,31.991674294164596,36.282841179441824,1557.9634925242372,1.0676480534914925,0
43.22852320597681,139.90277879730309,309.3974033214761,58.72839433082439,1231.1021948443265,43.0647278039897,1
26.595279462029076,16.031026288320316,18.01473507416276,32.78086655298974,625.4466391916066,0.007359805620853454,0
23.718588219692812,15.496359153174073,43.990475918072065,28.555795554280376,200.0,6.0,0
14.012779445287945,3.826061535653447,36.64000883972445,29.341204005770983,643.2965781879421,0.7744122454855491,0
39.469307238340775,10.765960193058932,24.448430583370275,45.135419093016196,371.81786160598597,5.122352001809587,0
38.272437599753715,25.524486468504502,392.48362403537203,78.92530363057129,886.4671766678077,36.43668884959671,1
39.33631643055612,277.89256000226726,381.35103825319777,91.77247771619045,1370.8760823246437,29.65533313381958,1
47.41478818560307,45.759982967445794,316.9469255400732,84.71706624944355,1502.7149186912739,23.262846695432238,1
38.263246177604174,15.0,45.0,74.95528345511454,1377.1232628239195,7.87948792697919,1
52.78280886970233,106.98456661553956,273.1917406258673,87.01061723906075,660.4150607096166,28.842890202400408,1
10.292137653330094,14.370823015909417,22.873943382733238,12.765722621485695,1176.8833545905745,2.1409718569071083,0
7.41043887305398,7.845553360211484,31.407881894794755,33.8339111704117,492.45193439466505,0.05802052464905875,0
29.14969763130936,11.131403985239062,43.2600953041164,53.70753423830145,206.19945204691203,1.3406514005700458,0
30.86201361691451,16.805973015221785,19.656929475364045,13.312489920485786,261.8138457888841,0.27070677327007364,0
28.12054889729486,24.818414551345214,79.6302637909998,64.16282011604441,1551.955709294697,3.38658709863633,1
23.699119364775054,16.632395364413913,42.54594390925439,21.475440010470468,583.8619464799206,1.1009633804946914,0
19.522995930059555,0.33498016358994376,51.931026979162354,68.14210316475513,637.0185472478361,0.04209002091869128,0
25.336145900639902,80.0,105.91061029464258,50.93789168106836,1438.046569182451,0.11809386734029721,0
58.726649118522346,57.4246137261637,87.4246137261637,84.23701698111927,1067.6398872362115,6.4436880995624355,1
7.132506239985991,13.228668531102691,14.963286827841412,18.78440765489396,1281.443433760464,0.9971238543163322,0
13.495019659838137,20.69057977272709,96.75031987685547,37.964369013941464,1318.90732412475,1.222532272177235,0
31.009239891627345,28.274783205429873,42.54391515475323,32.38977266131018,611.0453246627612,0.27383456434954345,0
25.02601737291219,0.6044102892890378,74.88162002813165,16.27734166871724,422.9576848057535,0.4214728727679563,0
24.834549434313296,13.583873982097812,106.34134006024115,20.80312363135068,1138.4689135979368,1.0406421033178153,0
22.552049399127185,0.6060329122356392,10.653049658937247,46.91491899074755,1164.136507286643,0.6822575067890766,0
26.079149690311656,6.694917950364189,18.030477293745346,67.617871989778,1284.2030738727724,1.4173564542803583,0
13.668336087286617,8.761335898697487,113.11425502885317,14.766022497378714,1764.7420380573772,0.0004947400381259501,0
51.06880775699475,15.0,78.18122654286623,72.13922094864749,1622.550276071914,7.826716105517214,1
41.65194285903505,51.65038046108137,81.65038046108137,87.64683344996918,1193.4637222166366,2.284769355659239,1
47.45266710235559,26.876109247288905,74.68648441894872,35.320383383438084,1546.962542658462,21.67700444007555,1
29.050767896502393,8.966473069354969,68.82352989211239,40.912898067396824,1346.7334749224758,2.5915263998338016,0
15.692528718775367,6.434529002102101,79.06265191688277,29.613907279640085,927.8487652055184,3.9731414406042638,0
48.76233774094731,125.89658002688704,183.1507500567836,81.53282710097142,1963.9839316602468,2.0,1
40.854405508520145,106.76256370422205,206.7935959108729,92.13168812639991,676.7954966075177,6.610868509306964,1
20.72589051806449,3.1757953437200346,148.45082840987138,50.10067134534113,200.0,2.0043738283522954,0
19.915654290790975,2.8845400862466706,16.390171190536226,35.3173080345806,991.9445379104027,1.1757499755515302,0
7.798654914628006,1.7121194786479632,98.04388157689593,47.98283080284947,1240.4879217572038,1.2718910669395989,0
35.19350700809646,9.89316052016777,31.293527162092005,53.924130075024365,600.5929430456299,3.9843154078997673,0
23.034593139042776,13.247898618646882,22.59115725397629,34.52229297557773,959.6375386398689,2.1678388906945933,0
54.670896605203566,85.65802343951435,115.65802343951435,87.88436537255359,2355.5322924656843,36.551381887241135,1
40.797222570403235,15.0,128.85356729425553,73.7451422687368,755.535156185661,20.411583013431947,1
42.81692407450846,19.76449253269124,154.36571337808562,63.563932640587836,1653.6957631621833,34.07639441241085,1
30.85190155390051,14.778687520410891,21.052722342479832,28.277180213044367,1600.2110551503379,6.0,0
53.39999024862887,265.58910929619134,475.17883851887115,54.27139174083144,1496.9070554564075,37.863965804023465,1
31.194972218841123,3.2544091257281513,70.66151284408308,55.1183558038708,317.8145252466833,0.4582215648571316,0
12.279974017633224,72.02177661684618,105.30499494355732,45.920475109184984,504.71127996196424,1.3783563725948142,0
29.148357192579812,9.618952111982605,34.831154406523225,12.795820146437803,956.0091063012175,5.526192764352761,0
15.775672283855243,8.713754041464961,62.828253486954225,63.7021641641185,200.0,1.4143117950812616,0
30.334094808158195,17.766213054999017,29.113564721111608,33.77656530872731,430.5101799763947,1.514236327140386,0
26.790063342406988,1.9516230566855377,76.10002932084923,67.70873600163699,732.2724346851883,3.173056403795227,0
29.739061365270334,9.913049881744197,11.361124931776915,33.09956331791274,680.4499625410892,1.1959561649851729,0
51.07182078973679,87.07383783005604,173.0379086750621,30.280472966907528,1927.7879095837934,14.355057357861108,1
30.134578790873498,19.108606312184715,49.10860631218472,82.90372977195268,917.9623960043505,2.4220799735821568,1
35.848209358148644,3.780121688020044,42.9011960401963,42.16975553058456,954.1135006346618,0.40621132917900815,0
23.440428282942314,22.295797747513156,29.249743341746505,16.368799753825865,1514.3890211153353,2.507460286047539,0
35.493008572410844,15.0,315.6102276029367,91.72295652773724,1179.8674430190724,8.318338157192366,1
54.81085454555589,35.65424273414095,65.65424273414095,85.61821278790912,1889.2242641859214,48.073331881981,1
29.841577069279946,5.878594731982988,145.84676313093587,48.68316302099729,711.2519258963378,1.4273232341904571,0
30.66027221016155,2.8965549581429326,25.727369405548902,45.83682545251861,1874.997719111864,4.139597102897585,0
21.23286396923627,1.448367495408072,17.31329746912734,49.92242835102532,533.7058025652556,3.0868445252871526,0
24.917710079258146,21.05009135649923,44.632196989294485,61.76097021482474,634.9892462016187,1.6151158746876861,0
51.106437909494254,49.26883622147045,240.98513655412202,96.4662328310313,2768.9614914811673,15.274779790697217,1
22.0118245156068,4.609162947244694,4.922650712102179,41.912035202077405,1274.2894852408417,3.3148397878832276,0
29.39111956936522,22.08538370328041,28.180230228345984,42.978614062579304,788.0626428749823,0.904255443992989,0
21.25419087557276,45.461161155434326,84.94929435449973,40.97865341609976,1306.2563792096391,0.967307052880616,0
27.151089690446813,34.55024346933336,34.76532396689258,53.62070810997424,1312.9372044317436,4.923344494100673,0
16.732351887817067,4.676364625506992,24.521666225112572,38.05032202236242,817.1940610499241,0.6993891788453434,0
45.69544709162088,66.48707962664014,354.30775351957584,96.57933727448734,1142.6508830592177,14.465243881514972,1
17.853060796817086,0.22020250841572866,3.317943392200854,10.202437349349951,343.42800111727047,3.4062479770277148,0
27.519495116122684,0.8532851873165966,11.646043467220538,31.17838982950979,1052.2710737829125,2.180863660167321,0
19.046300880069236,14.177199397368796,15.98764746393118,33.86152383554747,793.9027701799313,0.8121140856377469,0
27.906359352609446,15.499788776912265,176.12555865962852,86.31326220703308,1583.5675516468602,10.566821287321135,1
34.07174794281235,31.753454782035785,41.41273386332796,33.120537664494435,317.23257320871267,0.3791975053976961,0
44.26243223396898,39.883547296564,69.88354729656399,60.66777296646437,1648.789581916109,60.0,1
32.03201577003473,4.977689052453899,8.611006104588014,33.29967567891984,512.4011427998105,0.605475914840416,0
29.45958877819833,4.041161042532728,24.503042210850513,22.12620128071586,360.3065254076197,1.6752119462928645,0
8.441722021337018,19.941361233265482,69.29535384227006,37.45901422979133,604.5579045517285,0.15860056678369922,0
35.95974142239052,29.860414489676906,76.0917239605509,46.51469688824689,1181.8018870324117,1.1104172106532417,0
24.952419154670956,11.696636654488893,48.58886615983016,51.63542164425965,785.4201506883779,2.5753019912349444,0
46.28625908854868,73.73564241040474,113.50513956893802,43.90530372215134,543.1506329112576,3.1741000671491255,1
8.123283557536137,1.4478105698784771,68.22005372180979,32.50132399864675,1147.547417100027,5.220663388208237,0
24.571983372670157,3.231850546410312,90.70807203715952,72.12186263643301,271.6068041121548,0.82267699470479,0
35.41641759867249,20.392082553972596,72.99479458727423,73.91857399968342,766.3822033235465,27.831335188629403,1
23.348206568907848,13.898924088092668,23.56138580766514,41.54961121622214,810.2775272312391,4.159766517488781,0
50.032971466262936,19.006137615256193,92.66492824448783,81.852904846156,1054.2142360957428,21.248463845424588,1
8.642845368748509,32.437491726722484,42.48850371538404,13.755991489162334,893.929724226529,0.2002729241942503,0
37.75445728970651,19.3509683382716,57.14442149611567,69.63363400008681,1443.3743438157915,6.844471722084202,1
26.550192083225014,6.840727686619817,16.613057930703995,49.97473181419323,1389.6861523124066,1.857909226003944,0
25.217171114343856,1.3440360304816135,5.606490416790297,55.44016424242956,286.08543354241533,0.19236796725805552,0
14.851349995513006,1.0719237481670325,4.187318845738393,38.75508345667231,1234.2178666819125,2.7109543972207777,0
51.36420137873039,15.776826018077262,425.8560335149933,82.13003618515374,2025.736049414883,2.0,1
23.83714218712026,11.012102883209023,58.38445963856958,32.77743835333491,886.9450721066171,6.0,0
56.402085158522844,28.395047972547406,211.75993180776723,66.23729692675269,664.4447717171563,60.0,1
45.49699617411356,245.42273936404933,550.4777069555786,92.16103522331656,1401.821514691803,60.0,1
11.09435276303408,11.396721022072416,18.550756581691154,21.188736636104892,1041.8851068531794,0.30535531513464287,0
20.250707573939373,5.362979371469549,78.37355227941093,32.134649585035575,645.5474211911051,2.5056541416234834,0
24.81591023049996,14.365890136107835,32.63900478331505,47.54087277952414,200.0,6.0,0
21.862079188997754,23.478832359006624,78.74951198005343,50.8893704979172,736.5070627494308,4.426705120039166,0
45.07215653088649,100.91928875274111,193.02638551226326,86.30040083454746,1202.5678923021358,2.0,1
17.060393722793037,10.09878464920632,28.32153289899635,30.947816518225718,201.38232569515628,0.06428106076756429,0
56.54215803344299,15.801532751358602,45.8015327513586,49.39810269920163,2026.9631653379217,9.563155043057904,1
24.34552301907469,24.88782265320762,77.00061800478792,32.46233246811177,844.7330716958526,0.9365927175018611,0
12.61270069010755,14.640094412986988,17.526674517510568,39.764248310962294,714.4052503910634,4.287574271382289,0
43.285612466316906,41.64295545489624,221.95793934827367,83.91922368137844,1412.6481990541022,2.0,1
49.134444091560034,37.095649510081884,118.07936687197382,61.910789038085866,1275.1480578613596,60.0,1
28.525011584449004,2.252294844348384,17.039018380451438,42.3028820864418,1136.2095872653633,3.3581147820651234,0
24.48664058455077,24.163596566278237,58.02160254305497,10.640729631787558,564.9759676342013,2.1989887795126295,0
33.920778325837276,1.1735955944900596,36.753540593668944,25.121608780759185,789.6954975692386,2.0551427628098837,0
22.550123311067583,8.923762024057885,58.4452274762567,35.434444134952095,1573.777776627298,5.521654346384415,0
25.716110557292467,10.59915661175826,65.19430146974821,13.272456236492037,373.88769351460405,0.4879899679717522,0
23.037089748236454,14.841073597100207,20.290156316974663,22.855908600058612,665.2971463698366,0.16692108503240774,0
21.61596996862761,7.9488068758780726,55.885146252274225,50.3575209360382,831.0258381184447,1.0490928416017715,0
17.652153804953027,8.386909565551516,46.02138599150935,22.979363423675874,1221.5298014234031,2.9165315077750837,0
43.40174909510556,27.008328309619557,57.00832830961956,90.00355058345149,1498.2391056692406,27.98460653341807,1
15.197861333454217,25.12155004448085,110.79434678983523,38.5853747667954,1427.3171161272026,1.5268801374446521,0
26.579383950867978,0.5304443823060666,55.94645646286119,35.45775998281249,1046.872896841639,2.2096503416097857,0
42.384237834332275,15.0,82.24261796653921,62.07782482651905,2407.99223483016,16.525579502313423,1
15.435013942609476,16.803708573262664,38.32187757737228,38.75642236866057,752.6802701761713,2.2858733362445802,0
24.780735474390973,17.775485474205375,34.61490073060875,55.06385159656945,1105.6915079891623,2.1963909312770626,0
33.35471431665768,2.6058754010729412,39.79739013077979,25.110165810391223,682.255905619009,3.149232189112073,0
38.55458416056012,32.67582994482538,176.35327220180082,71.21403973489721,1887.712664457737,53.124087062438704,1
42.18759937547349,25.36876381506616,263.5430102852262,81.86394158098727,1000.1551417089336,15.163440184341667,1
9.230596828859765,10.644147167445357,16.561498453501205,64.98416421268576,464.92818959442303,0.8453836224527991,0
46.439659002635636,52.004885580197225,254.39660695617852,43.573205341529174,1166.367585837706,29.632883183553858,1
28.653850599917213,21.939931232740484,66.63464595998087,57.90785098694657,842.2618404194452,1.7235401171046343,0
30.9092081558407,3.182405151020434,10.450321603306268,25.970023664627757,869.2600923225149,0.8469017261004758,0
22.472167972628935,9.145629087487656,12.742057269257167,31.695465842489977,1326.4410005464722,0.07078521863906287,0
23.54717365805708,3.046752295243642,61.23510330107531,74.8628944109842,795.1134370184844,0.3180742993276444,0
26.93856675694828,37.53945167168815,45.3289976317485,20.033989634747872,860.9465969931958,0.40979209910140607,0
10.777327262534023,11.641087810698602,29.55138679923506,22.837497788464546,285.5744190146248,0.12620415806315347,0
26.743192252032003,0.7721620995563465,87.60910018666951,47.92362247160874,200.0,0.5932941990167785,0
15.772288459244315,1.6007084592314413,58.61191459916814,25.310573582608715,350.57362375924754,2.6862973966292913,0
25.080995556028057,0.875275403972881,72.79520061119437,54.07386222607759,1280.0858330167825,1.6018427932744534,0
25.621082799840316,9.399138798770709,85.02499524240235,24.309339322844473,799.0045592004967,4.302339379526842,0
5.0,25.557867878852473,58.49955796599873,26.80419390311945,760.3143349048138,0.9474814535347402,0
40.579503587125856,59.74166811929423,368.3770469961063,83.3173332263125,1338.728669398461,7.206111846025355,1
59.137094060336025,42.18057780604212,131.9564047594913,66.66600613399436,1511.3315164469761,29.750266556482696,1
43.12276240551025,24.9078400873439,173.72084151203018,87.19157540858392,1029.4112760937967,13.370345343047296,1
16.104245788851717,13.272812481241768,21.654926603664038,33.86023559250487,493.20305052440625,0.3895188210858228,0
42.69864792834669,15.0,88.69726846316512,72.49158591845114,1840.8854959823316,3.8429593675934126,1
38.80862676427319,20.31545719244801,96.26077964854917,83.13389191896142,1009.4266017739766,8.006936634610632,1
45.84069635217058,15.0,183.74575314391112,77.26093557448148,1203.8686915866426,4.91310014642462,1
36.88452073660496,15.0,45.0,68.08079389890315,1038.566602517998,3.856860617364095,1
27.322047098806614,14.016003376991396,56.46232593391838,26.144666769514828,353.2180792609464,0.6528470950965882,0
5.456141668491149,9.40077347546557,55.68451083787506,42.70060507260897,1123.4928632775816,0.6429339656929893,0
35.31750383463425,9.997827825551138,133.47003860568142,59.96706303584494,1211.8037679141007,0.3757567063556252,0
16.958682504473856,1.004374152156393,14.890938188410022,28.801436012761073,1051.0148846304921,0.5632545775410208,0
5.162796846652114,5.910204272603155,57.87421118416886,29.65709181338966,594.8472174061179,3.655751017174973,0
19.617376215868035,11.03934111419611,61.00121022408952,29.667955338354425,1311.316861215032,2.3578534011777728,0
41.5485192038396,17.225898796749057,47.22589879674906,88.26017336093561,1686.3959215109915,6.07855660651172,1
14.176131948514666,10.641795823858482,33.775121405085905,31.690000064566746,864.7271233398598,1.0074485787970233,0
38.272479700255246,17.25735047096996,198.91385900446377,86.56870762392738,1119.6341553868376,11.40893140261805,1
55.61237894332423,15.0,52.78926086663844,63.20816123031177,1670.210324559966,22.367530666656908,1
42.59017869128889,118.06206231745972,227.92637049345717,78.96877079155897,1259.4372263338528,12.19601802258798,1
11.838428306666904,1.3222361512936858,10.981190903495548,54.09039010468549,942.5068167319903,2.3605128510078925,0
31.604210176022477,23.79222172828743,25.970721195767137,22.619210964041777,2173.1533214900337,1.4135170532002947,0
18.33818476960829,17.09525739028512,19.88458339478241,28.518158093840984,1548.4335325577754,1.43762432260028,0
45.263346725935094,121.12384076808276,454.1891784852315,63.22134013716748,680.3324676847469,42.40011474224735,1
28.450474272578475,1.4035405399109147,37.034966718645094,14.450192952876012,1207.1775360953752,0.30169455039442034,0
24.5329690925496,8.69358738048556,37.20558021394831,24.09733012015945,688.3919940582033,4.598696031463229,0
31.929427175060276,3.299483778209788,20.351932648052827,36.49380219032331,952.8808542099626,0.5942412674468456,0
34.484656537742055,11.577464209965637,68.79222012800676,24.887145549743543,831.0604552938904,4.8081748134503375,0
12.773691949242721,1.9509849598517035,4.620434282162214,33.94192188058617,581.4971529707793,1.180993382449761,0
33.348337271797604,180.92677615220725,321.4209903363455,71.67708841041842,1287.341236634977,7.226844351803284,1
34.562677276420786,16.551292821238913,17.59397538556529,25.360209199811155,1083.7511406732883,2.3431198754462503,0
37.158431673775254,15.0,45.0,63.13226297359227,1265.4366223027441,12.121220146035958,1
48.6654535032376,65.7655676138535,122.98078137543607,65.47407261556341,1765.2534487432426,21.51815893754095,1
11.238068991613297,2.21868237148471,5.502926460790988,31.43170794968463,879.8896775910841,0.26229293696908024,0
23.72449669579358,4.7415039788253495,23.08478971287371,52.38064682419329,767.400911143222,0.3608390895195105,0
17.394939111844486,2.4165949810626532,45.85130737098949,29.940482543350296,442.06805314565736,0.06153347314832522,0
40.77934132437763,8.07779391589742,34.33369780565357,16.632489869711904,508.21380613442966,0.587103523454616,0
18.860482395865674,7.334797286521242,40.08571697997053,38.58613673088211,572.5257440319303,1.8885118109586911,0
50.25534801751261,15.0,380.9202586339789,80.29388431445327,1082.369485604071,10.290653052989583,1
40.27929967466694,38.50004021505968,54.98899816455259,8.07089112313799,911.1799440473502,6.0,0
30.066807055429507,17.397802981088162,84.99716944250142,37.983191250046765,853.2160716980748,4.626031919606984,0
25.076822171501668,8.14888081591376,83.53048372695763,38.0820739323656,1181.1282369360065,1.814923434334868,0
33.67289577135817,200.798475455594,467.3993859902557,91.04092930627641,1378.434779301592,15.639957235099418,1
24.473475083871854,14.582514094766468,19.666972015789007,57.18921393429376,591.9909131593854,0.4227569139141219,0
18.7225974757682,4.113155752732208,39.47031834751829,37.72860709890508,831.1906044204909,0.40386959816799506,0
47.30194080235952,222.02733496679974,302.7498730474106,90.06731205673826,1556.8590517299895,7.956080467480619,1
44.24136878372613,15.604790926615795,398.3378309189442,76.85338742171896,1820.8898444443903,18.53618752074242,1
26.190333365350455,15.0,45.0,69.51500438208413,1221.7597381107362,9.359630483080142,1
14.502981505417198,10.600683236754657,62.144271561170335,27.510238827957707,905.2271468133499,2.230850146878043,0
54.704292506935126,154.34069121718662,362.3811628371868,61.31355279142785,1342.8646371292587,2.0153487053730763,1
28.53366169950796,11.117930308737217,54.44471242959271,40.06966741125929,1410.36124401327,4.297672089725755,0
47.987846508574805,15.0,45.0,97.38061832790402,1077.456410628976,60.0,1
53.85143121295547,67.5635884907284,128.01494931845426,84.42319581346953,987.363437437438,8.879589399056977,1
17.764918455411724,1.0982644288046888,2.589479326171917,19.582239446819553,1328.9506260097326,0.7689196427746803,0
38.678821612952746,11.389488386391765,41.49938531137218,40.12292106964621,1313.2478559296437,1.2269630574379375,0
30.673926705664947,49.74927462187674,140.57457364976835,68.48561203444652,1404.255114757837,21.16655718032672,1
19.29398071978832,26.162305144547002,61.28851853353875,20.402998052130588,1189.948484573295,2.116342579932348,0
15.420316442090238,1.223507752629524,10.934739207143567,35.16588183594697,1309.657518440578,1.0998943964194852,0
20.30490558304484,8.69763875012945,44.157425390572705,23.701873050382602,200.0,3.7493861949555294,0
38.30500593037798,41.84461414821553,129.53266439132034,74.92613787486184,1250.1751749400169,10.35049506520971,1
35.86065838528683,15.244961994898595,97.09144910655604,66.41746386557,1125.9938411964158,8.83109735107472,1
33.25859698156567,61.070037400345264,82.41814727780945,65.88268969375805,1225.044486184688,0.7156792163461565,0
25.344622985121696,14.657286016674352,16.58573551881523,23.317813912192698,788.0898361213575,0.7446901533071526,0
26.850322200142042,46.077228971437385,103.6404581265246,71.95455849526199,1306.2380823405406,8.71865309175307,1
49.507267395334786,85.23894003730948,165.56638791791812,78.52952557687937,674.3703251401984,24.578156365932603,1
56.573491151294725,32.34467258047102,62.34467258047102,86.40151467522564,1701.2081602849707,13.148501780739643,1
21.095813097768904,17.795072790573734,27.99557169886338,33.29599325796979,200.0,2.141583105746997,0
11.966331335002003,11.812122159981985,15.845476541566796,69.03772983932943,200.0,0.2824792860726056,0
49.454062470727024,15.0,45.0,80.90754355019814,1708.9820629634144,18.93356082127854,1
21.460971090885753,57.96226931102598,59.37130555355872,34.37417108830934,987.5935140487272,1.4396369953590757,0
53.778810323120325,66.93060226334545,163.7355408045779,97.00001043807677,1620.0401009782304,22.61827043723331,1
12.532919008263546,13.016338190461898,20.868205797297,25.66507325863067,200.0,0.3590496643599642,0
22.418858069149262,10.74294117699658,31.99317212013859,32.14926348525771,438.88436405653835,0.5461864114742618,0
23.119801429887957,12.333741504311286,19.541580678405037,24.12579143225916,1052.1377783806056,6.0,0
42.570646411891246,15.0,46.616052899892274,93.61850746675427,1232.1108644714222,60.0,1
24.812644078764528,1.9251809574759706,62.257831341944815,36.555335915919656,734.337966156303,3.8196366218128066,0
22.77487577667164,11.30677631295194,32.122942159161596,74.097526111539,353.53392076942146,1.468900036157751,0
37.33852270537649,0.9824972741450866,48.47141626212837,16.955036472148173,1463.5750934693401,0.29573598457875494,0
44.3312764109233,29.52274035560215,183.0519015575711,87.4561328706403,1732.702780617916,8.828033502024864,1
23.896276089647554,7.252937145063142,33.81669312293978,50.470454328620406,244.59734927248803,4.488855292677425,0
13.953316766409626,8.127601550772924,11.96277954402673,44.044498856141054,1343.4499257162308,4.904399769067726,0
21.426283397311938,2.0661696505280283,11.99671092011692,30.42546744590021,727.2411134242486,1.8163162146362184,0
12.607515044269572,1.5231421240162155,30.244702000321237,29.44195478522717,1448.1258358129755,4.753943456590048,0
48.69477836323123,300.0,621.841766513388,92.06195278051405,1329.7310781463748,9.516267831217911,1
43.22490503541421,95.22878008749079,299.00457152593674,85.75534631062803,1435.853484023315,9.52076630045211,1
24.74205846063233,10.707065745426831,80.49874445164944,70.25336063593626,806.9849002874159,1.3437508740156292,0
17.968748038858664,0.4314199983111768,17.54595719628548,12.566590960219287,709.0411418505673,3.8099437009394337,0
40.70023737572402,104.51783425513965,172.41431944778375,87.47821542680818,1591.2054334951576,45.09768424057426,1
5.254535826195063,43.487316241426306,45.646119465658884,64.64166479878345,1636.8679121639198,0.053598488253903315,0
36.91798549085511,10.357184678110162,16.58154055707842,14.53384322730644,749.5814332512409,1.7700899352707444,0
50.9133190256763,80.28581515956137,110.28581515956137,74.42214608300115,999.850588133671,12.17260564531511,1
16.813488684756642,16.824053141281002,20.20505034423436,52.80878876449206,200.0,0.8907736592357937,0
16.05756086452324,1.3499763684712165,2.851149109967182,45.81894330737112,1658.0111987196549,2.162469561748338,0
27.184684845062993,1.148359110588327,6.1074797413291835,60.821225146313864,1422.8022469776006,5.934378315578777,0
31.66316942834895,56.041811069469645,134.5691263010499,7.593821678904783,989.6104346552693,0.43770151853499556,0
21.92932652831115,14.99131748663666,143.52167039875442,63.659825828730774,903.7718934367313,1.3809077172031585,0
40.98785059800609,246.4471945100476,490.07791378023967,89.65628006788161,1756.2637233741286,2.0,1
24.424210510469926,20.36496111214733,64.1489667671668,43.125911822550314,1117.7457068912097,1.8496633473072428,0
5.796774528930449,6.2003469363315045,19.341159993035696,42.3047957978392,884.4897465070109,0.04862124366970928,0
11.81280704440606,29.75873161064135,55.00593369912788,18.295581299233845,1099.6331743039207,0.008139989393357475,0
24.03753127742043,13.282044096863602,22.104746251882432,36.844808677333056,2294.184647475911,3.6746226315286274,0
37.19216598557154,15.0,89.12753328584418,77.43541720308133,1349.6606542355287,25.375584570744405,1
42.257499140448935,107.01684399057534,137.08384630864575,84.09250217436772,1427.4752179575275,29.996735231927573,1
12.075421654759921,30.084452841022696,37.13903229701209,25.18134879891189,1658.0260068352295,1.493633706580346,0
38.28424611972687,275.8942823356989,307.2292391060262,83.73412209163394,1449.873837266107,2.0,1
39.62983869077543,32.274737027227765,62.274737027227765,81.19334189471333,1222.115528199193,2.0,1
51.9133864818648,127.65614813884939,157.6561481388494,90.89798047792657,898.1490672674714,11.67404618456456,1
16.162870249230387,11.622570058982715,50.35578170415753,22.470375279705067,873.8852254975062,2.2172848226688977,0
40.39892974137781,22.424917026593885,45.158696787606935,59.14235779138721,600.8522338062096,0.7902590033835818,0
34.853439080511244,39.87294607856213,50.86120179600839,40.57601001873169,1034.1327174235778,1.2153358225406452,0
38.683053892483855,8.669677328780685,18.88711400194444,36.10664191258909,826.3623694584337,0.27036353855089873,0
39.5111166463041,51.13563789874263,292.3561711021068,93.33717912777986,1355.9207514437744,2.0,1
49.4650090026161,171.50987146600255,209.29400832853898,80.69216661376325,1470.6752548281343,36.88767318380395,1
28.16971130600467,5.101220754172268,10.890993343923668,16.21752875803632,1655.9072368856946,1.7992787332664693,0
22.410394713661404,69.72017954080319,219.7201795408032,22.90795543714663,858.9083524673624,0.9356832652285121,0
38.11341058075126,83.0834246931745,113.0834246931745,65.740584212557,1083.8567990084277,2.0,1
22.305808508143837,29.256174155292886,179.25617415529288,46.669234625092315,929.2669954673453,2.120180498980533,0
35.78252938816344,15.323732757554279,59.35691361082431,57.158202878369366,509.090179463006,0.594174988788504,0
58.44762969037195,205.8530003187288,243.5790287471368,81.49937661874317,1564.8501736196113,27.322372921515758,1
22.798784520280094,5.027307215606125,113.38352559323394,27.342713068355195,745.5982234698761,0.5252318649935743,0
31.46337043483561,0.5284665450340488,2.696494441359621,90.21701957505442,1614.2288973865125,1.2778093742617593,0
5.0,9.418424923705174,64.72250194782649,55.78070687117105,523.455744084986,1.9726751375741767,0
21.202699582563344,47.75141850798452,49.33605865692621,36.8559236826337,629.107897547869,4.914962210278126,0
54.36018565850155,67.99183141106336,175.17571610896462,85.39025638276118,1849.7060492167384,6.375022659349421,1
40.265922011945044,15.0,72.65001571911674,85.96739470934097,942.6608132414065,23.544856188882147,1
42.83888264072205,19.186527313252842,55.693384715288644,87.10316980894778,1116.5377636247483,5.477630265856708,1
24.232793280304737,6.97930437610721,46.78667287403505,32.1495961063204,574.0642520195235,0.8195303519406727,0
36.823515795294504,15.0,146.8558567263402,91.50295708152606,934.3637451587108,37.389789022811215,1
39.9268760813486,29.56077858909719,98.50221793861627,79.16129097717925,983.5549995911892,32.525349619988546,1
12.325941903010648,1.6310276338771217,30.266237059700053,37.43703620414207,1014.6711520975475,2.673919236226178,0
16.052431811248887,22.183764367726003,58.7830947640018,58.467077276021286,461.36922970273645,1.2423328416751496,0
15.91984772972972,16.36457519625412,95.08868885282268,30.75052126195145,245.30953336016432,2.711575299929218,0
23.696373963889073,1.8696576838500425,9.639300039153849,79.26756480984977,942.5798535883639,3.1406727855179835,0
36.443538723872784,44.60909581221849,89.52191704959918,31.380283707031015,1069.8402321358626,2.4168426329501482,0
25.832876984600496,7.541250768771903,18.562756069509618,51.294959738748744,999.6181433529135,1.1544064686897189,0
26.297481272784324,3.3057741658278728,20.909538269073593,48.45729431465544,1117.6695966020827,2.417624317105256,0
41.98707581582437,24.182370979366613,54.18237097936661,94.45285053845555,1520.500193802877,11.898025866103406,1
28.344430568209717,57.19590260927009,273.4311679837856,84.64511948772407,476.8456574055963,2.0,1
47.26069159828622,76.03324779096701,106.03324779096701,73.2100247783285,1433.2224663637978,3.3774827167128363,1
14.719600670997993,9.257571600603963,35.66316949164117,21.989916641140738,498.77991507982404,0.24752177313924786,0
43.68159070812154,0.41562481561275794,12.395422241660427,49.29151513783906,200.0,4.120780681043887,0
44.48539524705255,100.67975473681956,130.67975473681958,63.961626421516904,2766.830986290894,60.0,1
39.42942223718758,15.623911060679516,31.496348191524802,84.85336974573133,898.1084330383361,2.3425704594182557,0
56.56107823041013,53.41932243257103,83.41932243257102,88.17398634883098,990.541490555268,15.003336855437729,1
39.732537550619845,40.85406766710483,113.62452917276092,28.93849846233599,1082.2611219005669,3.7999032492163187,0
15.418826427854956,15.795943496319675,88.48095822509372,33.40122187986632,1658.341104691507,1.7474979263788863,0
13.238653080784747,10.276423789476217,12.840613896955048,83.61027791791294,1001.8717803160217,0.13001139643419862,0
16.974777510107703,9.917282324606527,33.62765068527214,17.556808218194494,1510.0381125697463,0.7841809582064904,0
10.233797176181412,20.332675494359524,131.1451098647164,56.126600040597,830.8465769523538,0.3869440646912324,0
33.5184305939014,37.77346183721935,116.24113048664299,52.27772732740355,1047.0340526974658,0.13788376000439853,0
42.588159817105144,72.70900725577545,277.9455899864408,88.6627798065782,1228.6978347639044,7.122777505444,1
49.95145471451382,35.72438387119348,178.08882454932078,87.20898119097659,1440.277036223614,29.605088390441047,1
32.87915342616265,30.645728484938907,107.40881581252668,78.91304142115312,1237.460418754349,3.5853659459287663,0
49.332057836693046,60.69708770055639,159.24809231329692,72.72220093771016,1621.4509588384853,7.7779613149319164,1
14.769728356628246,27.773847734135103,71.8455159861829,28.819502339205894,345.6267221383798,4.529821147187149,0
9.3718544527169,9.116717413123222,46.8913337024873,33.65510739119347,980.0561578830865,2.1913347707476745,0
26.337700359844153,1.1745277600762647,67.1944438331633,46.652565597142335,947.2906932472873,0.2592781465331862,0
40.84266618797011,61.138152252119305,91.13815225211931,88.10759932088804,1513.5572602443374,2.0,1
35.958504661949874,75.87898729380801,460.8933592997333,77.77191726187802,1033.784513144664,2.0,1
24.329236118155613,10.368435078939793,18.67729782870601,18.454815482428796,213.61837974822015,0.9752259837828507,0
5.0,22.768974071267255,28.381428141996878,49.182260669210294,789.5894315992622,2.6115931601750337,0
27.150866808875715,25.73516953900953,57.80908659414591,29.55933431678873,1571.264684675986,2.1081018310749573,0
51.264533262187285,79.81418655874946,481.48265923401544,88.89895910733627,1630.5499463079161,2.0,1
16.359968357815585,38.277858244731924,65.31503656499603,62.50305734606708,520.0399374025556,6.0,0
39.65009332566057,0.01992204443227161,134.88471197686363,63.47400482905824,828.2921469340494,2.4227172972938122,0
14.637555032678849,32.562205166363306,36.079317316424664,24.531449730176092,1517.989449254861,5.382638258486455,0
44.88825459618409,21.611130843139257,51.61113084313926,63.47765550906613,2007.626836215355,35.31912687708512,1
5.708973744536749,29.515793024760757,103.71239195073036,58.42455939878022,1053.7867290474887,4.496691527432432,0
36.22885947239914,40.80698448639053,149.9928432943483,79.98219693413671,1092.889643326604,18.615463790363876,1
5.0,19.171064825694707,39.36148375320006,16.689393546427485,326.183589806531,5.292876448657312,0
8.152160329233228,9.83699535938762,37.60031464644739,66.85795558284028,657.7599809814053,1.5303355318948193,0
46.75213406241725,68.28141697882185,178.93331034205553,96.9256389095697,1412.8744679149163,27.665585955424028,1
18.411835053622276,18.24058128238547,30.93137747497442,20.97685318199733,624.5702021168986,2.955289123847929,0
35.3353206635833,53.66818607140652,344.62811039095453,80.6159793708035,962.9252196846992,3.0144391484484814,1
16.35168540512216,46.459978528573046,59.05479573971233,44.34581793291446,1151.4820517319647,0.11011067937032383,0
22.40156660985288,5.952635153583578,59.01293638068439,62.713217728718526,1563.227584330629,2.2991689052701396,0
8.38111278086373,22.21470012742408,77.12570236208765,45.765119707277165,735.305730202169,5.641670590150206,0
19.166083864282196,7.6033004656738585,9.604942761528738,23.719363940580678,955.200230593699,0.817344998610188,0
29.53274391607461,52.67902866958183,82.67902866958184,90.27461000952017,1125.1326039402695,60.0,1
24.471640764992074,13.5089211531209,20.95531837702201,3.6654571795447635,532.9019367631145,0.5717892005910383,0
23.058461614808714,1.4314855045989596,3.8591297627672505,7.946251235622694,1113.6188011136019,5.165761604015178,0
14.027781476323835,46.68657322024574,121.48429328559729,26.031596923000034,619.8984905225079,0.19566151155252287,0
7.479313925814587,3.44285720365504,22.73618271491925,34.32476303732507,414.5207138716527,2.169305058638181,0
21.00008195658575,12.236973663194929,33.64795520601687,60.098272949386434,1426.200072472466,0.08465848343784989,0
45.85287332488754,15.0,474.33552459930763,79.21423679699664,885.0797418468361,8.840072396797753,1
44.3615603774159,15.0,132.67786591436214,62.68235975413962,1623.526792473547,2.0,1
17.36243059279259,1.6045384492320862,92.22608645690681,43.74061682320803,640.2116032005415,3.7868182527361487,0
34.292571812734735,26.344442138279746,130.9790891055215,58.45752928750755,1983.147135902931,2.9056481165535324,1
21.12405651802468,19.27088869772023,42.22448459290688,19.1502958935657,720.7429033237127,6.0,0
18.91873059608144,12.538621525918037,110.12372588165505,53.57875659816836,1565.1513626325532,1.6069780641885103,0
53.09881832573882,119.70940056793029,149.7094005679303,92.94892305209119,875.2501291941164,2.0,1
33.092430119471004,11.7172328124956,14.64315652778412,50.01002016204533,1138.4571798462034,2.600778516476828,0
49.66009490757213,74.30045628577805,215.5104097849602,85.00402804845646,1973.407824804472,26.88442887457391,1
19.998199526351662,19.90705428886498,54.64388814241727,50.117396902528554,821.7414392195825,0.3879679540823037,0
37.271109832872064,150.72844826183209,187.68411640491507,80.00872103811913,1487.975949648263,12.522791924535067,1
35.49560885105335,44.86322900173722,74.86322900173721,70.65438378757428,1594.7741148132723,10.787223341112092,1
20.80848204826306,3.323467352293949,23.68621115539315,39.053198313760035,1198.133286302491,0.12627259181159223,0
17.43858378504742,24.131913929688544,109.83740393821299,27.640894741975806,825.4158885545936,0.19135483257326993,0
53.340113976851036,61.52304574726165,261.87798909796965,81.55874098157068,829.5266014449008,27.008742247073545,1
36.30286632811634,15.0,400.88913559717895,88.13110422762409,1816.3812270282447,2.0,1
10.678523556832394,3.138788991201985,18.007674916385852,14.145719209184302,880.8609430160135,5.502607087123442,0
42.69972212181908,59.74878384556631,205.71759298876958,85.77679910008396,1619.6207100632118,15.114737032098768,1
37.25158397926015,15.0,114.37270704109574,78.77123253023878,1471.8798960443337,6.193964982353615,1
45.721025136323846,137.81446765305006,386.190480400062,73.10080452576048,1455.9240493769373,19.031381219104077,1
28.055554945790693,18.803986524214956,91.161236247354,27.393340742627398,1802.4344453417443,5.462063554886466,0
32.63240419225726,44.882137892050366,74.88213789205037,56.27544924577678,1060.831182941186,44.328861671616394,1
20.262749069662267,4.415779582552693,32.76286136304501,51.10956163114879,689.8866807637459,0.3266590556261736,0
53.52996788220733,62.87386526334374,92.87386526334373,79.40261305352352,543.8460796102797,2.0,1
41.336633596886145,78.72916652285794,190.81105749749406,69.6617560969288,1790.2033796000246,2.0,1
42.61980692242767,35.50681329568026,65.50681329568026,90.57139433886734,1632.109415071884,7.338372765235585,1
24.16091921191124,7.38263398115436,16.70776717660391,14.393008652143044,1164.45101059422,0.8704708705308486,0
25.7096586985475,7.757735186247211,13.98657262828528,68.80860948800266,1045.8948394428169,2.303328981971042,0
25.359201645457322,5.642357948146861,21.672460305745908,38.880201496268825,1316.180999965312,1.624940099820412,0
18.948287837307184,26.21182379210348,91.9388403845715,59.95853100453289,371.7365956163037,1.6975072122961645,0
30.390276917130134,99.87065975991268,218.36246884223658,81.20503672545703,1637.6799096083869,11.645096508090615,1
51.156014499897296,15.139068280050086,75.92626470745508,52.186855849362644,1634.7393942895112,2.0,1
30.924745229775972,10.55513140442985,31.74688316754323,23.54534908112072,322.9960333908824,1.0524473844686342,0
26.272878249914193,16.812185231538997,69.27614015297453,39.72611893175274,496.03993771365447,0.6204772763027009,0
32.45260982464919,12.453293551701673,17.006118533779873,41.93643691321054,750.9376619935929,0.1308110411754666,0
21.18112569996092,29.17564984655821,39.067505511887475,33.33429302547552,1783.9966759659687,0.16606083448447215,0
33.48086546255482,30.39291416405055,58.554460917583384,75.30821704676094,466.1817522091744,3.3150957485011308,0
42.30223782176574,118.08300544097749,148.0830054409775,96.80040531778965,1350.9094401058294,27.10030101949316,1
34.84739437737332,61.0387329386416,248.94506584240233,69.82246551856554,1349.0969306942443,28.293908575821263,1
41.11185732827802,48.69781181038765,78.69781181038765,47.98332162586589,1736.090436232752,2.0,1
13.294822425736474,4.5638916520564115,9.32873610949275,26.42642232652801,200.0,0.9671235389065449,0
25.02122642656418,41.91990579586198,149.23336733421144,28.986837030777068,1131.0873726225927,0.9142582072143474,0
20.961160256730732,29.28957034224078,52.847668111500624,16.108932202325725,1179.8609075113307,0.6678800319072837,0
22.403553971045866,14.97350370283435,32.455078358807086,49.98200657908099,1254.8001618252747,4.034832184790852,0
44.30333046230331,160.22208237928135,351.9440570317554,54.73610628205067,1343.3693460057773,10.770746200265222,1
34.03126361506506,16.453322315056838,29.989626826019347,42.81069597278976,1918.2836058913508,0.22472315231995152,0
20.322600796762483,33.505523422594855,131.28709326496707,16.601584573678853,586.4553824492679,1.9605066304153675,0
34.21534369676295,50.66994276989267,80.66994276989267,80.90238383170357,1360.1752559297477,23.398561679285397,1
13.982018377890697,26.037750699307495,44.714585469115164,38.20840521604497,1001.2639988069195,3.2237218396919163,0
33.9921922368779,113.4492567550387,365.3114291097298,81.24514865284452,1076.4124699544461,11.13623266380704,1
17.171000492632686,18.00200509709174,30.642342030684063,13.332861161758608,1838.6046308866144,1.2703717438217514,0
49.90794649600583,56.12256329254933,514.7818643427958,79.01838095446612,1311.6116239317473,40.371401580091565,1
13.66783051918237,0.1606786486277371,11.93240214339421,53.7115627535449,2125.9672435707753,0.47742873449853973,0
19.65158790352741,7.068159331278025,9.18676104638606,63.76913675529911,402.964131619077,0.2542146032656253,0
31.145850858365137,37.6051849793043,88.28768530904841,54.40738320459532,1008.994945201563,0.006784466134931697,0
32.199003526997835,15.0,81.8164405446986,84.31106244916367,1750.9710691887233,30.567732797103037,1
13.925542447812076,2.1605368626254426,37.63348381141118,29.490773496118923,492.6137074378354,0.444003391963535,0
18.427506677168513,4.139294114907875,58.196695000694014,15.857416730345072,391.4299606585717,5.169911890294988,0
42.047853670598855,22.291343116293977,289.05940116059924,60.12057465805712,1508.5183962038943,16.31328282082569,1
52.18215378003115,99.37624153690268,303.9966975769634,81.01639783421687,1510.947766481109,5.3979888891692225,1
11.856936043009114,67.45038800853467,70.85666082394441,3.742156709718686,390.52699044194753,0.17256064071282093,0
53.530438208495,126.4954245410744,344.54637655730716,59.456232017218504,708.3125636905402,2.683091856914789,1
53.381031082926754,15.0,185.93384754563823,70.43159520442691,1606.3274674257304,11.834987155731207,1
43.35277542388142,15.16865708039552,87.57384737141612,67.68528624958272,1783.1470520542991,7.838771418970037,1
11.969241224493393,11.270143825865311,19.407165197974752,60.335819222458,399.5057612645235,2.1469330739666352,0
54.82380607405023,99.70120671903659,129.70120671903658,78.03765829468658,902.2895760310635,3.0227641911144145,1
32.45492846569309,9.417098199815499,14.398706706055691,20.600660757491156,479.1483305324156,0.602931515073062,0
15.440368419988044,18.84115041576002,45.61578419142705,6.360302900724794,793.3197349543942,0.9846285972148537,0
47.69201948532018,84.51407669405921,333.09511063250284,96.34239503201371,1868.426236905528,3.1772119922790303,1
36.574361347006494,97.2911218111614,400.030823397531,84.42795309392946,1395.376611554528,4.975989127285102,1
56.87254062625743,34.176362714255376,64.17636271425538,76.25861411353219,1600.4902350354223,5.932741531613569,1
30.51495361111779,2.81925600645148,12.686489417189026,44.18437722202138,943.0735450274722,1.1587999953343004,0
20.932074710374327,13.107659841556384,13.956088925859726,36.71800782459443,998.5066163158777,0.23533489266443802,0
49.11441510611821,15.0,89.28801515979872,80.99490646092063,1428.4327071229404,7.635828568931197,1
25.29947449748547,0.7958872422253725,36.71159072215282,68.32234101624563,1073.0614878112979,3.1486306245906626,0
39.291381063684014,16.484643266869007,86.32823424881784,51.89070077737422,894.9116515348277,22.237129836234143,1
7.453900094907903,9.085465115135166,72.44379780099243,50.40767265548855,550.8825134602107,0.015269538279146727,0
25.294598680976026,3.695771443578274,12.85922098823275,34.55547010515903,1002.4771801663607,0.23589223721695335,0
26.850268475394913,7.514813589121202,23.810454876585595,16.097865242809426,1348.0902717035615,2.324898244277634,0
49.56994466788178,15.0,253.4535320781868,90.37835176256688,1145.3850210618396,51.526559216158034,1
38.28619062768046,167.81345406952525,219.78775725110899,76.97745608008178,1115.3634575302995,34.27716780702506,1
49.85921212531302,137.38080131029943,176.3592923774949,64.63809548514122,949.6021467652581,31.1826820076167,1
28.51860972272836,21.53474402485914,23.445982490874787,58.36401150974555,534.2114268334823,1.1367215127833517,0
15.934312777208628,13.860678752930934,38.851081345851654,46.596515167829104,398.2533947834233,4.460427492948625,0
35.124263792401024,32.60841007300654,38.313143364949696,31.716071228272106,1117.6133460435337,0.4470446137454281,0
26.859722532676162,57.522272322407304,69.07265338028634,32.15175391616682,701.4273137731647,5.981212054307648,0
34.07244664089541,19.619366071215545,121.81849009817051,50.16740388883113,1328.3149515486823,2.623882966478854,1
20.499465123069935,6.758925479800133,156.75892547980013,57.423893516237825,200.0,3.8779855529523055,0
15.560487451402189,1.0062734472806991,12.46429937552027,18.81130805031336,1683.5110769085063,3.7887299279615316,0
37.763045728637536,18.327498873991377,25.90387615301607,20.25344710834704,1467.57628465475,1.9400554173188913,0
20.971057979811796,21.000116959911402,33.36722753911911,38.97955774890322,1238.2911566331713,0.7111862308373419,0
31.28512690426915,16.774063661392617,57.60433605307453,45.520200812174146,1055.0088582965168,0.42295468957063387,0
38.27979627633649,15.0,61.69190708497549,90.33724691915204,1605.9345749959084,59.569196486355324,1
30.57254476842339,16.01002381198655,22.138009800101386,58.71716672147356,1162.789365991529,0.5866196065523207,0
21.188707969413322,1.9347514307871096,71.99236524013747,46.140275611283535,955.2860952472349,1.1061460946796413,0
16.623028018966927,3.064468901251035,19.962628580512455,22.009582929997663,730.8304389692807,3.373122115136915,0
37.46780899245987,15.170322805363824,111.9426991471804,42.03642921075734,390.2204886625246,3.888173376247042,0
18.72408649477122,11.153192535300265,19.54659330837632,36.07489863324868,396.9336729943166,2.0363876618851866,0
17.197926166812838,9.659006218883938,19.885711179340046,41.28153188037697,1086.1278392417194,1.2421173341073497,0
43.40274088953059,75.23266337473244,123.86210361725506,86.00148000218726,1370.743809069683,57.7153843613421,1
38.46392015568658,84.39626978241334,175.82075996529562,42.9391533731444,1144.5810180288681,3.886713211652779,1
41.53222629010635,80.0935845784219,110.0935845784219,60.01499235945549,1273.578257569863,2.0,1
27.85066401467424,7.371706168910471,40.152084033548384,49.00383614996666,712.2179778619627,2.881066564500698,0
26.196689202740785,20.18583666938334,34.62899891041433,29.996359651575265,1614.8737231673854,0.34065674353236286,0
27.927801109230277,5.163716669147166,16.199203726717528,27.320899657220888,1575.620902150647,1.5101965989727206,0
15.18683871060121,9.775234903980664,28.230722294347327,29.790210557216867,787.5847579685612,0.07474319622651573,0
32.64350387605726,12.704950602306385,22.733877002084114,33.9430948517692,1001.1751191902524,0.30179252270225965,0
10.800543795154415,6.9760622858627,55.50092989666312,17.70697498869285,818.0491924559904,1.6689346571536041,0
30.20036889116527,15.0,47.905097128667634,81.73936532042913,2355.7589539600804,11.019041140786921,1
24.079141042998025,3.1934931969103713,36.93098337346537,25.43391797918263,1056.8435434541425,0.06626931274600809,0
10.526893572758315,19.509196821528885,75.17277178215812,30.453356193981683,787.2004683185086,0.5794932580652794,0
15.32786960524859,4.320961003697453,38.687401234986226,19.4427105035965,315.4915412638676,0.00186227465970296,0
45.0,25.195014973013432,175.19501497301343,9.589150409040274,1483.211631713833,0.9724227432001744,0
46.12965423377999,20.029772401967282,157.47926378124424,68.14053109261137,985.7373518848267,23.284173383030094,1
29.82653467200703,1.2355054143690922,7.911929428711433,38.36671880590463,401.5158022901814,3.861800191463245,0
12.2429560813128,15.998610981449627,38.74017538921973,50.82405287664437,774.2061920783074,0.9298687676571811,0
10.49547123839826,16.451970668113116,18.02093259090328,23.263166829000617,950.8239451091777,4.3603282820468365,0
24.048151210562068,17.390729449677504,97.38510409437389,38.20877361284722,1280.7475030091932,0.30928994702573365,0
20.396635903939035,34.049620274203036,44.92410568677682,37.17191294610565,885.5931957057225,0.5558921028024459,0
16.43844300365278,0.23873819377650723,2.5089391149970743,47.73631715037261,2122.2888038115116,1.2288703875955447,0
42.4465009681918,41.884849954362764,71.88484995436276,88.28475946582628,1232.9878093090751,16.148426840239793,1
38.93100924967851,142.62431603629202,182.66674328856107,55.73798863641368,2209.9450016474275,42.40246081607631,1
37.879390400708324,44.62999086695997,119.10766171701441,78.26634230334771,854.7643197307941,2.0,1
21.921643639346772,2.8073659166537217,19.980327307232418,20.223190896296643,1142.9187269878196,0.8320097673960628,0
39.11792915341807,68.64830898499245,279.261866924511,77.00815908434477,782.668109368677,33.90848135748639,1
22.900889148475077,38.46705644941773,69.69723568215142,14.909671131006185,1053.7770898884091,2.168494081120808,0
18.79205184626309,14.565681529598574,22.819152077687836,23.465751923985,942.2862146575635,2.069489522339492,0
36.39571619528266,10.58602562842341,31.11338259237704,11.435877015009098,775.4725276154675,0.30309901720891097,0
43.00623565249237,105.5513492573977,319.39031730182097,90.29329909582032,1554.9914519075085,3.639533175439768,1
21.400663371344173,12.777944379916251,15.417006468484724,26.578071111153644,200.0,2.02523347920102,0
7.967591746364715,38.820710551908086,137.76740384866898,57.679503149390534,1295.6121523091076,0.56902886799092,0
5.0,4.139946364076154,7.336798689214666,49.15771242618482,981.9712470032239,1.0589090626790632,0
14.38223129412092,8.30668343167097,114.952495959955,30.62559093076632,957.1619957220032,0.6963198870523967,0
25.99676421646395,4.872025271031617,7.077594413064842,15.566772382465583,1077.6118555083629,0.7063307517392089,0
53.56020207584667,15.0,137.27769452130175,61.24204562397281,859.7973307501532,14.895477829150483,1
37.104019222868864,0.9407274397058294,33.39219700388833,62.08502351392961,610.0252533361656,2.405133184303829,0
22.800296203103866,1.3056636415598164,151.30566364155982,26.781702295233007,926.6589786648146,3.818452234254418,0
45.606243752057445,30.712528924051423,284.20560175053885,62.62966511325263,993.0338069440434,6.442665108343775,1
20.180470269549396,3.941777511672919,23.542685789643755,58.713789356976,1059.9475975454127,2.5133238079842037,0
22.806276839675764,22.146336190262083,35.361429817336784,38.6917645668566,254.7162401858709,0.7010809272135662,0
20.66726926381922,1.520267878050158,151.52026787805016,41.84799633852593,1444.142052178102,0.07898895913871863,0
11.098511955230949,32.62913734747654,83.70617989555268,40.76233326997547,1026.7958886701879,0.8431702744845517,0
41.790890854946774,77.88215922976383,154.01299111863125,82.60335991510578,1989.0648571482761,21.099200387388063,1
32.132093228607175,59.395588070996,117.85504362661973,61.47356565647222,480.04833507931613,0.25146922559972995,0
35.207473851886206,100.2236323376235,160.007994704934,82.76135377651896,908.8843503247273,8.250183708153529,1
47.7723967251891,94.85223832135569,204.77503732006187,91.8145035211816,1397.9057356740364,16.977274966698232,1
28.661247004721393,20.27500742512576,151.4984089462655,31.836002676021003,1027.5704642331846,0.3656296249536864,0
35.84500756900817,116.62696387851801,261.20661449650663,69.44143447861846,1288.631221735626,7.848169591555553,1
24.61550944620362,0.12501075917510182,17.619588701230217,66.5522031164373,840.6706252210047,1.5852402907931071,0
16.898389953662292,35.68237971493701,110.70610061732614,24.99604809757967,569.018768079098,0.45188285908322384,0
35.216492417633106,26.22438588528,47.16214503864781,31.58027313432737,944.435921902522,0.03410173882326823,0
31.9916701194636,107.1358342490125,137.1358342490125,91.17694565826353,1412.5233263953487,4.312090475369954,1
23.609271962611295,1.6692146000350698,22.27453871976752,33.488301133564896,1824.6745068541386,0.34532957432237277,0
18.902573974942833,3.4016450397781464,40.10969938902341,14.744250702777437,940.2970374554164,0.47075022725788224,0
20.26107128119748,3.199307378720074,14.799991021656368,32.4618209419644,732.656808402425,1.4211374475056138,0
14.747433454579443,25.469205833095145,85.55228753964153,48.345844211120784,798.1590961966485,0.22354884837072708,0
34.05318921285245,56.30477187111081,152.73373432831576,67.95957319805719,1146.3639253710985,11.273820953668617,1
24.908523397820776,13.197514709880009,41.39506800630162,17.212879437920254,974.6071240493613,0.10277747459968412,0
6.073545634918181,17.78074188881999,34.36002745941667,57.30876730729941,729.2299458719289,5.36424970908556,0
22.512191459074526,15.660650309130427,65.68643060576949,50.03822135418681,1216.7532419820523,1.592793803190547,0
46.76181317548253,70.40435100183711,200.96853231666822,82.3996559520661,1187.8792251785064,7.982912427340543,1
29.977961074647062,1.2114616964901215,2.1096487462196674,47.225911213919616,1476.4602892582927,0.23593649434796923,0
42.517524208456926,62.93220296414871,109.05164259638224,88.92581898490278,1623.2431640009243,12.070526383873597,1
48.0127635737419,47.07946722857137,275.5238022948471,58.7473888698128,1739.0524449110314,25.01407732206769,1
25.9852549895246,5.0279864324026295,77.5637720088429,5.564951533720263,831.2959090718506,3.6303101963194746,0
5.451326934896134,6.188407500206081,46.85878235170287,23.072368565759746,512.7516757189597,0.3939262177428286,0
41.11114752024842,22.46022375522167,80.95195835258085,97.89105680421585,1269.0060792096263,34.034291852830485,1
54.18615483000474,42.875222375640114,114.87734492536799,81.43318760112749,882.6995855869816,2.0,1
60.4847164097872,96.13079957470363,299.5123414897925,64.70185150136976,1444.5611871561978,35.26350717695211,1
39.94124737725427,15.0,215.62750468587527,85.14999296627902,1788.6022811581045,53.158648380337105,1
31.010257157789525,42.54698536552438,86.11676725323727,60.66297828233797,1652.9128513439127,27.28495368194875,1
33.33724029370743,41.04348395324292,53.02168775995223,44.87400967162465,1102.0303107014518,1.4839894068927757,0
14.328270390096602,16.734665331603175,61.520994047238766,37.17461219556073,783.5147142250673,0.2034518578372774,0
12.361469286705445,52.62607433625769,78.60947284120795,52.146445572596065,997.248808021408,6.0,0
21.045765449771046,6.9156042216102325,14.168547152899311,46.164629724397585,1232.8077347775868,3.226449170847724,0
12.887768093565857,6.055097263813658,19.565498818711088,36.57452961656224,340.59447531281796,0.4406011585597395,0
7.15024474585835,7.799109893289119,17.358875645344465,24.285806842227686,1066.6958150169346,1.9272596535790911,0
17.492509229213766,5.207904312922748,46.01022080272618,53.73136925793671,1624.677801016042,3.865970306273719,0
41.71296062794262,67.3830072829339,97.3830072829339,86.79522123203391,2224.0856851413255,10.662490022937437,1
49.27596207037355,15.0,233.97633831786166,77.2073581860843,1421.8896264048467,12.356335404331325,1
44.82307619397451,218.19453345578188,332.2903711794951,92.57810272905813,1722.1384694538021,58.88901660597999,1
17.009762733253602,0.2327386409989742,21.95553283748502,20.17165447668248,200.0,0.0985658882440111,0
48.43271554575862,15.0,45.0,73.81170408457601,1844.031898370386,12.180724258944371,1
28.371369205589502,17.76076989828875,51.11032997397702,25.40065754973276,1282.5309864687563,0.5566218580432302,0
26.331377994137043,5.563080648079952,67.1830289044294,47.76570550175483,439.0403228274783,2.405492328021991,0
15.967831189596215,19.60205597854858,127.5375388275821,42.77057326808348,1216.1379627423694,0.4583165786191674,0
15.546671013058258,18.529669432301837,50.75386463269653,58.265092025850905,1750.4880931510106,0.019532600179232442,0
31.61398319594275,49.43418958399785,79.43418958399785,93.52854997610994,1099.9873262150152,4.518168505385217,1
6.116126799375792,38.103129048633775,38.99144236623231,20.385058863367696,465.81371086749004,1.432917270985802,0
19.289741550729985,5.832532423959809,64.5979148423111,34.774204964498345,1346.1497477300122,3.266873838630362,0
42.43437850173589,15.0,77.97040003947806,87.75678443376763,1426.045007894488,12.602210187202438,1
46.271433758669495,41.020198049373946,515.5512321845667,72.60925464298431,1146.7256328613796,27.69659716110023,1
32.19635170653202,18.77941859285242,295.8523612355535,71.69651277141487,1694.0034546710408,2.336777627827028,1
23.978988250958135,61.06740300324978,87.93323651629422,10.305399297261516,319.720229314271,0.5585168083019153,0
19.167182838815116,17.675762357102737,87.05417515688065,32.30282404950696,1492.5909985522403,5.069847621760783,0
12.536880408365551,23.08966751398819,119.75579827689326,25.36188105944111,316.0128953017779,1.1301586660679281,0
18.882452955812965,2.7500725543063935,104.31555281864492,8.022404006110273,869.7601017081557,2.948215846226901,0
29.760911049626863,1.4901070375589167,7.85812092180072,44.32595241323282,200.0,1.7590025355523575,0
20.667321064108528,8.392637950241962,19.882784538038464,40.732494290809306,1224.6588208468206,2.109640249550347,0
37.61257631411814,15.0,190.52971568401233,86.8973602786502,2021.3076223278688,12.246821051562488,1
12.385572621910532,2.3217328983855996,54.53677524654906,48.53733433159352,1085.4588621391556,0.6025425999427756,0
15.856349076657821,60.89963439721386,88.4373926752665,30.84264416372508,543.9190426735267,1.6672532099769892,0
46.646924963587715,225.1237035807616,287.4220817126834,51.87479629616922,1120.2397019833932,11.500980425915,1
34.346555765822856,48.405768671117045,78.40576867111704,71.23609310601181,765.7565725742312,10.811920118172855,1
38.86750031818285,15.0,219.02095170238417,68.22847072240474,1554.237833130557,2.0,1
21.55829269348862,14.719237778625178,44.65444262470591,32.73102315104939,1368.3099971106044,2.528292309949315,0
23.044805946483898,9.68211524049922,107.46870024181473,53.76124693820844,1105.6915118160887,0.8976074147146044,0
46.408962097148134,192.9551232702839,238.51117440768093,59.539829806994916,619.2079212924928,2.822213602352723,1
8.666522516644125,27.67651730348749,104.57078903915284,71.79776987217309,595.8056969907068,3.8526286073220604,0
32.2246000400889,4.052602459254971,7.138281087327103,58.246992171098256,1074.4890069938522,0.1561072300083912,0
19.986723864259922,15.586298812846765,60.96971628286951,72.76834021003701,1933.2277304250308,4.769726737225286,0
13.927247987753933,7.063869002515933,64.44563403067966,38.32940790495985,1206.6824110733003,2.4237786512264363,0
42.49957697055493,143.0455223772543,275.6571952546848,81.45154057183606,1272.1014798359085,5.089837759280442,1
17.667804211517357,26.126674174258294,52.09209885669438,40.82817838176548,200.0,0.17322946369389863,0
26.857432002350514,0.5170742338901415,2.151198174802099,27.311273715343802,442.1142316329636,0.7638803324286456,0
21.042835547874688,16.356629407040273,20.45001201890327,44.26388013043655,200.0,3.3688389262793623,0
25.825983682570893,41.623032380179815,56.67652412448104,71.38897994250067,963.3653555864897,6.0,0
25.858711894386193,4.335049982502437,17.202842163364977,56.56575406780231,826.2990606826518,0.2739896934232792,0
42.39387261745881,124.58392203823975,195.8834438172885,80.00767871567643,1963.8848539190922,4.746983113535502,1
46.75282126398423,56.7250489601866,89.69869783397664,90.67028413601591,1389.7922182550694,3.2121870613478554,1
22.104043234826158,182.45598103108486,346.0308924505462,74.65319588485187,1345.405131797638,13.017676127276452,1
30.91478964808161,29.61851490873414,59.761814003737534,6.22816749651244,793.8451897844229,0.1642036145937346,0
11.826951957410367,1.084802980762155,85.1746488174044,14.575047410856182,804.2128413060298,0.246763344560898,0
18.774893803658966,3.283897373441697,6.000165869163417,51.66856195053639,1069.2716641093675,6.0,0
21.36700552049783,0.8550626877086741,6.107926322498429,40.12221275202732,1046.3236811871523,3.8122695283010617,0
13.357300080955193,21.164395090798926,171.16439509079893,40.63473635272123,1244.9749982870696,1.3104185572145624,0
19.008397336153635,3.609935781898111,80.25388198733572,43.274040149044595,674.8325041799925,0.39885037798234924,0
33.36271952940165,276.53859608773445,624.7026188216395,89.5688143236314,1187.6018559760378,22.888397411823913,1
19.035026698155878,6.037408183460161,9.320378567988776,42.03656474678436,701.3656319852771,0.3451732637554741,0
43.12664884266405,13.924005904279767,94.40137427393819,15.446212739427356,986.8612096805566,1.032311031348807,0
14.900743766513799,4.794162763175589,10.681080381401177,65.16981672176061,439.629518290911,5.222966579351351,0
39.11242073563688,94.58358404677416,144.46712987620276,65.44598559704139,1457.6845144595784,49.671296552587705,1
13.4856316555668,4.403909711712651,44.810681207774614,35.577343682549646,610.9632126498701,1.7292383211612592,0
38.29353408457649,33.529689659914766,114.72094892020766,89.29810444759742,1285.8944884391178,14.442671023708597,1
20.92091479425669,33.79089086859751,52.43896894050021,31.657551532110933,254.40344097098261,1.1211187889559298,0
24.141884229755632,33.80003579795127,83.91460034902246,25.751697981656545,936.6398087626827,2.454878228681255,0
23.673512031782348,1.6887550862423912,8.054286625171848,30.54021819055417,530.1827859163218,4.335305620285102,0
14.40915389803299,0.038234535717644534,35.30280685754271,11.325563617699178,1297.3859371073136,4.846996757872186,0
22.865199852619202,11.728312894994483,129.09494876681612,45.93040668204591,686.6925418188346,1.589213286890646,0
16.340241334912676,34.54738202858744,184.54738202858744,36.40048849390055,400.0299363860291,0.4914163793732956,0
43.489351603297386,15.0,85.4377481934084,51.097771632532904,1473.282054495508,11.340214820496874,1
53.06962392621283,15.0,116.17311590370554,83.33755558141434,636.1566912593639,24.74712020323819,1
18.761749621645194,3.825098021648132,5.61478635917963,46.26826275979534,574.078937991839,6.0,0
54.10274130355593,45.49295962215452,76.02889530062544,64.51921316431206,1762.7869431383851,24.324794766316483,1
50.10595320954239,42.07796657643185,122.65599688707468,57.71321645158037,966.1299377644173,45.675585183804046,1
19.526536588005744,17.707577297456236,28.655081408283138,54.75640777550177,1713.3846042471346,0.6932799482149397,0
18.39754223393691,2.212862944732606,41.35316072715482,58.21242501386347,858.180302355879,0.29476041425312616,0
20.459721759357272,5.017992873209947,18.10003220102997,47.97820245431075,723.5558192756266,3.893484369291083,0
20.068816212376674,10.200577732386364,13.768486987967488,22.965269434515843,1509.2141949661218,6.0,0
30.934732388696453,2.8180089842417626,39.45426791159702,14.540770934362952,1442.9472276891713,3.1854836935998634,0
6.887569847309162,8.03877634273513,43.92211066166132,15.124892973479781,969.001843229597,0.03239659244415748,0
5.0,0.5268902910688201,9.69245420303193,40.79814621398121,631.9820958696332,6.0,0
17.819275090834054,76.04456539320805,95.25430483327301,67.78544351414051,1392.9201585084406,3.019598598719204,0
53.067069866327635,173.30350407625613,355.56916702872763,65.28021793749247,1098.9421971708746,5.912534863864398,1
38.7610682393503,3.518113751570422,45.09796209467042,67.97820496931315,562.5904266842606,1.155816705899459,0
24.21132625729542,3.782077260028873,10.947459892856292,95.90576524738297,996.4604698738955,0.9935557339306977,0
24.009066729004566,5.487684542315099,30.585659704533967,35.62870225788577,686.0150102231001,2.270771359138237,0
21.435865863092868,8.565262738848912,47.46701182175225,37.323745135513924,1167.00438000908,0.03105605037736057,0
28.069667718985635,24.06716545827135,108.00890832867188,95.26476936319465,912.2660098145195,11.17421808268279,1
31.490573071660727,16.850898017278492,166.8508980172785,14.309930207044502,1120.7910754021214,0.19575066101928226,0
26.52408344604617,25.564319256206232,58.46504986432923,15.57457157573391,1778.4880592602665,5.073032766328065,0
21.100452023015002,22.202271359924822,94.47251675034866,35.09117391351382,1308.603058288516,1.415864091997278,0
12.065063710963107,16.506171323842935,61.8343251999528,9.772509563985187,387.1508595703317,1.2963066182395144,0
42.2223180404493,33.40521056631935,73.05064095901554,77.10369976453006,1921.8048069100366,2.0,1
54.07922951638935,38.932413248644096,68.9324132486441,70.39735295185486,1682.4833941255267,2.126436810662489,1
14.67718190556812,9.517323236106494,53.43986808592545,58.77748004918962,1649.688405225596,0.5561045030252191,0
32.95359534809239,41.640019472067415,66.12191260859626,19.738431548666973,1181.3751745390011,1.5557781017447905,0
30.8199949138143,19.955075259831176,59.55640213133247,56.53350985099147,685.6868643750203,2.0570183941368567,0
20.739323902005268,0.1659064089501569,19.692217911247184,39.93430318284081,1399.0228068965923,1.7065942455784529,0
48.64691347263463,128.6579763127163,252.85244699414227,82.18133973662756,1473.582825497021,2.592327104514444,1
11.227885758901838,50.55699427688961,200.5569942768896,18.812781964707888,719.4625702945244,2.550258066049451,0
45.341105952933205,53.57573485032587,83.57573485032587,81.5520245688678,1709.1951031948038,2.0,1
43.17803601962277,19.14290932759357,49.14290932759357,74.01403905441566,1720.828563380322,60.0,1
45.91866051672086,37.29981701460561,236.2361376448912,87.50410286621812,585.846482892404,13.56106842840291,1
25.971014876355703,22.837000838222465,83.81731154115263,45.119937687744184,1050.3466370397498,0.3890036903561376,0
47.61364517167593,72.31509072811676,189.2174707338941,70.23424490784623,1571.6406115459386,3.0764027208784723,1
37.92614593975473,7.4484565288425415,39.35785466872204,17.19964907839347,1226.0984623481863,1.75695464255801,0
54.793100199448595,22.976805430881637,91.35658276012119,51.688782074214856,1450.2858335897745,5.339020369932364,1
52.69869685675823,64.82367863585779,94.82367863585779,91.64456450354756,1036.692724071788,10.381350238157703,1
25.24616430321736,5.608774804114974,18.180295734646172,50.768966643104754,1285.805189631245,0.4491184413883317,0
50.72880875432355,234.18092759029383,264.18092759029383,75.54642297379507,1560.8367194137606,9.829483920473873,1
19.729226065367573,9.194755759928489,51.13401835931849,35.96753333007718,608.6801971157419,2.674065111511411,0
24.542725357824587,10.469820906585397,37.947426590418054,32.90688497883887,902.8807957852432,0.3111760029807797,0
21.07656522434974,4.388233775620079,11.50002691328185,48.93723431249257,879.6463844304049,2.5793799820745447,0
44.5817004106367,56.84345531738646,86.84345531738646,91.15192419788195,1902.7694172217748,2.0,1
5.0,79.26562088537821,122.34470876210537,13.194542794057472,1101.3513149712749,0.7978338833179817,0
35.501543298823194,15.0,45.0,56.230960797916055,938.1603786336275,19.29765187603873,1
38.35113234946909,122.69873873626658,152.6987387362666,87.50743542977024,1326.8073352923482,9.883160864438684,1
19.42686755320584,40.51102801534742,71.32747310728791,48.548692182161666,683.9657166852335,0.41630561852486386,0
42.70596268829391,9.068680477615073,9.514521218057041,23.16193871512766,1838.0861859164447,0.16613988219402756,0
6.389314961131571,35.43360862551426,43.70943295076772,15.778714530568895,826.5805702677359,0.28187536554670334,0
47.72835316537584,49.38516426193874,214.84673128206984,54.343450203865295,1574.5571873050835,8.354216826264885,1
53.80466783705362,27.199537210127577,166.43534004210213,93.1789719267272,1444.312130050197,3.022856063618453,1
47.48202337609476,47.50475877978325,288.16083890180005,75.37422777691349,1088.331179120453,30.880586260911855,1
10.97675064523034,3.292486015206588,102.99302853248166,30.666139043305062,1428.1148574273916,1.0955883492981708,0
47.80253838840749,99.04051271430332,129.0405127143033,92.56531301658309,1991.4610287633395,15.115601026877956,1
16.876322010694384,3.088434552018042,50.72410273393461,22.785982362843978,719.8046243024386,2.58191826977084,0
42.902475419612664,31.665682054333022,69.84301384212993,73.77340885847448,1390.971419376997,5.137210726974806,1
22.67023219951615,5.959728087452352,41.67669631996349,33.70367907775069,1303.900066485899,0.9650468448530367,0
17.506417729244024,1.5446525089697098,4.29387734000143,20.78405691836926,732.608036970566,6.0,0
27.940376603713414,17.79385632184957,21.010940867762034,45.41698998540963,1303.503611331223,3.5023153563995493,0
42.05477390438836,15.0,82.55549090091716,72.15796803414783,1060.616889370942,3.8652620556334942,1
13.31563884976408,8.713291967618106,118.57047014961667,48.98377998025191,1025.1358028717514,6.0,0
26.93112103461875,43.51832862533863,102.96679725122053,43.53271389707133,553.8918720866975,0.2218896710642526,0
10.792734961789469,30.43119489183932,44.62099439101256,32.311939792394554,1031.2499263147217,2.0795009356084444,0
56.578671752874264,20.90040019165722,50.90040019165722,75.17343041863917,1817.4054288536406,60.0,1
33.548141559292034,76.67583354291334,106.67583354291334,56.53656941546185,1176.8974058565998,17.049293257988406,1
20.779746435555957,8.446858521778976,11.133379532802465,89.32568314100709,733.8066574426311,4.720849923037743,0
17.15954277581114,16.602534792323308,79.09908793343263,57.98441714050501,762.5446468096782,0.6598614292572587,0
12.62917086394706,36.6764875244869,50.706830884398144,38.24395332905607,1006.1352571163511,1.1916749606242716,0
13.297395906699606,12.698329081991188,62.34286044068171,45.75618457967318,789.5839659790518,0.3341785501549244,0
42.75779399605444,41.50373153627939,178.41077604580747,87.24259659190777,1250.950967067697,34.926617241677796,1
43.23851685895198,21.06455583036425,48.56824608597092,37.536815548083716,1337.7955184401008,0.7823108435630278,0
34.01154953466778,11.710808389136673,105.62349334173665,40.78702309164012,1521.1536543014167,0.4133827251058959,0
28.21181869481693,8.089524625396333,30.301174838323764,39.779999337720426,722.5779009931096,0.5124288824082099,0
19.36266742826892,4.576939139645839,65.18392034541331,49.49939009153342,1183.4950873811213,1.55044578307705,0
62.11804578635394,20.62394868399645,316.9396190782268,86.25363864007618,1436.3411243242026,54.77697140715969,1
48.94926394583087,41.35330561516113,128.94348836419255,76.22649304722432,1953.507503685819,3.554638540690129,1
25.525618195882203,1.3548300681333858,61.49548519488235,45.472346993566134,1047.2295613500683,0.8072120518572349,0
20.148046888085894,1.5939107272744535,14.041958271400182,25.152893699742833,1200.245425738251,1.4972547929406468,0
27.327207883679627,13.053469536279662,34.28099920874651,23.74785813490078,584.9414165149826,1.9072322241125694,0
38.272491580958054,33.959168076285,63.959168076285,92.24874424607819,1901.598483010558,18.88971424045269,1
24.430429727987512,16.842106860311155,48.63633527127476,72.06935573187327,1234.8950889377359,1.439722747266401,0
41.614636163344834,15.0,149.21270831486868,72.11389975305921,907.9566964916175,8.068902647842895,1
32.97723109283936,3.9555193974747613,16.688482905501132,28.814626364823003,1360.3962897229112,0.09254729601057966,0
59.97321828295653,15.141022282283101,197.92532542807936,74.2172365094244,1892.8952579939114,5.488649577584784,1
14.282367281095327,31.60660809763094,90.93302247123032,14.026810334503114,200.0,1.7645839898284097,0
40.39004369624723,3.1619275262597104,52.093708530266916,53.425842663377686,1097.0377377769773,0.6725629821774235,0
26.366593003282834,26.329395396156738,30.77175103306595,59.79657024059336,412.70438872435517,0.020989073504859415,0
20.092517084280583,71.2769835498033,79.77381792368807,47.95218319870532,789.607268969927,0.3249498073715986,0
14.863619848146381,10.255462472317374,69.76544964286366,46.788911143684146,962.6965077591049,0.14273818399732474,0
50.674836173010135,23.554969192447032,82.72844285471666,89.93275807434844,856.2684007614486,12.216684257806241,1
30.19357827136739,13.198552485907877,26.510334815155698,54.67391484242602,373.93234831192035,6.0,0
32.69083173174933,5.197479386907064,155.19747938690708,35.21173631634801,1453.293188914107,0.12513814829791536,0
18.62946116973842,0.40049887333677275,17.78441888330753,40.042498809484364,824.9489807817874,2.1912352525301326,0
21.941920534948533,0.9958005252300641,20.780856692926662,41.992932548784786,1104.5797633014565,1.0338772741312838,0
7.629792612702881,13.615852980707963,24.19072488828833,56.2822635250598,435.134958788156,0.14018199419950922,0
26.09963438021154,24.57745155221764,74.13835286227987,58.502816158558446,200.0,0.02076342461710464,0
46.8715242030005,151.91182014692393,201.3737295685717,81.47441542170242,1641.6243812429275,6.989393443116567,1
36.16553474703031,15.576355899372455,62.55029818751683,13.457876597492143,504.9064146777138,0.6053595049599346,0
48.64223961597678,54.316680711971415,134.3754007714524,62.39215970003424,2261.6611324884593,24.335781117293877,1
28.22156055100315,40.0844946901311,59.725561006112486,48.73014342607333,200.0,1.2245117231954485,0
41.61251404550224,158.97401024331515,192.41368352412098,82.64398188989486,1660.002275352384,33.52907101323951,1
39.44731332370381,32.08765663918306,164.88942406234602,42.80591740142864,200.0,0.1659309126056132,0
19.266747422931243,13.129830313997996,21.256416861235373,20.158490993190497,322.45253956246063,0.7098060623509554,0
18.567173761753903,25.786818588379028,52.1358617860503,45.95505988746328,200.0,2.1408244120779814,0
10.862519892594253,3.253909278453308,8.97821006838633,40.024217376418065,933.1502819634723,1.4488081931721488,0
47.88646989963889,121.99519045528315,151.99519045528314,92.57610230784348,1137.1020169275173,14.05426355822125,1
41.104548003891374,100.81712230550235,232.0160934548777,83.21113968464016,1336.004822397605,2.0,1
12.963980973692216,17.506588358132895,34.24814408357885,52.00597746921144,665.2394759389653,0.3497843951608989,0
24.690766604648235,4.538312384394599,84.93961490315951,40.04259112487948,2187.970121160466,0.32212415783643117,0
45.285480621201714,71.99446477783972,101.99446477783972,87.84900608206404,1350.6922210343241,5.104390127320891,1
34.16776998152742,7.281750731440466,22.83880776602578,55.48204608679343,981.3790237395276,0.07992726796852753,0
48.228730696105224,15.0,58.75208285713806,92.28559451143298,1884.2239162960404,30.17948504614928,1
26.472042745281467,9.80065425412591,39.15163561633891,58.37337345476185,1417.9843766122142,2.3043721945062288,0
44.77695807173862,22.29440883089665,52.29440883089665,90.64570966009181,1927.1298026153447,23.435445671660304,1
17.971072437585825,12.672388412449573,16.57941146535933,59.06440521259913,1082.4083310036526,1.0146469076960332,0
24.820040562059365,0.751485685542322,5.527933008434253,30.79925662269374,1116.4309079351626,0.6567176459239449,0
42.54158394215897,162.23935729273504,212.27959148838008,76.37790244627126,1339.1838903736916,36.58465976580251,1
30.388791053232318,70.7311691945084,77.80822816345396,27.53870867134897,1197.6488098873222,1.3110024710689827,0
11.665377028015474,7.026268562916016,10.091326259145692,34.46702196043711,729.2339269958135,1.4062845756378786,0
42.8380256197945,254.1337156239066,349.1525967091564,63.30541711003191,1608.648264257941,4.795113631874398,1
45.223849200258115,15.0,45.0,79.6940588252063,1185.8237566829953,54.2639121359914,1
21.3817035396397,11.981417197505595,87.3355230652663,33.500171951369616,742.587128531813,3.3390529625807814,0
47.85867705197673,71.38933326990359,309.934311127108,60.19081933253104,418.24683243583127,60.0,1
20.44232422181826,4.597779449767037,14.893298859116285,29.801514957723786,851.4161822286135,1.1375951269106124,0
36.47354688874943,28.045353655273814,30.479033906500906,60.345158763053895,1266.9261732129041,2.6882463049148044,0
20.39353926836128,21.358285945611033,103.64066301082991,18.964983966651225,1227.769369567588,4.270159200471808,0
35.24013128545827,31.207975423098723,94.43087671615235,59.99744332599658,1436.8308145676717,6.142633359845634,1
24.844653907003096,9.528306520078019,34.75591228069026,34.437137786668316,621.367395216742,5.151449319280255,0
40.15132424871525,112.88509053079586,173.6086806201293,70.27667393797365,1527.6627255022277,29.487398284718203,1
42.9516477951952,15.755368706739649,74.90271981187134,24.623517972046624,200.0,2.6139343135414963,0
14.590593968091678,1.5144553473353466,5.424195270308858,27.805205940903754,1377.2837345988828,1.3357492218372138,0
17.997457887270652,5.673659912186242,23.38142420039495,28.904269063159827,470.7680319114723,0.7247073758629621,0
21.562511537572572,52.81413791674059,61.27101755485535,21.014419757821837,669.0317279337735,3.626417152439512,0
26.057533442738467,9.764579368207285,10.57743088496232,36.255830803756425,200.0,0.9368672734207139,0
20.013436781834375,29.747537195457863,47.704206700546884,39.89231328189296,200.0,0.19608840906092834,0
21.20485217938768,5.480000970047234,60.346948179698614,67.78076764568294,911.7205986640611,1.3705037304678576,0
53.032284992247135,37.61885767474682,120.46236870725171,45.93869369805058,1286.5087930368431,14.675717505423277,1
53.55443743072652,15.0,46.12421466624147,93.23980311386228,1084.9459363678275,9.11871986183752,1
27.684052996643437,15.63328748047419,164.1622911721123,41.06163496412594,646.2568590302822,0.11866335495530923,0
34.41897478233924,112.21795668040237,163.33509981568005,77.36852986238115,1078.064987175304,4.525309328654985,1
44.33167954306865,257.6809404284745,325.3941624493131,77.76634536464817,1489.0260596330888,4.0285016915337675,1
40.71177352578624,300.0,330.0,61.569558376516376,990.1260140929196,2.0,1
58.83973730184201,38.82290993588582,93.74722836508369,85.81273736016341,1090.9881477874965,34.882671216002855,1
43.2497452411576,145.86435749655192,246.83485965794176,64.85644906569974,976.8414046386654,8.513028490218474,1
43.05529283953284,15.0,118.19293720344723,95.85689827996414,1534.3961858672278,17.007173381054137,1
20.94061453898845,30.554377036732507,36.90912639005931,13.998358715069688,612.8450085060372,1.4958210403088568,0
23.377095586879545,1.2523759704169526,19.842376113850825,48.0587516454875,1514.0311533512108,3.3892578434305958,0
22.473370463621883,3.235300127383554,7.4857250190241995,38.75555463531784,754.5184140960918,1.9903179850172605,0
13.471255425718672,3.4641486719084025,24.988576180136768,26.921885424088764,741.107288927039,0.16698693416465965,0
30.108268392491798,4.8014734694084975,50.20930042618177,40.308319132096685,963.2890410687801,2.542839993030581,0
15.092078234008794,4.249533941254277,25.070964158145415,52.91729428208218,1168.1796903676334,3.112701170529502,0
20.07481079535743,20.806699868711593,27.232811088389603,17.638803261635154,684.0451870243687,0.27456989395074843,0
47.08689256655179,32.04120815472923,62.04120815472923,51.63036596075663,1455.7388757402878,20.74415821956919,1
24.445662463185243,13.757320024386093,75.34142233583056,42.17628347862771,1843.8102482727259,0.30322378767615754,0
22.69819402582024,31.41332545119824,35.482906015225936,36.5950981162384,877.809885849519,0.7260787746607921,0
12.854664023777218,14.90194529066899,32.83225592006964,56.13643141692071,200.0,3.3770378816282633,0
37.92976014269575,20.291545604803584,68.76257832616231,24.633026406863937,595.8752914168732,0.029611622995778908,0
5.0,0.2542430945653632,150.25424309456537,19.17140629482026,1243.3304703591293,1.6646115342071615,0
51.46582525878276,42.00392525720849,318.8067522334633,69.57675078236706,900.8098467799721,41.4700544237027,1
45.0,17.214706413267592,58.86359207798648,27.961522337619087,1023.5443369122681,4.8090968045078775,0
12.71678361731343,8.949986765690504,27.056336881168246,30.2428064708961,1036.5868699239377,0.058935525557209975,0
17.52542765884985,2.603545901089121,6.225081595281247,54.58039561494936,565.4839566574349,1.7737427639532959,0
38.18693758460336,26.19830038241102,35.84644160649217,70.70698746503372,920.1352195891873,0.18165289494101478,0
15.754135051728138,22.788871915980682,38.37141672096601,39.94226178540023,762.8592640584329,1.7891581708708462,0
18.905324379449382,22.77066730684235,68.99967901054589,32.87574658582491,951.475634638133,1.8646956639443013,0
39.83060746592864,104.76297778298652,154.06411786878,84.12058012074259,1308.0467943349688,2.0,1
28.74156306695565,1.0711411578300887,43.556589214842695,39.113574547478294,352.3341259639583,2.9440303062808777,0
31.660858200875523,39.103378005422464,69.10337800542246,36.345061041811974,1559.403024542953,49.34973961227185,1
33.92933176257708,9.877362888993062,100.9674040407471,4.75165781291301,955.6186640445889,1.262708602900273,0
21.284633988222843,3.0536258506925504,56.59980075684953,43.94860039035536,448.6407336308844,0.5103530539365033,0
47.71197416483847,17.682437023418316,95.87221350216318,85.81495350615008,1231.5204333951447,26.624715171711447,1
24.421054990237128,15.608162051499342,160.8542610037411,35.102366807828545,1238.540108570558,1.4129612004760657,0
38.784826754660216,12.540628594925844,38.562092748545695,75.32999085535529,470.9065654290438,3.186169647173097,0
20.796926712319397,3.0514130199287846,94.08226731726593,31.98986805419473,892.1462628560804,1.4881693681976422,0
14.528908305988365,5.04798407467392,16.03093828774233,30.297123169332895,876.6334445100372,5.329530268761278,0
16.815865829333948,12.029428301673125,28.356667095982,31.508750579677923,385.19768216500984,0.032521257195534066,0
25.11133970452918,10.241834332803556,22.486660091667982,12.525799411624233,325.3812991751972,2.3336577656376742,0
29.371772817937106,12.71557892834976,28.4229458432873,42.37324723028787,885.0805617629968,0.5380974277632614,0
20.03881399840735,13.65567680325503,75.34883830120484,47.81158487488052,1331.8224525692374,0.4820150873070423,0
29.908759145061072,13.361190174894624,21.61791457534582,29.339509087323563,1257.9522985021918,2.8707970632682005,0
50.15427111732855,23.84193839587859,68.82167454870758,90.83109456474406,1248.537396358543,15.855582402940414,1
42.869870198191286,123.94113681507221,347.87525443623383,91.8173452142404,1719.5686169989876,23.522190578535525,1
13.55291964681806,4.363815780732496,37.74947438670149,63.75598584279434,603.0720972463819,0.9654051735712712,0
19.56163600461039,11.738608399498908,64.53838529565235,55.218544937615434,1365.672586907109,0.3445635526436281,0
10.579965796638014,2.1726493311852155,20.52623183898491,27.228323961892887,955.4344992586093,0.005038038457208664,0
20.179954284106874,14.308130598390845,41.16662390963231,53.14527982453463,1390.0430447731085,2.01729840963331,0
32.086819741157335,51.92667383130172,324.1594774337225,95.27422663048142,1527.2114254611306,2.0,1
5.0,0.8923932237153852,4.321899841032784,18.88664896665155,927.1540436173893,0.2139044352705415,0
32.11230629663908,0.2421819672184739,79.63877551902029,42.18527036061802,1108.7609760042428,4.374264758115083,0
19.225167522173393,54.81528016953935,141.9933906892339,27.048937901662374,1103.7368697210609,0.2828860714428734,0
41.11457718384596,126.10326528449906,239.14076129907698,89.14109408675569,987.1111493945464,11.639176283201161,1
24.22361677215049,4.389613061774917,35.668596661013375,35.503292163106416,1529.194445258759,2.6086098516847462,0
43.06503004907894,15.0,45.0,87.52664879587626,812.4881968517369,3.0931950083940554,1
28.748968625567787,7.207068899322232,78.41578636026496,21.28364749937669,1413.9187921056641,1.222917215827878,0
56.01103670598304,85.57148638633426,115.57148638633426,59.92161099665078,1078.3526916580463,13.573035175264087,1
24.458391376215953,21.89423914058179,93.2277046612702,19.9211017527558,873.9817125269892,0.590067936646363,0
18.892738599361508,7.376709583455421,157.3767095834554,53.41238491564197,1250.2682437099877,1.2498943864368421,0
9.395532858555105,22.77102685099837,58.92070831807756,22.02264758436584,1113.8632423212634,0.620810604331345,0
47.28941410842876,15.0,172.04035684207787,74.03760797831566,1574.4330130012086,39.17214549299291,1
17.438530114301045,2.555710229594699,63.021496767186946,62.52024336311588,814.4374228034485,2.185411648607428,0
25.03526883781496,7.34538631261006,82.85987095389444,13.874475952789902,1896.041948735908,0.875720105153139,0
26.347200981489394,42.444128941846806,43.98728507206598,5.274874354845258,804.3319310454531,1.2799662415666573,0
45.771925480028365,15.0,65.33495171974067,79.88017956805143,1091.3598225693004,21.642380424418,1
20.638342530442547,80.0,89.52826195586873,24.041634477314073,1073.6132690944721,2.7195958681356123,0
43.19843007596111,43.41549824512553,112.28313349305168,79.65610365358725,1258.3415625596288,9.266732410690645,1
20.143771273736807,5.84116403899578,7.534145429855524,32.40978940997694,878.0362065039601,0.3005632203480752,0
21.425878380829207,5.409226206042887,44.6739077007656,18.379767817426337,773.3771686229912,0.3252216019294866,0
15.791404910453988,5.2484379531056975,75.02560318337831,36.53730191207804,1258.24107083528,0.16279098921218588,0
6.616047643706009,7.74000961156637,21.541706157790493,31.80427442207958,272.1633977699636,2.794441722003873,0
22.13229059833793,65.33033097077877,135.59164851496004,66.86519681458104,1624.851897399435,1.7581474284639533,0
37.13765210209209,13.42220295526513,50.25309665831976,59.5631510117683,910.1651434094665,3.0337174392756934,0
47.52245036435049,15.0,145.59470100969088,73.97937096057986,1153.420061995747,2.0,1
40.63437126492944,123.4593342882209,215.39798703650496,83.4210981009271,1844.5616286109134,33.22560672229764,1
20.149871015139226,6.11169928575318,47.0318371445945,27.41787619487395,1506.408360258745,0.8318120882946185,0
33.07322219562099,4.398627374875222,33.57228607794315,24.948428869315762,1945.13312673161,0.24507021085997704,0
24.063276351438606,3.015906635812086,54.822568931107746,23.192103343644355,1055.6804191762417,3.719785740158601,0
25.02845759488964,26.59845788515652,33.495281372040886,31.129157588181535,804.7598220675995,1.7775817215338736,0
30.27958138197168,8.746056992616705,31.40150840418167,32.207102429680205,1183.41736617964,2.3396297379926363,0
18.86709368749421,7.711528072677909,76.63873421965621,54.66645766154622,1174.0746864635266,1.0319484550487175,0
63.78494225363258,137.1462731613386,277.60255803872974,74.40014173144759,1018.0981830953674,2.0,1
36.36431800000792,23.16948101518138,81.70100162032881,43.984661116075245,1318.2140312232107,1.4957683536839375,0
24.70370877374724,16.024018858915642,135.32445337866335,45.80160374706094,1172.288380370881,3.5738226096800028,0
22.689901528681688,7.1489059610511,43.60712424388474,34.38026012319816,1312.9447760710955,3.627659855844457,0
19.013041017154247,19.333065579156386,40.70168044871977,35.02639920917008,2077.9219965019856,4.004883062178812,0
23.591667431337854,6.015211062850068,47.52606821830239,28.16341088642077,531.2947017086158,1.287001455225594,0
46.085863792915966,71.09176091962237,214.17672624883883,81.32748415702264,1616.6304423931056,9.028088930411705,1
29.653034106239563,0.9398595711299859,3.4322678751918523,17.63697147652786,578.0371263688505,3.046466513026843,0
29.35690692662952,11.476523478417615,98.2128359841328,10.927225680990956,1427.887658116973,0.5080307567067786,0
26.868696654723202,13.874782859992614,36.25857819440541,51.1115759103537,939.3369501112188,0.7245785605403301,0
16.482819465883082,10.541834870559965,28.105910170742035,30.007487272361523,1042.7677330467636,4.399983995897137,0
6.894479650667847,21.91133239718581,45.22709210427537,35.42636460579327,1664.3680266434035,0.18746584776246553,0
5.184542638106382,6.279414844079022,146.82423036084296,49.917442491535546,1819.8936772900734,3.066333543722131,0
24.623347925988455,31.371538790643797,57.65432488449393,39.80669526456676,827.357552839777,5.37542726788967,0
47.430863189742844,35.13032991294192,77.2774037471691,77.8670336363827,1318.8322383084499,30.53218847922104,1
44.7376052831534,56.17977291389101,195.287083505755,93.30585221926496,1444.6023384161745,15.539797949804395,1
53.3391801662923,38.29609864461742,118.34190261778662,70.83738079554107,989.0586901667235,10.785870112716374,1
9.026279029320632,9.761445071168101,99.8208030835944,9.80360391305242,1614.6628454966367,2.740040022434393,0
34.005754992052196,27.156653227048366,156.32204084272522,77.63729237910977,2002.1560964176363,19.918930801014117,1
52.008439329272605,16.848650525270077,200.42521255197315,96.72591522588766,1910.0041656116919,19.19199412547389,1
57.25592950760098,54.88850279854144,170.2965349063628,81.08650863174513,1644.9372169832043,11.150216001309435,1
25.01099093526888,8.986803491428534,41.45891930290346,28.91658705666505,1299.350504186355,2.28960924836899,0
21.767592444118414,56.54337415057891,60.205467442203954,72.41148198994367,1011.082466298433,5.459340172712551,0
16.703399611577503,1.0982551953956028,59.83850969176244,55.699451510432866,433.07672704623656,0.2373874452231705,0
58.391919012410774,27.85530389821862,135.8981467016015,61.56972906831224,1609.102335577084,2.0,1
46.821089573060995,167.19819194721646,203.10560795233613,61.260492095575245,1895.4595786509522,14.776832842177392,1
16.18308146407459,2.948222454992711,53.24521126907524,51.714947164522876,794.4697004864414,1.4282700574281022,0
19.781425554745184,13.156240249525348,20.138002247099024,36.90724628255303,686.4153065235108,2.348822942601882,0
21.14957976265784,16.8163083955537,31.08094512224094,7.853505122476717,1191.9535210489498,3.2122676880909573,0
21.598397529514056,8.40381003864879,52.431180042199884,53.334150154585245,1165.4729363157244,2.5196254545092276,0
21.96231920078868,19.26353969873245,47.610651692873724,17.685064478964975,605.2337130475493,0.7520705731322903,0
26.06057658308151,3.948073225786402,10.77510378267483,17.286909279719243,578.2205691053981,0.4689099377995286,0
12.700910262278931,5.099195359533847,51.679329922797294,27.725406594770806,810.5093479131934,4.016377029960249,0
21.322172640558563,6.271883476514121,93.56536650934324,63.39297358311992,543.0591949716955,0.932676761332018,0
50.660628137871775,15.0,258.71605552983937,64.13883224591036,1321.9945804632844,10.291364830427634,1
38.48647441840827,272.9570946712064,378.6676329650969,90.46732481532374,1844.3964047355753,2.0,1
32.44613560906302,60.35586354779636,90.35586354779636,75.59896609108591,1238.914351757642,14.888781049565253,1
18.37984927210514,40.028266975470224,62.39894735262739,57.18576475969493,696.532884164921,0.7326817016957359,0
47.25729161968739,79.06526688178765,180.6376042224904,92.56154580384698,1441.3180515424733,24.843576259599583,1
28.07842105699694,15.0,45.0,60.18812588842006,1063.8681095591082,20.327836598355177,1
5.0,21.25237731296385,92.85582506775194,41.883153947041784,860.6407485248693,0.7700491989154373,0
25.11678329212804,7.503660287837008,10.225110614198236,40.722630033467155,925.1892621165803,0.08631987482141057,0
51.70033262532962,105.8430861135791,163.71493405873358,84.52374252401424,1428.210812423735,33.36280051051769,1
43.19490006166538,97.34902186402694,149.4333235180285,86.6135188059933,1571.4231453401655,31.67059877721245,1
30.376872903754382,5.066931468710551,26.25511589014353,47.20015621322024,883.9434442585991,1.4311059564203668,0
24.02718764340779,34.69752211415279,62.27407752261078,4.831680555128719,542.6573316138476,2.1818848313547323,0
9.801270302075016,9.562389161402619,105.49994615222123,20.012842341024133,200.0,1.5386773916702141,0
20.90227977267472,3.820811957042964,4.123481854565017,33.509437462583044,613.5228067243099,3.612043557283787,0
22.642964709913997,23.650506992399766,35.830919972296996,70.7898643613872,920.9570695859059,1.6875767046006138,0
21.932066288984252,5.846773337160028,43.99176337288135,22.850952169383106,1212.6741978786793,0.6920084986489694,0
59.45392939768675,61.305187071796716,91.30518707179672,88.11798520553117,1278.659286325583,6.975647859710747,1
44.052360138852286,25.870168860239996,147.80248715863513,74.26569007002615,1110.9688068784442,16.735990774357237,1
20.593072950807798,3.651457029721832,51.316573250316594,15.22434002209877,376.2682023512416,2.0559078581870787,0
18.947598356911573,23.045463841020947,34.55369544767943,43.29225314284806,462.3448771791203,1.573694127416253,0
23.667236936596876,17.961794695564098,81.72319718987396,26.147951506964507,1314.7115645178005,0.7016085087217919,0
19.591830589297963,6.171835500829925,29.377783049081213,36.84383542529522,1278.3818023295294,0.014905745420153344,0
20.13394495490959,15.696397880038653,69.846767494999,43.59508387328029,674.8946143469313,0.1562525065014642,0
15.839998647159806,3.658391077477479,52.14019011365594,20.43038720200974,1126.9166711787682,0.20072828864574288,0
8.935339308067466,2.778177094605313,29.149770423613734,40.85385688383764,213.34832690855524,0.8939862950655827,0
23.703260763594376,12.479352456258486,40.07733888398583,54.323254622672124,1202.708535841362,0.3919083047262114,0
17.84060754508547,18.28309611899693,19.731813019643592,30.438179605174405,619.911981657355,0.5544957231471364,0
24.05799662899721,74.42510947070518,82.6235586600368,23.093960860552475,345.4090011330039,0.32095733354729206,0
17.644283549644662,2.8023648042965252,31.00509460461535,21.161254015702184,1672.0976502978715,2.6146501613710895,0
17.42041070922273,0.9593615333852646,20.3898809638377,14.481810773048597,1806.9706038385566,3.4705487756451094,0
31.879221393489235,7.1863279998180065,11.818056306825095,50.962741912508406,499.75255826885194,1.2969571065507588,0
5.0,2.3253043253608263,15.87917915296499,31.253654701984747,1203.8629304749247,0.11203012068754746,0
29.169595438117675,24.553276825356086,54.94789459350922,34.94649799998332,615.9318494340105,2.339240676298446,0
18.70760247870582,4.940335337528946,9.023794093394647,24.333352584893003,717.2709073146683,0.883766614073242,0
26.092303089562257,0.2085151666394825,65.83713411304173,41.83106687407574,870.0234477081069,6.0,0
9.63455121985368,32.58708710007886,116.60390613498069,41.96259913886583,602.8301788486208,1.4728783619055816,0
25.71146036957593,4.692190454260082,38.384965379952106,52.3343758677835,1060.8428909862087,1.8672851937962684,0
28.206300919725642,53.196284316353626,98.89422061022937,77.42996806352612,907.8329186244184,0.5013789819270679,0
19.581679352646542,1.7401495738629027,42.356869555213684,23.373236732217286,645.0875534751157,6.0,0
5.0,22.202038407659277,54.33860375920304,30.987429945925747,618.7870911795574,4.512886706480531,0
20.61932588899804,9.564953663791531,80.79091503068587,45.49111885333986,1216.901865921981,0.2823438734123969,0
13.283445321461715,5.468523499169138,21.524552899540776,24.293581806035654,1042.368314186197,4.8755776737497465,0
34.04474071322794,13.734568914078448,25.212616745365118,52.07632188178501,894.2547944398293,0.9371401582951236,0
45.0,31.311883510157504,89.0686290942885,26.114398358263358,1439.1082838058953,5.06837945301008,0
18.670136151758477,21.126505372214407,94.27317540509402,54.378035628608934,679.3093343345132,3.804745877206131,0
29.66945808620855,15.0,47.17771115268002,61.72002427549551,889.3307840460986,5.058531145220488,1
51.73526175116549,117.03685128888014,177.21056507552356,92.32594517289851,1960.5837563684777,2.0,1
25.457882166322882,1.1092745211927795,83.49180743181219,25.326091082339047,1144.1598464367814,0.037501313902515446,0
23.799279104667093,45.487847653992006,113.6901880014576,70.93553227195075,744.6842360153121,0.20748051568877832,0
22.839686182510857,2.319040705322782,18.804740780052864,39.80633339500498,387.338299709598,1.3157067420113016,0
28.534461937428553,7.8325377352028696,68.38626524124024,52.35370495272728,1538.1747467805349,2.1441142626174696,0
17.64852033790016,16.773231669577285,44.874795893457836,36.573549726386375,649.4196008669632,0.21334784022200207,0
24.31830923405999,68.3807560198538,80.24115039223065,24.943718798130018,929.5159674541147,0.34531339852844395,0
46.45015482917679,33.658919008289516,81.3184674339997,87.78743987813473,1912.8558645785417,6.297667300957086,1
44.05960584889819,84.58097413702761,421.2173208325997,83.25550882900188,1325.6878383380792,5.154156798618236,1
7.843985076179976,0.08124841026261567,57.69441148487664,8.494091924359827,731.7176872271341,3.431527298529133,0
23.076753713720947,41.02410202691175,106.20210142096168,19.383896334077093,200.0,3.3908654835666865,0
23.27308684926964,12.455962546178707,89.38366690788335,7.049487963097516,881.8783518519847,1.5349306647540393,0
12.645524137465474,15.409548790782953,71.49681529343715,65.33767556152395,523.9854095669261,0.3184394854467832,0
9.735889218918112,13.005208169955415,68.07954127531931,30.61928177199025,704.3357448339382,3.2429157218117037,0
56.29346550614939,21.27051874987918,82.24537856196105,78.98904433036932,1113.1845935337824,5.990808929060903,1
27.75684423573492,25.100607908225854,26.23263022818144,29.394648239812987,1586.190000907068,0.36176520056892003,0
27.7373060080675,6.4762242923429865,11.825940097864653,49.41658332888231,1936.664205380199,6.0,0
29.475548550370355,13.996122966410645,48.29111500621668,47.02487677713176,990.3422290913236,0.5941792231234602,0
43.838738171942886,117.2127978396323,210.48051560437295,83.47909560224853,1305.8017806176479,9.993700932935628,1
33.010147701399966,3.095262475604224,107.00485570456225,23.400547921049604,897.5312201510792,1.5477899921759914,0
15.682223881485136,17.184661320040437,167.18466132004045,70.808206540913,286.47714800253505,3.860583187840641,0
26.87335057742841,24.101336599416893,40.86569182612081,30.12280499365779,1329.5955601179235,2.2974652597760685,0
21.822443343708514,4.724375761115283,36.87842431025549,35.83186175723958,1281.8534285187056,1.973612716352188,0
29.58169934635773,43.98108369378889,266.3754727842188,59.7461278646754,786.1744706610125,7.369537235715167,1
33.617249134600364,54.598157785923725,195.5954655721817,23.86598769178893,1109.8858530408452,0.6410289482134703,0
23.755479163097522,11.967430147399817,34.42651841907439,39.05125957800307,896.8396629783907,1.09389834460412,0
18.72477575482937,2.5839812655606664,12.889936754909197,60.091771803839976,1327.6964306306954,0.005400102376346116,0
53.05677181476382,164.69653710934998,249.080912259175,98.08920636670707,1853.8610562666836,41.726738328284426,1
32.132863555180464,0.3841040433917404,11.850565915702752,12.099622100541422,278.1393416533949,3.5222785762250406,0
47.12422274186993,106.8808915726399,183.64737943027615,61.0449087434157,1212.5584473154745,4.284053115284136,1
13.20407573549636,3.3381761942131543,18.41730102307487,25.3220920659276,588.1032770901608,0.5076736958550189,0
35.077554781459185,98.45508186431186,128.45508186431186,79.75076212862152,1732.0085757178244,13.628171055807316,1
14.561972426207118,3.564440132612433,65.35892595908183,22.25724493051877,340.74841672312084,0.07636779710670585,0
13.698669548250148,18.600015565303167,71.70249391161819,5.507460267824289,485.51218269688513,2.950609891839727,0
50.16989427497105,39.31135709860098,254.03416776119326,85.0553176268078,2020.7844968840557,6.43651111764392,1
25.604595852961662,9.161004414610387,41.355686889378106,43.34815547494822,1148.8714892514204,1.6196159725659274,0
52.692230594137655,15.0,45.0,72.86812160009654,1332.759928119058,9.918820277601913,1
19.378074601591546,62.888430795186366,70.47831609280436,27.287749416119162,1368.4545038712813,0.35900062782843695,0
18.211016195411677,9.85975394364677,112.13170634468146,60.444125916762204,562.8978114820233,1.3164164120321113,0
5.0,13.027747858274735,31.806265523527365,36.069025152677305,818.4653771204506,1.5322812634259,0
31.522185342285404,6.116222426879704,8.183844325662571,45.895503792666304,610.8406536813608,2.5072711250575823,0
25.88478979857925,22.685457430083286,22.828130580015113,38.766351873819346,914.8468572711532,4.948668337807578,0
42.95269182822193,23.754750605925956,207.14309722522646,89.09525876781679,1282.7187436073314,29.836907254884842,1
35.60417302198325,67.72563122234432,165.33236747620344,87.04984834141815,568.4962034960305,27.023735344658643,1
24.827900973724972,8.606826111880535,62.981070144649514,27.750389996442788,958.1863789812826,3.2730109789104636,0
39.105880106341395,78.5570401044889,183.51798210786808,61.1557537083826,1505.9476834631757,5.875970463353428,1
29.948953332021603,30.869613172843962,54.979078873561555,27.253452851812405,830.7931853186382,0.09761481201583694,0
19.523821404835306,1.9949903937758031,2.608994232799251,28.659319199949923,200.0,0.07238134045779329,0
29.493204705550014,152.56720301996413,400.31222350389027,75.67119412151278,1160.2234909583622,60.0,1
31.33328770784903,23.708223366143287,82.54835859984605,74.6164581015406,985.6560714505254,3.43175580343071,0
25.332272941836685,0.09204947893243239,41.27096960104826,45.53901267864076,979.4782960120219,0.1908449181428593,0
24.9640342729513,5.213290476389489,8.242889785766922,22.981934322786852,277.69652438504704,0.13471809046153305,0
11.159355103409188,14.737972250531966,51.79822680044805,51.58617479101062,1095.8726554890466,4.01490206843969,0
23.982518109890172,42.294215865289665,63.545243418352776,18.272131311116546,763.1534223073287,0.10994885378562609,0
47.29849365977506,15.0,288.2475029645884,74.13275013926275,1430.3857315207554,37.54966839120888,1
18.50787342837531,1.1937527441940128,15.769310082009307,42.48455186552609,1178.8996863875263,2.1585048667512,0
7.569012878227536,2.726163685789997,30.221597450917386,35.43108452561948,384.5968499838965,1.8133009707087666,0
6.699998538108531,26.53104463942018,88.4211646842935,48.57159358629439,1284.4316218232682,4.668760650032756,0
10.334230564545042,46.85374496526534,94.62417312206209,18.59115438153392,1129.6530374169542,0.30566359693040507,0
26.907163855697675,21.408205262107266,24.40660629016395,23.32031223460691,1040.2961222083259,0.7592814975082166,0
16.760897954097768,2.8067502869870804,25.06300299283314,56.22040397284667,1441.4139727709903,3.1045123789138707,0
43.72454690421356,120.61350424325248,162.98231204604843,94.91856691250817,773.9061604808606,21.541777134922995,1
42.96011182347214,152.17202020148716,277.0980305621014,51.20156595974209,1794.293263905815,6.648869911620436,1
46.57437124059492,159.1549610634506,313.98254099427595,66.6439136934537,1496.4904304863828,5.71512033998726,1
13.418322296861001,6.984299699064174,9.248042471107984,54.29586240540808,2454.2843602799057,2.955485247732896,0
28.26157970878748,0.7585005402497733,17.73187579763924,10.847081562025574,1124.629729190591,0.9260353659351545,0
29.2977586327753,6.203060699167303,8.786880402304543,87.41307272979141,1445.1425261600084,0.4204434154571251,0
10.530121645093296,31.78261727174866,34.63946117167543,57.24967048982482,658.9047798209099,0.48868076096513224,0
17.13665760669676,22.58366722201806,55.4237146076747,14.652133066665954,1253.6565731408648,0.5279743329087191,0
18.77395578074514,14.159071189931932,102.22392161089016,16.713136625813576,1056.9681587724087,0.11203137089112897,0
20.866369587523778,53.301125135740584,182.64683584471845,34.92125998483013,764.5475397617261,0.5262051116863167,0
23.86531726215489,4.172158921553854,34.39150051994384,49.18012469203032,886.7826665864923,3.028528409155578,0
10.80912571658747,14.534937056976142,23.115388778929223,57.33788743092979,890.3409744185063,4.240115938675561,0
56.077976088623416,167.96747677512536,211.67035121793555,77.49816846571042,1100.699537720477,4.427645145588738,1
53.50872490212415,15.581232528782664,45.581232528782664,68.54985370525878,1835.9392086917142,13.132289120292587,1
19.82443881534034,0.6317499857042896,59.46036428199844,27.416482324219572,1086.9170806461939,4.669873182157011,0
24.462061308893027,29.790157163522455,66.20161281758449,12.548275323178634,509.2334105162914,5.11314723788647,0
26.30330646504046,8.05234793321842,29.69340864053592,21.426138047733048,1017.9136606817126,1.2361791042741044,0
25.25608971859623,7.144433678304581,18.094415582916685,36.86246849105372,513.9482720384669,1.4476449277309043,0
42.90454918721447,54.94657124220875,241.55823312525843,83.62139219636047,1246.5756707869762,37.953786239758934,1
33.91270929473094,35.280975597186696,189.59255317300727,85.40472754475911,2167.797740985185,2.0,1
26.8289627083998,110.03160207714066,296.69034561755495,63.16360075821205,1688.4013795836238,7.397785992885052,1
35.64629250985206,80.0,190.18041845762525,28.738723997254844,200.0,1.046250240380896,0
30.602620774069912,300.0,342.7593211898212,67.99221260633254,1203.83618098127,36.537299425980756,1
19.323667563127014,0.6457250338710956,11.481013192155881,35.27532924322496,1255.1517929590132,2.3379278081333514,0
44.4330048106519,168.0386786272229,198.0386786272229,94.48392017946946,1193.0242909073345,4.684583268460417,1
30.880365432588256,22.85988441703692,52.40200716941743,33.693399973289196,1211.0968794604464,2.251863891633422,0
34.96532480913968,8.369333192607806,25.093061297327445,80.12335724318925,488.0020890762696,4.039962779746208,0
17.790825893240157,5.134444146886708,20.864318579664197,41.0780835274976,660.3255143428177,0.29496896374900444,0
40.02316781688535,46.363879143660185,199.4539036324319,61.61723116255674,1412.316320309083,14.632410001791762,1
47.8751642857237,16.93742199797531,90.07856752899222,78.50658663995819,495.89791828024886,8.299042200983303,1
11.237957127377838,12.269476933543285,87.56579674766563,48.67389437230898,788.8319420172187,2.497594657717153,0
23.80725236066994,3.1968463004514422,29.535048672903187,29.957615613682414,1007.8315673159359,0.0612192302971623,0
22.32673830214486,1.5240844270958167,7.905767816301574,54.519632968056484,1651.7435949589387,3.5191194799631123,0
25.73337581842896,15.726466178380909,35.37520970543763,47.429787764058155,756.2032197896763,0.3804813182188715,0
44.20764534556075,15.0,108.05063057570882,91.69194982891867,1492.188027686821,2.0,1
22.63276829420767,11.511399327752647,33.6461915204406,47.231191361391765,852.5705460471232,0.18540305575422664,0
39.370768582987665,17.892018957154495,41.79037355301951,22.73354369117279,1572.7166516396076,0.42821211431668854,0
22.857228242582156,15.875315700220796,28.794266111372025,41.723770246815505,894.3785401176744,0.8456621859963657,0
27.801431387951588,17.089959227509784,25.94173725439674,36.93524083781,1680.6942593326075,2.6880333652769686,0
45.40388306622782,66.85867944258386,96.85867944258386,94.29986365494501,1082.0259661037162,4.161355781099465,1
18.183900496661334,8.317196003965785,18.724714873493234,34.51838024261272,1144.7574729317198,2.0151178477043836,0
18.11684032303027,1.1276708659857229,86.80050140168565,39.73791417684088,232.21287911496995,1.0266403778059272,0
24.028320335201236,0.24517860319028195,45.246469582910336,49.10221314917873,1200.8382661521327,0.8501762486029603,0
27.85739062410787,17.42726766730197,33.53297987816576,21.274347315557566,1152.7470489099092,0.34681847578035724,0
18.23730758322631,4.479554422765222,57.152344501084286,15.637901924117417,943.4382903656783,4.969885692745758,0
26.236332444269394,9.525853001981025,13.758281497613646,29.085675150228678,867.3061470098506,4.1260958660364695,0
27.55633677583453,13.471017115996716,22.922478531077118,38.153048890898475,1039.7060443980672,2.638638095974453,0
50.26652840648338,126.83369755384365,156.83369755384365,80.91942481380357,1473.7629623489972,31.379337867841354,1
35.648952233935596,15.0,60.82318342708015,94.24448718319823,1763.4180359026907,2.7277773398719627,1
16.012938346116407,3.9664656279226427,5.13246707155038,74.02910217300807,1105.98177937488,6.0,0
24.49278046389203,4.44119132625339,16.334680164359774,73.18762401160305,1491.9686046375373,2.786284178913729,0
35.957049814611096,15.244404447933286,45.244404447933285,92.07048916918147,1742.3608075617071,2.0,1
28.178353299675543,227.47726133106363,403.1966266175126,95.05500412699124,936.2373420272689,24.451412806968186,1
49.41291865702618,46.72841186790266,200.78869242344294,87.85884850759803,531.0301672962995,13.398411239850905,1
40.87128826431763,84.93762333370472,156.34409291111922,58.68491354592307,1484.2240379060927,33.62732727804004,1
29.6580231745369,180.94985887451557,210.94985887451557,94.16613082967794,1074.440838779301,47.34987812020455,1
35.219941486313736,12.619119368197971,19.4741191247834,36.20192621166446,1486.2643522809553,1.741322702062169,0
47.82617408517829,19.284968525244516,117.86333829974299,74.12597810716066,1472.701814619921,21.074073432077025,1
24.907017966377108,8.781473225693922,16.442871947528644,47.21047537206135,555.08595125794,1.0616523974056287,0
15.26155756205823,21.673951239743722,45.768555729486394,54.42032113600991,974.7652336709034,2.6121822519707463,0
5.0,8.461225113273587,14.176823665443603,59.32127534582518,200.0,2.4168489460684146,0
22.04552646612148,41.55048211278913,44.76428030911186,7.929866262414888,782.715241539875,1.4032414285771713,0
11.343076179302805,4.632785100102486,53.8929861610093,46.16247319349922,962.0012424115378,0.4696750566922033,0
57.50852633028034,15.0,45.0,82.67921269528829,1156.9534606850261,2.9675602287985416,1
30.38965979740089,16.902382038038013,18.53482249397102,16.836672866684896,1092.4542293307331,0.7575635838670526,0
52.00801760460218,15.0,45.0,72.19984615234092,1112.1279110615346,9.674918865287296,1
30.29199451322424,16.862570114809408,23.41798424527918,40.32627306651076,1017.8249482354108,0.31949954771302214,0
35.46237395706987,11.709568786926447,55.59498572663786,58.15485548440957,200.0,0.008190372787940907,0
47.73008412820626,15.1856204188565,491.35821144752987,83.85833692346664,1111.0359365366726,34.93310404858195,1
19.9662287790911,3.5805573399854715,27.05968619898963,15.246019417549569,1331.4300568574295,0.04926542153471435,0
35.914890973815474,3.524449697483076,12.46920605945052,26.232433150583624,887.1564064008473,1.3718122935813852,0
10.61673724372103,69.56215685106395,123.08430239891744,18.825710683354043,1378.7118257920501,1.6573727212439788,0
10.223278348045298,37.381900069288285,59.383665056504086,16.198071713021374,754.9315340173496,1.66670546636023,0
35.25579519774473,50.47701365781321,156.85346168462283,76.11200115784838,1232.6676926030066,50.809694935095116,1
26.360309286366014,13.564113258100699,49.784185511966534,39.74434012503829,261.4873193721752,1.20647903855272,0
22.422517157042215,26.914402925442456,49.29517739020329,37.40157699160528,711.971865980655,3.521208832125046,0
19.84549401710735,18.260218277081144,93.52969464523716,59.59641404382675,1166.469210041586,0.1251582954652873,0
39.96937188487777,15.0,169.20084616344593,40.58086594832688,1670.6420299029787,3.6148876282275864,1
31.88366525882325,5.803273373567753,8.901233439981688,7.2428491631256575,1446.7919158906575,0.8165072952293808,0
29.579260183275792,35.75089583172535,95.80770895351097,37.27544990863614,726.2865791763032,1.129004965350118,0
18.22698897096571,59.182042180367134,197.37511791890148,14.769502582427391,801.1684896839317,5.615278768322196,0
43.415203603842876,55.99429700825861,123.86158304703629,90.50231812756417,1527.3850402338296,2.0,1
21.00576104533338,5.439131712298101,18.334729796624977,51.268897153937864,1069.757919904739,1.416826680038757,0
19.22168458561073,16.87404350268848,113.81227257898252,42.67561221422532,1343.6143707330914,0.6187649756705733,0
23.626645451366716,34.99388607447722,84.44656557876866,59.62623961357695,1408.967972216839,4.183988072233623,0
24.80527228894231,10.855368305222783,121.79891030176147,72.58464158221541,254.76696603810512,0.4409951198359359,0
54.80036633867477,15.0,116.87070323393044,59.561891057365024,1063.544519003616,10.108099550677073,1
9.79839605017979,27.980445629214334,28.553753808760156,34.00036739585148,539.9744812976481,0.2164845084993658,0
51.65868899383261,15.0,45.0,96.81458294711922,960.1784276374641,16.65578420176027,1
14.832454230355523,14.790806639734637,19.388062742689964,50.124628280375916,1115.6038556779483,2.199043659327286,0
28.951147876820762,10.95825596512056,34.17578441011448,4.019458246790476,1311.9441126657716,2.5509207235548232,0
21.475171142863857,1.1684697599601472,29.795428327150123,21.813358777915845,1343.2758641400956,0.3095974229831668,0
24.556951926870788,10.187210844446383,14.552991819844934,14.94072420198536,1518.839335107148,0.08292749690153138,0
23.86591053608453,20.022002998338497,59.74414291770934,38.179146498057285,1419.0299993282506,1.0470673315051264,0
61.3655533375777,30.25276476428371,60.25276476428371,93.15045735785966,1461.341989465838,14.138839994249826,1
34.52860604324569,220.27587915232007,314.36515312252027,76.84410677727723,1070.4989482166854,60.0,1
13.148797496027907,32.72994287558174,148.75966665981977,6.896686045958179,878.6730862988069,1.0181556205227764,0
49.116879747741415,15.0,134.99323417013784,44.96796316089796,1648.2128336530088,25.821292947492644,1
7.76040612903498,6.974858833051594,23.93666441806704,41.225076595172624,200.0,1.9409431836758109,0
8.446686544337512,4.929474664578291,10.172474142718073,13.127054666183188,1004.3924492308035,0.7016387695419615,0
30.81295629811653,1.729422669709923,11.815034045410053,19.902892749020616,613.1370441744084,2.1968435761929674,0
43.21919322466891,67.53276062069392,231.19171757140563,64.73183986371262,2091.588958850055,2.0,1
24.95283641385728,9.979581611551898,43.930748689760556,29.694448120987094,847.5297509161231,1.3750027066465866,0
36.713400583607275,19.739615024897418,124.60344179557659,68.70979913794751,1505.2632628134802,26.22535950787063,1
57.678701337460645,15.0,167.89210268807236,77.2811061473059,1326.533551826841,19.055225153716822,1
64.6921970367339,129.2564541030871,159.2564541030871,71.33268264635417,878.5230727224682,37.793933512416466,1
27.037192838059973,0.16000105624295674,43.568244000552774,25.47982917128675,739.9272659298906,6.0,0
25.779877354995115,13.011869853959087,13.92191167121048,43.42573923523589,2023.2219800746027,4.989955519805934,0
44.946125702324224,15.0,127.0069384978176,59.75473068547904,995.6402301646137,30.249179324705096,1
29.29505954355517,74.0658824382148,107.45945892772909,89.53757941495698,1579.7999346394854,29.84106983059458,1
33.21910114604513,1.3089644099184352,10.954953564563487,27.02061929390102,1819.3843578541148,0.8964781997320141,0
56.20965830858016,137.27649513336564,255.26281331606322,86.57287838232159,1265.720678730824,22.194490229423405,1
17.076720202662557,4.661927002077565,40.959378808529365,25.711606581093505,521.2757630932024,2.0861319020867146,0
31.206634739187287,40.432597853766,114.72820983533198,87.07477926328241,1635.1256769676693,43.43008387215248,1
35.68163004115176,45.97239229297285,545.9723922929728,87.30021735301294,1810.3103632307818,2.0,1
14.316498395801043,3.2696266557093767,10.62064282436855,25.767156102948512,256.79097214177057,1.0852063074665756,0
14.390861764173744,22.540712431808323,49.21268652162492,39.23028167668207,524.4601428188223,6.0,0
21.43468724007217,21.974765644927576,40.75824316916891,54.39101349738152,644.4259140128355,3.9050110564459932,0
31.855666705691768,75.88088886504978,244.89130793776286,77.22630840167962,1608.2204350900167,22.361420725808987,1
33.66752653733103,30.255996486194608,139.11763487303813,79.79924783988719,1202.2340278559875,2.1656319821584833,1
36.362798144931745,10.091039534525283,45.79248277700698,31.291855929560704,1183.284031474821,0.581102511384003,0
11.786534961275178,3.342261366854526,49.557224377553695,35.53747925103191,2025.8347726593593,0.34936148640222137,0
10.802098485990864,26.97135791472303,29.00345986346145,40.05704985857611,918.421994122301,0.1566344527424853,0
13.300593215213121,21.754485530537572,39.39516744570781,62.46710721564342,855.8070236127377,1.0603676505679636,0
36.32497228273087,33.471265941814686,69.97497493073574,53.590806142215705,957.3726210911327,2.6155781211863767,0
38.00021245154458,29.779759991250696,88.66254492567879,40.411521613256845,1686.5711004516425,1.2041491109535967,0
41.85012089643055,54.8563255803732,97.00766087992602,90.15602918139602,1291.5699718689877,3.7930992086116726,1
34.88916202568909,7.130922427512124,43.10127040234038,60.53574935957391,1452.5016329128202,0.2971261823545647,0
27.996724693816134,25.91792522867459,145.77862346734622,30.263154800003743,664.4796204237524,0.22420082116695988,0
26.01042952533971,18.447689375432983,46.88793285612529,32.157485408371436,1486.8373433367055,0.7697122823579168,0
45.16256071959039,45.97364695729645,244.25175090767647,83.34865478570592,629.5045066365948,8.794286817003965,1
16.117519543712326,50.12013231021774,98.67756810788362,57.74671545287876,1369.4324698596392,2.746434995714969,0
51.34238045345125,132.62358083995153,183.26100325753248,64.39268151059542,1827.3133803424194,60.0,1
29.53503427524786,0.4811762198969234,30.022913532929852,25.44076698509577,926.5498814725141,0.6680609481645795,0
38.17890974866273,119.7937475399868,177.54205952516898,88.41213952130957,1063.416201707902,32.885491717826,1
31.232297594224118,0.422944767709084,96.33078503732163,21.585601210360867,907.404409383704,0.18492014961121983,0
28.043031024516033,0.8400425905979267,41.84491519317371,45.91772309687603,705.110230835714,1.6184224015035742,0
18.765981398775324,49.111142898471776,49.57399298089477,75.11702640211305,808.9638857294118,1.684116245130929,0
29.411760389272406,19.417305597837327,169.41730559783733,6.067084618296685,652.9018581746686,1.1961125710082492,0
16.838443993077433,11.96944369429626,96.26295044676432,18.173992905178412,806.117407144677,0.9108532506616541,0
39.09076993468323,105.27808153497203,311.6458099316526,81.3259201034532,1214.750890177718,19.210710066029847,1
9.67848386341366,28.651711243701175,72.97651037649,38.625001439217876,200.0,0.030320173117148772,0
23.8739915593976,1.1288681212506124,32.42022362216694,40.5281808065954,1534.1971571682516,0.5001269830282541,0
55.350620886442144,33.70803249000222,91.50252506045007,66.65459305133648,1067.1937732031565,3.605203587874836,1
54.953719439620144,38.17069651584431,173.47654535076407,66.24387619948844,1297.9447814812313,8.834564014684071,1
45.0,13.764269667705374,19.62526140329262,47.47197755434832,728.561917170911,2.570244694908732,0
58.610035205488764,178.93039908984235,369.40567519196577,69.24434945330191,1107.9993113881915,2.829251996377072,1
53.88791881467587,35.713078171210505,65.7130781712105,68.03155013775819,725.9668074075245,20.57739134264631,1
45.67484214265447,17.97192959512996,323.58289285188357,73.13526961237102,2017.30879020721,19.447974697412274,1
27.788479145610232,0.9652841822369979,74.84983550638142,22.700401057592487,463.02692780742296,3.4074688433144193,0
39.42630786267482,188.70925930628016,244.09250374460197,77.9503792548767,660.5192411648297,7.008602180363374,1
5.0,1.5812382166912144,51.46447103385845,45.23230758300489,835.9728739363123,0.1460493979893938,0
55.33897769974086,197.5262269751964,436.1051854333296,66.64003519488647,2183.3806253716602,13.713354889855497,1
28.663824333104372,13.531124822601127,42.16774295612019,49.61698177346831,503.29126297657666,0.6254921606635994,0
24.259078756987112,5.752335197841419,102.9487707145591,72.1923917126692,1432.4986186558758,0.20926266824437673,0
34.493305491128055,24.773077988244207,27.455255990697175,42.320073580039455,943.8054197484672,3.5086739104339673,0
26.14343303150663,13.756271601974502,15.70333909313765,31.640592546475,873.9716434098567,0.3863518033504276,0
13.835327385534834,1.1270589466742262,28.71577521462541,26.32241414685214,1127.0161688072624,0.2577640136941041,0
45.48383189973978,75.7232511184708,347.6403780025143,84.22652867248114,1405.4061993742996,2.0,1
27.80681849083814,19.91531530299262,56.52822702166563,36.64870439726045,1489.0811853220227,0.14370995018860086,0
65.20906617285365,130.2659059833227,390.96006299074577,69.2928207256541,1489.5570230680603,13.022880390450261,1
10.355543439658145,4.598797704904511,134.20564236525018,47.69569865165455,1787.3313044023255,0.5784063402844375,0
27.004488466763735,34.67285601131266,57.36079944805577,65.62821880200647,1123.982902649052,1.965371712070207,0
19.433745978395102,25.843247010785912,137.8724108656599,30.945936482533355,519.2251664544899,0.2588630976809107,0
13.846270430666651,3.627009093020207,153.6270090930202,11.194693050863183,947.2824261716861,0.5634095298676037,0
13.274258477717677,14.572958216036046,18.378433746733396,40.06630355688392,821.938265368236,0.2705849413047259,0
38.61011021766477,15.0,142.79826719139646,69.79251474692471,1469.8154491347275,60.0,1
17.240910067572987,16.264712712747286,31.339872589032982,34.57000087155219,200.0,2.93100520338082,0
22.308036726766968,47.12571745323767,120.19878813610923,50.10580349317322,1086.782176545143,0.5855923235040754,0
21.567215503020496,5.603488877094112,39.57543378781456,37.009348928550004,933.0794191761034,0.6766627939791444,0
9.82013299864465,2.5373063848470774,38.64554997024837,49.67656103298895,1094.1644204713423,1.340362815728209,0
38.73922195557428,2.454668905536467,49.45222147798932,20.065616835252964,464.212420480188,3.529380794137242,0
5.0,4.299983416567032,16.614735043130064,37.75130661371176,1119.0555592193841,1.4061775306691557,0
50.34478925122065,70.8657159226768,143.0189354117049,62.433883954180324,987.5469704814307,24.594751684316623,1
23.53735875036852,1.8331041741212368,63.388498366960874,68.64761990519837,1623.890430616707,6.0,0
22.082641516435782,15.30643941541024,151.75733232688873,31.641200242055284,1666.2386046909087,0.363610523326747,0
15.308985202045942,38.75722565768887,42.573581221498465,32.57747362506515,664.5653178458956,0.6094615759070964,0
40.81014331735672,78.19900482508105,395.28939754326626,56.69271359167989,1226.4858581165686,16.26494924119244,1
37.15719979800126,74.58225160422685,108.02977649868538,84.25004562327669,1401.1728525416722,2.737458026396039,1
27.458794723536926,20.153294658950067,37.58754332111158,38.244162720527505,1207.4771217451882,2.6832794051512634,0
38.01608762359621,49.46046369938308,121.77046697198705,79.45546535049944,914.216712189585,23.069023474677703,1
19.554148191815035,5.212164637842901,25.04388801955481,30.10822893379364,1787.0460256469025,6.0,0
24.10357397692743,39.600156035690375,82.43511024584227,37.85345075737997,1158.572929803975,0.3982180866770081,0
14.61481424476407,19.812744439412516,24.009845979384103,41.8906690985216,813.8089681803636,0.2891780148247712,0
29.05758535808652,15.97658514263825,19.244818270587814,23.833416493785176,1652.6212463551913,0.1055964194135372,0
53.94339394741711,98.39083911080138,131.39711128564767,59.58874951102943,869.78013955038,2.0,1
5.0,4.966273181743829,5.433724880538078,39.377640232694425,721.254157240254,4.084031518569674,0
41.984824387001886,32.52561980710182,136.03437113427046,63.03965562368178,1427.035164566692,16.361446557109975,1
20.01710463827715,44.46147766782677,86.1092301489042,61.268432041248225,1166.995369947779,1.059019117368283,0
50.1587328108628,23.31158779174931,111.28486224184388,95.19147486475003,1264.5255853533517,29.984425078172606,1
22.893568345172334,21.2038163783569,25.550776250469937,25.35479222488113,598.6989497026916,2.2280748519102347,0
23.93800975489206,3.979055759802061,6.94284586736206,40.986023991254726,1170.0366666664393,0.3953880578132708,0
19.314161503845636,5.0999642509922065,32.94261428665606,10.237114422309043,200.0,0.9637419889410762,0
24.65999287757331,2.1075339683019974,23.90214487124824,43.920189287787174,2240.0644485303937,1.0200869159824202,0
43.84652180703531,49.99010059063707,79.99010059063707,74.64906928487126,1357.3868688434247,2.0,1
16.007975747239982,14.560019596425564,75.78944681879864,25.78732924821494,1381.2760676667378,0.06465839608233129,0
54.82841817607683,43.45517477266666,97.00696618308615,73.50314883938228,2042.8389009423088,59.51182091520494,1
17.158187581037765,9.502958335398048,38.24950232013406,28.163545944578615,458.1860411443949,0.5544244798691733,0
48.4335854228491,96.29567820560443,192.8329517655857,78.55833317829665,1251.761556456845,17.594155415412835,1
33.8373932520866,51.647617636090345,130.07189934326982,75.26067501716878,1648.7442380925675,23.1573767488791,1
14.243417422134712,45.81706610479066,173.27047767399807,38.53516743656754,546.0025100721828,6.0,0
18.025261376597616,11.484550233057092,52.13325154668649,35.56098317171048,638.8347010099965,2.133364797348673,0
42.700291192508764,15.0,239.54939708985316,96.42515435098554,1601.68072013287,7.335682771654433,1
43.136725815514055,19.86771934623239,49.86771934623239,66.36777431369336,1029.8937385254899,19.83684526370898,1
13.632638601976803,40.00246069542547,72.11751720335542,18.1083915795108,200.0,0.6525675394286049,0
30.437347809953174,4.3226328547804185,48.97513847399828,41.474036484147724,1411.7481292916896,2.612041535411584,0
63.49900024471186,64.15366812232934,94.15366812232934,84.4546026052877,1176.1702411159679,2.0,1
24.8294099985279,6.8910353753183395,23.926894130014375,52.1921706819203,1330.0812123617154,0.9321463721310083,0
29.288251021417196,29.96243863874129,60.91171284791166,38.977366097825225,200.0,0.04774298028118889,0
7.860657114842887,5.463334225298669,155.46333422529867,65.77319866000936,600.476657388939,0.8580829222711901,0
7.372096263330967,4.538960753589479,30.052099727779737,38.232415304675186,399.3157212747676,5.030747023961483,0
11.115325941794966,34.470307710204075,74.06499195541019,45.507000933334126,200.0,6.0,0
45.0,16.966004182256093,33.14188230921408,39.47812794125029,200.0,0.7733530030558,0
47.82158638649297,47.66228605623316,99.33900106571626,99.02134257947709,1127.714316499392,11.597320998238262,1
60.45600226672994,30.15560947187508,145.23070480459455,85.48806851824851,1991.3253752131673,18.20253706809989,1
41.68390170039512,15.0,255.0832630820971,82.62226083557647,1463.076526686733,44.184135458195406,1
21.188555641905214,8.510586383283739,73.5749166539419,68.12237407810943,465.93291131557027,1.000622942244983,0
27.16772441241902,54.43391976751268,91.80288786901824,41.88768462517386,765.6731142212066,5.612612548554238,0
41.89425259745183,34.56336321260717,163.72495453126703,72.58939016448586,1635.3912812246913,24.799536438963163,1
17.2969214035038,9.92897295389099,30.826524616847614,63.17780753290029,909.6877493173016,4.885378483692615,0
26.564759359162764,16.80406318000703,23.5292943993661,43.69395218352878,936.8439774363965,1.7084573248962072,0
17.063356621548927,20.20889112666093,23.838505986739385,23.70521972809998,917.0544214258359,0.3173369459352149,0
39.099584306626554,118.03826329543944,148.03826329543944,61.333931934861766,1519.7902510419474,23.94828617143054,1
12.61852638593551,40.294620578818964,100.65608178474693,18.435468106962173,275.1127840362618,2.1264160953316487,0
9.57543732575753,3.572631501839157,13.905289740990726,70.99727888927958,1324.5262194899228,3.83653024983367,0
24.26617590432649,7.68207267435008,157.68207267435008,12.798152284485159,393.48799566917097,3.552667445821809,0
25.657643859759013,25.54660238470778,28.465977120478996,11.759826980684366,1044.0550894348187,0.5417773871155979,0
29.983720893744305,18.47447039436861,28.0096854474978,32.24636689174652,769.6131403492875,3.4730280620404583,0
19.142824004988302,10.5044730435213,16.091461887744664,24.18394405811469,502.47879089393894,2.052238477065612,0
43.78417142536475,15.0,250.10987498445238,52.09791689060073,1127.1036839352344,7.968345198623384,1
24.104813305605266,9.917161652258507,40.26613808073336,53.042813970959436,1669.05323141574,2.4920138495162107,0
13.749490300029034,20.373431314332684,43.52617837658844,32.70079554539001,620.584576865168,1.036633641964556,0
5.0,11.446992227250743,41.127418095210686,40.612745590380975,1340.4692232774432,3.1332398100340506,0
61.296511308311224,89.57690904856517,157.1267418980874,88.54970998930614,1584.1558009275113,13.852194276893565,1
24.26758297251572,0.19493308350734556,7.0473121825296605,77.66727617019764,674.8479867175408,2.389087483478297,0
9.871500710300463,15.975557261514123,100.61086050018676,24.729150674752194,452.41725323722966,1.6369255900170465,0
51.44660396828547,151.25939397719836,181.25939397719836,58.97837468031197,1752.1071884745536,4.790565517728705,1
13.931816073638748,1.6622447488529815,41.3267463585895,61.9905212314836,1762.7652446016618,3.7584345120263305,0
16.64820051655158,12.212410040799602,65.9932973162008,47.493658144684076,1495.279703202324,2.1835266600847,0
11.10725656290482,1.6448416108909323,38.14145084856505,30.794892457244515,872.1190546494837,0.012560744555850748,0
45.17621417059299,19.872297783534016,195.1183867656759,87.84873720353174,1740.2623432743126,4.138397088859838,1
5.0,1.3462300839600114,2.3092059431221967,42.64332034353523,1675.1899674293477,0.8095477384672999,0
29.056240855248376,28.200737505629743,178.20073750562975,39.31005775433726,880.3217135198181,0.5223733292435525,0
33.47968728109835,23.828091386764232,25.693949924326777,55.863505612936216,773.7913583576048,0.029688831210692483,0
25.180020768067394,10.74295557490669,81.59922598028739,18.71311142730386,591.3136992991642,0.3233972269261802,0
44.09936792204234,15.0,45.0,62.75795356480205,1334.2365027201504,2.0,1
22.235408579207803,3.060972765302249,25.15483935877569,21.759916055405508,1476.9358389545216,1.6331894701649943,0
36.02731749294233,57.63958244799903,193.82259859040684,89.81573132835693,1393.2596683133538,47.38756694579946,1
24.938430357351255,15.0,45.0,76.34200779855139,1798.8952195877014,5.609942138318069,1
36.42106394257484,24.94223768066095,268.26485285362276,75.41261437673592,1589.296571562437,25.874638615654536,1
24.94609096306932,6.268745001887481,26.333099799707032,22.385087770138547,988.3064509104228,2.217626043942223,0
39.42081719262936,14.81912001701337,54.15567781910903,15.653797838367531,752.3341708005809,0.8577968637367033,0
27.819004772835076,6.619107515995857,82.91543096597209,53.654204372996986,999.5599013585652,1.5312084396516552,0
54.02806336176135,124.16817298697572,462.5284070380761,60.628821050490814,1474.8446018903444,7.847298651312744,1
21.258323332645904,11.167359473343062,14.190149316236784,63.03542698679534,613.8612479399956,0.2585641351638603,0
14.980442900520485,1.2557321770964287,9.860766498533659,24.583227664293243,693.1322045486459,2.3882991782944814,0
17.39527930310006,1.1110583608666103,21.394018551187663,10.280808458281978,1074.2525476291057,1.6564121007152466,0
5.0,15.030710381940741,16.472213276706498,55.182242100657945,200.0,0.04413867556212413,0
36.04724193495261,79.18102185266002,579.18102185266,84.73582964442681,883.5665466029276,4.852189426234801,1
39.303122878992625,14.200361460402348,53.07189224435271,36.28830901370084,786.9430482364595,1.0649125165386408,0
33.25754812504922,5.170106223956136,10.352628630812713,22.40014975609773,817.1351910543225,1.0067923725740355,0
22.57228576697626,16.102103131773795,37.0298470315935,41.55783426879635,433.6392918263806,0.4597243731306524,0
15.519006645161232,12.090962105526492,53.72018181189646,20.096088232526917,226.40623810438274,0.6105578905953102,0
16.936497185366324,38.057318943388275,108.29676047283283,75.12625573654864,869.4776370567116,6.0,0
39.757102735379696,48.700422710572234,123.18100204053914,48.42059563505952,276.4926560447068,1.0458094975721228,0
11.390217863439627,21.130073988326288,50.29382843088686,27.618222156644123,1000.2599319553224,3.6345585513689924,0
16.283512000887466,25.329448836783655,64.44161432422578,38.71847561317173,868.1371741231955,3.257181636867118,0
50.44667562240617,124.64486324001975,158.92305020767435,86.99205646149835,1298.0059975599497,16.598163544685484,1
31.879701011956342,13.37740270415923,68.79855238579174,53.63925995986681,1307.0627754959478,1.293449166895545,0
21.182196432255317,68.00413387114065,120.09268617105258,38.02418443893515,882.4838834162098,3.673832385641983,0
19.633542544588806,7.871688780818737,17.295794988911965,41.10745368110372,693.9698190842068,6.0,0
24.494739124871785,3.7288560038667975,82.29048895971584,48.230814673387975,200.0,1.3946196131553583,0
32.34771541571111,6.400366888943775,27.21953539569116,38.225265693088176,392.98927282282096,1.4154488081489016,0
31.199556873524166,55.86390787167229,154.7818290978212,55.5619098831598,649.5205229930853,2.0,1
26.078323472330403,8.400041650054487,11.539909669131262,62.86719328171079,1143.1000802334743,1.1478061649780293,0
33.642242928672516,34.868602926091675,54.788316153106905,37.95105889526479,1344.4605119115852,2.4656869248769304,0
27.170609735929183,5.754101671894069,61.337802281935964,55.133064972655,1249.4106886536574,0.2613823122353687,0
17.43053040563838,3.650500357597176,30.937523520051492,18.859764366239748,1000.0644629967288,1.9326347771050105,0
57.696136489884225,39.06285146290056,127.78459600003296,94.0252894934679,1964.2741912746474,2.0,1
33.653286122902976,19.480301061366934,60.322946527987185,49.35738263157692,1420.9461758276266,0.6783374260415359,0
44.518576191413146,35.17267927274809,156.56518557114157,76.30072599953506,1777.9269330448685,21.04814510381865,1
45.506184968247666,28.211983278028537,58.21198327802854,89.9526382027829,1451.9260923464421,37.3904444611764,1
17.29666240071863,1.226522846347178,57.53783124650753,18.555492807517645,758.4561802817913,6.0,0
13.187592481320298,7.622568535508083,44.93130004275004,20.68498494677607,293.6041998750359,0.11670506246833946,0
33.787226036374,15.217226279217765,82.46963274659493,50.768123513238905,1643.7819217854735,2.0,1
27.405746732003188,40.618938208257475,88.00295364665618,19.10508919734707,1068.537594463549,1.00927852984927,0
10.444748913175031,2.3273272610552755,38.82723488624305,16.437381876227757,1318.3958677354012,0.9270696041301391,0
30.233184536789786,5.418500880493598,15.033521546369244,19.474823871378515,1282.051198241433,0.6132490796712008,0
14.449516761204183,8.40336686655107,48.112080613109036,70.71204293158613,1015.0343839155396,4.683674559892893,0
48.01434486532608,15.0,266.4774139541846,76.27062237851088,1468.355352302292,13.235388979818536,1
29.60985935787133,33.35366454275556,69.52313238777442,16.699394107655067,1330.4458673492018,2.647646476417262,0
30.841337194081646,59.874443883537474,89.87444388353748,82.89791583499951,1067.1954487922746,2.0,1
46.59996580178151,300.0,381.12605500197117,65.75120753221256,1106.2429896484614,2.0,1
28.151753057599315,59.154691052989534,103.00811706168199,92.55495279748423,1965.330666855375,2.0,1
24.405227846114688,3.7089114411610606,3.9147831041133756,58.13293628712582,200.0953049434754,3.0987570582107073,0
12.623967786991507,6.547778090325233,117.05787109824504,55.608159345753826,577.5529217955273,0.06632453835663836,0
10.53955341612648,12.867155576303379,15.2816040859717,36.70915404834763,200.0,0.2549285908404095,0
13.094140098599341,15.227843090662136,38.70027685686026,24.64409549624471,1052.163441990231,1.5819073804045998,0
29.081251424149762,22.249772097639845,32.50176767497986,19.63610117679371,474.2094897098622,0.2314868273738345,0
22.878266936335425,19.372257908462608,26.867694214695526,20.181462163336057,1363.2864491470343,1.0281079395614248,0
27.752768424786417,179.80251513962162,264.52981929362267,82.31668123381765,1929.5166587470526,4.32248621596309,1
17.935463510630804,11.294105706648445,47.64898758956449,18.295046982511167,1004.6461191193071,1.6197457044812071,0
18.606531894586812,9.582151781254092,54.88565043024585,70.56247281529065,429.307432500297,0.8740169030833357,0
25.118037615832343,28.72383179385545,89.3014665276471,39.871096054014565,1127.9895989774388,0.26862984466190876,0
34.67815480582783,57.964218149000736,253.98814360311954,69.32736136558995,617.7910012697728,27.543955999669237,1
29.459949731537108,3.755139151701697,37.03554816441816,13.377636915970015,544.7479269966295,1.812732503525978,0
53.58201991720046,29.860420298652535,70.12261265899919,48.87683209820031,2229.725474526481,9.008561539231419,1
13.653455469044411,27.284298870429676,82.92352088080729,68.47625973770596,1463.451292886727,2.0982128362206653,0
9.320918402090438,51.13637473242666,152.82833678596464,25.706224985488046,200.0,6.0,0
59.07792664956033,20.776690267940165,92.27078123774633,71.6404302567642,1517.4525514644038,2.0,1
43.04075027523937,73.11103350741735,103.11103350741735,78.76533266001238,1664.305153748725,5.999111797562757,1
38.84487133967518,200.35986432234873,263.1984596851672,69.30664963308008,1598.9329957174566,8.469108482601882,1
29.697653624341754,30.826386131863806,82.08932273611228,26.526737823965522,991.6549498669398,1.1946835060891676,0
63.951921486016445,15.0,45.0,78.96224583998277,522.6157443954527,2.0,1
20.56963646263749,4.255937241540397,13.097041535069941,14.881833715168755,1436.5958081677134,0.8407743616817573,0
29.06708290084435,59.252817179370396,98.65103300492876,24.327207338261122,1414.4099800493805,1.7799593383902865,0
7.275787355599901,6.6298995786967545,30.81782425523303,21.490469482124656,893.3965503536002,1.1373232326854898,0
20.323720420830462,10.170213203852542,158.8950293716963,45.72184350564555,926.9477019157754,0.0004777118530025622,0
20.244774909059277,24.875262261395108,34.09138082188483,19.68470981978477,283.0399528756766,0.9560069077509267,0
37.19109967436775,85.2171503488779,211.182387896114,59.41515992406716,1911.2842945657726,5.169639089013176,1
11.889203387136838,0.7330637720148735,102.82297451664424,24.38632645027317,714.459076866812,1.8847193111771783,0
48.47182051164644,15.0,45.0,65.56465692852603,2071.0408936768754,33.701725834116516,1
28.793709753250997,29.335252145245164,34.36264304753944,38.34796816613245,200.0,2.8521552828782597,0
27.634377456675175,24.622144790073847,48.32384036642952,40.39279746782636,299.2528610651801,1.573426143859683,0
47.57588846768712,15.0,149.2237802770597,72.11973501636948,1498.2884941753039,2.983385281235657,1
33.07669277992227,15.0,52.15339115916027,62.5326386213027,1434.4036856307755,3.129623258048399,1
23.63817521152531,13.770529617413183,25.637626665037814,51.02960083661658,779.1945242223479,0.9572531734931623,0
13.475810071675077,5.306296152660533,67.27689606446476,60.42869454792772,770.4163083381156,0.027779341342712132,0
28.109076883212317,2.477331207589218,47.13180143323603,23.224374251936876,324.12160039912874,3.7075261996769484,0
23.027321933183124,8.970830955752817,52.90366308743757,52.274977379290824,747.2042736618142,2.1680827548386903,0
23.184381737114933,0.8254708803935304,2.9838140028959694,14.110587592040567,200.0,2.2726613291574878,0
18.42272047090243,7.017935601752269,11.100446081544753,43.636333205341316,1369.5949699538717,2.7516434539435703,0
26.129106869643692,6.317459895143035,28.599825686964767,51.52269230910943,246.83037542034094,1.1289545752007988,0
50.17576031460018,33.47748901074132,221.41716423618874,84.18836366761646,2039.546822028662,60.0,1
20.108119478125037,14.145513745425166,18.27381865183021,73.83684409030978,1497.1643953876278,0.3256642633821031,0
12.42534212514024,5.248710925740814,88.91188180686873,49.60235677719749,579.53787528557,0.06887305397100843,0
16.81753135665758,25.662727055254017,27.461005271035404,29.569906473450587,648.4444621985989,0.7659445924591295,0
63.9733952043336,205.14415665517538,235.14415665517538,78.5349072670127,1118.902616743499,60.0,1
42.40081072361684,67.32473559997862,205.4513886065232,82.13998874008108,1239.092425218278,23.62334082685838,1
47.73238545113464,111.0556465915439,141.0556465915439,60.64487512689452,1185.1379410261125,51.74731567689953,1
39.507643850851935,4.567127551246291,19.7194890467775,46.49179814643196,200.0,5.023728607163456,0
35.91265186563754,24.036900611510987,26.23589792450411,31.69341309366132,1304.4148864021834,1.964236022461414,0
20.97514331435528,10.88250678674015,11.656809970229482,22.33097095395159,200.0,0.6954376242003584,0
22.890021527685256,11.433171057955287,49.30741804442287,51.916014611185524,995.4208610811136,0.7917464260545511,0
34.302519640545846,35.07211734556124,168.36474718942503,89.0568938139757,965.1158473334625,29.201220215190148,1
42.9212742351519,75.81250087586382,182.1608515674697,70.62458139886394,803.330811538989,48.35977985698075,1
8.792217397774047,35.92436715775118,63.93964855535614,22.928593535382305,200.0,2.9312693639490393,0
53.55148932238647,99.7102805346092,142.67036185084996,61.597691276113665,1423.554524807884,4.897921304869172,1
20.849708541581617,24.640032236426556,27.14787457314271,45.17651114965225,990.4265245827578,1.9499464414179968,0
18.133701297084016,7.051083711500352,10.536125587807756,33.08146323676669,576.8596556916746,1.8697409403823309,0
32.12992458063044,4.2552109032970575,84.04486862214068,40.83191706168044,572.5087135270492,3.1356743733225465,0
13.55926486400873,31.225717119916613,80.77368587928915,24.382052182888607,723.7821965048961,3.583076545818697,0
7.4539826246435155,2.31659573767278,26.76984335969683,38.47778118098387,200.0,3.880231089011957,0
35.35622830023057,114.14804994470724,222.90743878291744,66.55278612554241,1876.018601082695,26.337796349763426,1
15.824710218696902,4.606818349775057,75.73886495130834,58.880664127704144,1988.8607322372154,0.0353474862830814,0
42.770928837003346,86.35991015712781,145.25724350537496,73.61690115338156,2090.1574049550136,5.537118139217374,1
24.813096183451467,20.564022688298813,55.66806372888585,32.40759372290088,471.9397176111202,3.5368115730718617,0
26.999120911864424,4.652704678564807,20.065905484895058,46.27436005916887,647.2343824001997,2.5394144322803895,0
33.7137026611765,15.877993291908401,49.49622850442931,47.91263474301813,1147.6527397346406,5.393747137747102,0
16.531573525044134,1.37051817787572,4.049582449947433,34.53159673844194,237.71479698185078,0.40072930708585,0
24.687751600721043,14.837704857196513,15.298788365442341,54.65049704362518,1290.3795750563265,0.7141199023705131,0
36.59300592952074,66.00212290759902,150.8903387921055,80.64224628468118,2119.2218010275474,34.651710956203154,1
51.93845360097203,63.29160021659266,211.40519163374512,84.57517639209247,1635.7887456917256,14.817738409113387,1
45.91726139590186,130.74783981227117,288.06851925684333,43.62826146398503,2008.5721636239841,3.2064640424589816,1
18.824719389038876,21.515396206939442,27.2699969650782,25.159448976773525,827.9854667042237,4.711187110134657,0
21.55829612769861,32.824015675920435,57.186646906949186,59.08850690704202,956.0377037202261,1.1233019577497123,0
15.137324177270711,27.558136617269266,48.2037441310545,14.968596328446997,842.9732966114368,5.529637777217418,0
13.566119021071767,17.945322314102068,95.96696810258916,24.85249196886982,535.1843732149796,3.1350076062794363,0
39.50369549944938,104.28510026993835,236.09880932238218,70.02359204161104,1136.8386005299417,50.28607424385176,1
45.686736314213555,47.96300688158438,547.9630068815844,52.853826206241,965.2465828940233,5.643403635136865,1
22.108284439494096,52.490207963513015,357.941688592414,85.47214388845748,1403.6262941896623,27.859917685895102,1
18.757668895463564,7.673144877380792,24.766896883229105,37.621424599775224,419.0682716329924,0.14219312351166702,0
12.293550027732303,12.182192919756861,24.582203071471316,24.712520599521206,1245.6475198591907,0.09443463682718631,0
23.8516772834071,47.46599802920952,463.35705375945713,84.59886837050593,1350.3262054581592,18.619768030031487,1
13.995602350865338,4.880748676150077,42.92390902366571,56.510634762781166,1706.1432423657689,0.4292885326336975,0
22.65902695532843,10.284562766198496,126.379269155732,55.76523908356903,833.908616904013,3.4456215412401288,0
19.299326762724462,39.857689930549675,55.40639372082988,27.74334106807918,516.635155092794,1.9008263573980695,0
45.29669038066941,24.43001109376039,56.75958381028501,84.38141988618088,1585.1534522821958,7.332656984273665,1
20.10556968108063,17.954023119286973,28.50099987655506,63.89748477241813,1454.3640061392207,0.046654311000276505,0
8.36476597252814,4.176366673243707,80.35413107405806,61.078285177575,575.1564742597325,0.9789479801678503,0
18.714452690158886,10.1090437803656,76.60890662638322,25.48406881956302,1250.53904316463,2.0456629229349725,0
17.225330574462095,5.903088485683979,39.91345670622948,37.29292214675911,871.5638690455824,0.39393555142800063,0
46.88380908063386,30.380692594776182,157.90830803430993,93.75033177652047,1847.3927637559161,2.0,1
10.676379246061986,54.892633808758355,60.640227975960414,29.527036271518565,1046.471638364795,6.0,0
36.13167964410918,5.9565583991435656,36.168444046526474,40.27749284973,1582.4389546832522,5.045668704982423,0
20.56294887826964,9.21570511308519,67.65794948846147,21.35332351477672,1602.657959946219,0.616030004790771,0
21.702096464737032,7.555944185673022,63.71056928383958,23.55778187078454,923.9719851714212,0.4951931926820671,0
51.69060229379562,89.71533290577236,236.19626721318545,86.13825686746395,1788.097069713032,16.48140888329784,1
54.9286773477751,72.65361544993185,143.14343825924874,95.35890020908745,937.9471627628702,36.532822183001116,1
32.120431651193186,33.84251096279862,85.36617139372956,45.85239124946925,1447.4154721406346,0.6587546805245714,0
29.78506327226223,11.196769690855056,26.649684631720376,20.789947400389018,957.0986860388491,2.3931294164456394,0
22.182003176472087,147.23801654810723,263.4375395516779,75.80033821613733,603.5463937020546,19.214896328190484,1
17.081287635774693,5.543668998819376,19.23058225796003,37.518303778505704,1165.163372670002,1.3972363044227152,0
25.163507005880682,2.628823665437476,9.628441175304502,21.91765627354732,1202.6253382506711,3.8278644103827504,0
6.105298379781567,39.18834378238949,63.25406405444651,82.17249677477474,282.01642261849236,1.8932746089981647,0
13.745522403319168,24.99707102102405,51.128688168865466,15.460818091980876,1904.9062593898482,0.09214138122454231,0
28.073571380666806,16.581677303090867,65.28055639141584,22.62653359476998,1370.258106187903,0.46176365281550763,0
30.023889426993346,3.888709624125764,129.29012867906906,28.39243924543013,1284.9736678410582,0.36117832918610304,0
46.63169787204203,15.0,155.82662827596684,87.56875946308233,1578.6058060963774,2.0,1
40.7455898541215,142.9607573607562,217.72986895990113,78.21490693855053,1395.1444021467055,5.217037099050605,1
22.58231062525443,7.954296161452927,57.19360995958921,45.25827561264887,1266.3819931044875,3.5536816273420433,0
22.010571738245226,16.979409302938233,87.12767591341077,37.136565244097014,1318.0868802640437,3.9989540206147804,0
50.66423459340118,26.508811878040042,232.9780224408433,88.94559829721823,902.0624736842043,8.71364629623301,1
23.207178638488127,10.93778351388725,37.44058545399771,39.688109694600385,974.7398487447002,3.0422752899139147,0
14.774474342468082,16.985822987212774,35.88486724567851,35.07526255563832,200.0,0.5585668153178419,0
36.518351405093405,1.0716252355336797,43.61115208813128,43.35163807472938,1051.9983589054407,1.2256054964240737,0
31.61047096074614,1.7625060653459563,5.65683228609467,42.04772634416226,1745.1639855755238,1.3933123562998793,0
31.095007919353378,0.8099509911772182,10.239797027088066,48.963829351826625,1115.8775006071428,2.0713948862102556,0
16.481417493418615,9.32870179972123,66.10317227386699,10.000761444274675,230.3694551752924,1.1805814100214218,0
29.976406165660766,23.31421438354593,34.501400733208726,48.250232921911724,566.3508412942781,1.5660876700048492,0
22.29662677943393,22.882955702217885,149.98474894046205,20.96269695282676,809.5024060650089,0.18488746219811236,0
14.170019828410245,23.740430010970965,49.12397321153536,30.265907149195247,645.160563238268,0.23684778953418034,0
19.71788267096518,27.26630884459339,86.22686492804966,29.948575525289233,952.4801523468359,1.9037562719912606,0
38.370230318207916,59.83088091108755,89.83088091108755,70.86506363073404,1083.51718003444,28.47433691633704,1
27.416960000222787,6.014647185628357,7.754472352751905,52.17758591511193,1552.3731110233682,1.7578096129101448,0
27.731248523124,0.4716319537456336,13.546689628411272,54.95524523211478,604.9772657971106,0.974831332859287,0
40.04723713328702,164.78897464127593,194.78897464127593,79.73819458711068,1386.963733202734,15.144343846492733,1
24.31440576849118,8.605434642758178,18.812393612161173,48.70673028750042,296.4035506943136,0.8884487050058802,0
21.851343232604172,4.099677286032667,86.07821607369775,38.797716620376555,1414.2668207797399,1.3656048397942389,0
28.912504107110852,62.890423893760726,140.19698312366887,86.97945322926678,1324.8541227748015,4.870206774475054,1
64.26725918653551,178.1298725425299,208.1298725425299,96.60193935461653,1956.990258709575,6.608257344854805,1
5.836361632389892,4.133066188072205,22.881659297875043,30.175564837963588,1360.132993431937,2.149640645503381,0
29.001823865894618,11.02653289256075,105.00720490760996,40.72993237179778,1132.3006429152338,3.721759835792398,0
21.528635761189246,3.873537170540074,91.75794784229498,40.62068670885346,503.11763114182287,0.0447822428495586,0
37.54513103006413,9.227557978403027,23.842499476171117,62.459409608608055,1301.7714297795103,1.790566452821981,0
18.138231192861124,6.384910969826057,28.877902688512442,54.87139574321381,916.5657234991576,2.154580195886109,0
9.493048958117086,2.051797588960955,7.586492447814381,34.594822197465426,1562.0556829955672,0.18727557282494606,0
50.34320298500366,15.0,122.93273457595615,82.51393116148161,1962.552406407323,10.183011707980153,1
27.958697816011988,17.952246486461778,54.805366460650774,25.44074323436905,1612.0468913412506,2.5327505729175073,0
42.078457047042676,13.367004994772262,159.286192593557,33.478401287465466,1093.9567459750479,0.08361349637253931,0
28.877226356072516,0.23840114559909614,29.063570198196796,22.605584414726376,1276.9955610482564,0.8696165881921467,0
28.10994528310981,3.031519586275261,40.96909972786685,29.187493735030923,1080.2338251211463,0.9275977471566991,0
26.16114067932151,2.7117911522683933,34.76578138454589,23.46763064930471,1246.0179426839074,1.1356118842360285,0
43.981715231546346,26.206424505314775,56.20642450531477,90.69931111870206,1574.1074031862295,60.0,1
21.431103085394618,20.760437408048297,151.88409786033375,37.940888823987464,751.8940492487125,0.30656116409296214,0
56.322998688160496,24.750352862387256,78.35915547279345,93.48695018561769,1423.6600633429402,37.54031957023089,1
22.26184588382008,59.04448633972452,70.19878278931736,63.060990237543265,200.0,0.7796910482312023,0
37.93866192224972,60.45417575381209,202.9431813178201,85.40897639063158,1184.2967519707997,26.282257124808854,1
28.468788957888048,19.768973802718776,24.27043739204846,52.39331843943026,1157.6902093458582,1.848770190175533,0
9.449488357186187,9.402937833439236,18.26940046797063,28.694251004184483,1115.4258575367007,0.8334346363939222,0
25.94747370596291,6.03505241461683,7.3950121267079325,54.43754596202203,1172.5045679501832,1.5561462565100241,0
21.800912764697983,11.130281858767688,74.8324825213092,56.511151418097086,691.2549961319596,2.484088169117021,0
7.350180798598277,55.90798847049716,100.46675123645548,28.95558092282475,765.9697571132784,6.0,0
8.433993941218796,23.838697393631254,34.11693505506257,59.19948561767407,949.8260121531437,6.0,0
19.266287468737037,8.43753749598292,39.010322810632985,45.38669845411532,803.6786284520093,2.53850026653279,0
44.89165120782349,15.0,45.0,75.05567625827551,1461.334074485785,3.6678728270648184,1
36.20763459461046,37.24313766539153,78.10589363619378,50.618739132585624,1201.9314349431813,2.0,1
21.040342489999247,25.318793436269114,130.73692546525908,33.39977221049321,385.06516776474416,0.5049616155094342,0
10.853676841742113,63.466822546330704,104.10959919172454,59.70831905969496,515.6843223506567,3.6273314686292104,0
31.054868643895478,0.8448435313575823,37.534625421076036,14.013753424549972,1022.6666080100874,6.0,0
37.22143328249372,7.310413155880727,21.585371334842243,47.414620268861384,1580.3307569257327,0.11344534373826617,0
37.40654207149559,52.72534046999327,179.08149891781875,77.59234048209221,1460.9252880159702,11.361214422678847,1
33.2636494897325,23.964321468549798,81.19527049104681,80.32661722256319,1940.443928606448,13.554084903288935,1
8.088588039982213,2.4379040739452718,82.57747790568588,16.437754770673223,651.2649206833739,0.866465982058251,0
20.931675595306036,4.8595443773903995,32.38249947325828,32.85495852699613,427.43269021069955,0.3184870803610626,0
41.68504533008092,156.13952944015182,195.4485626826936,90.2612193253536,1782.6474956602688,16.62819401960339,1
22.893478770802982,14.657626347120905,149.47507537486814,34.87485146786916,911.3179323312104,0.963335607442193,0
25.296890794622612,8.56133044739666,11.104767647672936,33.84575006572713,1253.2921662575513,4.151041441484744,0
28.917776111156762,22.560023667889347,90.59556846772631,38.955721091876285,1171.6985384809482,2.0885292065248824,0
50.694227024688715,53.993439182570015,190.54614337073775,87.71107238469796,1947.100889631522,9.91299382279557,1
29.543392988977818,1.856207800055837,11.395410329402583,45.048895175496476,1395.986989807554,1.813170763599227,0
16.88621168159411,6.365322356389015,49.85325324611931,65.06603093594636,1551.1879575069343,2.940442010272046,0
5.0,11.268319409847157,40.621227236577816,53.504421702926194,1871.947741560757,0.18307127139945154,0
25.835573464588688,39.991058800200854,106.52472263104633,61.895419042454904,748.4868825266427,2.019044091254704,0
28.47001169015001,11.244589229524966,32.030326758160186,35.39301762910293,1153.9458560015735,5.947103175031468,0
13.277817248010948,3.607955520036783,40.06361261165203,38.910336599742934,425.0740352535139,1.5715968709895722,0
20.91428649418641,0.018028978649818842,57.78916735813376,19.503818094618627,1019.8894537751007,0.14943260883932544,0
24.32536038135354,2.0633922823026554,17.868321558353312,41.43956324593985,285.4382659528259,1.6325290856453087,0
35.35105378371325,29.971886413823523,187.459337111956,71.98503005541322,1527.8553281643478,5.188872384319145,1
44.82485841159558,55.60984109371923,342.7002961913779,71.12253878508184,1242.9660042980117,2.0,1
18.521089665189244,60.227002836279645,63.05014311277818,64.25452637254725,488.94882215232025,1.6032563885406121,0
20.448239410292558,6.562748028937973,44.365300837528245,34.95792858943227,1265.5086752420384,2.4378545921057375,0
14.382004962794745,5.556837987927551,28.568419041553092,36.60573475854972,652.0266043173774,6.0,0
45.55705677565838,158.78968201814305,262.34776540822565,88.26005247001437,943.9222333136424,4.703163276944315,1
18.739674110825398,38.52324492282071,99.34404336395211,28.630949751420065,1627.7539063712097,0.07086629159274149,0
20.650721565458877,8.19051642559217,41.3457711815643,62.51429595908654,950.2522571685072,2.755518511174945,0
42.89074071270896,132.46303892527715,162.46303892527715,90.89999012468516,2030.4404463609953,2.0,1
34.62865393466227,21.682430570249366,69.55184763819821,21.35170147931267,771.5748471997821,3.224645179284461,0
10.294989278416036,9.625916456348307,60.36823572126625,24.542354351430614,289.17381580758195,3.2593577780525544,0
49.16835096663284,108.73957001635284,228.4545592020696,67.65064199144399,1911.8541612827105,31.672997253782047,1
18.37365701346824,9.628557302886138,10.09439033812244,62.127930916148784,1418.1946996835309,6.0,0
16.050474809373153,3.8248574986532806,21.20634576832345,28.84820725621873,951.5875761966497,0.37786144076513356,0
41.08625484994163,73.58143591369614,115.02865822477108,60.51333407398262,1217.4021749885997,7.717241759608925,1
19.137295445138562,0.7178953055630797,30.85965467540653,32.04257348175092,1575.9893842249924,1.7573873236011024,0
15.210062922712012,40.06790077310997,92.16494298425718,36.42947845449734,1480.94750015332,0.3068716064163752,0
19.190724901686938,15.482771817849745,67.0402577982877,24.171160667670193,1426.2315025751693,1.4223897401992862,0
52.91353029225966,59.89924843403862,108.68093012910907,87.84969936625686,1402.566412222441,12.833081335295725,1
36.40362400168815,52.42923421493124,90.36654378047376,93.7225803776724,1638.4456341443638,22.78551238978349,1
35.89554957420711,174.17368317743254,204.17368317743254,97.45041591365748,1009.141815778931,2.0,1
59.1358953296179,18.664124975018666,185.60184001447075,79.04983491952834,1816.0070328773652,2.0,1
29.571371655346557,3.828366219119841,24.312765732016558,40.684996177065955,857.3377879853018,0.5736322698701772,0
54.70850333579223,202.12563695209792,307.5769559411264,52.80710579606782,1926.0567912966726,6.9569175592204395,1
44.26872305137443,50.93592624033021,186.48041436303328,86.58743844009328,1964.9837729774622,12.016643595306908,1
45.895965043306695,38.818507667656256,130.76364692539246,82.82036370614337,2083.3763367978772,2.0,1
42.075920415786335,15.0,79.23468315174871,79.04524585061442,1094.2373392107454,19.79772829672542,1
33.57596617385432,15.0,45.0,88.13145546403179,1079.2590823670655,21.448741437934,1
45.008685886596155,129.5801220614266,159.5801220614266,78.63058407098647,1680.0956663762004,17.983222982475276,1
18.684809854333537,4.48818778631998,85.94169303417408,27.07076965258461,417.877601266699,6.0,0
15.49130047220294,9.59949529702924,71.48071715125322,37.44396908654137,1080.9635668850485,1.4057041169377933,0
5.0,3.5500138805016346,46.713800070813186,37.627814481525725,579.0689671428936,6.0,0
14.937477963904232,20.036430580991343,22.299242501048102,39.695663300492114,1668.8717839521619,4.700367693243047,0
24.691943579654243,1.5838472251892879,30.822321111823463,60.72359233336919,944.7321985390987,2.841633561540983,0
27.970906757842172,3.407075299728019,18.958219219605695,60.20622659161662,698.6558769307185,1.648684162219209,0
40.47952249259403,3.85137300333483,4.120714385683791,28.805978357820944,1954.3503952366996,1.6126851306339909,0
29.33070409081637,9.381242958747935,19.950122304889327,46.957602111304304,557.2722837016013,3.23590710537638,0
11.993866612756102,27.392398115953664,33.63671881809661,60.997376593346296,621.5439080622775,1.622736671144939,0
35.27008312694693,16.496594576789928,109.26762595293592,64.90959022218861,1216.3860163572654,60.0,1
35.68958936627136,15.763709319258584,50.5688707747601,53.08524368167233,1328.7004762108816,2.8261912294140963,0
31.809630085294692,5.526386086122649,40.02681862039864,20.15604152054823,362.14619472855134,1.5207171891979792,0
33.372252926389876,2.9279467081455524,53.154481798006046,18.064260503607326,929.493434625339,0.3950355931885582,0
13.385241632748567,26.497871827820422,41.438422582276445,56.12936715766092,460.45550495765855,0.48242367694972876,0
17.752202745958087,50.59046898662313,82.14747743953275,53.17860446794117,1160.3558278975938,2.206932751207193,0
26.25747284243493,11.97188634849833,27.143721117009868,26.026718326850478,785.8657641964548,6.0,0
19.450119388643984,15.657846094142162,41.38819220108054,45.46350999471741,1281.0890642981528,0.19026622206130434,0
48.65962995206359,15.0,47.9089005488338,77.51859917412884,1497.8522462429564,7.47562458346435,1
57.519001468812235,76.47185888451554,135.87821544405233,82.80112470890676,2544.184105177126,10.131156719864908,1
52.78412604362532,15.0,469.2738028882519,56.871100910853166,1684.205808267045,28.68676927135752,1
27.040050197658843,9.756972541888246,97.66342914672343,23.50528383319755,384.4514675111627,1.0736325194066496,0
44.20884384258141,31.842301023746444,172.65205802837474,80.11299827479273,1607.5252829688334,2.0,1
43.72475674183555,28.563020717947147,220.2523586188636,64.39465458539793,1652.4617396470226,17.837933854415652,1
18.501592341145717,5.441430753777396,92.94505283779361,50.68494648176497,774.4656974359161,3.1444912340443967,0
17.85490701689119,10.78203339888283,62.77799439653666,16.421433446726166,970.7153187422065,2.3776793773783322,0
36.4771632887834,38.04807253178586,274.7481921463756,58.63038684928307,1501.7681643986616,18.137670129077115,1
55.7900713730175,25.116969108781348,97.43897123262,80.44184543516778,788.8891396835998,3.702712113595591,1
27.086776115472514,10.864163122711227,14.346086715277355,29.810069892245554,581.2053577216976,1.3304563892634218,0
34.305048586980455,15.170974140287896,57.84094904686272,66.723433782193,1299.5154970767308,0.9424501698207434,0
46.660979367643485,28.129273594360882,362.41035344711,75.31401428543997,1498.1166796707817,6.434826840088386,1
43.8528721232247,15.0,45.0,92.37478147722868,1541.4743438999567,60.0,1
27.291053695211993,13.011153335697927,17.549475052079764,32.21983504841252,698.0041783004588,2.8789327218763874,0
53.05735736259104,89.05460043531102,240.31114292503815,95.27198106761008,2175.2572330195553,3.903246637279227,1
18.133012337536528,12.04614157757738,16.826141905737195,39.117520745941725,1019.2628890171833,2.217417902486539,0
40.36267398795438,87.08788050389904,117.08788050389904,73.54157470364439,891.2829973096441,9.1728256326787,1
37.83117091748522,122.64029587426045,201.15915455937687,65.57128068658058,1766.7478823221804,4.36803468289763,1
11.80333574954223,1.0576354818529266,81.08618380985544,34.59097927797058,1400.007721512416,2.49184457256588,0
52.839155536741096,72.11626365766101,560.4471603410874,90.22677072505147,1335.579568201054,2.0,1
18.248962761075333,11.196493157819184,37.14893976246806,10.067068090102973,678.9874510323182,2.0368175956846706,0
19.630917549534253,14.12242492747893,25.381199051694555,49.24114023744468,973.6919511865174,2.4318170842576947,0
20.488983169736308,15.164393273404364,33.54149480118322,10.475098058818764,1248.838734122243,1.5940184162007065,0
28.998656067264367,67.92539108418167,166.3858392465351,71.52903077398565,515.5584991397824,1.9458497964878743,0
34.2307052261366,161.86228456444033,191.86228456444033,85.09367679889877,310.93565361537935,5.097795614655963,1
21.444506441804663,76.61410753929358,111.36032480609349,10.556607259870773,251.90719063834445,0.4440656241075312,0
60.62484582505377,15.0,118.39494242604843,80.89615800668821,993.0900988714229,14.891755400396987,1
32.74205170398538,0.9868274279950034,93.62132249894586,28.42416723104606,663.1502324807396,0.8585854642657321,0
20.51594949184773,7.815175600825159,64.86126878564988,19.691439977735637,793.6332684522931,0.012370658404838383,0
14.119291360490262,31.010225857260025,44.70746376373873,71.06123841433192,1277.5890799784206,0.25499181321379977,0
11.01223052650893,9.89638297357899,71.20293259834718,32.279363915254464,795.8206503456125,2.441886340417443,0
40.948012115301545,189.4424335128823,404.81408397160317,70.36212876451685,784.2817098178979,9.156981654162456,1
16.721596455854865,33.17725663851619,87.28931094271576,47.460315032616506,859.473310880224,2.7214851781524114,0
21.628452330504643,3.5411855107374985,6.633814920248863,48.18872824155424,495.95948501785506,1.5314280376706713,0
20.344907446740354,5.065509471889374,47.9212110670459,14.608359304932824,694.6371698166777,0.4968759332914163,0
12.637381921087922,12.952885993278477,19.57272812901042,53.81575001888624,1476.3369041298545,2.873656174173288,0
18.619994008685726,3.374678953693089,66.74267700065124,57.40521441705191,1279.5273141047944,0.4455957597847828,0
34.26847889225577,1.9065185621396752,16.298239526800828,14.43764717265052,372.7292319534329,2.0464692496920294,0
18.76271859053087,18.192183847611147,41.6033387786067,44.20833888773384,200.0,1.374848542976147,0
37.21538413277095,49.41745412020628,98.06168081645001,72.09113233118343,1796.1008935201148,2.1046437826559727,1
28.84791675789158,67.03643029674434,109.08609387359675,47.60961009267416,1378.7563129173818,1.2728785761608197,0
16.381597077896014,1.4083371484373428,28.536150256140903,45.462759197429705,200.0,0.8418069964844375,0
40.70342083781405,59.0612024978617,89.0612024978617,80.81226721356958,1165.8026947349722,25.82360677135027,1
9.039910344386959,20.332618103844958,28.410114226450872,20.96833854513565,918.2040636589334,1.5967676206270207,0
25.354206288169355,23.634948478836712,27.69423937222143,31.56152254322538,374.4020181234181,0.8118016000709455,0
30.831128278509844,26.632039247456007,41.6029807472505,38.88102518096846,369.1886097351636,2.0740361846114,0
21.680110197940937,19.86496418919838,74.02378937727133,53.00217053512096,200.0,2.8580111206875536,0
23.208619774094092,15.140483689527116,25.089567812883757,51.33221340147416,1921.4565905548375,1.4152452051377375,0
15.574657439084634,0.43370570018035776,4.049295486297049,24.730957156965,583.09202577632,1.2947383035477567,0
39.621885520031434,5.702145472122568,42.87333640943318,34.612344125471786,1248.34433470237,2.8417534099296757,0
39.51948802018355,12.05636197260218,71.8314907488636,37.284001036933184,438.869027479326,3.6497780135896583,0
35.13304104556365,151.86322003993803,214.54129670138653,86.7473624584077,2158.042373542326,17.695864518780816,1
27.881271115845443,49.14643339365163,184.79740330039803,50.491899532923604,1057.5540902925736,3.9854587783541313,1
15.164863492310594,3.5736065340198726,29.610295864478655,24.832406211312062,872.3421249155821,0.23405489030759577,0
47.195366483991535,41.34068900483395,174.85433759806125,63.98214334570127,1804.9121255478603,5.19849095038095,1
19.9724628538261,8.609996162393974,60.93469947695154,39.31832869721859,1211.437508454454,2.7529110569560857,0
30.176476325681676,7.939949503187908,23.681802413773447,19.44716773249174,1494.8842243636063,4.040692728742075,0
26.69654731097132,2.3902672846550903,60.66114117308784,55.127624828017375,888.3197319866458,2.797044139042627,0
58.51720941246466,25.5525275751007,55.5525275751007,87.79344192691235,1188.2846686034857,11.863647651292728,1
20.782421433260783,21.095096186323325,82.8379486493545,11.73433499629529,1220.7276294768772,2.8796787101860213,0
19.928217256656566,6.750708215484693,45.27932504951523,20.79036126205319,200.0,1.2470486596358075,0
5.498077633441078,7.653513700173139,19.45964618671659,58.089111408018546,200.0,3.4938235949918077,0
13.581170201653642,31.164346124944263,62.10947981076807,60.71519890262835,1139.2959719745097,0.42144698240443984,0
23.19989598151308,16.1944364984453,28.76284573042943,48.1810313466292,369.7504585080751,0.7691218732155375,0
42.77535448955829,36.420646334045855,66.42064633404586,53.38214631373373,1664.5405217892446,14.87678034627305,1
17.72449513686525,10.279432878118623,39.63332282908017,34.07583032051669,200.0,1.0826049839161067,0
13.741224270312552,2.1142647326323134,4.117593932269128,49.749199407977756,225.96972731245125,3.7677792073050376,0
22.005688719050468,4.1951963629954925,92.80782544655283,59.333323148632246,1373.8646149621593,0.901058571332974,0
27.27917276368927,16.58026393208506,68.87463568315314,67.26499055624122,1082.7564973932958,4.540711632414763,0
16.141626579325404,35.832284523609964,81.98498066697621,61.759912513682515,725.7219351818712,1.7501282257009703,0
42.48559043797109,148.5200934073458,178.5200934073458,80.00127065343214,1364.3027954066995,19.933642990235015,1
27.333566961389906,5.7008454756646305,41.21148841969668,16.608293483830533,1274.1926546446107,2.881539447072754,0
16.047972952246813,2.652715870491328,24.2741856260757,32.14211444135773,1087.2168552886076,0.03103278976478925,0
38.073024483874946,118.54532563199001,254.40323535973153,81.5289464945523,848.4844260147776,2.0,1
20.751391343017943,9.602973938361268,29.24306160117142,31.974171702918113,875.4294769983874,0.942145349219486,0
27.140589568299312,15.786980718408547,52.46363109037239,26.95101073748826,2071.4886545202917,1.2498499796014615,0
31.815246488052033,4.890444624362685,42.57848822201682,27.478957901213658,1589.0683997454921,3.360813082774612,0
19.94934712455625,0.3790894071341989,138.95166248005594,53.62771808005097,915.4686625350885,3.5692545159697144,0
50.909164145100206,15.0,183.31353161260108,80.12570377970809,1607.3588426902543,5.340752740524773,1
41.059155310199046,20.231155084637997,89.39711777930876,62.597074451908064,473.4129251412128,30.194000278650403,1
33.501816002641725,7.0618326658140385,45.682251921533606,48.86394508111216,494.91123957584847,0.7171238641184022,0
14.7780446730197,34.17579263894764,65.13949369136958,11.668075570393198,1186.7998959882138,0.27997141990959823,0
20.355939675932824,10.015883612281208,15.520391572159923,59.499945664348076,1308.2773645456512,0.9247085717257398,0
25.276466667762058,7.3465973188287155,36.847628379811255,5.247751072860559,1220.9245459459762,0.01641108695562226,0
19.129604830024675,12.812436473539744,51.40230090822739,17.889014180722093,1500.2747108071467,1.3462419113059176,0
16.85769997430956,1.7973096076432837,29.020611283837678,48.3019014750153,1474.3678460458327,0.16916450358112406,0
48.24006690425232,139.62797960604402,273.5996639577535,86.3377522037997,1510.6697686460684,18.22572151248572,1
25.16852608336165,7.119906536598574,33.329837837792695,33.482740112180394,1160.70246047826,1.1448606608693692,0
40.74559306602428,15.0,69.85669483552988,68.755002325162,1068.8429187895497,13.604107954450157,1
43.54912585002104,284.0252542200741,314.0252542200741,92.65841390416661,1542.6709724940602,46.63257373240562,1
50.97842980841105,35.05089447502343,194.22617220330503,80.91658658334731,1584.6041216196672,3.346413173459954,1
29.065593970810095,11.263638671692613,50.94847951451549,20.170861956082803,953.6199690283535,0.8076929945578101,0
25.31604997657938,6.8292593440346545,63.48230498749201,40.39647659177815,645.8624837354004,0.03096891409283174,0
31.624178665485168,1.1230578707769003,80.3345818624543,34.12819256768303,416.60422456908327,3.2239694256478133,0
10.509531462243253,11.79054298715465,84.54940126702607,21.468534265701425,1223.5818478329982,0.566434993489283,0
13.074233305152758,10.980738404337858,12.308269105181493,40.38993674185388,1284.0243293251604,0.22184021484230299,0
28.0451478877932,3.2619559291182036,15.976773114339395,37.42210759582196,1589.814653512356,5.832038213239828,0
45.39746565012439,94.80731548858651,188.39593476961147,81.89096093062386,1661.0205577871143,17.002512068678847,1
16.866686009353373,9.42630388043482,15.085120134121176,67.19749748354062,739.435219535444,0.3063709447635213,0
22.88448660493227,20.315314953361824,28.290420010040577,50.26761818325088,1299.4795341496942,1.387754375093546,0
50.75300659996555,43.27568152705339,106.04797403033388,63.34408664280654,806.7614524951732,2.0,1
47.845793719249464,15.0,515.0,86.21160888014134,1471.5664679637375,2.0,1
28.700532802443412,7.160459550185739,56.35111756951206,36.307303649462135,200.0,0.5676899952100597,0
29.529393910035807,18.51275951031902,36.47533901117264,40.37054287703616,448.1947613012155,0.2352574371850395,0
21.64582304922544,0.12134693721244744,51.41337447672711,31.453856144256264,1239.497830411003,1.2734153248646898,0
25.476091417629096,2.9621821461538347,46.73672917470665,44.64793283737759,498.30760293880286,0.010864512889595205,0
28.330205523998668,18.99646098698641,46.967811654254376,27.075496667738573,370.074524950414,4.780074869682848,0
15.31107086405763,3.9229102451299562,39.00479660963498,38.55455987024007,975.3700067652428,5.390703232834114,0
14.129519021540085,3.049700526061609,55.90085921781578,41.64775684880356,705.9540770635538,4.212762436951607,0
16.846013054575895,15.777071268187818,68.15678927774997,21.74846240157413,1003.6607856670036,2.921652488215877,0
12.830316793547414,20.328761188840613,25.02421287872332,30.095420136313443,1020.5957011186156,0.2061022880076799,0
22.569748818745143,10.351073176196826,46.39594957557638,51.721014616077746,660.2812793077253,0.0014294201644852547,0
41.87113939023715,4.38562194613912,49.6719986178072,74.92688232283862,1708.8937349827338,4.0840036669828805,0
51.182370488951385,15.0,133.9040432708424,54.74543496534632,1361.4011433748876,8.260651912501215,1
8.38516108172081,15.240167446452997,61.597885473692884,55.09072343012901,1381.0220812648522,6.0,0
21.287474631401103,13.338311239347231,35.02148419118423,14.505182785089405,592.0009119466511,1.3804073860853183,0
8.655870037410601,23.595372637044026,28.553150161140614,19.856510943017806,1269.9585700748423,2.130722641640848,0
21.294628712375484,43.821947422223424,46.41252261206592,24.525531903981047,799.760282309257,1.0799370778456443,0
8.682069989258675,23.207094101729503,173.2070941017295,15.376267432765292,1784.5697122149074,6.0,0
23.78123180229963,9.861064414695594,55.72333875633038,6.989508573574212,1475.1031609243746,0.7293516023253744,0
24.313881076988476,11.011133190103727,54.46766764196143,16.78685856458199,1416.1618733747312,1.99295833091486,0
9.453336236083606,1.0652846847662183,39.83061420529157,31.005954738420016,710.4581162713986,0.050837214973554604,0
64.84773823833024,104.82224782852693,150.38040729243087,91.23233474620442,1799.18475755219,2.0,1
27.86254669628997,0.5905674694559961,24.8457487822404,69.51382723948718,1133.2046166714626,2.2769718922563866,0
16.479744715839285,2.4939728989695844,36.7298465654855,20.820456476128506,1337.608200575775,0.2281432320678036,0
25.69043327549954,5.985012829748564,46.22453363203323,40.146852873401365,654.2064862118841,0.45901135067244286,0
20.53395000875589,2.853084327237818,64.02124382739753,26.145509084656982,520.1756816120545,1.5920254259143702,0
20.733749721013044,8.626937181776185,96.06896638590605,60.837565186837764,1228.3177299200195,1.6075477983710322,0
55.10254239511019,98.14198513355177,128.14198513355177,82.73984722851185,1398.8732432829015,3.5662925119053517,1
42.36205859907467,156.72442193339313,230.49087426703696,68.20746593913657,1168.3616914628205,35.8049621198766,1
41.00973395858263,11.4874720426169,125.78745175044214,30.060489961927445,1069.3373722093309,1.1703600523646145,0
23.798235779156848,7.925295806863067,14.3454177450016,65.54699431236673,1290.966697876244,1.2584710210917391,0
50.41703495905817,151.59319609770287,532.0061512508213,65.59427759217711,662.1411640828678,14.489869803302335,1
5.0,14.778091381643467,16.02947560332684,64.06859727185515,901.5692272550049,5.896867508380798,0
21.294755075805867,3.031417881688053,38.7768422753834,24.9586370471168,649.1396215544898,1.0620683163561415,0
42.49145712556297,66.42845831087605,149.2787681270019,84.41153513613638,1221.6721131625663,2.0,1
12.171970578232607,5.527753471654073,21.8187560600142,44.552096438007695,200.0,0.32639759817476327,0
36.56461652383528,36.0925260025701,79.77299752316156,76.50680697753336,1289.2434170970384,9.433495364949534,1
53.60023948409811,111.12476304552739,611.1247630455274,72.88677914549953,1320.7625278889334,38.5944084078302,1
11.64413877613303,26.275735063537823,80.30431907682697,25.65253242003515,379.68620541318603,0.9813557699476381,0
16.859693980600778,32.48197896921869,54.005019594796735,35.882225094760436,418.06809457076696,0.8860659380092384,0
19.492910306174576,9.806796670726952,51.649565209932476,33.68740558543797,745.8499441945445,5.035114844868085,0
27.328640179312785,6.525924153272926,58.51557792324617,39.39330220772758,963.8271495860348,2.3914134596296335,0
37.060947954861064,84.32753977882192,571.8277758282138,95.31486493065594,1221.6767782330567,26.81723482924521,1
32.87407772288611,55.14356863228898,197.3557564283759,86.32249219323978,823.0296879867607,2.3381920223070862,1
45.96801283507596,282.2155238338311,312.2155238338311,65.19080619068424,1157.8144160616455,24.79064550795533,1
12.91287461374641,4.915573928682421,7.452346501357161,36.59926925542472,1123.4611316469704,0.9456937702798682,0
52.251153042017236,40.50504305224717,70.50504305224717,42.2168840382242,1251.492548026546,2.0,1
35.6297978842475,21.17044048576724,22.102866482256154,31.792048663102822,438.0056943577962,0.3162765924263636,0
33.68242353180878,21.107710824397742,54.190406226180095,33.123040709606954,331.47860877518224,6.0,0
52.50609101474787,186.81880887772311,216.81880887772311,72.68565943734853,1519.215108537071,13.53720244986045,1
54.998538875200055,48.17154894994591,107.24085269173969,81.53548417902941,2136.7985454895315,35.038125566444506,1
27.176321600536944,2.701262813358477,25.525912570885833,62.06894744421197,810.2861476309696,2.04154103294865,0
41.978060535790256,15.0,132.5081100417876,90.28995242829382,1700.947640491856,9.32139111483471,1
46.95325841952076,15.0,515.0,68.95444869392257,1083.7511060084062,24.302105958475632,1
17.843309019412196,1.9100880732117989,25.261222766558575,59.86183920967279,663.2725385556075,0.5084942843901095,0
17.44143056478223,12.295771620995453,25.436496945072573,63.232493438537105,1291.187335944618,2.649142414809434,0
25.044246104567208,1.7622904554586218,52.73501684955249,21.347243533581555,1480.5897746195546,4.096792276737909,0
25.23170189139625,7.6688728547618705,18.387099786374904,19.05155108278287,1547.9293085869726,1.9136623236973895,0
38.726064165943264,72.5913660821088,199.62598585592326,83.20150439552185,1384.3856160880332,60.0,1
11.117282669833846,9.657613350127791,14.105341870177767,43.683769098570856,200.0,3.5994492438108425,0
28.25331096189353,5.03666764295883,12.189805833630595,30.283846475622028,1515.6470557290436,0.68075501009718,0
46.190556359186985,25.50302580412239,55.50302580412239,84.61936574734835,1750.5850649379272,40.21865138171595,1
48.354039992173725,66.83805173803566,144.74678128783785,63.82654462019668,1225.4420142273607,2.4925979759044004,1
61.55569075599979,60.38020020482473,378.8162929169448,85.107855758739,1363.7151155830732,52.35764274226876,1
37.82367484823794,129.95809755313437,178.66709543882035,38.18899138866977,1713.810850909715,22.90201440784423,1
23.475890468700822,2.15881655658556,22.58272497441911,29.22453794559159,1156.8530911583423,6.0,0
33.53348357015545,90.59985275588265,233.2945020929738,86.75251817472794,1586.7903832288018,56.08845608080843,1
41.888880498691364,72.91894275389916,186.18527174723832,96.61041706166176,1728.931739215998,38.95904649443131,1
41.7883986862588,15.180706666663767,283.75459809427645,70.89652242765241,757.7206373895272,2.0,1
5.0,45.870872951130515,65.09935411802641,75.4118539429594,1451.7582865280724,2.436793887113782,0
26.973983012664547,26.49518740666177,130.92054417175189,60.546728395016515,1655.9577287947488,60.0,1
21.341086285493525,20.572028449841312,57.48524090377426,18.040737896316557,255.78580552328845,1.0859712785089568,0
30.732183613885375,1.9363622415656414,6.382691362910092,29.132810701762413,1650.3093278187464,0.6019830480969663,0
12.60535807033492,6.802530945194605,40.301558476365685,27.194841056843895,750.9125847123468,2.4466732619172027,0
8.500721713499651,7.558257734262371,12.349935635878776,53.4643939757247,854.3767148183556,1.2253683517402771,0
24.896787643470795,21.13676705500044,34.194792557007595,57.47480923889478,690.2706241434031,0.7524231983318569,0
62.47725303491168,15.0,62.08992232253465,69.76453390494383,1210.809028247993,7.290195588752116,1
33.84634529304239,87.22371576807478,146.83869618581716,67.09595481566797,870.3704268608615,60.0,1
6.532890317047306,2.029514829309005,25.768808469251454,46.64949879974876,728.059061329163,2.7923493930431635,0
28.678437022390277,19.099965768071392,30.951732315056624,58.51665516308743,845.4603619802452,3.9828496860121785,0
43.87582352379197,64.22123203193071,564.2212320319308,85.23797060922891,1050.2239998428074,2.285360779201448,1
52.45283007067467,139.44338763653073,217.71896409166388,85.64030269355236,1481.5389954250145,15.878684203663175,1
50.04593756606625,93.96713858309377,161.42430745278187,76.11470456741479,1604.5504080821202,22.09933764414121,1
19.163483316403113,45.628568115301405,143.67062926386643,36.19945310616487,1257.6723590414624,1.3800257852943842,0
29.40610282571182,27.535879555891892,30.802341973090243,35.272933834470344,291.5615742421205,0.9231098930746044,0
33.752963988978095,244.17529094722386,321.2543520356892,90.35060561720096,1468.5289370625121,30.41740615681921,1
45.823452573820134,15.0,45.0,77.5324718952204,784.1025429036523,9.889983688444302,1
21.962710998228168,10.329372714420394,11.40510635391284,36.05265679372525,318.76020640673187,5.653267076676706,0
29.397404164233215,36.73472611545554,60.06304483595139,29.42552737742416,799.506579598313,1.9779072097161825,0
32.48822563316146,9.089292069562472,14.26913584970533,19.231404722938723,1300.229810667849,1.9486781350183573,0
19.974638757255185,25.100226531658986,63.419125578317605,24.463835720319885,200.0,1.6934658224279546,0
34.92061053197412,8.190767152519442,32.08178999382953,26.141746974825125,934.9046831770282,0.7608750839440821,0
53.87893158193304,125.79761490888373,226.4420111250722,64.10630230994812,1704.2518015884466,36.239713718700976,1
28.494044044312414,33.29012447258612,98.50633799960275,49.487030127885575,1043.76810142993,4.255846675317438,0
42.94857886522607,87.91318857925474,117.91318857925474,88.15102624689804,379.9603617031406,14.841065537020434,1
44.67659204963159,29.76183834450746,153.9134681600412,52.75388868833274,1263.1276125983943,12.34893406805664,1
27.15207939620254,6.531156244455675,47.33844564278544,24.173111032272722,1396.7907564220636,2.0878617563277744,0
17.97015906873345,16.091543624361464,111.02754336104051,43.1800289536295,200.0,2.034737421742041,0
45.38156554206554,80.81650150177249,139.9657048047503,62.39718983584592,1668.1086507080565,36.964015098373416,1
18.152805231908133,11.086146694438067,31.099924424197518,38.29803708387502,1067.9814633297538,0.8862076008632788,0
16.956965367429767,4.374116185670186,37.768753219962846,14.551020777907073,534.8612628942508,0.36775226919632426,0
40.022728021244525,175.0990071832455,414.1866778859594,83.40529846956672,2084.0215023100245,60.0,1
17.213353170627354,23.534693205288896,80.06532740602677,55.07700291325851,1544.7461710406262,0.7917730765865916,0
20.963422636998615,19.79166480857462,54.33686244934934,23.35959545229648,621.6695659047195,0.011643890588324055,0
33.08750675750518,10.246991514994434,95.81857220223722,7.487674142074726,1418.8349956357504,0.2725958399287345,0
28.2118928910623,4.360281116667992,39.66251129821385,81.26376065153576,820.7715007219981,1.131361399759479,0
59.519458487940966,30.1842274206162,99.15266322303506,87.24573912819584,1022.3422041938485,39.054672212922156,1
23.350332828532657,40.71771617609923,91.47795977896976,34.25117072277948,200.0,6.0,0
34.80769240691791,25.03883778804945,166.00636013920078,59.36181504091177,2011.781721473581,4.104781539771463,1
18.37178019513678,4.071061108856918,36.62601123055746,50.5202219064189,1587.0661024688181,0.7293629282903011,0
16.403277499470505,1.9638840654134477,39.47447663257335,30.732058498201315,758.3024075035556,0.9469710624086203,0
45.0,11.682436813413112,21.886158098334136,42.33622184059188,536.2716069518511,4.941791553328879,0
30.273172426747294,22.010743908779556,61.478887588386684,56.922130283372994,1833.5848522300162,1.9228965861014162,0
46.15359531360791,35.909151217762336,93.47913764494172,86.93457858519368,1557.0319003909326,2.0,1
25.865867046447995,12.065079379245436,24.25820471213909,39.601233512693426,1069.980734161298,1.2913045476373781,0
23.249540230334237,13.547324148633217,23.053497634862367,24.66115872405949,1251.67217992859,1.083784389502321,0
23.754874220885263,35.40645273200607,78.82319646372727,24.97102538018944,1409.5039471869516,2.4954945631369227,0
8.258113527276423,15.820034077015157,22.342031702345757,52.48346339149068,1072.7404964239458,6.0,0
24.902967228320627,1.1600025188961107,5.030167785346797,32.867389241769196,1552.7928855810228,2.2089756321524887,0
16.006510537394153,3.9917601913811955,23.78425926538022,49.40461668954621,1183.9493452785205,1.6364903520865872,0
47.26494346324524,93.19154493179252,147.05154138483067,80.54028866935484,1212.8460414509411,2.544549852724412,1
25.829235041313975,6.34644669143176,22.774647492887794,48.13507180011749,830.8316440580869,4.343759350578917,0
23.62676241354999,16.172083026567357,36.08777459749279,7.927413050947374,1637.645794988496,1.8223127682144729,0
15.664873550254637,11.252165841631765,74.85876590612983,31.82474530110525,1148.4314804318317,1.382410283167658,0
19.149184719718985,4.124324759146461,5.278517465974297,45.57424765151249,1357.3736920631497,2.9436778755812054,0
39.74366374023024,35.855649644355935,313.2838614365063,78.64930013543598,1155.4339722674222,18.8291249405676,1
40.02946754728421,91.01367887572248,121.01367887572248,85.81050174132086,1242.2795025054586,24.585434352175614,1
15.811006082866255,6.668118150025951,89.13960098842597,47.33341303116889,659.1292431473305,1.715446634739079,0
5.0,11.810554194846452,24.543349507259748,8.79102811322752,907.675101207676,0.8034438589279059,0
5.0,0.8074419199148832,52.30757374061926,14.743368363894735,1617.3773276829236,0.0047764977364853824,0
26.198852246731875,14.84338547303261,79.67177294656771,45.094493050670565,1457.8567070598674,0.6494480222476364,0
60.11191672835554,45.46638320136114,75.46638320136114,68.38387331588962,769.6149467978975,6.319013293081843,1
21.495567358586996,79.98608646286733,80.36649709848896,56.32771402204412,1489.164039018488,0.32999420202583785,0
20.024244588443377,3.8689301954178363,63.94617182708364,55.88380901993446,1804.2161955482113,0.2816145608629803,0
7.827617792687027,11.457044514231658,74.79459474449826,32.97001556229901,1241.4815047986715,0.2808251079077418,0
42.48552343384191,15.0,47.517652495052374,88.42069358851728,925.2715058222063,2.0,1
13.388955321525685,19.84709020350157,43.672689496978876,29.387641634803213,468.1725767079812,0.5979452090442405,0
44.27819887272265,206.07978133407073,236.07978133407073,76.11224722357143,2030.9879432980129,26.412217593103723,1
30.185633550929403,15.060449852769988,20.617727995073494,41.20011167204393,887.8639251541179,0.4050321097076776,0
10.890536424182127,27.01960508278954,29.145550662542604,21.866668324713416,1430.2291504577624,2.823055833362909,0
6.697818429929896,2.972495093856549,30.898971455523647,47.009973505095495,1264.2614657421238,0.9124161850068097,0
52.666015204159145,36.93947371625579,105.60957496518604,91.96602213816116,2320.1615441854383,23.37607989636377,1
34.95088503649369,7.967318634559439,9.69013730029594,37.730604738348255,200.0,1.607690662435059,0
49.395881495917195,98.2560507821913,279.46007005488025,94.4247709782361,1264.5873572688297,2.0,1
13.71568463634787,12.87216439195589,33.48259256696825,45.2990795235921,819.4235403555103,4.512165257643652,0
35.87409556020147,146.15477941906906,212.21761006720405,84.68376746479318,1537.2715539002952,14.998768875501149,1
31.87763889855908,8.988492154923721,19.304863313225425,35.30152584404173,441.3195331419057,2.2880065858959178,0
18.218362854761697,8.80948707470623,11.56848477450004,17.819130039935242,1580.786118376226,4.595141978243632,0
30.804528888552486,7.724984588605358,21.172712635232774,49.158392434707736,812.0703326244953,1.891694643820678,0
12.925435755150321,6.343007716777647,11.245540161216745,41.80026541475667,1223.034707723552,1.5499264059338211,0
52.46008743252604,206.56567129841636,447.32665225848496,91.89264377665481,2044.099846423592,4.72942557700806,1
53.46821643146155,22.037900849844693,61.35874692447386,64.54053273355504,1199.441279439844,24.963277451635435,1
59.877238830286075,70.12025568723868,148.31853205456167,83.92600854915212,1200.2273796675581,24.95621895658563,1
28.997150312994894,6.2288321100189235,135.930073934624,31.0402923468388,622.120273145305,5.557981437870188,0
15.508316364288188,30.645612358159994,78.97212841250229,31.197552280195616,883.3398993890268,2.9374768270686364,0
32.104812756489224,185.48647507985038,215.48647507985038,92.50797710866327,2012.0610746180469,20.072917720053603,1
14.257010058001619,2.5907694441827696,5.106496354860926,62.78282061281614,832.7289416595313,0.26812922515645476,0
48.07775574402135,15.0,74.17963750259815,53.7127659528725,1128.5753378150312,2.0,1
20.75056878712798,26.093226233606437,39.97973924539145,40.20417549132652,592.3575477943862,0.26613680584743177,0
41.011442340187955,203.08272856598984,236.33727709367335,87.2192643647014,1432.5525438200436,10.080755667945093,1
23.12812984699969,21.14161655054855,42.197619226840445,49.94697413542824,1395.1366567783657,0.7492178311633688,0
52.82058877418516,53.43274792335082,83.43274792335082,72.9775615617396,568.0471958679842,10.289450755173233,1
43.68150080097461,24.73372542219157,123.33674662842182,66.4844102981131,1377.343793711459,26.701108063685407,1
58.58915212316157,15.0,199.21692895831652,73.51333130973957,767.4444832768678,2.877208807735367,1
15.216960603520889,1.0089676519115982,14.000195277207373,29.6757110902086,808.1479704674838,1.1581948972705882,0
8.966784959691871,13.612517846911539,37.4913291152266,38.52665674067106,1140.1146363594921,0.24347538882957195,0
20.014077985345903,2.5611449046730925,32.7498729028108,39.07007145722602,1058.953540421678,0.3770169178110082,0
37.46198011679908,22.356412297820615,44.95306185694655,23.17891353556838,977.562986431185,4.539756176249699,0
25.76593951093475,2.3830713940662838,26.637213058202985,30.07526191240355,868.5228442477251,1.9732743925747798,0
47.48020338072834,79.94455249915366,109.94455249915366,58.80158633964382,1588.5099786437827,2.0,1
38.955946935984834,62.26879588316039,138.0847008306811,85.8731970092791,1133.3827497466875,8.431022759642243,1
59.6540455951973,57.612122874628724,87.61212287462872,60.56437102729111,1024.5421459160648,19.38922594149278,1
25.881397873501214,2.969971033120821,16.78595107454813,16.80440520231529,583.2666709205209,0.7256064737038821,0
42.37458128308087,52.779435738128726,187.88380174135858,78.3398252490732,1432.3849675924182,18.797242238373894,1
24.871566475709024,2.866482258581478,12.045865441949045,37.07180044829781,526.5319525384368,3.568880451737703,0
43.16539715992572,40.23909944135278,51.86852760640182,60.57649614413776,961.9480888460795,1.764538907474329,0
24.594433979326965,11.585481549184198,29.53299952921138,28.74750556189462,841.7845988335365,4.377933914532203,0
41.98921945874898,216.9946464213622,556.6792085763805,63.02240638013327,1966.7110961705407,33.910945739235956,1
20.090730166372506,33.981775869474305,46.06084352892572,23.0305552212596,722.6284777005621,0.30420477735991863,0
19.98907373516595,80.0,90.38649001314754,50.843965510573476,1374.087983298948,6.0,0
22.794752428349504,31.358941940860753,45.852447558652926,11.79869408748358,1537.8757166260434,2.5048372895348634,0
20.010423581797614,6.850911498734372,70.4290902746765,29.47609797547181,888.4731546563803,1.1522265293489926,0
22.313315028112225,7.810788704218849,30.522809026745023,28.21513507932775,200.0,3.5254682572174567,0
16.740168210637492,7.568754763050683,116.01528941387767,26.39615208390539,1309.8084110180798,1.3160263069720655,0
18.958161124954373,18.21503202378462,40.269841433665285,43.40577079859785,200.0,1.1251229169098524,0
34.36373925939366,8.978120054623016,25.35140800114167,52.750086501678986,478.4387758870776,0.13374917264922567,0
22.336245294747016,3.5966093332978746,5.832714768782371,44.7038899158485,1603.3101727643461,0.5642100709877804,0
55.835462552208725,15.0,214.49200290271747,90.86941640228684,1006.7858108066696,19.541731592981602,1
26.225211695077466,0.29980681434276296,30.465717997868012,6.535663280678651,694.685847487406,1.056798710554077,0
16.805641270065586,16.173900795853367,22.8004874712441,26.84110467667193,1583.2772362287778,0.887341010199928,0
19.456966669385764,27.48511967935769,35.361813097945515,53.91493596614044,200.0,0.1604910031199038,0
25.729078004466828,6.427625000135307,17.6752035128491,37.09739168731463,658.2583770366671,2.298984747661864,0
22.985047266508317,20.706696813369934,32.65309751327867,37.56207663600849,1254.2883112222996,3.410282464936234,0
28.274449882451027,30.22273284916632,33.315824945649936,28.438831458367662,903.127220785717,6.0,0
36.576437821059834,52.782650561488275,86.87314743117523,86.29652123223079,853.0580594338137,8.89190011780492,1
37.383451220373715,15.0,111.49389991911772,64.85337302057735,1685.314372368803,14.901773322411334,1
38.38387149264765,25.673204919631026,57.19175930388049,68.17482906432647,1499.3692493626777,39.66389067464396,1
10.846762283529237,34.70156430215202,66.43173985592964,51.06601053537172,1352.2490106268,1.8093115105361326,0
22.23673744714828,5.364180720863169,8.142486170177015,56.91965615222826,1830.9314419639418,2.2591401054528273,0
18.20315839964065,26.35260600688333,27.965273825991684,52.16579705442417,865.417380205383,0.3769964222434418,0
27.409164131553133,40.50962864329296,45.9998444304274,28.300652183447767,200.0,2.308680977828368,0
18.540381527189645,15.504575447939114,56.84409741882364,23.26481034930427,1625.4573705137227,4.130032761671414,0
16.54544895518666,3.2625739147805497,7.94104776918874,11.3560251889298,933.5033974161429,4.590898655736716,0
24.954993683302174,3.583982499258828,11.129241676509,46.1694580332427,1098.0786543875427,4.555201806331575,0
47.99132163485394,116.8855452106288,187.4982294076254,92.260696481179,1501.9379827465484,14.386896419646092,1
52.03244918407299,53.46787516017897,117.75984553672362,86.47133511830289,1416.849300725859,41.214522195062905,1
24.45443490142981,14.461192476158645,164.46119247615866,36.01213403375603,660.1833058874747,0.4344428486335275,0
22.19956149141663,44.4858085993448,45.84925725020201,19.709950060064934,1359.8641382720907,2.6674471146197383,0
15.70557622692703,5.7590509076296525,16.304068288373646,46.005516090327276,1516.9901108229592,0.5197036148862442,0
12.086399787412773,15.052591276453644,39.1017988005928,83.29695021031802,1606.3429098862573,2.2359771723412014,0
22.549819908408065,13.993189812137915,42.89352467173145,37.636778708305535,216.33079083197788,0.11241283915714251,0
10.55308999118308,5.884260800103799,60.9732933397759,51.70056375185151,635.8059261803992,0.5204507902170952,0
52.18685558961717,250.26874469903964,346.99275649273727,67.68145204776408,1302.0573489969179,40.09727705545648,1
43.99541324387081,34.61849730953547,72.94869734227717,59.96299003835905,1439.5049873839027,0.5386422307693706,0
31.32275554114352,12.08817917758965,55.737954999043495,16.398359078833646,746.913214068016,3.093738625275959,0
36.197205199522685,99.22076993087225,234.25350581805566,72.93999524294979,1921.6688244910454,3.4845396397832205,1
48.67720876047014,20.55936535305139,65.45228644832457,69.70349118501649,1575.0490432844747,2.0,1
16.913478845575057,1.8083300881734503,9.596345025825565,45.91469452889703,365.8292644662282,3.0723943288612765,0
28.642956354148463,11.22832783102523,25.52380054932953,51.80825075619717,321.7720000369185,1.9498581246615148,0
39.09725693418676,238.75558325502914,268.75558325502914,93.45087475202804,1720.6970726236057,19.925455269977235,1
19.05721730810884,1.0294451127379505,31.267531399385227,16.80309518702117,902.6808546135622,0.3432503245819399,0
8.584702149543094,8.119818494856496,53.19914955900692,6.754972520253745,1396.0413215064261,0.5376908783774889,0
53.55910729501183,23.84436641153704,53.84436641153704,50.67640443039569,1351.9017346493983,3.602932326464665,1
9.027557680574816,16.331249572828362,16.895305594938346,26.982611395274365,200.0,0.7448900295116078,0
44.39099650694783,112.23303282926156,142.23303282926156,86.42229821419873,1362.3073552272206,60.0,1
21.539599318018166,25.663242435469407,52.61636382601948,56.97399728367345,682.5100491875065,1.7604223502936276,0
30.291447528590915,1.1564454252505194,29.966750259376457,24.37522615192867,894.5257195300956,3.823934048049378,0
14.33529740022552,12.394488543135132,13.658460398056702,28.996995054953356,1234.7681430094947,2.4736404807192156,0
5.0,1.1467571230507092,12.682590864022586,17.695552397344617,404.4209131286892,0.008299319753417241,0
62.922802914839764,15.0,376.5244357161149,73.33404205281856,1635.888153883861,15.698524723027521,1
14.94942034700604,0.8353468472955611,45.41369329970702,37.683029183916226,1460.3577109751177,3.3200511413695226,0
20.0,23.377891104167087,53.37789110416709,60.81607087569794,2331.999800949109,15.363628796476235,1
25.2207140091615,10.94257490295853,25.577429257514506,32.494964898781205,1104.8700476541765,0.04859953017594612,0
8.439569171327381,27.640813299442396,32.31176239586159,39.418117472248056,365.04304907092467,0.5801434384325755,0
40.75109600292192,189.69596749530137,401.83080659253886,81.05340748952504,1374.4220484146927,44.28080342142215,1
48.27486661521661,73.73469485040496,105.17069257589603,69.73967347874188,1115.9878015542213,18.59605962855251,1
21.94570888564788,0.7009010360660877,134.26917486610904,57.91892203386206,360.33230524569876,0.030673385444318663,0
44.22422413792979,232.0621735485432,412.82499931023347,83.56151409779868,942.3367017333097,2.0,1
15.390663884324283,49.0958817912958,127.49022328311179,16.6199002526216,1309.5658841737027,2.052061332453392,0
10.91383355698695,2.2985660323421753,18.46834608812442,61.97932283735857,1049.8260855809585,2.754323658222767,0
44.546980185205065,15.0,102.56120542041695,87.21745527568932,1389.3736724336097,41.05637690851255,1
34.9594928075171,2.0558221021114913,21.505306644197717,36.18428090898178,1180.5347110383839,0.45316625599782534,0
32.86784751109541,24.506019466783147,67.51157547673895,73.31205189111864,941.743869729818,16.156428961788222,1
14.046265360540126,1.9784287626276567,39.95071855634726,33.918691057556465,1371.7364827552453,0.08932021683679178,0
23.173634460804436,14.1407658997659,47.86575550836679,37.8768363070285,321.9537664793569,1.2783975006950141,0
28.86613881594593,7.590862926674421,31.38754308900118,21.7372010098228,1334.265480319943,0.16595011563145168,0
32.38390092921876,2.5994756023603274,82.12500228868147,29.63230265810851,870.4104295560198,2.108821514374522,0
45.364760105374415,149.9687226921392,313.3946220625553,84.80743174652964,937.8439477764613,32.63639676918302,1
33.000348314846875,15.0,515.0,46.97254671933952,978.4348613649959,21.524535064635863,1
35.39825803250933,71.1767879591384,121.70683930370893,92.78330482390062,1220.3664696567637,60.0,1
22.132165566439646,10.985696138474102,34.06668985707492,63.48160230750269,1109.7355377309655,2.073924946462751,0
15.842737998656597,9.441515306400449,10.429760064109157,56.604076461585784,238.7953499874261,0.7331043525747736,0
48.84772279595947,135.36981333826108,172.01177862603876,86.18577448734219,1419.0203970680425,23.076336746349433,1
15.005695984502193,1.355449369320433,2.0316720481174224,38.06353698042669,1281.4880668263831,1.1166605587262877,0
39.72292312055458,0.4876190554749482,2.441818505216639,17.19623475592759,569.6267641520399,0.48353938646752204,0
9.67517110854429,5.2842677805903,24.6806574738126,54.68861436226585,524.4193415685007,0.4280158624903955,0
50.042098165679,195.94346940802916,352.22498187815836,96.737793994126,2277.0737326830777,19.24394877418811,1
67.82924889182607,108.70892162720827,164.28163240719041,63.40598608161272,1512.7942380332383,6.241506805622224,1
45.05216550605588,128.8108518928539,158.8108518928539,74.12228252085905,962.0489732822754,26.31016013052144,1
42.184728278834186,75.28765817798806,396.00991539363713,86.75663232639808,1614.5906512175459,41.32304146543056,1
14.853618757480898,16.4442076591103,53.23984581763955,57.67702536955159,812.7476510600474,1.7145382646657894,0
40.016810813813436,252.1300441255556,292.4419152840534,82.09934812178889,1603.1312384567066,7.249031247426398,1
34.67001303898295,35.16649448665529,443.0141722590764,70.952755126208,1655.2396846970453,24.591060726767026,1
16.68771670009939,7.11958981993732,69.57246738701976,39.09096234802494,934.0461756371917,1.702902275292937,0
34.4849859316157,5.525661566907861,64.03297387788425,29.544881259651152,1233.8492848633528,3.716165253426184,0
26.52427422396147,36.65266650933223,73.08554921552876,35.19689433508294,958.2189513847471,0.341983255391328,0
13.44149627652271,12.301554632832657,42.90634374564006,38.66841453348358,771.0998257081793,0.15800416743115836,0
32.31216665791687,0.8701301805119358,35.58879461586949,6.001935165016913,823.5872435738772,3.4545757418230436,0
39.62759941839552,47.168108116513224,77.16810811651322,62.590272508761345,1498.5580899337892,43.6874720670145,1
22.222342379318516,40.8225017913944,79.0448229656655,23.447567071366045,1612.0894168484929,0.21383662366788556,0
46.78980421369243,15.0,45.0,67.89985089600869,1452.3271456516293,12.06765966824236,1
21.06967796827822,7.327051768176381,16.101038081038553,43.66605526427966,1184.0016306330333,2.9234189369567742,0
50.21799222731892,39.43931761063738,268.4865359675967,91.96318657115256,901.4784277975857,9.105771261734628,1
33.91820518864142,28.367294489076716,46.66069234248215,40.40734184121176,519.2831622351384,0.06400654805022078,0
23.349719011277475,4.242291472765612,31.890658895017108,49.72403582736717,200.0,1.003029744338944,0
23.594954512349904,9.853404130017596,48.509590974395834,55.15843503946607,293.1882661456084,0.5458833930324761,0
10.311507049096038,2.5658497616020384,99.1277903962033,53.905032122360375,1402.6538825426014,4.3880404527890295,0
18.607403086433568,18.60382613750799,83.89901074767678,33.26421465418605,968.5496322123648,5.382622436167129,0
67.06864314945958,204.6549698102122,297.8006958873488,78.10604121959796,1798.3835941441127,9.875745038810898,1
50.174897882647045,66.42101338229254,204.06558624271088,64.176242540607,1460.3852463707685,2.0,1
39.09977171134627,152.27309059791895,637.4487926823044,81.9443698968399,1957.372823921206,8.244352847646606,1
58.06497395588481,15.0,67.67463010573728,83.23311661832389,1673.9638562549974,2.139174022802569,1
23.09040822495386,17.459277095408098,60.112210499577095,49.38438122181225,243.87986516893432,6.0,0
5.0,14.714797818954878,21.31595572569728,26.534751920652376,1594.3093877664855,0.7002147484792809,0
11.65455778131274,8.72349881952968,29.12778482812742,21.438016774186888,793.1631005153197,2.0885819821953246,0
37.064919717533385,300.0,393.48096699049233,75.64531973852677,1094.990564016804,7.823638866745727,1
19.95538384937186,7.794857811210355,7.862084002063076,21.737742584755534,902.2236272872206,2.195113496515545,0
54.03561862410641,141.96583784665958,409.86187167971093,40.67984641614978,1325.636145202717,2.0,1
17.08382517707684,1.854703868521973,29.230329462272866,37.14200435231046,1400.8651453144198,1.7260330534708779,0
19.8279815379467,12.681758028460974,12.716937744211675,72.60337566569369,374.1327615068574,3.6575484433298193,0
27.31157175951637,0.4699829314554268,86.30016760391591,57.80291626549388,508.65180156443137,2.46155314136169,0
32.906779226673976,9.12126869719656,100.50634791334224,32.283905121363496,920.4495095843231,0.01451419255440091,0
43.651644940384365,178.18627616712445,208.18627616712445,89.4566611590228,1659.506295423993,8.99317653192015,1
29.46080222602214,3.4444391713007585,42.69395023500412,20.61492567183558,1111.019056888847,1.8976491910000226,0
25.95684867968887,10.520617643514848,40.15465044185267,53.51187247603053,1016.2448957968891,6.0,0
17.42036006424802,16.10313819042063,26.64932521056597,53.832720382748754,563.7660518773637,0.2990860398132844,0
40.12393838139961,180.50562718376008,235.98998708307107,62.165758457526955,1207.9112712752926,28.539228026594902,1
48.09075069437311,29.485028999749638,96.53913415034532,81.04426812900249,1874.2712842172323,29.940559670589508,1
20.32168444137922,5.220965120661082,38.74582970299856,37.31213821694525,458.2561625628971,1.8626465629879907,0
33.93927335841846,16.472544219038696,75.28363430242567,49.595478850846234,1684.0128412578176,4.584314516319063,0
12.772590737274065,30.955693956264295,118.28907631096723,36.66689536091338,1160.5742996772458,1.0482176608187685,0
36.66264811179855,19.408408205304298,28.336009951430725,46.17365437795392,702.9576759558411,1.2529805884885579,0
21.879368462589145,80.0,130.6299696217182,36.60100639848508,386.801422838329,3.287878801971839,0
37.172223550487004,17.71404021967244,54.541893822377894,52.01199373327805,200.0,2.3850625063882567,0
18.149979967534495,4.197596594581958,30.299074096052955,20.362846308015058,1139.4366212403643,0.21390098499018276,0
22.285419853060244,2.0547252560349487,59.87643663706801,28.350479209195978,727.7281295258181,2.102994118646698,0
37.138429714277464,160.41530927417034,277.56026952823686,77.17285824578957,1853.4071921573734,6.892127858305572,1
48.93812668482363,56.8672855139262,189.12763468455466,78.32910142700769,2017.1851918111165,2.084853616753223,1
20.99266184521979,4.670552709135391,99.78175252436954,51.96744820911812,822.0295020372319,0.8128917009249269,0
34.191454924552346,10.000474945784212,11.271056821820647,52.09653036895149,619.5883744856263,1.6183080473501552,0
26.12541150897509,19.472572981138555,19.746952027093947,38.03553595234749,349.9845236850248,0.22788388044575955,0
33.709986466630305,4.481842642291754,52.92294299304522,26.445641716515677,211.05693320990156,0.021507035815539963,0
30.76193880489088,66.84420798496387,298.55845721914045,83.97350139376547,1228.0678668588937,16.700023818094596,1
37.338746439306945,13.223833890548333,79.01696771403323,29.446661395769127,1489.9709425921362,0.11121838942404633,0
5.0,6.539622877966907,7.184011549510466,57.271034447063485,1122.5319810311398,2.4072347267361343,0
19.464985682544352,4.602103068905593,26.46239044854344,35.30270817889832,853.6264209841398,1.133718635610972,0
15.9871896514972,3.735519164270979,41.35839985210043,17.236869150397034,1287.1211483658997,1.2837290087068907,0
33.45244142409873,27.005416319691157,44.497487697694126,36.46304828811509,1189.3632701992306,0.8146301809464935,0
35.45616407749846,9.795778369461809,94.0551700951152,33.76298071630553,647.6848624270374,2.6892172741804243,0
36.40436040404132,19.197290881845024,60.43379200194741,71.7675166940122,1232.900459721021,2.6432017062384277,0
36.43468048589156,59.69648866728082,181.02276588397876,67.88619323498042,1074.3922055807993,2.688467568948929,1
5.5928850794504825,1.2988637005243067,50.46729627941596,23.248234516378215,227.26981534644392,4.830928044886729,0
43.32012534300884,49.089431426456564,120.30339800343381,88.99655458902683,1771.4538736642996,5.043297766542775,1
26.444311626754825,6.919434849185462,22.55572415166388,29.645949900194964,1076.7349846439727,1.0988069185475733,0
15.932860670296286,14.551929876069224,24.40753350361509,52.67738663982841,772.0701737493087,1.2409672298509509,0
30.682803671604297,4.827293775636631,32.887914268724174,34.427789645403934,538.569662600539,0.32885347763950895,0
50.03799619590271,42.073823714837324,77.70808075865935,84.19682142735152,1806.6261986302216,36.5632870383638,1
36.726737242083864,15.0,325.26140967884237,66.5445878550281,1583.3330531649929,13.936162142564712,1
16.26885297044229,5.697613106705733,23.734863354574543,23.69155200678483,1007.0060428414512,0.6029357086109941,0
18.65999304776411,13.553944826442079,40.16641985225638,28.149850602606346,1404.0266788127751,4.586037447000929,0
49.7236096739178,61.794984210688035,126.52267357581809,70.3380795671911,1272.2922661984326,6.616515181114196,1
30.89617617605949,17.684696312024023,117.67470762762468,91.99805403987878,1426.357348734502,17.256599259840833,1
45.2292866721453,36.19293202984214,68.8544845481569,43.66630840080306,749.4764796442204,21.067901632292507,1
60.0981043429097,15.0,89.73113665262461,74.75032336433517,2228.678701472394,6.6613151560462995,1
39.257240835798676,15.0,391.6241201489552,97.87971962538272,1294.1639938961737,2.0,1
7.492941261699315,8.742190251631278,79.81140022589739,21.54261361592364,1046.9890145052195,2.0653793280814985,0
24.964929487683797,52.087912496001515,60.107997822770926,29.055674999824404,2306.3743109359057,0.322485927245059,0
45.41945941289911,44.12006995046279,152.4480618707593,95.0239399676415,1828.4191012567062,23.606854324776144,1
46.17908011156676,35.040717390909826,65.04071739090983,79.61716499835293,1093.5697205741621,19.958585693564558,1
16.088536637494496,5.411061220690698,58.636150691548536,53.9710009182946,585.3440038835909,0.8424992841293527,0
23.37261808869846,19.108836244000024,36.54344246949124,34.24159905681185,567.9101669893294,0.21083426139530426,0
41.372481405643974,15.0,45.0,63.15167919658571,1623.450086266543,2.0,1
35.21845581548074,85.13290169040623,146.27646544425724,69.09681081028238,1376.5180790375744,3.1388447783896476,1
19.972373427806026,22.932922487611332,126.93373067221664,45.751308575565105,678.0531023063511,1.0675883336437477,0
45.0,24.295853832333076,51.29546412734026,52.2258310576275,577.3671845681158,0.1567870890983379,0
33.623169822529285,0.16016777411073682,12.886176894751465,57.97978258801591,200.0,6.0,0
32.305688518312806,15.0,104.25355216445453,86.13005293798945,1218.0349000289305,37.047174862999995,1
42.36999808204909,20.41008051736509,191.76388145955232,49.146406458667364,2122.922186482015,19.647781614522057,1
23.917803653262517,13.483535307856757,50.28136819010511,37.5417068353446,724.6854411482325,0.5721239550703058,0
21.703715283121735,22.126931557920276,32.74985130363355,7.734188125066432,444.8210410151856,1.4570996419191478,0
5.318896421556715,3.476189650859963,20.792246499007526,40.3780411422968,1396.6860967475998,0.7187582117319842,0
28.171817821212336,2.2827128733188204,8.318712486573695,13.330562998963464,1130.081642369635,6.0,0
65.0279264054806,152.46953362350905,215.73075580029325,91.41769426993802,1131.4873910792999,12.139373817725641,1
23.81334072497745,7.3728628850785265,24.43859157539773,39.07913832602416,200.0,1.5811769264559803,0
30.019629278921286,18.975513573408655,62.935820127456545,47.638677468211384,1495.6661379823122,0.9973548397732906,0
28.344245663430158,18.945820162262947,36.12846379940724,17.14482617096187,200.0,2.722452922689985,0
29.23835000825581,17.29004961490152,69.40961255795332,47.4824862059352,1020.7693417735343,1.8854798788164133,0
13.908344887618618,4.378145818508633,30.658461455976024,68.69632048934079,231.45585217829478,1.8391472825527984,0
18.609643589910345,4.220290248049271,30.905514945786113,47.188677981181414,565.6009879732054,1.9139504684394495,0
13.309726580282852,2.1997403559596456,36.45054410822546,30.07296652858407,1324.5927031014073,0.3819730276028926,0
13.410167051480636,15.355580661254393,45.34426002216833,23.306972231013567,1344.5158953991643,1.9813810075910225,0
41.05409771291094,86.40903152254043,171.61020446437487,86.24228370521459,1857.272066423934,5.254932795663784,1
43.46838867826134,37.26543564394118,67.26543564394117,73.18121460315604,851.1125193286969,6.511794836554316,1
44.19702022444125,26.764387368798626,303.02092723808335,85.24351053505856,1555.4522397075482,28.972800489195514,1
38.18901425893196,119.80623767401501,149.806237674015,69.12555058413905,1638.992317037232,5.2121962096013394,1
23.855742497755326,2.17390975329097,78.95740787051622,25.579643092285277,1242.1318000806823,0.9472447836649777,0
18.430729806804607,8.685603969140672,70.85361261802426,18.3325523891057,1152.7789317668696,0.34533642810809295,0
40.981854861004116,15.0,116.48898906461551,76.5048756606971,2213.2953663006647,23.340718755727075,1
18.295196254778357,6.4991033980825526,113.78397593413757,57.64024963783959,882.0772535253177,1.0320818756890695,0
30.31865079532018,15.145298759028451,48.94472025500008,39.141700245649446,629.029907732581,1.8328520528399146,0
52.28598608465213,61.35973211034169,91.9814078449181,63.399418312209846,1661.941342019666,20.466831332723714,1
19.6101134181052,13.962563587947944,44.87478612676756,35.06444660182525,1050.4158396249231,1.4754918178488297,0
49.645407830016325,93.65925185504545,123.65925185504545,78.7894602422737,1707.8351130158042,22.336379529276606,1
31.60353110632158,6.085441715194893,34.043652131563775,59.15057263520499,661.9358781754269,2.2413195205089327,0
13.206651592906605,7.164345538699582,91.13738184045789,35.93385713411232,1368.3716721219355,0.6313911894815806,0
39.10986135913198,64.86406450065492,118.36705765965462,85.39605537557657,302.99618175137925,7.077607976610839,1
26.155305594554154,14.26567176076935,78.6497907857415,42.78883799274014,677.646508158258,2.7688628521222807,0
17.285978877818813,1.4749031017039758,20.684458295683978,31.458065809542006,367.3298116999124,2.45797495830905,0
55.660803387482645,73.15529135996908,103.15529135996908,73.11949909262731,1404.8705772204596,20.758990383932144,1
9.738159791807352,9.052729337257281,30.621624816039876,12.180079654933932,1081.689760095143,0.71697282921625,0
33.197462867313796,80.0,171.68392525626888,26.545997790659186,940.5417179203196,3.0668836083258584,0
57.35208713154587,128.50041749321923,541.2196837509841,93.53811221477397,1350.0716915287076,2.0,1
27.55547443111687,15.0,191.27895079710513,83.30367119090391,1179.7361147544757,10.530901663875696,1
32.16422472407318,29.11744353368808,37.18334673760806,67.09470943977819,1079.7919466651983,4.64666811310557,0
38.19133102582183,48.0287581315476,78.02875813154759,60.166758927160714,300.0,8.506291894886306,1
20.01270996375067,18.43779558269432,37.79431248852008,51.31584152221874,438.7903721865099,3.350221147240347,0
15.849981132424343,23.873823745321147,111.02660613505924,32.781671984700964,434.5398134901537,3.8353885603426385,0
16.49983188761142,34.782479498534634,61.38283856175103,10.54737307234536,522.3387625437371,3.925140439036056,0
29.35991100168573,15.0,276.1654408545588,89.76430915310732,1342.7380436412968,19.652819853235872,1
46.949838905483595,116.63575735600884,208.79328790614994,96.2977958027962,668.1650097912895,36.22166533591341,1
41.8206978813421,51.25276972065268,134.4835497749339,40.46297956268552,932.9515892491509,7.766186708723551,1
20.976472421848616,22.798721210931596,26.627140767148752,44.2802240239219,327.9274978557711,4.356329270456939,0
43.93350819093419,71.10535656912575,211.9668695380961,82.05088580611483,1451.7333636987723,10.048149605884412,1
17.251991992620056,27.154375771654745,75.48320293903697,43.97523411065987,563.6828003765888,0.03109310228779428,0
10.890692591635254,11.325401296680417,94.31039533665012,73.25003855722393,683.716565757911,1.271544760178091,0
58.25085680977753,15.0,136.9493458300018,71.79534993933103,1308.2038857463162,59.072731272440855,1
15.031564171919591,17.585071846409093,68.40911602376278,40.32311019160885,1127.9509601740365,5.007478111623428,0
12.990178445223481,9.918642221274311,99.28997671963197,40.43272060049888,931.1384032299788,2.0313085005149856,0
29.654842594135527,33.31139914810409,91.27130314695464,57.883917485847846,666.1358366798447,1.8853843608810956,0
47.862046767420914,69.43051820455312,258.7232775572055,84.48293345622712,1180.8431026468759,3.5844808386799984,1
18.63902267423368,5.075691052215814,30.15436477370494,52.575472329732285,986.7670567889646,2.3964422595493335,0
34.14235670778889,27.41639242980954,38.948340555695715,30.630402297692356,861.4786186594579,1.3506483367691706,0
26.598469009153963,6.303078502258878,40.25640576895265,16.03262464499794,677.9993107466644,0.26936534504703946,0
44.65863172751982,15.0,72.2859388663629,85.23048806068724,1974.867036581237,11.064737275820955,1
19.68930010330091,8.85731853753459,38.964339352456236,35.215484639057344,900.8113981090597,0.23650536182464998,0
55.63543960300779,29.648975463644447,61.27614049548648,88.58495836670538,651.1001833347535,14.406544456437253,1
41.31694618641898,161.64499311751788,316.8633236880538,96.28109453606407,1173.842242633541,19.996204825783817,1
16.600723883204548,8.960085094493413,68.84616443649864,25.11334352645721,836.9041102887518,1.5226193439045594,0
18.36646863264518,12.334964325493056,62.669177817554434,56.6884458904512,850.6489026071363,6.0,0
18.892904516898415,7.502765867329336,22.2289083095096,12.738554134004518,941.4116826803469,0.3927287339877296,0
28.870535942192674,7.884811607754968,64.52419047204518,40.77273049197142,538.3081341548561,0.24343758278251562,0
20.627108382112144,6.0678446960095105,33.734020873619976,43.21689667175447,924.7013573540498,0.7614629122047688,0
38.09955791431026,12.418026921225163,39.327335089803114,55.47307716122477,1674.3839490551384,3.564653173977364,0
22.56685371544551,64.71067101498019,66.30491178222312,46.91856738596601,1384.643621437941,0.9008311746993981,0
18.110859423531107,15.519570513565313,22.828334085208617,48.28556757416248,200.0,2.2332194694231906,0
14.787691472159684,2.7162706944316035,85.37888570152113,25.87796330610671,970.4937045770992,1.0400600231528039,0
6.225834526846089,28.70523597640178,33.48447753674329,36.9638072395921,1425.0239486133496,0.38988934508653317,0
29.465137308597782,8.951071636002926,67.6462620741839,42.365340458890586,1258.8833374332462,2.165102979718307,0
27.424353869421275,4.74530077023252,45.052677110864124,45.39845746223523,392.23556408791603,3.1180477132670124,0
10.382840271182078,9.67698541170745,53.10760189704626,52.909355876087396,570.6536727208181,0.338013603438099,0
17.496219751737723,18.438506563819203,62.58106143207518,25.71719092777311,777.6690020573373,2.0631868410879814,0
31.461641922530987,9.576480390478427,18.965958106506232,34.77241113653534,1601.4367145397541,0.29136201780082355,0
18.864195661009543,23.535285302114104,38.6485388718492,32.7267874071832,819.1912674641825,1.273778299576172,0
5.0,12.56136209195271,84.34146305629312,12.202377094284637,328.17576610587116,0.10479454690889253,0
11.378414976333765,29.348907621645477,52.2872328244233,45.87133027799658,1303.826004593679,0.6094270077618915,0
17.74858979469503,61.34408790494763,119.42046181326677,43.17127939450644,1093.5557517772672,3.579373417888434,0
26.17333113163008,0.004423596380852802,64.35356624887007,40.197564146351006,1145.2348384533807,3.477326688191979,0
25.398121306953268,2.2944675635332903,12.80137804645906,17.21735066522589,1090.4324928470762,0.2314056270295426,0
50.59008117973502,24.19680406132514,74.94771890258112,64.34732258429872,1073.3286006315197,8.76512611505491,1
28.23675148232195,8.612942558651428,96.06732306423663,37.04345937509991,736.1329812874079,0.5363086976939486,0
38.68376063515305,15.0,50.98446007228095,74.39894412054724,991.739541764651,4.0783330981265555,1
55.92566622780806,178.38640912470407,295.23568435407077,36.08536433064904,983.601577637455,4.440410363382536,1
41.96242324843691,15.25082292554744,45.25082292554744,69.74201701652511,1428.186739702252,18.82248446076963,1
14.348751962371102,33.84185386197043,98.20977772792074,61.68352807769796,200.0,0.4105346943624936,0
39.3569361341947,109.18288280359025,139.18288280359025,73.21969315616383,1795.4791168946404,8.187513408908849,1
54.870757011231134,15.0,170.3895346057766,84.98052252020082,1806.7097703454033,2.0,1
35.584338472272904,35.61873071599552,80.86947314045645,89.45571898021379,969.6983136920703,43.99181280017282,1
28.098585704373935,53.34781107586371,64.67972661008157,32.22573982430211,925.4470936088378,1.7268777881648925,0
36.64777423003613,15.865143254723755,45.865143254723755,90.17570161414874,1714.110865664254,2.0,1
37.705522407555165,147.61693930107194,287.34154484616425,92.73091938410174,1882.0955213435657,17.28154184057928,1
40.87050748454475,20.267546426033867,260.4848025956364,90.45200994709094,1231.507404242576,6.853681354319344,1
40.62106932366973,15.0,386.7221488404677,87.33073705533678,897.3488545631242,18.896681757525354,1
12.86016936722936,8.199500589332438,33.11436763929218,48.854700862676204,1382.894131757169,2.195384880647133,0
38.07200187050068,74.61133060815587,491.43462258019304,94.54325066687318,793.6721708177251,4.926362668635127,1
18.1376482024404,24.454530233199414,126.37886411496487,39.00730363980514,760.697542732129,0.18118907558591882,0
25.62665443231452,3.9540816108035686,50.27873674338061,16.51547056661625,1518.6008875971622,2.3103824155850434,0
22.688977221654724,23.484897999740934,30.753285996964465,30.39994945811936,200.0,3.837668391618447,0
42.59279271372685,15.0,51.58715213232723,83.69550627029115,956.749907436901,2.0,1
43.32097242715011,15.0,81.26714580850076,51.8544769086795,1695.4506985526311,4.135885894955706,1
8.709397418818135,1.227622207359985,6.3132061061047615,44.658775286711375,1262.0818973690991,3.455898779920045,0
24.98204263164198,4.307770524576169,37.33602893987656,15.835135699286903,211.01098842102783,0.13034848573122726,0
52.466855403314575,164.46605345897427,279.72090984501773,92.98825886520594,660.2446331032039,9.837976393461766,1
24.144934391198248,24.461383369836692,25.234299491953546,13.54471391324132,462.72847213984323,4.048257589581524,0
51.997066975895635,15.0,68.07252438233746,74.13935729544123,1768.9241050131172,4.234342303120874,1
23.716496082291695,6.990713384137512,33.69268048245006,34.672493195030654,503.878110141175,1.4308390419401955,0
34.49292339856584,27.45863974714959,89.81444898193985,24.672300021858746,766.0741031735453,1.249473320398488,0
43.441171465176446,78.42626048521797,530.277405579345,81.19968870992591,1549.3060157946866,27.868101113065343,1
24.506042494436016,33.78791840487606,34.614199552112204,32.11336483901435,1410.9099296947293,5.510689869862771,0
28.38162033458479,53.84954096615571,54.3272433795882,22.935539754140617,1570.622638428567,1.6204293978077626,0
16.608383989807415,38.07651896123425,51.155981725006036,46.02122243222555,1216.78972932968,1.4277310340263043,0
46.24062600989984,15.0,45.0,91.49509738690746,1892.838039147297,2.0,1
21.757688592387993,14.11333362622952,45.850749870476136,72.1393107673228,481.3250376036295,3.1035294126031947,0
7.143822256081759,18.066366822504325,99.11668747289295,57.49765516682006,843.074474191866,1.542905766424279,0
24.741739887643813,10.610284392148246,11.048477212404203,17.121829910846447,1397.5760537828924,0.9806207492431741,0
16.435092142276538,16.932490388609132,55.70551579153878,33.042603651603315,1930.1460306936483,1.8556322292795682,0
42.285936096384994,44.673381325097864,78.02417175990526,82.82590930570612,2022.7306375810185,2.0,1
30.39476327703536,38.01853980794659,69.22527392230657,53.118181326520556,904.7940558965238,1.2378799953642696,0
47.746414650947756,130.02246185080517,356.9490328147847,82.30887176183886,1313.1450044884864,2.0,1
23.08101542790149,35.586550694196156,36.48209799937389,21.118860326203862,834.56630393646,1.5884192597821982,0
37.263468026863265,31.838519408253276,103.69958941100616,76.97148099238788,1451.4823447958447,22.03257644058333,1
33.20007407902701,12.730440660531794,50.85081405383063,23.349788779352114,1313.6956906854123,0.4817905206725303,0
18.155248414538306,3.242732966623069,82.6941880920132,27.467310738559057,691.4052376487392,0.42363323598332425,0
51.41903891557778,61.41174470706518,213.71237370907238,50.75181736336215,1586.1370412219399,5.626169374833001,1
30.35131255411938,51.325354213849465,81.32535421384947,92.43362632066598,1066.351869683923,2.834582880681488,1
47.37860028784586,44.57932673376601,465.04165764975437,52.668360950684814,2210.966603861667,6.748942231695459,1
53.83800499789896,15.0,45.0,67.5813660841955,1219.0851695523359,8.675821789424385,1
31.14256543669981,128.01256628838019,189.5266575673192,71.87238546879551,1230.2736453983944,20.605527326917688,1
10.607541367742648,16.425177452894992,30.458772219588674,9.081673719521984,1204.0948862570629,0.6828135879746514,0
20.01226194077796,10.572244774218214,20.226420380690797,43.90838288396808,777.1403305609094,5.913761811481316,0
47.70392916675513,79.60971679642084,188.61095374527883,60.66464446062182,1945.7116296613558,21.670624924964823,1
23.764784627794807,27.4072867312673,31.041063518781915,50.745873260971095,529.277035317717,1.2886506039865704,0
45.14696865379059,15.0,81.12553953245477,80.15885433227923,1509.6971280860705,2.8895289882044923,1
27.735862737459467,1.086362526375118,63.286872159148125,41.47783929903069,412.80724915398247,0.7331244196099959,0
39.78632407956694,15.0,289.27962301643436,94.20687433540034,1649.6555264684166,27.311634640936333,1
46.117058924124635,15.0,112.33784683161497,86.17785196815959,2216.6011583230975,2.102695766405562,1
21.250434888828472,4.151794731068206,47.02463742728096,48.26240952546213,1061.6860321289776,0.5269474244526003,0
38.323319817564155,1.1983886502501573,36.402894416250575,50.607802536923494,1719.2131588460365,0.8912053225615203,0
53.199751342930625,15.0,51.367282722230904,53.866280291722454,1106.0110575409083,27.522946268174,1
35.195772050894405,28.864093626925776,77.12185633132053,40.44846694216116,1768.6437524141347,0.06483012304087914,0
49.2882335834416,15.565174241648307,107.16918929859581,71.90958167579,1888.1831007284695,10.825093106979075,1
17.723087460045534,1.1347566320155051,26.307138655939855,5.122620249435895,938.7262141327965,6.0,0
13.70949841014789,61.86383452256858,199.6770633472737,18.421130064826745,1396.5604043713736,0.5046883843394281,0
11.183097974520477,18.412337882859525,43.08238910244446,56.30580895537217,1109.275355390087,2.058262964174542,0
15.675231589880081,18.723601872612623,25.06173034658228,35.08566494333517,417.38431591961904,5.699095143447534,0
13.85405117529493,1.2817636910848236,43.307691828375795,45.05247866769166,602.707192392953,1.6812867058655079,0
35.067718541069524,15.0,94.19563346657341,79.7154924382532,1402.3792888713904,28.906391902387938,1
25.764300375384924,3.808196067588022,131.56657547493367,31.927229398982497,817.2125255893693,6.0,0
36.41423021257819,6.470665058591923,40.09389369587795,34.95680961470731,1277.5278324304522,5.781901543244907,0
50.89403330839698,54.28471775987058,106.5348143946932,92.46864920761769,1563.0372083644718,3.2939790594797635,1
13.335837740895949,66.9428067133803,83.92239890984958,51.335614213534754,1537.4867809252582,0.3220477657614145,0
45.0,2.106049502274201,8.468424406852819,26.860223085936575,1069.235200588835,0.9069455776643438,0
26.916347565263095,5.544192528815287,155.5441925288153,17.275650443595893,806.9958433971901,1.0411860712855934,0
28.81097954218378,32.03735033456147,62.20736098618943,27.488336949388092,1042.179587312106,3.657548230906971,0
22.82183446802193,17.999038245923963,33.46821697592557,28.85223734289606,200.0,0.8719451307161513,0
22.43223357615877,0.2783419078591697,13.123798958502675,14.00061854941426,1244.6173627622502,5.262468628610035,0
19.977239031408846,24.361231747614315,77.30419903098564,10.84943276473579,957.1373678558837,1.0683556029166188,0
16.405071946810004,74.33507641328,78.52156358651958,24.550838695889166,793.8820976527696,0.5169563837872391,0
25.649024526390118,18.191110719810425,38.94739403708488,26.12763711122632,200.0,0.06525424359965327,0
26.456713341934844,0.06552583132432784,10.092632514852168,39.233423002502974,602.243302894886,1.4376820013024416,0
33.00172239104401,9.892881780146942,19.33693826426422,60.07428744792841,1107.8965009057024,0.6765449898406841,0
26.236918053818865,7.489872300796281,109.26098088535691,24.378297314081014,1460.3268090113656,0.5202175145221078,0
24.150810312791435,0.32271868271771564,82.78637368140303,38.35704302278934,333.9777977216545,0.33346074144146853,0
20.841833042105183,5.166920997536286,5.742860991177876,39.78082550727815,432.31673242208865,0.32783440012290616,0
19.32510252590987,63.473330871084485,101.77945882944651,42.686169627518936,1184.4452204783727,0.810193764165117,0
46.92036500756149,52.3963443570332,280.42707113443635,75.7052111849804,1418.6635227559,18.379540700434546,1
23.253458925067818,11.272567827192189,83.38349164629543,12.538993638555729,414.98195834001336,0.13753691030978576,0
5.0,9.710477910477163,63.69731262670642,66.40154208813554,485.2674062535882,3.763540592151266,0
31.791388692555017,8.276844056214781,122.65652452703225,60.7370091088702,1133.9430341568914,6.0,0
23.58632358997233,10.618182930298206,26.05258837488787,48.534110616756934,1065.0715624613529,1.2220492460646595,0
31.11476049306885,11.143426782429286,111.68553082905227,63.75844478173329,1345.1820243886023,3.613257455130318,0
7.580626457049737,9.135767511311318,16.22572161075007,42.00011066963461,1682.311511016173,1.7351304437503756,0
5.0,19.97751699739085,27.227282629120403,74.11573188515823,200.0,3.311844002911222,0
28.782264101911046,35.39385438000944,53.16851392320396,29.02922215338452,696.1373550753372,2.7002152631769567,0
45.95400764276099,15.0,45.0,93.7548896780742,2297.196533944267,5.718773071400734,1
35.71069749267309,5.537446761032452,27.61948800372292,36.13364467511791,718.151381593613,4.522910333075174,0
52.62170467306807,189.9769398092969,219.9769398092969,64.34076602785579,1964.9095025714696,18.741352404421963,1
43.91310239240491,15.0,73.89254214805166,85.6353202430602,1506.008596685389,22.751464575289326,1
25.302177251635598,15.0,45.0,66.96933163649233,1158.4656883816576,2.0,1
15.564221252264556,1.119357968865812,42.27961535766417,37.920885626038874,1288.1436655235173,6.0,0
22.44246701082474,6.221673944008134,45.93268452952513,29.653150598511253,1185.563532623628,1.6965115394253827,0
23.328418750116537,21.770402842316667,84.58764508752631,18.29539395502926,2331.437455158033,0.44837703813488666,0
8.427279853734479,2.269512548797267,25.048940259341087,57.778903164700644,1115.7016224760937,0.25256736148244757,0
51.850111618187555,24.956543732454744,78.82608264015451,91.72607455832858,1405.0412021591176,12.839213104618308,1
12.283887548728766,0.019726223871729717,54.58753370595118,37.65551421388417,350.24444675354937,6.0,0
26.554189977283702,4.585789502859721,19.348105588033587,33.18312196298311,1288.9906675969187,0.33778543233517816,0
27.771533393060388,15.0,113.26925714679716,92.52351841381703,1659.7771525070918,26.880006898207526,1
24.741994415946056,21.358719140281313,36.84742124215897,13.697801581845145,997.5893092659055,6.0,0
45.294423805695885,91.33183874893125,121.33183874893125,83.1100039138777,975.9978579887813,16.958238243399247,1
38.78304429619451,150.7326789699694,180.7326789699694,58.13382173012877,745.2868832054169,18.031154227429646,1
14.309635390328122,1.2236851202743988,42.106181534548504,18.6303794181594,819.4677600350725,4.445628995854471,0
16.406547159737656,3.5393063770764366,33.82198418018795,23.557549000899122,1653.0352522829744,0.8529679457779603,0
44.978292828619445,19.546882249299173,266.2633875659464,94.15070469396055,1474.9764694164596,19.75459764389532,1
26.223028380392236,4.817756368419488,24.40508834023237,50.395599790415154,1424.0787435433617,0.11532189862521851,0
43.23984168393317,86.31854550823091,296.2982874763588,78.76324483226347,2150.5589224082414,26.60740679943664,1
12.930373347700387,1.1268019597631354,5.252972947342136,46.74651902524447,931.1804275882649,0.5629242429673313,0
58.77728440083588,57.935120198929226,184.25304551668467,82.07744182356022,922.275726762605,40.216944761506376,1
18.58970566775994,0.17148307716385353,24.462022817625122,3.8619587196420038,1005.6484876470291,1.473912815368445,0
24.988886233011794,0.395285690399568,19.014295630095557,25.4031723851098,1653.4845858131657,2.201501162013515,0
38.31929329836124,23.92929635299085,126.68876914703206,75.07901131240675,1601.0272451701894,5.649947757986881,1
18.58749027810152,12.28031471739358,107.32532556122308,39.78688182356929,790.6245762273107,0.3668551025485176,0
14.302443274599153,74.04235446886048,77.27248225136348,43.77995008166385,200.0,0.020986119230120802,0
14.833994671481936,17.38014043882466,56.24319255348507,38.541400450095125,1118.0640869841968,1.6761241610839401,0
42.23833652158004,36.496541479559966,93.38575637294994,34.18717751403343,1599.686760124771,8.23447372996315,1
11.749532106279409,7.02407969013181,16.314659276541565,14.96895908974527,778.6292788602349,1.5146066630689423,0
32.02776418060096,23.998014370064542,127.15523887735036,61.86590208964573,1420.848604495619,1.6127306745785528,0
54.19702568430351,34.00800604630956,436.0918243008802,82.4973135323402,1819.62195823262,3.4612385761796474,1
6.263585280740616,3.5579896443225847,46.405740775482165,16.512617506610212,478.917892690324,1.0073081612048773,0
25.86127369340419,8.236950970472572,22.85269180747772,24.408528849600927,1258.0724521973084,1.7588646384857725,0
34.59373734222271,10.247276539311777,60.83617202380227,22.752079986889164,760.8859430522966,2.5969568139217207,0
12.183330939515619,4.176223651852117,13.078129336056898,56.84346706655864,1735.7888628779829,0.7713502237265243,0
16.90384353878968,41.31828266883012,41.927703562110615,67.49995060741826,1042.4604850473195,0.5853603542054129,0
41.58415155668054,69.53171415565325,99.53171415565325,70.85592727592002,1402.5673376266225,17.104365425301893,1
44.54390980493673,22.4954806015373,120.62859104895551,62.24045513764227,1314.610771637757,2.0,1
11.296601466125356,18.157252064875763,28.913635761116545,16.143589468371516,759.6121113212635,0.2958586218612021,0
17.877476239776787,0.9802824938850118,15.685023905996669,63.68371229091805,1438.171825351867,2.9121947710476097,0
21.511080026813353,12.195574527267656,27.23971227494352,32.39691431297608,1305.6282372485202,3.555104215755082,0
30.560380110489213,32.770856854979215,82.34443132526762,37.59302913547493,458.5811145072163,1.0493946717679916,0
15.339598063685683,3.060658054737573,82.85468211174461,47.984423518477804,1648.7999582010066,3.313327663615753,0
31.81082335495278,3.4866543269285777,34.115230755461255,30.272193543192465,1441.615519523,2.0053002521420416,0
52.14891907272778,95.0625449165099,159.37072837109764,86.92286636339298,789.1353083659117,13.75286210378659,1
42.475910816629394,47.95915346355392,243.409518345671,82.05509808616424,1054.165506009907,2.0,1
16.13946227029818,11.445564493225843,45.85655995487917,17.16056649304613,575.7446756855242,1.9094670006785424,0
25.470775869494698,9.82951980520822,29.7940541186156,70.71047878098221,735.9953255124301,3.004531635519255,0
17.60028799445547,7.383571273582654,93.2626886202177,60.13897779550456,1029.6811204934272,1.5463013402083712,0
45.57020252879516,50.53185612816526,155.6867884890553,74.07298127268244,2192.79969011311,60.0,1
8.830783276770307,51.41276327385467,65.41118992147,59.88146552679413,601.0878077082423,2.6002747953926155,0
25.63588990778919,13.935647564131934,94.63659061721748,31.039903601215386,596.6933562414653,1.0978100333881955,0
20.357575377433797,13.446336817315911,30.395346546606987,76.61202151814514,1021.1917552479309,2.7095282973785504,0
29.764236665048372,39.40915775332293,121.52572779308132,66.61824883998808,1807.310746785421,6.787856151107577,1
21.851704259216174,15.711719592227903,56.855898729021,58.59411841188384,574.1274777588292,1.0862111892097623,0
5.0,63.33909892215105,95.1260028596707,15.25517794941424,861.6484822886742,4.475188495275732,0
5.0,0.580342933612493,6.972987853655715,19.320064393019248,1066.8745789254601,6.0,0
25.24617914808276,2.5274596206684596,8.30588745061468,31.167472398826177,1374.376052863403,4.133619514994327,0
45.0,42.0111467915954,77.7857222959934,52.27387476621803,1299.7531108656158,5.468863292975691,0
31.223869621511575,143.53319871883363,400.7394725486952,84.40727869161074,1802.3695091627324,9.484012969823628,1
18.841399783390948,61.19475402420291,77.50860524297724,17.338003221669336,1466.1499958353054,0.8445952725142755,0
58.814344898152115,15.0,197.8059164281901,84.11782630197445,1397.3444449280987,8.738528897960023,1
28.95209505667668,11.995025529778903,13.652210394157546,32.25950600174389,495.07851442451556,4.014752860272843,0
35.625763698412015,100.06894403799755,280.76087443979185,73.39680152769175,1468.31369251547,24.1358084360958,1
36.87113273793393,15.0,45.0,87.2914610656579,895.8123779217326,17.452325637059385,1
10.917846576366268,0.09393523020529239,50.041327380183496,75.25148964232618,849.0096313447926,1.3614520068021883,0
21.521250537254023,49.62168065994898,92.87465613546917,54.559857861449046,555.8574399528512,6.0,0
18.861299774598788,3.978103195798368,5.361457685516477,50.66563907702785,865.9504842496849,3.789540039191478,0
11.788533174273756,36.21048101528758,48.52520963899037,35.497296990389806,1458.052858669414,0.570641249630687,0
52.87134870353559,164.10970590464538,196.46531024839453,55.93465401647366,2165.5901204947486,5.146630802724995,1
48.10718864095427,62.01696338135125,256.11635260290075,95.76325132492559,1470.2634364461112,15.469896580942654,1
20.21215401168614,24.929954498683305,29.3748266920726,21.73566580866003,401.68915400531154,4.965318039972624,0
16.799456251484155,19.533451173580684,50.11648279584609,43.37905251245392,741.8146249980642,1.9402781676473706,0
22.34448975989728,7.16910567006142,58.52181925988943,47.912511422935836,817.0385199457596,2.886208551247726,0
31.953632470629515,2.425132673370507,93.97056056700137,28.7772969184301,715.4656578687672,0.11156209509760462,0
18.11502413973784,1.2791618739659725,9.182006879977536,13.392279655964959,397.42532314811757,0.43047838269284533,0
31.757316415170344,2.0068563319348374,152.00685633193484,31.587945383622383,1639.3606793474291,1.3031301130238115,0
46.214604998078975,137.0193670516123,214.15957847180036,86.79514383141178,2007.9913352153249,53.829151496652585,1
44.108155280153746,86.09139782676164,134.7869230859701,82.68063178741107,1328.7443201846886,19.90203535992938,1
23.66283157909048,14.240438945986872,64.9074407218422,35.32317543853526,1783.3363940673016,0.8026685130999207,0
29.24255797571555,9.687544087126028,28.589602197854422,41.3555766014722,1304.4001188523687,0.7193443292083191,0
14.311243062254235,41.048020047953116,50.16657800047628,28.49938658644074,1369.4592630984755,0.8848121089095967,0
10.461306508725963,0.01959964307991078,70.23027486103207,61.108013335869934,200.0,0.39591968937982513,0
28.245154161616348,1.2893203194318963,33.20370597579193,39.5894817936061,702.2251704366204,2.3389462112918387,0
20.538079145576596,58.18618491059742,64.89010220215742,38.605680527172694,1168.9633762018134,0.8740493023743023,0
24.463772919545946,12.232887493292274,94.72188864248605,13.588137350082436,765.1536385581753,3.86061167499618,0
41.795970422522515,15.81572634374685,48.42798357081517,85.31134819620068,817.7310718875185,22.024146552966187,1
31.943556017260665,16.083723026319515,26.41219829486101,61.739466967476275,401.42477738277086,0.5098407578971982,0
35.95598257713086,10.950270415988715,101.2232617214845,50.8573374236898,682.9120614265173,3.236245192918995,0
16.924710288396067,17.420457806483917,18.824708259205515,35.865646652198244,1122.948699338026,0.6924326075457864,0
16.47974052973271,13.837106488949388,42.437853811009084,37.96292641366499,1432.1449734580028,2.8149070587600242,0
20.625663816869373,4.514204110484132,52.32776799069735,48.59005452760698,515.7580820925389,6.0,0
22.12357887178919,24.53128934984932,28.546150493488238,36.40120461567685,1306.6745303027765,4.104208450190865,0
10.623347720501243,2.016784235444625,3.439458401330956,13.160930695717523,1119.8082378342615,6.0,0
20.527175749047032,24.04397350714585,42.03129923242384,70.11907087212637,1572.9155662993824,3.976802474753173,0
16.19674184534538,4.193327735901265,12.508768198160809,48.36129178396602,1320.0157735599369,0.6234756927489328,0
53.3978870084552,93.20392711103986,191.149472336295,96.7574530963116,1553.8920200704727,24.40282219491204,1
8.760042626276674,7.1883796968607765,33.16933957972718,51.582077407263185,550.4726595642617,1.4967578869891758,0
34.79347714273609,19.352424076083473,191.93835785503896,93.88858377832317,1381.557493843241,28.111344755800317,1
15.812569027162471,12.66912790374451,47.548222959605816,38.51602409927939,662.3461971394518,0.7503925268839994,0
31.875183129985913,0.9388819657254276,1.2059917135393412,66.98969551832371,928.995772769392,0.1668889446756343,0
12.776732451338027,35.54961249143341,45.387171833001865,15.780447167575298,200.0,6.0,0
43.99228915197668,160.62247164163318,399.73722660605586,89.1524254532959,1354.8691211913901,4.082476792762788,1
28.735929430137865,42.77390813321103,72.77390813321102,65.86389296774796,1789.193958676503,14.440266756826347,1
10.77169895082363,24.865174048273634,49.107671578641515,16.60641928882569,957.0631921414389,0.29499071118433234,0
29.91361961364037,10.993228246925442,52.9622228724322,23.47183418962843,940.5560205911996,1.086301610817984,0
22.863551736585475,7.074585245411113,45.69091049373929,41.397559283464446,1673.8335282834798,1.3569174411392793,0
20.07135877168951,21.46526287132961,33.08692516316519,50.13077822571951,1562.6716321152603,0.054078266696044076,0
47.521236155257654,217.05230920837013,261.43069301303717,93.7464625544618,1462.9585894645197,38.19480142229228,1
11.298182583740726,4.787970991734411,9.610518769732519,7.626754828822806,551.4379129511588,0.18878367594070272,0
48.295453657064826,45.68440006676209,75.6844000667621,70.4302079936616,423.57303090943594,16.11685864434413,1
20.25213824750856,22.322724652920414,172.3227246529204,40.87419317325324,1176.199045049667,2.092935035778686,0
15.057921996796,7.235681604035874,53.80008118534329,45.95499179391113,678.8491582226432,2.7942326778824524,0
39.51039118473179,17.905090908963057,49.34955034348994,80.61475079875723,1050.729995194727,2.8888263078473577,1
8.17607019572009,5.584947354720481,13.601700512996512,66.56641446249833,727.3300884128137,1.5934145954483867,0
10.659412277293644,14.158601526735731,56.54242213331743,25.91959755545059,489.74760868235813,2.7609436389618125,0
6.874379616217405,6.1061678696186235,9.287226159467512,63.127084224390885,498.39482713959706,0.5989288985835794,0
24.341829658681686,0.3238491685277303,150.32384916852774,20.37255844863417,1018.6561664161121,6.0,0
48.27199339233105,15.0,54.49806021796128,81.11430020318504,1821.56320888829,7.346743256033434,1
39.68129793331948,69.56138636547533,128.26299104087428,92.8398307532474,1211.810661961279,32.774642063993056,1
28.521565087822108,30.74367123692859,180.7436712369286,8.093181314813863,1296.6980528392614,1.7520756859467055,0
30.878558368886857,35.46141403652912,74.41727883104457,31.117972997086312,1301.7981197849072,4.053698161415508,0
50.34171693503545,38.138771047117054,205.054271730885,82.58708279721601,1683.9028942297691,60.0,1
53.02050824777289,104.56780717069404,167.59282399764675,93.84092198999979,1477.7609923872565,2.0,1
48.50359332398701,15.0,45.0,67.028220443514,465.72746587966924,4.309487651393312,1
34.18913361990423,25.307694634749033,31.126031231888447,85.27718648195662,889.3837547509903,0.7841251463075417,0
10.301373972368612,13.853528894097645,32.55845413512636,15.26772503377091,526.1397691033004,0.7586056989681528,0
29.792447709058656,1.2638643699667884,75.52711513938158,38.51948470373336,366.79853485440424,1.0616133120764766,0
40.337888363319955,3.817241634995783,153.81724163499578,30.006798285801832,611.8041720940214,3.1797261556373413,0
11.67788081712834,11.15340253315233,22.02042515063487,35.1162609827208,347.6737525035587,0.11422922631409586,0
13.603947324510528,42.54261498651341,111.53489561871262,35.05143276055561,267.80176517158463,6.0,0
29.6735266611135,15.0,45.0,91.21762384376218,1865.9195652315955,60.0,1
26.861753794301766,15.0,45.0,80.4482958222675,1047.98708801495,25.70140517131663,1
39.87191263117388,269.26426476100596,453.98147255328286,86.9669422896289,1048.281084706518,4.849868934813692,1
50.53932076518998,15.0,45.0,71.312176237708,1084.1911398645889,2.0,1
38.113197314708,115.6018698073054,270.58531598047574,51.86741268295489,1404.96080275158,3.291762600363276,1
27.837863486533102,19.84157926399114,33.36038725576031,14.961745258362571,1391.1565574571155,0.5231638303779885,0
55.84118163416763,22.644168753961345,424.9780855458045,50.009505498210494,1384.1812072502437,2.0,1
39.82964443578466,22.018768105714194,277.75829213412095,84.84061742447832,2603.266389656725,33.692665542033296,1
17.39704270086096,27.6946717166327,39.17509747478465,44.409902196292336,436.1068486502014,1.1546795517748756,0
16.10053453744069,35.72834293376906,46.57365048268452,30.8385666892049,1945.6096460918752,1.5489534576519943,0
45.703892420506165,15.0,65.85176887700874,85.74494562673723,1468.0008665869423,6.302363429032526,1
23.100050924650134,2.986792475041376,18.765088795841983,56.52262035963235,531.707240996901,0.15817507872246775,0
14.97388749471357,33.29183315060251,65.28706945696999,13.6323838233506,1108.169320147859,2.3804282322532733,0
49.655025868565225,45.32964832276156,364.3480322233194,69.29246541745204,1446.7617980001196,5.644033164411795,1
58.611681679222535,169.0673094760315,225.1672799447104,84.73614780372716,936.0391146329587,37.241510207107154,1
40.55107071588158,15.0,55.353647340701364,85.31403727051011,1921.7339260475683,2.0,1
30.75628757622745,170.23622371402823,200.23622371402823,57.75373883742464,1123.976132844075,47.659048278923805,1
5.0,4.8579677554374845,23.952415294863535,44.263416724639185,958.705877387181,0.950405553169959,0
20.638103038011717,9.63974320531294,18.36087304821126,47.78739145423419,200.0,0.526285153957971,0
46.50466230438979,169.4966233582403,643.3370421464607,69.51105958028138,740.3132626876462,13.00623015432235,1
22.805527710453344,0.8904515100294977,22.229035984414192,35.48451488635495,929.4876055090707,2.951226070933132,0
15.267665630548723,10.457836886353409,141.15716341771736,55.74364957601118,646.2413735333303,1.671495252378037,0
16.257832193311128,24.24095336983862,30.974965854058436,48.367043664398096,1673.074585784951,0.34746227881376035,0
18.88195596039412,4.353706432197918,69.08265895332552,58.88306314571224,1283.6774921248054,0.5524966887781569,0
50.978112192091565,221.53624275530672,641.6120548143736,72.22195246419926,522.0174303119235,2.0,1
7.311175321899972,6.560231475370255,65.99300865279213,54.251152395736,841.766124136095,1.9311781430054784,0
21.958504838527723,42.137014603059875,44.50352475290885,36.03397105793288,323.50935143400056,6.0,0
50.21224283105023,103.31419513907002,151.61346358104956,95.52190838636191,1312.7363631913468,50.872999605109314,1
26.35266024109803,4.513316573549081,14.631937359261418,28.414844324879546,764.1447083971207,2.3614548863066926,0
24.856567502823737,4.130771234001795,7.030171353370842,34.179646381697346,1354.3204292570463,0.355671898616549,0
42.210574037301505,15.0,45.0,66.86546660204166,989.8225062033293,9.683331379251548,1
49.02424866226153,31.662993585262146,212.81912799417645,82.01023458400843,1882.0930081828958,2.0,1
5.0,1.0244938305517717,6.002339865543105,26.884896149589398,1174.344221515519,3.1033805770441028,0
16.890823688989435,73.12488957873855,92.44352915579049,27.23894005993111,885.5991196901533,1.0782290675936061,0
25.64621924189187,2.2497297635155182,78.80842084412267,33.79610211824924,1581.5928045832757,0.35000500386704686,0
9.64848231220679,21.341580999548285,40.459393519966696,46.87606113899989,1372.9660401505785,1.3548015352089708,0
5.0,23.372064360127638,28.597617639874034,22.83363227208821,771.7840957248513,4.6811144866158845,0
16.930426905897342,2.990864392571429,144.36510879163228,44.29933229659858,525.6014740598434,0.5783146211078801,0
21.25602117298133,1.490955798292291,44.501518483264846,24.036460698110105,733.2381850779917,2.0031874018708407,0
12.894288000978213,2.1517634093473914,8.959078485515814,23.659502377112346,620.9528341384771,2.3322608133952114,0
39.288987030701655,15.0,45.0,86.66455712804556,1465.1710762408054,24.450363962796587,1
51.67251767840129,15.0,75.70497951643259,82.39354151907965,1271.1745508092356,2.0,1
16.271678171209054,6.780810278290825,78.14380427393225,14.533105046307915,686.2935988408742,0.9032957801808701,0
25.672328085294627,27.0027766825503,37.07379979685234,24.971651492033008,979.4817685032846,2.367540914175653,0
33.319266122955085,169.25951190711274,642.763090322574,95.01225622841977,1357.9786981226341,60.0,1
18.03636904801224,80.0,104.6929189788365,26.53717782341517,1317.048350174982,6.0,0
49.14819742608654,37.3735622253935,102.85687756018511,88.74926369259674,1195.6452835066727,46.4663992067615,1
8.271604777300285,17.407825136887375,123.82774330378192,45.20428769690775,628.2430654514544,5.678577676415201,0
15.738832227175948,2.367378546411364,25.29105982642661,45.728346068697604,398.67955650756073,4.050592595111807,0
22.621911737354466,4.64288612800732,63.1562794022445,34.195143052490714,275.5956781605223,1.0977428067986834,0
17.92602996342331,5.023147143691451,8.849888357615448,51.58875185886883,1388.0058521571282,1.6499545732789727,0
6.421478565248465,5.07148012888596,57.835703853785745,35.72625399849903,592.1918324496514,2.880898779806443,0
15.3992551838634,7.756990793185563,22.608311057489797,30.613946518634894,498.84402912677155,2.403090550237028,0
14.121852109390762,16.267261523760823,29.406702437310194,32.09202113474864,820.096655677471,0.11860403267209348,0
20.434409847280918,4.5970805948048366,47.65640511478184,19.800067228347494,1159.7182241345572,2.7785174981608876,0
15.952393221686537,20.443585349846312,68.89424289783034,6.650651979133255,251.23104786191334,1.3989122067263597,0
29.08566361151143,0.9928548795165882,130.83006412580923,27.029409175139335,1236.0702693228832,0.15776591686349767,0
22.50302006171838,10.068054874414758,80.11643077621223,33.055207152569736,385.4926329822762,1.359276418128745,0
23.24986207727918,14.870756504464243,128.7288554499431,61.87945157098448,896.2957378984604,2.201445889320394,0
21.108585098196006,27.31110535469622,99.96819280729872,69.76679621060534,1075.8023725560054,2.1797106411079503,0
23.824141581026154,8.961197890896978,60.361201123950664,48.329837027145004,732.4711370716162,1.74824171315572,0
11.44275647550008,46.88301771068018,50.7129294567939,54.577004733045996,554.5342918707785,0.009751705724580497,0
50.917603261489376,18.975614152223066,217.4385643109598,74.3523490296991,1421.670063265102,38.531900736646605,1
43.51268153542626,37.09613989404816,173.47062957345415,73.71786283217394,1410.2210402254548,33.076401490113405,1
21.41518021676982,3.4842853481336196,19.840151290748565,58.47082765642625,225.2847135374151,1.7669549910394207,0
31.336473362727197,9.235829173821221,43.75035808816291,48.23107935214374,200.0,4.602164650277853,0
39.761597207260664,59.8554403141498,189.46203860856858,83.70256024910955,1484.2869208363902,3.165511156062819,1
23.520368970331816,1.392267070495039,53.25115798691973,22.744005215629223,1023.657667305253,5.351192641689956,0
25.573774762690082,29.51808308661356,97.24976747093565,57.37798203494958,950.1870637159439,0.050133656955327774,0
51.437262725088814,15.0,45.0,76.08437702470202,1801.4538060114085,20.755607697430467,1
32.86064515597738,11.02329024956553,11.02833625083796,71.7741838835664,1275.089824428553,0.24298391065121663,0
45.0,19.840293753634295,80.46921570677036,29.150189406590666,1732.9572634350488,3.6019911670523674,0
36.4358163367675,40.87181464455318,88.81395960757649,85.04131098830966,1422.0418855757432,60.0,1
36.55852408955923,38.436430410444295,377.96489744445506,86.38740138395669,1844.8116920396585,45.09539925487793,1
38.239122015408434,22.9549241314822,52.9549241314822,75.40861147203674,1270.6082189684237,4.019794621823073,1
5.0,0.44670326929037885,27.453454743545308,31.648361521464402,200.0,0.25418478513828996,0
22.12449798772531,40.26188000291747,66.89452699922225,25.364750989727757,705.1156008474497,1.4727311250103314,0
38.88776515844059,22.781363319541917,73.26808823775886,82.27239560320574,1478.6282044550571,5.711174209343754,1
49.790092677756995,37.68382588322737,102.12755034387379,90.92654362178992,1386.3983199670395,13.96003686022862,1
34.86151874531359,8.440445801483145,12.208323155158725,22.851975268750625,205.40174689584842,0.8259639955593563,0
43.51794667783307,15.0,144.9894218723507,82.98538374646586,1549.3043116842068,45.13116828175592,1
16.5977443100004,13.648131983239915,18.96285132499926,51.53687616484308,1454.0595990082938,1.1970932519878823,0
49.161059044825905,30.366263076163403,242.48643984456464,75.72533927957242,1004.1070940750113,2.0,1
45.0,63.8363392299621,72.11357979855345,46.69905568182593,1057.0077016567488,2.3849488679857576,0
42.354132418660505,300.0,412.087009823302,76.50831304003269,1788.3920054077107,20.860017112231276,1
15.757970597024883,3.031806001866854,3.491887628278359,33.23714759995529,870.7854723887633,0.6488010168197184,0
17.880651041640654,1.8070079788472133,21.011566578089003,16.356195794149443,671.9444639113724,0.9803333360324835,0
24.484845680124618,16.09183754176008,67.06505602769602,62.22628261842623,562.5085546614591,0.9871072830642543,0
5.0,35.209976432354644,64.11005702015746,22.459978260885418,1039.9515195157703,0.31021481246973864,0
50.16103619664557,214.26423153772805,449.88100024301457,67.21860640476606,1851.0856826543406,18.66554260788379,1
19.947155238697118,5.865554307308326,21.158120617852006,48.72037799244359,545.244882299407,0.041629395913878896,0
34.990166012462915,16.065342490403076,65.13894397734177,21.66354041874832,646.9373414226077,1.9179254722992691,0
35.36224846723992,56.259702090097235,131.11240510448158,19.350842492173076,604.1692868666037,0.14957187410082756,0
11.420630274915844,0.9970587743067233,1.3103259919749193,54.98017445020839,800.3001926473105,1.3954713873865716,0
43.2469401147986,16.284657462538874,91.01375805977696,87.08165878478427,1804.3559385876715,6.069006793550356,1
21.587731420721205,29.500165509329637,111.98525568380313,35.91692265266736,970.1555244774564,0.6080038232387361,0
6.852447613096556,2.4885381990661184,74.14398100893986,59.94565501182995,864.3764394991261,1.0329835064130108,0
37.134712296339906,14.52715171448341,69.03405371690847,32.752881980136316,1296.3000918377277,1.2898614153014856,0
16.38884142922289,5.705918431782899,40.82767200018034,47.060914591355214,1879.429770575644,0.024789369847507303,0
12.661878776420622,4.992031440132253,17.934650392617662,28.117907694524334,1120.2129255595048,6.0,0
40.04846948003628,39.713820159523564,90.33778246249047,34.403453494162385,832.7027049025527,14.308131112389525,1
21.427541102703685,27.69034316157345,32.845024573087656,61.21965809073613,949.0771896255845,0.3677603317072433,0
27.636324535710983,29.757137394973014,41.911205916878636,51.01484831974103,1228.8380648720229,0.7661082521279616,0
17.02684135522837,12.83622374941647,36.70789434944337,24.792646301292297,2171.6668367903303,1.7853851513333936,0
21.502844575122623,20.215119645920694,91.53145176389239,47.754131932349786,1177.2944693745412,0.1206825209362758,0
14.889669989698515,3.4189365655764923,11.811604656807809,41.195920772402815,1226.5584228721968,4.935377647338119,0
13.757873356633128,4.4672861303647,135.06314042778283,43.15122767298378,1377.2166489720755,0.23281835697258246,0
12.031673904196909,2.594493294740137,6.662955898863093,40.57693959603101,1195.9396615805344,1.5482283898871547,0
25.917257545861435,6.661732396905178,35.340718262394894,38.793064825693065,1112.33681217703,2.7797676467855825,0
37.46934386009133,2.466205596623952,22.381822985543543,5.896922322035024,393.04151194872856,1.0802021570803706,0
8.439124546947781,3.8527432281909277,40.685760577775554,9.894085410735425,200.0,2.2436649232936006,0
16.933933649013508,10.377368949853178,27.9674445076886,18.881513539640114,544.3078008372767,4.163192052578952,0
23.005580165263783,12.279699724560128,15.457395729027807,42.63461857336869,1201.67591699058,2.9372508104198443,0
55.182350871739445,62.10118448248671,188.04278760025602,92.55218036633585,1061.8639768654396,5.77381852667388,1
40.016193635018205,26.343167780598435,56.343167780598435,83.4814272594609,1394.981235254208,6.212105826750721,1
48.30988839505358,44.4293182297298,74.4293182297298,73.18088184398394,1579.8930296840992,11.80150373766152,1
37.328440896161865,45.657844842054025,63.942485531995025,12.666852294098652,749.8160230663887,2.5586052719131422,0
25.315881228813417,9.12280098224575,36.63261997936717,22.626752408057133,236.46935976520172,3.2330287394767607,0
28.87336129087786,12.167767313507623,30.620320885144622,21.223404906885378,1227.227365735242,2.5360917064049198,0
20.919434661471932,6.293160699464765,35.15113943380431,25.465482537591992,1185.8607230920475,2.8908240144451924,0
25.99543106863038,21.015819278879047,39.209859807697455,36.41521884190597,1726.7455858861806,2.0829162735896403,0
50.863815127663614,15.0,45.0,84.403866742579,886.6128318864186,30.504382455234428,1
29.080401273734413,7.0683183269865735,10.88995688655813,33.99230710529748,1682.6645101549236,1.0412931549947382,0
24.1151744341688,8.175424269548943,14.151611746019832,24.892927851515008,1066.3050566468926,0.46763599985477844,0
25.099830014866697,10.044143172491507,20.686783349475178,9.18527146566331,921.870651941347,3.1921456596928204,0
14.13127323956828,9.836863039464772,52.96886708527016,36.11202805896025,1371.2967601723963,1.9184860444434615,0
45.0,10.19491765812712,44.70708014314645,12.729018418415396,580.0539533518314,1.2940529049773482,0
49.13737697698598,47.17913163048388,77.17913163048388,56.834031134364615,538.7761686569222,21.66368778871466,1
39.01936265775141,15.0,45.0,78.580498973191,1804.0595185322952,21.109258284324447,1
15.305117334119133,35.90115180413072,52.31953632016264,26.194444605596377,658.81724322446,0.8196323180805849,0
42.21823525067116,160.05378434286033,284.84921935036795,81.62791930237174,2002.674177587028,2.0,1
32.47705334310519,47.09620790269871,63.11848391572365,43.11470385949131,1387.210246494247,1.6630023389000195,0
29.12946812446446,29.557261076394933,46.365151081348614,17.180398830270136,1640.1193736909452,1.2276072664338034,0
19.817614485742634,36.05913942064281,42.218122205277645,24.79248843728577,200.0,2.423346609930191,0
7.789109178572671,8.529671452613519,44.9945812233286,39.88109145579134,647.0285604428942,0.6441628418366937,0
14.426041096362525,23.382646996971776,48.77907159118354,16.013700828949116,200.0,0.9859579844736075,0
16.1273524989854,15.25590630513319,58.00537161826926,33.321784799928665,590.3332272814339,0.2839803807461117,0
33.0947917647032,9.40433568563983,32.34561155696275,21.878655148857558,1180.5319142117,0.535985548812523,0
5.0,33.312557020177174,35.908861442866495,65.46250790753228,253.24088147853377,1.7336481998446112,0
19.234260345694224,32.644331365297894,56.79614300431582,21.94378151294731,287.82596042776015,1.8411451187134116,0
45.9549687072393,25.506531358298883,107.44263499842484,92.11386210272453,1850.661441813228,5.055396965275229,1
17.063065259687733,33.336489979435186,88.6755431537475,56.04068326165351,1217.5138797449843,0.9137335840536952,0
14.721997861862661,8.871176825490439,77.47108725985811,49.01110971405076,732.7584817275009,5.152117523578965,0
18.645433108537947,3.683669365254666,37.33599584223506,42.921450447244716,594.6078315090358,0.47485404335124026,0
41.859942454905315,217.93010902064145,247.93010902064145,60.105111886448505,1426.7578594778058,21.90091582617607,1
19.03227206096593,4.404895251276577,38.55313378085298,24.94434655975861,537.5907839873179,1.8969141449852414,0
26.05723017364947,29.98928881277347,79.1996005509449,70.98006878954506,726.783019442569,3.66963726441796,0
5.0,8.08828987184527,14.197998662736705,25.748688185526134,1006.8329426546649,0.5760823909910375,0
52.4220221732986,15.0,45.0,83.24837518045095,1105.3223714603785,2.0,1
24.02221697724368,8.79686888397538,47.12259157535593,12.144546322358801,900.8707443906264,0.01614752653985157,0
25.075059021263513,4.297624508382,55.66553705894146,31.330528412646743,278.0229477680955,0.8626796313061958,0
15.974557700330944,0.870440137422748,150.87044013742275,54.251419722189034,200.0,6.0,0
32.93663921507306,154.6214036491325,258.29393208169165,66.40580909815577,1386.4100797947617,7.656710318379089,1
11.754486634397603,1.710165993166617,68.96841521432361,28.10930471991545,763.1153907498101,0.3557260885203244,0
5.0,4.988580570770147,13.159411723104323,50.76449152387921,442.7173246462496,0.29140108351407434,0
25.230836729219607,47.41658921532445,99.95641780040647,41.20942072069983,1353.9502576339598,3.213737185153895,0
44.72850672168841,25.829830233733105,55.829830233733105,72.86023561921664,1464.7950888099037,2.7327594637345376,1
23.336784689135435,49.96024367389297,51.07063044928056,35.68917953360439,413.5152370396273,0.5453915861446191,0
29.356589360905346,55.84150233190738,353.0659664651364,74.96975605783452,1027.5643079052854,5.425881192720691,1
46.039748609522775,22.086345931177828,254.60715762790153,66.02571884937922,862.1957954864564,13.780331308979981,1
15.321047699655765,9.616642929585629,147.29693047040348,40.263039484959315,529.9058716603167,2.7898482063685135,0
10.856431199394867,15.579806924358564,138.08223301375298,46.98154115597298,1373.0201640739294,2.361723724562281,0
21.15296389678891,0.04797058791922383,88.92947875497556,40.77243595755496,1011.9777548343316,4.391640394542067,0
27.33939458473084,2.357554706468102,74.46472861725867,78.31721071743742,200.0,0.5861830703682899,0
11.875173184104677,18.004853478765238,110.0003050010373,33.6588989571412,1499.4903201665302,0.7511523772475,0
58.67725357425415,148.0311232792466,178.0311232792466,78.14896370389057,922.3545902774525,34.42672763308063,1
16.653629694297855,16.659352353639015,16.94777957587777,71.0649374019897,619.0164319291812,0.8012768580975892,0
21.25301070273384,20.80856246702429,68.13600496499977,27.866687336137257,676.2285078775426,0.004562906296218514,0
12.172435843794057,38.73882620965842,53.0559775469716,33.80061296546045,539.925042760113,1.3159981132194418,0
35.56026970527262,93.09845942008336,123.09845942008336,58.429896720868236,1562.171405842151,21.61666692530529,1
32.73831124401056,77.8943207580226,130.31134740304304,29.35726555149288,1354.6374437217562,1.0537569348901763,0
10.487275808633035,4.9823977590450275,22.527545981451308,36.679646921147416,835.1313057415799,2.252292642830081,0
52.79640214087441,24.558129353604773,133.26956395698022,92.95661855419475,854.4307678921726,49.10902874830454,1
44.04305933282495,86.02291498802907,368.8615788480613,74.49167218760047,1540.003133575702,4.206431496509539,1
36.66229798706533,20.842356027529906,131.12410816868413,33.13710465842568,1311.952720820681,4.940362016552533,0
11.871691129477506,19.78454169096996,28.932676691314022,43.731762451298735,989.1416895411794,0.5076296117576252,0
46.712279839097974,47.21398274300847,169.2165542740069,68.94300573462824,1664.604741545242,26.99938870117627,1
48.44593655977516,26.61387575232895,165.84876404297682,67.11954261893503,1095.2972532950473,39.31374032394688,1
28.603521360390573,9.903853802649781,41.452861371341555,10.41602042951254,319.78194772343807,0.836060300310839,0
29.420871381654486,11.633515015356087,118.64092658901932,35.85795675539699,1276.1426002365172,1.5213365492415352,0
20.578617962857777,14.001812369998744,79.69330462014109,47.863348291683984,528.2185328956859,2.1734064428491755,0
29.770882430445067,0.2365809071939157,118.39937772560364,56.41710379709238,930.4798771201265,0.4359986620893263,0
15.244401164849371,11.112576828202325,17.831766421299193,38.190733034416915,851.2158927854223,3.9701791476170145,0
60.970962778223125,15.0,45.0,64.81785636283996,514.3828100961374,16.152615607812983,1
29.464900228734827,4.621635614936019,94.47082690122686,62.237629282019526,200.0,1.2747498828235257,0
52.00953327172743,47.27970612339113,77.27970612339112,94.27432936681821,920.1326398832932,58.69794766713383,1
19.10838625109783,2.304715604255571,61.046757193556004,29.412100652189586,886.1614032176414,2.2321542584689937,0
46.6061273001096,156.58323464879388,270.12187149240026,82.32335784401398,523.1616403618691,24.124080783182247,1
36.56501088728092,33.40961980383595,156.38494130720824,52.31897249857386,1005.9232769708003,3.7098506888485874,1
12.33334284903356,1.4561673638229986,20.36459241315076,32.4430057809425,922.5804021133185,0.09802664025168932,0
47.2723686088824,15.0,112.28304359615018,88.31255139348788,1463.4845582905177,2.0,1
29.852378799937348,1.5358654508802867,66.86323019029709,48.76716956326588,892.4651103048112,0.7356429733384511,0
34.63425629437063,4.4061302063290935,65.00475324215063,11.992362537788956,1222.2925856015866,1.898449597286227,0
27.064188883043414,45.22253532400483,64.67587269812259,3.821201388897711,200.0,0.2606750421735894,0
16.584531928530904,6.33471534189934,18.363446420876926,29.027164094274227,592.4867489705596,2.6473642736321543,0
39.075967652928455,4.016531659058317,118.20136734447787,33.96118354634511,1003.8917367112238,6.0,0
7.518310677997437,35.92441650179517,46.065688737384214,51.20454460354953,1456.4442323888786,1.088635915157214,0
24.29744513803526,5.960177264262788,26.070254019169916,45.54264326869628,1204.6450955105524,2.1460643393612475,0
5.0,26.669486793341637,62.44849847988323,11.592895296649761,1103.685926940152,3.4317595661891853,0
26.431075365918815,0.17762153434478217,36.47058265595399,12.810795550477938,1075.6409289856415,0.48216193111439987,0
51.41218294725651,18.101472315643154,48.10147231564315,60.350764602402194,1371.2447813071087,18.028947068435695,1
6.453895696889827,31.523505684182233,76.06366789823346,68.70204696562963,200.0,2.5840920837586605,0
28.754235561745105,4.162227714796947,25.45863004380724,56.58519530353827,651.3952449867372,2.987506635772,0
57.92332629177569,162.2319028017613,239.91638607455755,47.14406698213174,798.6197858027373,5.592400314334027,1
43.94642532887636,77.05350787804527,117.79824396215236,83.40267664640983,1310.47118319609,33.21407338609711,1
17.549940872945186,7.503226043224844,89.21922503380935,33.19071240866032,950.916172455556,4.7370573339663995,0
18.123136048725694,41.551901562064444,49.0351660581398,41.717851740383225,1001.4382740631368,0.5248795964487646,0
30.141837665643322,5.294639550478274,56.51548377478246,21.367690275166282,969.2270166534393,0.06608567687897426,0
31.865545024632766,34.151742235361475,57.49079885762197,43.12615286134133,740.4987150895281,0.14078231182801612,0
20.04015264099748,15.658358706507817,99.5065183889293,28.501330760380185,627.0751944270282,1.2640254354433924,0
15.597946022233884,4.047745970219083,13.346685918248566,51.765687360625165,1455.4288996832852,1.7436893428353923,0
11.15007758981217,25.316983042852247,93.30580652451947,35.522034809698646,562.9042062590489,3.8669653119702643,0
32.387583563789335,25.67111028018638,48.431802101375624,24.98083695451698,1254.2792223090737,6.0,0
30.952707409097908,11.372885515823242,56.35840257949241,35.315491969863785,343.7402251266948,3.3414163101900445,0
39.15310520663744,15.0,76.96890844819742,86.84940940352695,1550.2621171495655,9.26230825597538,1
34.57101532141421,22.439754553925408,286.5856878482531,59.994460110289204,2296.86151823438,60.0,1
39.167696811931485,15.0,171.04195179204376,83.95047627687356,2311.6565708863654,9.009009731899463,1
21.328523310646744,4.875066295024486,47.68329830897501,44.22816642440105,200.0,1.9134712911942535,0
40.56345220579557,47.54716696142699,78.23985302585685,91.84549790767417,1436.3231584998125,4.905041666769377,1
47.87801317745306,238.69321882139167,374.2207650270567,68.42500490382277,1758.4685438907395,2.070220658680912,1
20.057938525573125,21.6072871503949,34.30724635546253,10.362902921226443,822.1401325828554,4.444849773767464,0
33.672064847183506,15.0,204.9410651998629,93.19758974061472,792.0201221776515,4.256596120953294,1
60.81516364083187,194.9616706273733,247.5112246324062,82.6302826688756,1487.550003139609,8.77523049388274,1
17.616805093692093,23.222284799688975,67.75638116783887,37.05033133757633,815.4557488541365,0.2092727109246651,0
7.049017220440977,6.54321239872099,63.79978568657471,21.85396094820991,839.3275074938501,0.5568465330259487,0
40.627556713542376,15.0,241.17330792546377,76.08960088313032,1343.4823723663628,7.916479982550678,1
22.41034485026341,14.579075311328742,50.861707595785006,41.92888456753865,506.2203175321101,2.916146848369754,0
35.12400897244392,28.860140188552528,42.77163421989775,16.50329597923125,1190.862098497074,0.9893797799773302,0
24.70401730321116,11.248057628502607,15.24842671422808,39.456928146842415,1666.9720622983193,0.04064618756729427,0
40.57287992468051,58.85026600368036,558.8502660036804,96.53526442587001,1627.5750235366645,58.06345703396087,1
20.925246433519316,8.735481663847185,10.778239805697643,63.66793293877571,1441.9835526149668,0.5887216975780311,0
27.29207588165341,0.3554669648451298,9.379359714540218,35.253954001790476,453.28347817609006,1.3150479199124938,0
16.710345215583615,28.65269819595064,51.65940830098128,17.8888627000834,1017.9542611441242,2.293145587300223,0
30.618912344331328,15.0,150.7116848942458,60.79156826296502,746.6405224953775,2.0,1
5.0,2.84202485958435,63.36476551507754,3.0235436435239635,1382.4815646579318,1.2542056981967444,0
42.73155892417753,15.0,135.11254910434172,79.37339046684826,1648.5181776547672,60.0,1
28.24212222586505,28.710454627999788,33.26246415832624,46.338588100054366,652.2677006221307,0.012234571030840266,0
32.46263038181405,32.030763364371616,34.48254830259759,59.47519078499768,989.6787943563558,2.480156860272234,0
38.71941853508673,39.32748814883107,84.73207243314795,27.808833251535397,1212.3491561421163,0.4188924022608215,0
43.87220188810997,18.992250875623288,116.1149325924314,92.95130352687315,1776.5652873861914,4.275745320923634,1
5.0,28.462023939302817,76.69336647699754,38.28255061920259,670.9399161068883,0.3533407970365918,0
16.83557283920962,19.09394680620801,21.64026268928902,35.98149562904976,444.53476020587044,4.556020157513661,0
24.378507208346658,8.217581301424593,9.110691905753752,36.85676406353146,200.0,4.451169367642597,0
46.62275792215784,50.658406045708524,237.08793202795715,66.72974876541755,1721.3260918875771,8.06030383268224,1
22.499725491561936,30.129501682538077,45.288585076507076,25.419239759440387,987.4500027921133,0.3603856533459113,0
34.01569152428172,14.04550735046543,57.71670631486749,61.53900794035599,589.6576695710131,0.24279435216977377,0
19.879594204063938,4.462732549908234,47.19684048955223,17.225671268139152,722.517934896305,6.0,0
33.99405411684303,8.232751490376208,118.92704264642954,60.49736231087655,1033.3405266204106,4.07563883180496,0
43.18496492577112,15.0,45.0,74.08749176206383,1333.0841356460887,4.0472611777568845,1
14.472238607523614,0.9404601263820089,55.3313500801795,47.492671113200466,990.0458336897426,0.014476037748632455,0
41.65864471541698,9.523817016423317,134.35739558027493,30.18643291771309,1009.9983513347564,0.7837214389792371,0
29.65266206150983,8.290009897899784,27.320839231491057,23.532072718520464,654.1146832942406,0.38332258022792864,0
16.504128315587828,16.286742388265264,50.702923644886994,48.83150985589854,1235.9234830884648,0.32387833245544034,0
40.791865744889314,27.598887427431503,184.46268590655978,37.02949479314575,1768.3768548399232,24.723231624374144,1
46.42132358868146,39.187441323070786,134.4228974559764,83.94024621370771,1333.1458402106289,2.3170266904790946,1
39.92754706820192,39.28034916464018,191.0731060147026,89.94753374217834,1571.7074044663802,6.5584082231655145,1
23.585402290927064,14.00946604488937,34.901213928372435,56.473536909178016,769.8451731193985,1.0713856092012395,0
40.55239612750599,72.94082559741318,104.51186077361464,82.32608986264522,1072.4820661141152,4.206626024262594,1
27.630387870622574,8.927724500435374,134.63012754902007,64.84761884984323,1079.8246621105998,0.35016191007179315,0
32.27791201233382,55.52594878452526,138.42600713373622,54.78007386492445,1015.3692241215132,11.46564752974203,1
17.6321287130533,25.251176602877642,36.60217290301881,14.874853414347758,1268.8574752783052,0.3578090309929927,0
34.90684325112652,92.89628885107852,122.89628885107852,79.81934145032935,920.1393282209001,2.0,1
11.239591230782846,33.51449424463893,120.29196305934943,31.88835528253877,1261.9318515624202,4.01677561167458,0
16.44834190904772,1.720354995861735,11.640124192201135,45.51096089022636,1219.6052031721947,2.0559155596389713,0
40.7073340490584,35.239405066661824,65.28714286740384,37.951734856250255,1429.008426370021,0.6011720720289806,0
15.879902355461258,11.993090022366914,20.62468925136958,48.59498825613111,822.5400125471382,0.28724616634597583,0
26.590384768433893,12.167280660395102,41.081789670294675,43.02428687671582,200.0,0.46799262811329256,0
39.28799573370734,37.743509111817346,118.67717459056209,71.59151516057992,1219.8388668015823,60.0,1
26.832001183251727,7.932964830097097,68.60308107169662,25.941180043280237,263.6595303235588,6.0,0
39.46527155896734,175.35532000546957,251.51047077335505,85.85689482075448,1684.770251019167,22.168481104908274,1
57.023709505806856,35.69067978865328,535.6906797886533,87.8134301100268,1261.6326872941368,60.0,1
35.185440460929975,11.554547853830814,20.505639664168925,36.82176650311059,713.3200512399618,5.8970186893856935,0
29.5000408161251,49.83859477877095,63.0252960131388,7.457834104027067,516.2958787440198,0.22377075069808008,0
11.872605399662206,3.094726307791812,45.304594289029275,30.78152154859149,440.5026657309768,1.6211836933035002,0
36.15740126593647,101.79653437428823,236.33762270251617,74.62368221521056,1685.3049919111045,44.70029849977314,1
24.9411450174574,1.109632669324695,24.2625232243591,48.80793928359562,985.3834496558366,2.160674636564793,0
18.186822913386653,0.25872393595416415,42.253562403399776,51.825560939104186,765.993162114808,1.4914843968358542,0
29.094625351600172,15.0,45.0,95.64767089758365,931.415374028308,41.275607167787044,1
26.913651255265698,0.8803837484519987,28.271057222011503,16.536382405985623,1300.1328329428143,1.7003696780442557,0
20.330580566122055,1.946580445787132,12.474237468789463,32.80093485620177,976.3492713946666,0.09298109431603054,0
16.852151734063685,1.2298287160744967,30.488989816830763,37.084855540140275,1053.8714584409931,5.207309614184918,0
14.545207948703808,15.696388609013148,102.63367672934618,49.9073187167676,1007.5293822971719,2.1079603976348524,0
48.88130324432871,160.57678802622783,432.68563061586156,81.31874367819901,1281.6097860372197,22.26066735316337,1
31.949555316539072,15.788939249201555,65.08742365216247,58.79736493949117,663.2851898277925,4.900849117826442,0
47.12337347676602,15.0,46.870219021956515,80.11993139994324,745.6622119441403,30.055585489497,1
19.231604596323304,5.872286224252508,93.18040700423593,32.19936899674526,1161.0384426818828,3.0648030775027557,0
22.058438372305044,13.906193355551475,17.764324632684524,20.52711700393232,1006.735190412841,0.8986895446912171,0
63.570289432164884,266.9778104510955,593.0576702821127,88.61251579212119,1954.4846216458054,43.58805259186527,1
27.12321512769487,0.09217006046583617,35.83227625837864,32.72298344394195,1347.2176968351616,1.8877857942360239,0
23.182532422748544,5.977095273944249,20.720838026903756,35.08707062682011,1528.9887906479048,0.4991484326100365,0
21.23733890842871,12.8860404056926,28.74723160651289,30.402732453630634,675.902684852801,4.205482082115829,0
21.59845082638478,7.56217001504495,28.691523195504296,36.772790651280516,1936.7127243006596,3.488998163451897,0
22.317883936561884,5.960934223769603,42.73060510901789,45.87943399692217,930.3819058866703,4.14296663830892,0
33.218163942263104,1.3255815217740898,2.028536868922547,22.396157781101632,1013.9277052217041,2.239987027333237,0
54.91430240293846,104.36017194094661,159.68443845945657,88.90989276856544,1524.526142735827,8.341823948111081,1
10.909989571231586,47.56913210021255,140.4087233395051,38.039887799607556,491.5907936920336,0.559412726670305,0
54.64077067689427,31.554416471730377,61.55441647173038,90.37731571947096,807.4652728246919,11.274150198665836,1
34.865369764879354,44.16807619273755,85.36131192323991,86.39909458003348,1137.9061448751459,16.601241158585374,1
32.2985748227313,23.172528151714708,28.648900727179186,20.085514390349672,1236.82442867597,1.936687110457501,0
16.520746965409757,10.540532146565578,22.58324512950884,59.724082983395746,1072.1532038868158,0.03399745759534765,0
46.856339096040585,16.032230679427908,125.86829353529714,76.25282731346708,1035.1316322657349,27.91848073214382,1
49.213017036332715,79.1318472322899,137.72996853661374,65.45089793980445,453.903218392907,60.0,1
30.026955965502836,11.03095009314529,50.18058180207488,42.758615708633904,200.0,0.46054600375201676,0
21.034543794839056,1.3315634166183736,7.285131547364647,34.74806942395464,547.506556217478,0.9530614134855068,0
47.96790410849438,111.07374989850479,505.8204474227841,80.25691302495136,1567.3158029486915,27.367776973543023,1
42.1330810788348,15.0,182.79345545518166,83.03962556915047,1301.2661549034142,34.291718914121574,1
32.58566774311496,20.244085784898786,23.494150234546673,45.15693557129266,914.4819255531095,1.7741372095703314,0
29.28001222828598,20.035783196054002,92.36752419633594,44.2377496160688,655.9980773998516,2.1475453546879284,0
32.69207973994316,1.1774501432374616,53.79367580557192,35.6438518114269,200.0,0.23372305212255964,0
31.17800947782076,66.9144728354361,139.47650049375977,90.4349823893897,1926.3565471624854,52.15668414469739,1
23.016594919401896,25.351068820369015,175.35106882036902,37.34515105972879,200.0,0.9311537617339843,0
23.77866619866629,9.221347106208158,12.520069774057955,31.834627046449874,367.3651340881181,0.8122864640296017,0
17.53303960712158,20.95686656637984,56.452392674018654,44.727596617988816,777.3241168576349,6.0,0
30.911092708734877,20.180046700549045,46.34128764549919,8.229409409687152,865.5496452307052,6.0,0
23.81020909407433,17.91689934123707,61.62483087726427,55.44395285419617,892.6769884809677,1.9860591937171095,0
28.571208291090265,0.42819165149034855,13.187086630072063,21.073004383868245,882.6321821547104,1.5208666191555191,0
24.13172509115291,11.230346086463788,27.604561214712255,12.042543786781922,725.635977105097,2.3631764974114384,0
9.962955920300553,33.765046974301306,46.69461449952948,26.751351269502326,973.3851673554899,3.1150227411877447,0
32.1652196547327,87.07180015320547,209.50009617484642,80.48651411845867,871.3378836808023,6.423303082867028,1
12.201995792217959,6.621952338256433,29.001060863229718,39.836163369524485,974.3131927023105,0.9723054986223116,0
32.95464587192866,16.108275565780367,42.46003509809111,56.65676034003824,1187.167390546657,2.296641298056352,0
18.083932873613488,31.44570863712859,39.78726504231162,54.62657616342164,952.1304049012462,2.4449485049118422,0
31.570220963318114,11.416252914127893,20.589185353373033,50.83204422252236,1246.6697530328893,0.35858929763988057,0
49.64677902547257,36.476615089605694,71.87472600488312,71.65847849891111,1190.1595816657095,8.517918228409517,1
16.716172568954516,20.531284729527396,21.87914686555977,53.534200141097976,773.8653217912614,1.6972200146405785,0
37.43239230485189,192.65503053356434,222.65503053356434,44.769034228367886,1041.8064603819262,9.305292965166085,1
19.629658550451765,6.979250214060921,87.32310703903701,30.445145452779098,543.8835250702263,6.0,0
18.559494389026682,9.291442310641578,29.615177639550023,26.04130881887357,1717.5350429173864,6.0,0
25.608960375329914,8.362232028791917,25.438949177671837,25.808337945525178,316.76571408687516,2.288479721300075,0
11.498327707039028,5.643315789192283,46.11467803827415,17.578382282915808,320.537173857169,6.0,0
28.42807522292879,14.153987576103278,114.03863481176718,45.8318868698094,214.06990498079847,6.0,0
32.4758526609665,23.395001129070685,117.09827355171046,81.17144242089505,1350.2034638857056,2.37409846318371,1
27.51368385050192,16.038530726797763,30.62131969184207,20.26498999705098,445.35776766369395,1.1856977963596742,0
5.0,22.670704116707284,89.17467748124376,22.049443331999953,938.5899528837157,2.671552083648812,0
29.30043006175866,10.306234341916669,39.257802251963305,55.40605972086334,971.8571530938301,0.7997328062064302,0
28.855042080167514,3.2716963161777906,4.616925814605578,60.219808701280144,840.9737584202169,5.012402954975722,0
24.591989340543847,16.0759952452215,24.574719719338123,23.50010566096003,884.3887186655419,0.25782050674568796,0
21.930825411500923,10.027025944179327,79.3775940754604,28.601006224181518,1444.0919093406083,2.963635675207644,0
41.917619858054636,67.44002350002836,97.44002350002836,67.79835235802739,1523.9547660959288,5.235536013869118,1
22.940483307947662,10.527946205608472,25.24453914312256,30.6040430391968,2059.334940593623,1.9556250538922701,0
24.631676043110357,4.792195544907599,15.517463047082021,35.60172105146255,1389.0958814998537,2.7961699150578543,0
53.888921378031256,66.0664016958935,96.0664016958935,79.67368268756522,1392.0743128068364,10.267411925548492,1
30.65532329076893,2.33244416833763,20.24344681467931,32.460110281005235,1084.102572092879,2.5212581613705707,0
39.121482637623906,26.40882846206506,308.2414019951102,80.11511424923154,798.1075930281274,6.507228280203558,1
27.074856203643492,14.891809441037353,34.931965279257625,30.409604549968215,992.6736339945413,3.3198991997468217,0
52.16648809791157,232.30717714365215,286.6853703025373,96.05623519077595,1799.2508493300088,7.880450049544824,1
49.469508971042046,38.01026286848979,304.5985384895111,69.37386702776901,1117.546341832622,2.0,1
45.5801918859838,33.23599109285281,63.23599109285281,85.81972900628092,1268.0253879657525,17.67947940894427,1
43.76713198943403,27.01876685435046,108.18927380250544,97.01249843094266,1710.6266575953605,26.811703577579554,1
15.649626517223005,47.08530534435981,54.027447944783766,26.725077047100665,1161.8742019923689,1.7664373379021396,0
6.451629324774451,50.84698245932307,52.76826386416983,30.339224623515033,603.0965823891095,3.433519309526848,0
42.650507900061605,15.0,45.0,48.34800244835443,1636.7794513775118,15.652967390329398,1
18.695097593496854,42.71042779271948,55.523957596124724,70.70400020501009,1107.8673828043802,0.05969930119552298,0
21.71807356960607,2.9513971310249434,16.64535355092063,22.891407670847556,1261.3010976860605,2.202527366713008,0
31.457020529845735,15.985998930717159,67.58130730240444,76.24200365208839,1630.0162370537344,4.10008495587774,0
27.97336263143553,26.421000217523787,36.33745362852073,15.249562273168731,343.37400240025374,0.9463400066246747,0
32.78700518349167,23.442891436888132,39.56123060394208,27.118067183919198,769.4528892227457,1.023700651481804,0
24.13447427272393,13.83794575229806,102.17741146723938,48.63613884502324,200.0,0.6694397427431128,0
51.11060856954855,48.03059772944529,251.17220705306818,95.59764026505395,2154.454135566354,47.92169764478175,1
6.1658679523659075,43.2864456888628,74.20008199513933,45.7575126055869,1066.5702970723096,0.3080777880382635,0
23.889965225242133,0.8260224197344738,12.260926209438944,68.90767430940707,549.388086880271,0.41275441765901627,0
5.0,0.39854847586322656,3.729891598029046,17.749347421534324,708.314538919358,0.1848522798122823,0
17.111038271431873,21.04398723084459,22.137066508797894,55.92406433124783,1189.9860634857723,0.43366949861734416,0
47.862240420078564,15.0,368.7104524634231,64.9258207745637,1887.2394494018554,2.2313277171607315,1
43.51838270047842,29.180708657805386,82.43840132694952,49.85418664536284,765.4028713307479,2.0,1
29.236359455700928,30.09636296611522,44.23110979148452,49.44197553859863,200.0,1.1721879301940274,0
50.46274194672836,28.404118825494823,80.67322500730752,71.68411532330119,1195.0743801247052,29.806644532873356,1
5.0,4.883932901850417,111.53670680964865,31.698441736912784,451.46584484160667,2.434175547479354,0
25.335158197285658,130.4436057717005,258.45230204015854,83.36000268328128,1462.2406943021488,9.846719851076987,1
40.594385606185384,15.0,45.0,93.35058287288471,530.5153799166592,16.44806863930085,1
43.362754476196955,89.80019085899107,175.76350801368454,72.93655394906372,1375.2291671260828,29.097692038588974,1
16.775185589309434,25.926385874901868,58.25353076085274,33.86606349086932,1388.676540012822,0.7528941127934359,0
13.59961382614316,0.7674059955763454,5.02165283692452,49.484449274769325,698.4417449444206,0.007122729462917099,0
5.0,10.96662147551052,16.688889849887406,60.257839892211685,951.2976930947483,4.556397547272564,0
34.395570263213756,33.914079232939756,45.18356391612778,54.8983531284293,717.1760020373704,0.08910518967241089,0
53.86325793445533,182.9399298152116,212.9399298152116,84.25141441279949,1097.5316433732573,15.426361138223749,1
23.949297028600157,18.802243978625047,144.322048119938,60.960406969333526,384.1965268928192,0.7056526471947763,0
23.457864630606856,73.57332417086596,151.8612129790281,76.90872061379993,300.0,2.0,1
56.38766444228929,85.63471185121819,115.63471185121819,69.67967949372277,1391.191778579061,4.606326817986025,1
42.9010982335991,30.53028741682097,60.53028741682097,86.10912205860157,1337.4224418422946,11.029734497044725,1
39.51455539060306,33.49393201613439,63.49393201613439,71.79630821566367,1082.1181528628535,2.0,1
43.55853183780102,55.76188785129735,85.76188785129736,88.25533122942403,1512.8970462263972,5.1593419062213295,1
33.79749247669149,11.52450275465892,31.490920155944565,59.07077403556473,1642.2274339412365,0.13522609533354582,0
42.93197666864453,38.94226040906901,369.53296178423875,74.68719269952018,902.4988539664772,18.968432466743632,1
6.013004896540906,12.86646904615097,67.25116896878211,20.740692624161333,576.4950454534346,0.4831477809640405,0
49.650422785108454,51.88442454323999,403.48712748236926,72.12312423410599,2065.2135630012817,2.0,1
29.693287855959234,228.0144269597519,258.01442695975186,62.67524099163554,1368.5966923180245,6.855204634638512,1
28.249093743083552,12.528960013938029,33.6415638415863,44.973482352134766,1465.9631496319844,0.28372092518257597,0
37.57282739760499,110.17045751172638,280.23873161311695,78.63055363687828,982.371410806765,12.854720685594069,1
39.04094496021896,48.16766179958764,510.56662515180824,88.45989532982527,1375.668152232278,19.66608293804819,1
15.80839940755206,56.450453831802506,105.10443514508157,34.02476978188192,881.7789391499675,0.9573843991147936,0
26.302031024794267,26.953570109468494,112.36864257789063,64.90363178126286,1125.6733735575813,60.0,1
50.20735573328668,100.81932750074859,357.9737450321719,70.46137787772714,1254.211913482847,2.0,1
10.882101844554938,20.040810294201062,25.539083104726256,40.31148172958444,1059.552244062447,4.9971846821356944,0
38.1032194407693,113.00492208706525,166.21966963540353,82.37483553212004,1628.2885920005767,44.111273617907116,1
44.874116333677925,15.0,57.686077080802995,92.06519654737818,939.9528069519217,38.387706628344795,1
19.056663963663695,15.937291852938433,31.225676832607434,7.6285129565576995,223.33387928474565,4.844223647439702,0
27.702179957240585,12.362121464015758,15.649158657648218,56.899439606551226,1153.426586387272,2.539958197627991,0
31.002469445778612,8.024067953176994,29.785621446101523,24.43843132148404,887.3031626247522,0.9833909722083467,0
38.32556933236811,15.0,249.44295760998986,85.41998938610922,1300.213865912657,28.59512721719994,1
40.056105539890865,15.0,499.7880865626003,75.92073878358852,744.8350018639751,19.310233884576576,1
51.841269958891004,23.718045363114346,268.01073139055813,31.841491641109975,1354.874718040194,3.7758071748548825,1
49.57539881399202,60.59077907131964,92.43728280078707,72.33570002954922,1798.7708943052928,50.60765488405932,1
27.74037280687147,21.132278168143365,32.7755132908198,11.929547991793815,1049.7847038307946,1.3614102582320755,0
21.4261529248887,11.709682510528806,14.650778765655549,44.350555066362034,938.0696531505425,0.9214119354133596,0
30.93294051729484,7.813589887926346,50.48319414463445,27.394661597546843,200.0,4.385326435852189,0
54.30587658963332,35.52044076653105,65.52044076653105,94.4857961303331,1646.7221454894448,41.81053892617427,1
18.40696456245191,5.745141538258266,75.55868627856596,65.60094533266535,1575.2574269007682,2.2590580905033253,0
46.34236104676247,25.76947470127935,116.3906293590827,92.04100708090296,1475.1867294889491,32.86670345988855,1
41.332067670468206,40.45354199922013,89.58624580569665,43.92796998993366,1398.1711796711336,29.414294703076916,1
13.26637209805116,8.649182513618644,42.720815072395666,27.25864418558351,1621.021862278138,0.980142624849956,0
24.335567495469206,11.286227002274794,63.129407036310006,31.666831415191453,615.3508635831226,1.1435093123467321,0
17.926529396466478,13.201665749962256,43.50847389840375,39.287018544625994,979.1664079511779,2.9041117612107836,0
28.396103859973927,8.087290233718774,17.976945391269346,67.31926109102059,489.7149157052715,5.241401527257438,0
5.118855657868917,12.208043835398584,39.17944803810191,59.795745443050166,1664.3033241068506,2.687741548343206,0
27.15566260781687,13.987983750962325,37.25576872772318,6.145700718990195,1173.2607083750922,0.2935111871167224,0
17.465686579239993,14.426247093857608,31.33290508682103,56.37073983735436,885.4345192772013,3.3317412505789696,0
43.90227160848171,45.10373624652332,185.93272750147705,53.627804781801935,1434.7554621824686,17.426131125756957,1
8.843010544484407,9.207664565045077,99.24254597414803,28.211795557340626,980.5563917352147,1.4277545215641252,0
25.884185039024935,14.262882081775334,21.889478334330512,26.679532555440826,689.5472560405104,2.265171172770371,0
57.25904199470564,39.92854756270345,69.92854756270344,83.49837509014071,804.1213622399466,4.734102035656207,1
45.47601487425794,92.9721808594765,149.1481984048509,77.64931778392072,1268.988527497959,4.434685583428121,1
41.55930736059724,129.2716545346683,298.9297491066602,89.81294297754582,1049.3980435426322,8.511804724526352,1
16.83206501554732,22.225861912782854,44.97744755958852,35.64842737783741,1514.501562615646,4.271820185363979,0
36.335039765412375,8.70146981270683,58.530242579281605,56.86817215667699,804.8507510904856,3.620507040572717,0
20.90597710086924,9.516644637289065,21.300877671381972,8.28236858872044,1085.527649409616,0.7768524611149799,0
30.39041329034758,21.46264495840156,37.84746613003662,48.99207453372907,992.3792093919013,0.10603650411164052,0
23.66877553585975,27.045285277682257,49.01078320573903,69.32425531167831,1850.0860775665155,5.476765744144148,0
62.423898122807245,300.0,402.77612204716763,98.72704541667954,1429.279660074608,27.31622640063066,1
28.805739776161154,14.181574662668634,33.856714538188044,72.19792136007933,691.3947450942018,1.042740842668365,0
13.646419750110917,6.962168894674766,8.515826347403308,22.55623083995836,1159.290458385784,0.7165250468980502,0
25.288213178202078,6.667268355110891,36.5071106271521,73.78796728720057,240.2576863484137,2.521053029395733,0
37.92902355031627,59.386061922407,197.94540890656694,87.9718954833194,1274.925824116617,14.915510202807843,1
37.747410297954744,11.54684058000359,65.74763655919878,29.300804063947183,413.7488907013602,2.9988440075709346,0
33.67584983665748,19.23167527074119,57.87936260549016,35.42458982266208,1609.560035855806,3.655824907807078,0
46.49540547775585,24.846038045608434,64.31741037315112,87.2480418624039,1615.302684984878,9.616818245792118,1
50.22532037839356,59.025151924462776,126.1641876508566,86.85810912436025,1101.936912299791,22.699605871261323,1
12.648724668140062,8.897195795511237,20.01650909465572,33.62581732836242,721.4684762278337,0.44386804056866624,0
31.92409995460976,0.1822289101298679,22.290797388351066,39.60951888262947,613.6202455755529,2.7082151794642306,0
31.620399395704894,0.7046095422822306,2.7134249443690472,79.9431515032563,681.9497584036496,0.5026607197290927,0
40.85587567502924,37.64577059498349,67.64577059498349,82.92602774484685,1665.079054768631,60.0,1
37.71210728577248,100.94844623024159,130.9484462302416,57.583941423576604,1417.1993362668063,6.540207826919495,1
22.331963588552565,19.857222375708215,65.54820879882737,48.729212195040986,1395.9523443051776,1.299532924142375,0
17.174391810396482,17.567690337478652,22.362943412984308,9.188414827766714,1164.1712380693264,0.848637919718086,0
48.952486549949995,29.26972499730516,94.60493403892352,49.5779003124885,1138.0947585181116,36.903516012740276,1
22.815650693117533,19.904351299249466,91.14347467935653,52.184517622373235,1368.881496708596,1.7292939881027507,0
35.27196920422164,10.998652407105762,100.63045046607726,40.430313370426255,1988.483933212653,1.8794020102591587,0
50.81746193407315,50.168685797478204,110.37109147402991,93.6602202664546,1387.5767081677016,39.47043166598303,1
31.89127185470891,0.8489889818344922,34.97771549012743,32.20680378007532,590.9561209937688,0.5758205790487604,0
19.95335148427379,14.135664201504605,14.197364827166336,10.481875525854537,662.318455632767,1.9904764042017007,0
17.27041950464822,2.918834186732178,44.46669628578893,18.53849986695583,2066.3583806881134,0.7971402524714815,0
27.872660582804244,1.5522304593029475,15.195240961913859,16.72225165168278,942.7881775869552,0.6462608488328971,0
10.530810533205218,6.470376161643329,83.14679682949301,34.595248170782185,1298.3492330249824,2.461644501084589,0
41.17468469803186,24.488761798696558,162.35830056074735,83.14943784110108,1939.6266502330614,2.0,1
6.427583593438692,0.1963029606287117,38.96366668102733,32.970515642427614,888.8764236985502,0.011312773711864796,0
28.696842209255642,10.45500149887615,21.168053256656314,54.00942805851112,1588.2272193274266,3.3886365296927887,0
37.75543559441462,78.14344282820088,394.2644370277057,60.157902452445086,1296.9160583202863,2.1446269264455116,1
25.566791022431197,1.6934792869901192,27.66126995724705,28.630474847234595,663.482556446872,0.44948084202641375,0
42.20611489121921,15.0,45.0,91.53511442878413,1240.2214033718412,2.0,1
19.80359912874035,28.56474699715977,93.1426485041055,59.52171416821671,1040.0799084420014,3.855398267454546,0
21.893129350760066,18.125101792206934,36.58889662338658,66.42373425335916,637.0112696006993,1.230452528551151,0
15.770116110802492,8.20598544065191,29.76931855892466,41.76615795872389,969.2198191775843,2.3955390136805295,0
43.552721664133884,51.24109024763159,179.91874618311795,97.13632764758555,1312.3570354900596,2.0,1
19.954290975238987,11.365400228109646,38.22624285277284,54.289464140216225,1592.078141604752,2.31038990861947,0
42.73061791969985,15.0,47.90039695037399,80.25675865983384,2138.0894645404896,3.079046957417589,1
26.885256174879842,15.8576967640636,60.80551698240497,20.590656645311025,711.1596525157049,3.83273925211052,0
21.127529093771685,7.59598548741855,23.325294497616202,54.083458475080015,1135.3774969568067,0.09221181822287,0
17.75544818667197,19.792338963468207,35.52426635287148,17.59025504294007,584.5848567634034,0.4785938403012104,0
58.940945774017536,15.0,123.09846217508422,79.66543795173658,1034.2626229024863,10.029555161244147,1
30.43787374271153,18.795043942871683,30.770088373953445,50.67115339179923,1006.440730415591,0.6162246424960484,0
43.187172274582345,15.0,157.43715606418357,96.47067703395702,1778.8035541925337,2.0,1
51.60477095257765,15.0,178.71575869794978,62.96599669487283,693.0924255886572,22.990135476936185,1
40.820508690492645,4.243748949667437,92.84314290630539,36.00330170834352,923.4087181622076,3.1274597556961297,0
23.298584485602795,25.99630793671378,69.51906264738543,44.15565880885599,384.72094258183984,0.07049178633647461,0
13.39654117019714,8.612179393650976,50.74124971746912,51.11650980932354,1149.4371538271866,1.187444732345411,0
20.349307259556678,0.04598532264448262,7.134270896019398,16.181438567106508,1035.9235619567623,3.588199669604161,0
46.72507292455035,300.0,345.7163254302534,84.07339711952473,1477.2851570536484,60.0,1
40.76651791403003,128.10859915211634,205.05534428960567,90.13581808665228,1411.8081259196995,17.309462881780977,1
23.76510585773792,19.332230115079692,26.182877914766326,35.059291209589304,935.3132229361948,4.5282914756566575,0
57.68908404818751,34.948200831467275,83.95552312378491,94.85467453000321,1814.7071335293724,23.289196195694824,1
43.63458816206972,144.9545056256354,174.9545056256354,95.16827678662723,1323.980194023241,25.559287643063413,1
19.696080905178185,22.967480750011354,24.07819542212895,19.94401310008973,650.4261047050079,2.056196012750125,0
49.615276464569696,15.0,45.0,84.09043063752027,604.4984946742067,3.1948711030461694,1
64.80992074600181,37.95283490435644,102.14118858698012,76.90904110677302,1865.746173595403,60.0,1
33.86476375833172,4.735313208720446,31.522076215920467,52.743917198374405,682.5856691828626,0.8769407828971825,0
13.83192315867967,1.7316790529806245,36.13069434971074,57.10758558335984,1195.5210333983214,0.5597081517588927,0
15.538830094754507,5.722248702139919,26.206891676801675,55.49222243258285,1351.595650715956,4.88563667542048,0
35.36034919388021,80.6731257001958,110.6731257001958,37.68523845205426,1304.6952312465357,3.1255438430174705,1
5.340671342278938,1.5167718315302114,59.82668778582108,25.91733775125253,829.8641363815121,3.5935212147389035,0
11.894531502204366,1.1560653000589167,59.370056531367105,15.071475551880937,1072.388024334228,0.09019211260462288,0
17.525131701246544,4.281334332900954,45.8240346820198,60.93720111907487,680.9421346622036,1.0590375815383672,0
40.48697581501856,15.0,97.16563516045161,76.68214025713209,568.3885265579258,18.058156713957924,1
28.269204714687447,26.66209944882866,38.95261201901189,48.90477318216209,1097.2433969621445,3.4726791060397466,0
48.27082422881965,188.1762012495307,218.1762012495307,72.84697505649206,1487.1586042919416,25.800210764324657,1
46.881655206013875,87.18631065023905,140.06901187038048,82.81074722275513,1752.4716863760332,29.885226593016803,1
14.87662121556971,9.539687074300014,28.807748311514054,10.039215302879228,451.3109895127805,1.7535670171436026,0
40.97710805576857,128.45908634813773,177.57140439537585,88.44949732710629,973.4322473712631,16.750585947471812,1
34.34350944077806,15.0,51.50962376922185,93.47081154757588,980.3451895752953,23.85449828758752,1
27.274927979200495,8.82890780564138,52.54945258116477,37.11713448975689,1797.6136647782066,6.0,0
37.090683934253676,55.71489573403044,166.8977209364353,74.00682802360964,1276.3840232084192,2.0,1
37.86738850666954,2.735240013184789,34.516251092585264,36.21785564784571,676.9573500765123,2.4062189924210764,0
25.15392301789492,9.31757189590883,25.593754650661936,13.390186902871658,2281.0033537674813,2.411223965692819,0
53.274473559747065,15.0,119.22049817042557,80.95124712037392,1593.109414215725,31.296629129671405,1
23.855792051397465,0.5328592027126632,55.73205144309676,48.897535517968485,404.15470474489837,1.7293595396510035,0
31.762793457717926,2.0720574742781714,19.908522022346197,27.615743986772557,200.0,0.14126045787917646,0
24.709184799786566,62.564855589933025,92.56485558993302,93.3018797487277,1609.3807746662114,8.697368357621434,1
10.923233307445127,32.827136862408345,97.37889363338215,36.98489168337341,356.06055989085667,0.8491013510848815,0
8.139659692844189,6.861141008558945,15.522513138763586,53.6351351312233,222.38561982128147,0.36642564745627754,0
31.49710087988847,90.70984103410765,146.4570625948465,74.10238999544818,1914.6338160327598,19.98542435447367,1
27.61392065734983,13.93251197150455,69.28537937792835,41.2670078177447,1196.952203244706,0.8278249707305508,0
31.44106640328443,10.670574599476561,14.518390961232988,50.954476087093724,1830.4028986708763,1.650858156784191,0
18.062280297825954,9.316721958861077,20.403728354538124,32.29946408636845,1207.4645181383328,2.4624381263382578,0
46.18508188743063,15.0,59.1999851488138,90.20695545638702,1624.165480044587,4.009150636589362,1
26.276779318733617,19.493943651409847,51.950310091344875,22.23863731942629,1435.9042957070137,3.4535754053326273,0
16.63893231577418,16.16559841246524,68.5572223537428,37.14105468111841,884.452682068795,2.3856564745589313,0
10.128742117997504,5.020322467700462,22.284289352266498,48.471874279038055,937.4010712368612,0.05076967487291644,0
13.236570467546512,4.27723287019808,14.683929694879374,68.89057802969204,1274.9891266177483,1.4224380929924463,0
32.85468677998818,23.07487411272477,513.5868951599182,67.02723873999794,1517.599393319114,17.367233622428508,1
25.13428731120461,8.833612737527513,56.57802170888807,65.57160724265955,1100.0519159945115,0.4683065695554059,0
44.25179395098439,86.00046963762298,142.93143915711067,90.09156522034087,1205.6803190101332,7.696891832069793,1
11.074362895923151,20.869195851977505,53.22714587475615,21.76480093561614,1178.0154282080923,1.449969305736373,0
15.016790487938627,14.15150782145437,23.278569069840067,45.56644925449106,1246.0063765746822,2.19380598542571,0
23.42052342961792,2.469731666024645,26.56059118902057,63.943216766257414,681.4132009728683,0.2569278338366245,0
9.717797028144766,0.4528078808372162,50.89595876945885,14.135295580662435,1096.8830586607098,0.0287997669189438,0
51.6983933612024,27.549462353122426,161.0712261530106,85.79902630358967,1471.0150256698041,10.689887857781795,1
5.0,20.146621196710353,44.18491051319776,28.581939510729548,1755.6449039905224,5.728318500398271,0
55.45019276566378,15.0,66.4211372100707,77.79547308339565,1287.7942637200929,19.047157784202156,1
44.310758921997355,38.1540068305142,284.7372218215816,94.68599973605906,1028.01640229287,10.6644577888511,1
41.036991865955464,169.62250109950037,315.54016573360195,66.67511948841836,1764.1377588452235,6.165210045200376,1
37.577254628021485,57.75566320594734,383.8762038428596,77.36070749330491,1924.5365875405537,8.068187913204449,1
21.3203193512705,5.8383125894485435,24.882886545265322,12.904627834274809,200.0,1.166235466992951,0
41.37300005589616,15.0,140.30372211371736,80.51140749224288,1291.9383182951472,9.13001674515062,1
15.900315096930097,7.205518914064324,26.261676279704535,52.0822718577852,1042.7614899432667,0.7628259819406293,0
44.5506507915553,225.67057336776554,330.7086999934277,81.48510152309815,1458.0332429515424,15.548538113551404,1
21.394611307838286,29.49499382567201,57.5836720805154,25.514376719809782,573.8380231039458,0.5526198111394978,0
29.845388518675577,39.30334810435601,85.6751877937634,60.11726728081411,650.324688430969,1.961312550718143,0
59.74368647673761,53.89374832850187,175.79336128028658,82.26240920469556,2339.5968724071417,38.45326196605345,1
36.33036300440648,143.43361342871893,173.43361342871893,74.7611879536307,1618.1776991172594,2.373313323601818,1
51.65666494325288,15.0,69.96241153318746,91.17573655831666,1683.243677003843,6.5435588661246005,1
39.69395209379022,34.00228983155538,64.00228983155537,69.36647695920095,959.6704531484205,2.274698726930055,1
25.49158417118114,15.240942590785064,60.784500479055,9.933105989195557,1036.5208583915871,0.3120517800864765,0
28.003712662156605,37.89240882560336,78.1437049527309,61.81959205037395,200.0,2.7406913244882753,0
50.724777644878955,54.53359627461919,102.96431382015068,65.78739498718544,806.9576851493231,7.834739651660339,1
38.664450403064606,69.7893509805714,99.7893509805714,48.31749387048572,1564.7126419086899,60.0,1
44.91664701225126,15.0,168.8247885366463,75.3966539913234,1453.862278971072,29.92517452238932,1
21.900882557024516,13.529048912613359,67.17983533697472,54.45191932476864,200.0,0.4312297279042377,0
11.127327625147514,31.070837204697092,58.354138560029796,27.010783617858603,560.5983729578334,1.2850788186836721,0
38.89039231600939,105.53091567982094,176.88876420340688,55.98047882449949,1345.1355082848477,8.755101634139901,1
27.289208937201103,6.455623549458222,40.89280144302106,18.28581777308069,1705.3960208241524,0.882645310053944,0
40.71155677429996,54.32801235363306,138.79735492451988,86.90188404363313,1152.9893214842064,11.932276264133353,1
11.187022389594665,37.0755683683508,69.93813509966128,27.53846090268086,383.39635833569594,1.6374240433066467,0
26.675784507587885,14.625177389559388,21.36241882039093,47.669807164339495,1729.5548501016892,0.5660671383316652,0
34.56502403870026,18.37829351255071,48.37829351255071,90.85026641334059,1589.4807309947614,5.443111394061081,1
53.15139789784027,58.45475620440771,88.45475620440772,90.86625479122038,1706.4223926397428,23.841041709953217,1
39.694122995860866,167.00409577254362,211.04514258487825,67.23170520272186,1046.4594730182055,2.3429605032493077,1
49.96867852318404,31.29609740662627,61.296097406626274,95.86246040464128,1461.9664429528862,6.62666982165297,1
19.820038642335707,23.714240427218105,53.371154097835344,59.237404647645775,200.0,0.3892973069359362,0
28.7532438567318,0.07983842410757937,15.482390702180238,17.815628017014724,974.7552502608589,0.3530205896630165,0
52.044288043977666,48.4635783657468,380.38114832082874,88.49470383799576,1085.406174729119,3.8606912745607223,1
34.54477135443344,9.37688506498448,19.751842754140668,55.53222730291313,1127.8915600544256,0.5921283691018184,0
24.401301062073113,3.8854697161256135,47.86253081989111,37.276347648921146,507.44394888832875,0.9761371508853144,0
49.025061670275676,229.04481936108022,357.5640024946098,88.53967476217936,1284.835351038164,26.511198779378606,1
19.245253210970468,13.376197205956009,90.85568436384578,50.83870634959826,757.2254201339788,3.0301756209760073,0
45.52644842468779,15.0,63.03380908296462,89.98602410601116,1781.4810386679105,12.470762962520286,1
31.68607505285597,42.3966038225776,142.50073390233422,28.41361160835907,200.0,1.479203952938456,0
30.995188440506404,11.664682803473275,101.70942332693048,42.76385346405453,200.0,3.7244098878894856,0
21.32469631191496,2.7745373544131766,11.909700586573244,50.173521734620174,1117.5590585541731,2.39142828842142,0
8.78672458950124,9.242228775256265,28.615495710655228,16.581496218795042,1021.8240425753113,1.0379163590727203,0
56.38193735802456,15.0,125.26009761862123,97.43676648836943,1907.0693635558184,6.7023658553165335,1
33.252495071186,7.926573331952305,70.60759448329921,46.31885559994631,1114.7019249928599,1.711341242426343,0
16.18933712477368,22.857596581479356,35.2928497038227,38.77913051204131,1090.4263803318918,6.0,0
55.928696687760045,15.0,75.58499720351287,97.15080186540553,1422.7043520512327,18.657155287186317,1
37.79610788090207,15.0,251.94639596150566,90.57883789390141,1408.497459006626,2.7347438649851505,1
18.44225524650382,0.8682105833712404,11.137538805377666,25.794272468398987,1211.2714657064412,1.3084600309646042,0
22.78882553666986,31.73349850814698,69.54369171304336,8.771371189193653,1401.3374796648811,2.706276444024994,0
40.41681318458525,49.38818516724166,195.04547365307175,71.47004525474098,1514.2789956104853,33.854982480798114,1
44.87224552719964,17.265214364304374,47.26521436430437,71.04768819545207,1192.6563624789671,40.34946870141436,1
13.030256075360702,0.402243497881892,40.71590794929423,30.818153669885056,1068.234947753144,0.3192670656731346,0
27.56831646295408,20.229582616907376,28.664104885464056,47.710241788904455,1262.3973186168523,6.0,0
43.78947644119936,32.44204144635985,140.31221216943743,66.58937273644585,1296.4927386952916,2.0,1
17.94182468086671,5.915399997366278,99.4647297105762,30.476550547500516,1075.5274418431857,1.0914488426303528,0
19.415010055157534,12.752929113648806,78.29160424066266,26.41892604473655,1343.8713977702387,0.3296050800145029,0
39.211491673449736,137.58951912281694,167.58951912281694,84.21477949745908,1888.5298682105172,15.582487603146136,1
30.671526571434825,44.834099310614,115.90015088084371,86.4854831569681,1732.0813996196207,7.589790090804811,1
15.226328890256681,11.149976057813697,19.017655946245647,34.851512303039534,1329.6131751587004,1.1569880582020475,0
12.420325077324334,3.011428665153828,39.013704202244924,48.38367077422973,894.4474493675416,0.9452304126211383,0
25.650945288387327,4.034826684772533,6.406852292305155,34.87138740987465,724.0195661926414,0.8993788267740285,0
20.391530475271463,4.132185780917427,137.3063740263986,20.327991799022463,661.0375597693264,6.0,0
7.906241738979352,0.26165230639733655,79.11660790493688,82.49302041218162,1716.7888991554196,3.241901018220233,0
39.114269499764816,187.79837453573543,317.02474049284876,98.07926428341798,1628.8107748345255,47.22739617192036,1
49.32571668926998,15.0,230.17972103417773,66.35235472752099,2081.369555031972,3.9254964647284254,1
32.76991102382694,0.4627758496491712,11.411735075414187,46.94453743027229,694.8764428568862,0.5942012016707752,0
32.698389741191484,7.359922702522225,31.59951505031296,42.03048967145105,1383.342330352696,5.916431021061208,0
13.86764112079117,10.65357321034773,71.80150812327003,69.54348753109073,1079.3987331475753,0.867699789956684,0
27.050883260496313,6.76978140827201,34.6080418009627,66.50774465037259,1399.9680599317574,0.3197061994236262,0
27.724810855581968,59.28424252548554,73.0197529384641,21.84849819177844,1278.810972177057,0.4554883797787422,0
40.04066023673134,53.930960244305,281.72529112269854,92.51390121300585,1444.245372961857,9.608956350688427,1
31.470847850521285,52.15569131274111,90.48758951061426,65.77653977032081,513.840133700989,12.307135658208136,1
33.999556390330426,5.017822564304438,15.412137166532851,50.97366398707959,1047.427930518333,1.1509412297948989,0
31.69994179191408,12.16291834610779,30.403156454925252,42.66585267519283,1752.587617411762,2.0861391279339583,0
10.596520184012933,6.182605285976813,33.574062818023286,25.44267457525679,217.49476520571204,1.4926126425494315,0
18.819173540335118,3.824120264194883,76.54306656105773,66.6889197749816,979.7268910015193,1.7371287451034265,0
25.015104559219544,7.243174186741813,58.510381188945146,42.920954822553874,1193.1398014156046,3.8835389272287864,0
61.409147709612014,134.99299159391936,285.77254446477957,71.02581502700994,1198.6330724727254,2.0,1
47.110372508671446,15.0,45.0,86.87575061243591,1243.7829872518528,23.027749881470406,1
36.545918018707575,33.07203139450057,125.64463801573851,91.67392441564417,1453.2295474873413,21.209523754359854,1
18.424554135160314,3.6091000373506223,22.77253742892436,61.47157916186129,550.5685419190202,0.3645913443811486,0
23.686897024335362,9.666296638465976,28.924521461750608,14.985629394510324,880.247960205985,5.0999129582827205,0
35.11675520236162,9.543995276199386,25.921211542162638,21.278854657954422,837.3882004684289,1.2244161503243516,0
43.33159261685805,15.0,45.0,60.06646104309207,1748.7613030768766,36.651258278848566,1
12.729035595706474,19.513251260630135,34.33798520765188,50.51433004036101,920.9765897906772,2.617484720666462,0
55.51340354988036,45.81508629243783,168.50137429191793,68.01774345561486,1879.4350506485316,6.742472815827427,1
17.749745860898344,0.009095997631147193,48.92495803336199,36.822880982679926,200.0,2.162055246354661,0
23.65729106115202,12.809691297907689,81.36359542371581,46.64807734441014,733.6686067296432,0.4788344903106413,0
8.561565217133886,1.9485221422369863,14.109728616988058,29.837279865592958,1228.3174707803876,1.1371035937840683,0
39.50017095145732,15.0,45.0,84.88222917020653,1460.1883933091465,7.409546999689321,1
7.176526809246113,0.09469409200880724,66.86300000570127,27.75049946224576,782.1693106084335,0.5983207357858783,0
21.22312553971994,30.159174206103497,100.98510003806236,45.007731714906036,903.924905872579,0.709681081299257,0
22.353908159763296,5.237818998129432,98.91612317768855,33.51270159552078,905.2802816872822,6.0,0
51.87666510705144,55.53294486641128,126.52023325136503,64.97457169294483,1405.191207357485,4.4027622952749494,1
41.194686693746775,154.8409349603812,187.38543138511034,73.86996620613901,1767.9182916322975,14.742789165386409,1
49.43132906598973,15.0,281.5270844854821,91.87552761691761,754.3585459496481,6.30714264826145,1
36.484930803570585,47.396222423448236,75.89570847518328,64.2828212767079,1255.753721788737,4.610316011897652,0
11.13873605290975,10.953594881170776,22.63439671602292,71.37485170384402,1518.8630690152522,2.5076785033822957,0
24.298404217377733,3.140016138949768,8.33188098098905,19.498652860565073,467.65725533821796,6.0,0
20.781570174999793,4.752967067750255,50.78666835741052,31.746837830313364,1239.1618126706073,0.8063028785544287,0
41.31618387220205,41.53062163971292,256.7618640711938,83.92062358104336,1311.3434525376867,31.2632520622937,1
30.412642758727277,24.045068461100183,31.067048942935166,8.990664021659654,1199.1417075667632,0.6352411223304135,0
30.06971043669234,7.064370787878854,47.51053092117232,39.34081541149255,886.1319121636665,0.3428225523793868,0
14.110143647435278,7.89535097233288,85.9127562098745,41.03959454237931,1062.757775639593,1.1057632703542817,0
54.501964900962896,73.40234948287635,254.5513272132298,86.99369299879434,761.2678392228402,4.613236320866973,1
41.061107485083845,41.37722272193334,166.02635348187675,94.05592527574079,1133.989832788668,9.02831233071572,1
44.22140649920439,24.892702803906165,54.89270280390616,68.88260492139712,983.1490188044979,11.086301898367202,1
19.416281866209328,3.0156443275219487,4.616619485228636,38.65255679986922,1601.9487949048125,0.12495609345250479,0
37.03604832024968,28.63984420121818,74.24143060975763,93.52218836373667,1533.8321479295344,3.2972635822461402,1
34.97486223836255,74.87536489110371,151.26483763912347,69.54555292269721,2287.2189173090483,2.240758159613915,1
34.57259241435222,22.74912095116497,117.53529127457718,67.55633008463809,1135.1841463413261,1.7225096420340105,0
21.75501361908472,22.687796557702317,32.32985129444255,25.141209599238145,1133.7213881191292,0.9240412275270667,0
51.220814427717094,15.0,45.0,71.16954428148445,732.6544634844983,26.57130606038422,1
14.545158905012286,4.906905743783115,24.50274842132246,39.24303339229647,1746.8267006225005,2.581749643950685,0
32.9107250742262,2.984788290846386,5.980339009702034,77.9382620774351,754.7943749071968,1.9226087240886098,0
23.429019865286648,0.38621247742861065,45.21698198099692,56.72258340089344,864.0563406366574,0.022150211638701085,0
26.152732934844806,15.479878988212835,21.241584465036496,43.552517836247475,1613.6132596624382,0.7204085373759102,0
19.552170787824284,18.164732679332378,22.101978960335618,43.516284749751115,483.12643499351805,5.826402210351031,0
32.72076833508481,33.3443173096958,39.617145804581114,44.396062218872316,1972.6505256214762,2.9398175163936493,0
22.348156228843166,5.638772988167204,56.03204856065314,46.58582349482135,715.7383842328568,2.501493109521291,0
19.470661809335937,14.52375706812251,46.0381207437142,74.70535445854189,841.4759573942049,2.8746139001358775,0
30.644469486033053,83.34274774168966,156.25244168809252,72.64778357038216,582.14136105455,2.0,1
8.922198036422316,6.476796947930614,57.51833298890458,71.09531489362246,847.4526721950036,2.0613875123745524,0
26.196149156485358,17.246265839431047,24.26103498170184,52.804370062815345,423.7558859538968,0.06803845726183995,0
24.82108447597573,6.433599320403802,48.554196822786224,32.93248106266332,1075.320244705874,0.31147438149404144,0
9.097790410418325,11.973059145840432,14.33400638253307,67.44948831564626,1284.8168787375917,6.0,0
27.823386548756076,44.25578962862539,107.26329991927516,38.62390338086997,346.4706431326018,2.0443086575855927,0
28.09663131065203,13.955410150565507,37.84856697918656,50.41456873713855,1474.8721255667906,1.596961393449357,0
23.35352098241308,8.894119914004817,30.393817010364003,33.1521949921502,406.02642599292153,6.0,0
11.512381896145715,45.46196914154668,138.89452200197547,33.30981501369127,1585.8129840282386,0.5930270787195919,0
28.016851975152054,8.092518666027285,61.588819349802876,32.68957932446966,809.0495983239333,1.763522323022648,0
26.311402023581483,22.65719050019989,33.6543706089413,46.2593210224896,598.1302622660896,0.6886403824874385,0
49.924739429538505,15.0,515.0,74.07080557491446,1344.487418849477,3.2875235242814433,1
21.77849734656425,16.531171910614095,33.56956217753212,27.84238900458326,674.6664358246817,0.7931105635953536,0
12.540802280069691,9.446956403844844,47.321422159035365,35.57145603822829,1222.1912314623555,4.78933178405277,0
46.067032627201115,55.97788771599565,85.97788771599565,75.78424144668926,2287.2330974357974,21.655819098113824,1
7.537340869743588,0.2595811064620054,14.787940541063394,60.074489755345326,200.0,0.04192620557527587,0
39.68953046780294,1.0399177841890654,6.310066622392007,35.14856869861045,200.0,2.358561842376926,0
37.85609847177242,28.290910374350496,283.7135477510869,90.6695634279369,1108.817594968077,5.841150957472001,1
35.859638518034174,10.978040795235616,36.08059795361751,16.208218792195055,1051.6768686990906,1.496250846287008,0
37.1129787947154,17.64654082209899,50.30609913021534,50.400351353499495,485.53906483783817,6.0,0
47.381518165162674,125.53826401626472,201.93678434566152,74.07355930816722,1325.8510996063706,22.1538135242254,1
31.657064542084605,9.421046588745897,105.42078895840184,9.93131769079287,1213.6138400285713,0.6196148997285698,0
24.709573154008,8.240354896954075,52.96346977516905,74.22054770959473,1047.5443098663507,0.07959496294116881,0
20.03924532943591,1.263910773560442,22.09503689762749,30.217888314309675,2161.7840459943573,3.6938200551339087,0
45.0,7.452320862668303,47.77108430183121,23.623645106864398,965.3199441934399,0.5326483747961563,0
5.0,17.43938186817713,19.09466520309168,34.71573420040912,1003.0293308863947,4.424175009005985,0
23.769754087627817,13.45095696298072,74.5759807393357,20.739497684249308,1188.8119301769843,2.5985237904166434,0
24.77653204680541,12.292621015601227,50.505433073384545,40.07066742913239,1386.2545579111911,2.741130389696267,0
46.37270742812674,15.0,62.50657449346812,84.12648818188686,1145.6647987621868,40.23580170654512,1
50.461647314061715,15.0,139.7084129388314,77.17138903559548,1684.5613706298595,8.593683366503521,1
22.833348911128855,22.520784773531616,58.007239165942416,14.728078050974672,722.2342368031565,2.307527464693026,0
21.08789980544681,20.695688061815588,42.95677972612684,54.315063815384335,1020.9686081271341,0.548905445252069,0
39.407268023107775,16.50372386569939,46.503723865699385,91.28804020637943,1913.3505064080682,17.959614219716283,1
21.3355250415345,2.559267765062537,59.192938497472745,53.31095890322748,1586.099222369144,0.026183428424790423,0
18.10087220459219,23.81883884811394,66.05334248233461,40.38475361018751,696.2476009336879,0.030958634359936038,0
39.00809161864418,50.62004455858327,80.62004455858326,77.51941165727908,1352.3041804221755,9.982262192164564,1
13.815861501631892,12.990762481615578,16.378856724115497,28.629875292396417,687.8670997490551,1.2099164523630943,0
12.325169809530834,4.821623131466815,9.50440456357299,69.86945688997444,524.9138568363537,0.15037542822525846,0
36.57118180965489,300.0,330.0,86.75876024270724,1768.8062808344775,8.658519092564232,1
40.600056395238596,28.940396834422465,126.85469797989867,73.84824929572542,1465.206202769913,16.68585671297747,1
23.631740066365477,7.11847613156447,19.75655573943228,49.62322414185228,280.38954434464813,0.3508999642883069,0
41.313096826270964,20.81477484792717,169.81889426008846,78.78042866987902,1524.6477235203438,12.106327328027081,1
19.82558442814586,2.2288185657963804,46.00290283132026,31.665831429027858,804.7736405217545,1.4162489938116,0
19.350818455556006,6.974023394885948,24.378726988759635,19.476636696403688,418.92142330281825,0.19761863414870817,0
57.54978340163228,15.0,84.93504768036529,94.3648241480875,1266.4216758085372,2.0,1
27.03316007024209,14.674342490377786,36.77758555737506,34.96609156644937,1393.6955560106799,0.45834152229486086,0
39.560276036168794,15.0,90.15034871313071,73.7847852399482,1189.719762500444,13.683329880583685,1
34.42450260766403,15.0,95.12651392491287,80.4769156463281,2147.7188482404467,4.569917080108738,1
43.52804487305252,100.89017991169078,279.15125814256004,57.79517428267329,2056.763358379393,6.288160751565984,1
18.614659911283585,22.905449011576557,25.408915919874115,30.795881802455614,200.0,2.1387558305147243,0
49.30494618517467,15.0,338.33182697398826,73.09072079828199,1599.1886519630566,2.5436379386976333,1
11.088194002553955,9.36155822259118,11.139344974394271,17.3241381556614,698.1252802917827,0.2698838401865697,0
7.5628287121049755,1.043576194450802,10.842157301413897,55.558506443254316,1866.4940202364678,0.6455044228491418,0
15.215876394925298,11.579445808004,28.836152493517577,25.886115069774974,727.8166029592055,1.1814093964057195,0
36.11877716131786,29.20652989151876,80.65342517636957,61.01635610501508,1274.2289845690323,17.790103594311013,1
14.536617238656572,3.5976416646618774,19.460414381986226,55.97153099149501,625.7930967999879,1.293667611967127,0
42.47135092130773,20.44987852475458,78.90727878541435,52.73510707591677,353.68171795036983,8.695996253331797,1
70.16952429865218,81.04219590815633,189.91935609719354,92.48326834449415,1683.404012781171,16.004036675818767,1
41.69587440363326,154.99631568099534,255.93317141099357,88.86837781106959,1390.2906304617354,14.172247349191508,1
52.7342060519734,25.107163930119345,156.19718163518482,75.88405702848547,1278.9832392350443,16.437928742926744,1
37.198767837486336,54.080396101520805,84.0803961015208,77.62423751544915,1297.3575372634145,2.2703831737274998,1
17.031776773069293,0.08072865419411833,67.01627632041865,18.441471038402412,2426.3920741965894,2.8245759698389077,0
11.354405991443912,7.760607636549793,63.34569166410062,56.82163153903319,249.75830401389078,1.2182380561246666,0
67.27479396686077,53.49101349927383,262.47899562524503,74.34438953980235,1129.898441091635,27.84432983108472,1
10.819981417120495,0.5949068760519155,62.862271251071,81.86666487439365,1442.4623326894687,1.9289563578652922,0
34.612741950792,3.3297519172087773,16.281425200560395,42.50782175294887,1179.2231426248247,0.4772076069490991,0
8.734241913696561,5.0413805168562345,66.3782324760479,30.050689466200463,200.0,1.187572460191345,0
17.261674591834588,11.347915791239325,77.98429747609984,22.021701089696393,509.45761006055125,2.8990995408570543,0
44.0864389961983,14.895187950623475,37.7972963472305,41.85950026777189,603.2449350105642,5.025440078768107,0
52.393505133016504,50.36004075666381,224.95061444939878,62.56739046802634,535.0984950574207,50.37003518102267,1
21.59118097866462,0.8895399497480192,27.511233987490584,10.351351067853685,1327.666721294089,0.5017513073588971,0
18.617647347055907,2.818294937494113,41.735412592385046,50.97888987211473,393.1874165777593,1.5888780799872346,0
28.96816858282933,13.121625027141711,31.18760428207252,35.97189148289753,498.93188908609983,0.25167261987624184,0
21.50928223217386,12.384915887824347,35.698651553263836,52.28806870845998,1507.363800048041,2.3798159743927094,0
38.02075046438489,45.05592599153166,75.05592599153167,57.08179341258184,1042.8224087896938,6.537909199828522,1
21.67735398456351,1.650151490497795,1.8291035044971422,10.296033643630388,369.9405208080565,0.19544235183676184,0
21.208647316207177,46.623671852803795,122.13376068633325,46.74559542065842,1532.7483027684882,1.13020998015181,0
45.96594845456617,15.0,279.51805915328225,62.603265371508385,560.9541686605145,33.393422336996984,1
20.545543827715203,1.3980165521432648,2.485264453042672,17.327064134094552,817.9774655763458,0.8613390020602155,0
10.924583977136296,19.60225606161133,65.0037253180937,34.042891751927264,673.4530593524054,2.888132256660822,0
49.27150305726138,161.91344360050292,609.6052142812424,63.95797151767092,1905.7983395154567,12.567549502473636,1
66.28007734198886,293.0247480865308,345.6128681789771,63.34760416069807,1306.824118377964,2.6977075137636497,1
43.69870415119556,103.80289858108219,164.9162865633077,87.86318233311,1567.5772737225495,18.888395709885234,1
48.408077803611484,15.0,118.599644235844,94.43683112549735,1267.1733749770797,11.288814638700886,1
45.52741129885006,71.71165160264042,218.71221691910057,94.25004849379665,934.6591935537976,23.45133206119514,1
12.65466293371025,5.416519513447335,23.64643284583824,28.622057740206923,493.1670318250816,3.4605908024796275,0
48.572547446073685,40.13429640753243,261.9570424717065,79.32282116535451,1591.281981179436,16.809032200919575,1
46.83362937957532,171.08818909653732,223.9975091991715,56.44991187698856,1638.7021774840805,10.685520492042809,1
21.7513746332135,29.315265710382903,36.76537813519384,48.02429540153159,580.2175891016024,0.8539116818632929,0
21.931196481892606,4.681771340735488,17.00346943870804,16.326874877026754,520.787240632384,5.721914068124196,0
30.832661344249324,5.028187524385917,60.05786966345519,32.423434901910625,255.03464780506044,1.2891929370373416,0
21.812320027770724,5.06007656779543,29.335958141822907,38.897984492440244,338.42329468885123,0.4730790611685888,0
33.71051911845647,0.19649883270212204,1.3490567530605573,22.919826257290474,200.0,3.873496973702379,0
7.690373811354879,6.275917329297121,40.86637203098814,46.67392530353375,880.217436255988,0.13284060857502258,0
23.774817790339274,2.1979791313712034,25.608078386868723,39.06580973758468,1666.8129604351516,0.9648194639863564,0
30.84183798843355,23.064628764995497,54.02989632997105,46.5034347849322,315.2547668798579,0.16460717831634014,0
28.33861354906149,17.4635910098964,40.87090331379135,46.48854169657179,856.8997507508074,2.311581486799649,0
48.17314547952831,15.0,66.75362261726852,92.14152055264026,1169.5884204661977,12.096833723194756,1
35.157144947837025,13.849137412635669,33.05429751067411,24.194265406852423,950.6683679616522,0.8273599867228503,0
48.85493987245992,54.791953951739764,137.93076660804894,83.23364018761986,924.8890789389211,2.0,1
19.945517127509195,0.42041690297441137,49.79742394413796,12.290143561042747,1176.056696131277,1.9732239550777224,0
20.25553638890954,24.67119585137893,84.31449172996052,25.21557368342767,662.6653037558259,0.5315611089453421,0
9.399019383336146,26.33424063114968,70.95691600531491,22.03550800313783,556.8283294645003,0.6318251201354239,0
22.62849635805489,14.213923641421728,71.32068391157902,28.34459912473391,825.7143699644253,3.6682168814807055,0
57.322854319441554,49.182352190639804,84.74181797589362,83.78022975955551,1593.43363087165,20.481880659474182,1
8.120081939556426,4.684890489814365,60.862444714445346,70.44360553077746,438.77749982172725,0.3931381230304478,0
24.333844899427106,21.66710753528918,21.998718014664533,85.15510393637044,716.577267347916,0.14572266145997048,0
52.04908706565759,25.156942425383946,55.156942425383946,63.61514809292081,1815.634774214007,33.7440638213977,1
36.89085267468829,27.83398324521042,57.83398324521042,79.98562469425723,1519.8226545225214,3.763794415440418,1
26.08682969221079,14.433445334804183,14.943438296521387,55.91943169546943,1278.4296209982795,0.31195992270016276,0
36.331778820906464,105.71130659445073,397.5255694687753,76.38457636334834,1567.4109271766592,13.76653998754745,1
20.62478892703036,12.553551283066854,62.710215643363476,55.7926005246434,582.261358909547,0.5085857161275434,0
43.848308691171084,82.0399452638422,228.3815495526813,87.78136144970503,1875.3809103001042,20.86666294737841,1
26.71946023528316,17.92204430904207,21.29800757360502,48.49451936606007,672.6134566201421,3.70071955836685,0
15.605057363842297,11.426397237904936,33.24083332143956,29.707952161706775,1263.7821828274027,0.6143982276203113,0
23.568704294107672,23.92533986251869,24.771073683087735,74.38001244540881,521.5915366884703,3.9043051701433558,0
5.0,44.069066486642704,100.21428203662524,40.361993241528054,1132.9067777745174,1.1655420823100806,0
52.424430928343334,15.618709076566727,66.19323425104238,86.80628201961702,876.8474510283407,40.32242476114455,1
31.540488275548327,6.814028535043796,40.200748181708875,26.483010312450105,1242.5929532786356,1.7612906383746716,0
25.297149519273752,6.194206759842252,33.352307535216944,27.35978428186716,799.4640394869621,3.6445415780954757,0
47.80074216027038,15.0,45.0,93.96970999701611,1102.176351372506,3.4831814883834626,1
51.35858467070804,71.57958290174463,126.58824914958487,78.21873222383765,984.6556925001408,2.1925740625401446,1
41.05210002442053,34.55359047130955,64.55359047130955,92.6037066899713,1620.6634464864703,15.717996922828114,1
18.52751477682123,28.020677662805813,83.66056532239621,48.591548546282034,1382.8019140035021,0.4785130891078679,0
20.37425877440165,21.943497850917186,34.621967626984514,13.729579849379956,929.2154045501919,1.021640135812585,0
16.8637277952458,7.183663299882636,35.96586565879715,21.84641875119312,2043.6022242710014,1.3738645467307835,0
21.327852637241275,43.538158424163804,178.26068644864327,33.37444807516693,200.0,1.1491232304534522,0
25.28570414920603,40.07627706063735,121.31200406453972,21.90261200849472,1320.6797077385017,2.5928993141707433,0
27.653089337305435,14.14499411000028,38.088363768323134,20.48508297767243,1291.6267759323105,0.03000114809834983,0
50.88338034297758,15.0,45.0,88.2121204218512,2076.925347777219,22.692363187459488,1
28.419216381824825,18.614059645012883,168.61405964501287,32.85895899137994,959.3972221079156,1.0604339890706906,0
48.162656860277394,158.5191543122599,285.69152629822474,70.29651974217379,1441.7596220568007,18.5112289901417,1
19.249977769743047,11.763197473239806,30.329160747139586,25.647852645146486,1003.9890855543944,0.8342640156409139,0
43.06581346826341,181.60182539975037,211.60182539975037,82.93889764942095,1488.8756790466969,3.882688037942524,1
18.020158965618833,16.951968887898772,26.811706602374755,15.256081080445144,590.8795980861892,0.13564098116388612,0
48.779879282420865,15.0,45.0,67.56056055927826,1646.2464133757044,4.266347489230926,1
27.656656581723794,7.024851648523256,10.57044488106452,67.31261657235493,992.4321660443652,1.2795920558405742,0
28.3713529059081,11.099343338042026,44.03412276358614,33.591198936061595,716.9204394262105,2.2326173077164304,0
39.76373279577879,13.342960391062082,55.55205085293554,38.89650798016249,1056.2880967949598,2.1607501357275156,0
45.0,5.611667352199055,58.70943710225243,34.319184864210136,946.650207591601,2.5766884550704603,0
46.47228188671846,18.020812363167927,55.83991815588015,65.44668822854466,1318.8612511818196,2.0,1
39.1962185608679,115.3780249706831,145.3780249706831,85.8799065355357,894.8652352238205,12.159141509928201,1
12.242854522538174,22.286287733553586,96.3793122849319,13.774493828284506,799.4287750727341,2.8848815284882687,0
45.436774318934226,189.30441294169222,576.7505967468061,88.32084203119483,1643.0644399222422,28.668980680323727,1
56.2993560999802,145.46790525601736,221.11185564502733,72.74257971735419,1191.6071566668359,4.536791723738833,1
15.75480220246347,16.093274418217703,65.2488843633623,32.45361962612103,1074.7146517835718,0.3749309110835927,0
20.828006134874776,25.166506909423013,57.22157891712925,51.505766318018075,1356.6184991204423,1.4508831550139396,0
22.2647576691144,30.48158520953902,67.3523390117042,53.89714977772485,826.9348179210401,6.0,0
29.57791903282934,4.203104677457835,85.78510895277327,24.229698839667165,753.5559066913223,0.6571603822101396,0
57.24677211145152,300.0,395.5321851559892,68.83597875717723,1772.4243212631266,19.823158748062443,1
28.826524258917924,0.44096799617051696,23.240147745728905,21.49053903303851,361.12741993205657,3.7164008494257885,0
29.672788775631894,21.4568778783256,83.27217521389994,11.70862749712002,349.529233131047,2.4056533990637985,0
30.111767213776165,54.214819097458324,305.3171725518587,84.27603343799368,1433.694866803057,28.638847079292066,1
26.488662028303857,16.97727660922279,148.2567966726704,28.73424074991672,1994.6050652864437,0.1201538066753204,0
6.315273102441367,16.81773268351047,95.82730111397342,45.091002004050736,349.21586319954963,1.9553174045929405,0
39.34744889625429,15.0,114.34899527273123,79.2882070396723,2143.835713325105,11.845842176394715,1
42.86337854195341,63.00470857012314,422.52152008499274,87.52131684131122,1620.137417516617,5.965315134145386,1
18.986490503800624,6.496206245939273,11.450447209858945,72.01111505865224,811.0294715099787,0.934767862862931,0
51.67616749445436,68.20325497911345,211.73350354878505,83.94540501656209,1139.7201234837073,2.0,1
29.654554762459668,126.26491417747377,263.41702991671116,68.98490731364207,1631.8440020390087,3.941950964860759,1
11.344129566143746,13.177300884670029,99.83894508086476,32.92689209071339,806.8314255119689,1.1339325838332976,0
32.02441519722325,3.3269188800091736,114.74741928618673,38.522886224420965,1282.560938753727,6.0,0
19.46445217874348,2.5065462639113503,7.7774575353591135,56.217175225042126,1443.457282529234,3.9253613542598287,0
37.2632215870244,44.07393894499845,74.10637758537261,57.80974029585909,1286.645087822255,13.97776813231591,1
54.34330465991208,31.66050399014779,61.66050399014779,92.33238457741425,1407.5804933062202,60.0,1
13.597685410550234,4.2831718388392215,80.84458195673932,38.2610674279041,1039.122626531264,1.9488197736228476,0
21.892550071007125,24.358646652414077,27.885066286978283,40.61731184287079,658.0969990821847,0.6583545472388921,0
6.000966618672363,30.03906086826805,49.315040177895256,45.646610683995824,1556.020754639289,0.020019156775593405,0
51.26375557181235,56.427140818664185,199.6907984168123,77.18085442084423,1390.919731979253,6.562415594502798,1
46.720900894673115,18.87940152460115,170.85723516157287,94.31737508310822,1490.062301710702,9.465082654899168,1
48.10457113374721,46.457668351487584,93.57520545133511,88.6911206628482,925.7278863701733,27.130008445476683,1
24.026533101282446,1.4070979210354024,54.12173350250459,63.79120602758835,1442.6192408121365,3.119698215892767,0
41.82950265765095,116.02320223485341,190.4711464286271,96.47828100758554,1223.4425013426726,6.347694745906811,1
46.58786266176165,32.4354320123336,62.4354320123336,81.5868659846552,1400.2586897603767,13.449523590567596,1
52.84060066225646,29.82920796395314,59.82920796395314,98.27705928089959,1675.5881942325664,5.478407260203888,1
52.14727830443616,128.33024604154647,177.35887668315468,63.24113960903255,956.7288743685467,23.609728922276492,1
25.607722210625543,31.506382553036364,46.40812728321712,13.064209400461134,1843.2806798632505,3.2737461570691275,0
20.63808518755127,14.040324018980607,18.309191870469512,5.646509056534617,413.52543973652246,0.7001936512949115,0
20.260945962544536,45.30633631029245,75.36285509406399,38.43116425790786,1218.833759484805,0.12655822744238654,0
11.73667796201429,13.696300960473803,25.160332262837834,23.84930205192603,953.051843007487,0.4913107471402684,0
38.02678593854214,153.7150319963671,391.82852092879983,61.53941537529525,1291.9046213989961,3.2393510643938273,1
40.16441568767123,89.43638042109424,247.33748880876107,69.46718711316248,1122.8379643234712,6.871659202920653,1
37.75342008426615,64.31290497100457,94.31290497100457,91.87346734548021,1214.2081947661802,23.48921433581204,1
23.065829705486156,4.544487296820162,64.64438851828318,64.97882050966497,880.0115207076333,1.6737678236473155,0
25.449736774168457,28.9948044542315,45.31272006959149,76.95155425700908,1480.6031243193966,0.03563529116172826,0
9.771737977054604,10.27152683626043,62.731031279967,49.950102221311084,407.6787461836504,0.7200731410348519,0
39.7200785982802,101.85691543516434,131.85691543516435,96.7578751674283,1415.4637949940964,8.465191997588265,1
19.642387440926196,2.50781184799582,9.46372900306187,52.08417785507133,581.3246301429244,6.0,0
47.43754454625656,18.102547959117352,124.92191462169617,85.4313080484508,1194.0061965257246,6.625964120520038,1
19.99605587432295,0.7774556045203901,150.77745560452038,23.13876038256698,1044.8366843930476,0.0912219297657212,0
6.236256815071423,15.36607144895383,32.50450806615771,42.41183669422103,795.926126103636,1.9114948068956685,0
37.342531703841,67.47375862996252,161.54541563017676,85.32784947615318,1794.8009641285703,13.36652925057255,1
27.53723122798304,5.749927347924944,116.54254183904031,17.265553428656823,802.9021109872821,1.4868002159957938,0
42.4512286861452,103.61003033066308,137.9494730100459,54.978229998449,2059.715326873856,45.25254799546429,1
22.676532041937534,13.98262130190876,163.98262130190875,58.684797180838245,1169.1198452717188,1.0084991482692254,0
13.224833037719348,3.8403320273381243,49.6216269491797,31.711514531088564,385.91986815104246,2.1076018715990443,0
11.30437191774083,0.25621743824183923,1.048888875901035,50.82446192911589,545.502559902443,0.7215429014137007,0
32.427395199697656,4.098349350016302,22.66211933558463,16.4840398711864,254.48074005172123,0.02464560229536757,0
48.41819389544215,15.0,119.0935305423561,87.82538640480337,1114.5466141445743,2.949873975180428,1
26.69076956185285,7.44850610935363,17.169581307895612,33.006582718352355,1204.1005168814108,1.348971159792254,0
48.23050795271487,42.26764473697444,72.26764473697443,90.65343134102537,1563.0359673236055,2.0,1
13.375644379332856,7.38680404288767,83.6330168342793,67.30335926989514,1152.5888327363616,2.862376194198815,0
17.973276877301764,10.078232914814283,156.22445007455158,11.631657973220424,621.1776384968753,4.993783245394006,0
33.09935461008136,15.0,166.2899831397419,42.99833747398128,1832.742499931946,10.682121498943978,1
43.962615506874585,15.0,98.49924513663156,35.232234202149755,1617.8792034553444,2.253137152950277,1
25.103854506621175,4.03647769911103,38.61283717681992,38.202034741274595,468.26471507349544,0.2614279367448913,0
22.63901035014651,10.600459256003129,21.405795603947144,35.191584053652214,1356.856883996352,2.9605853675182496,0
24.8571380147034,28.78627605781329,57.984515708707576,49.21448150800739,1074.4272622207507,0.30548124748699085,0
36.219268124828055,37.437033304792244,333.91172634266866,83.82284853675745,1709.0144705317043,2.0309898813135168,1
33.07215885631932,1.7102959419669048,43.102563622486414,51.116107880786366,200.0,3.0112096526378114,0
21.375400188315954,9.478160591641588,27.12851516941344,68.44527524786375,1100.284464897713,5.840103190599062,0
45.017717040395134,64.81860040132831,99.20225403569913,91.73206179246625,1222.108770823313,27.24736096207174,1
44.97896294532073,15.0,45.0,93.43962619878651,1619.4506639670428,2.0,1
18.001734552031685,40.89414335290584,143.4212330188774,35.902990388489044,1106.515405617602,0.49481649594132965,0
15.226477427421543,51.10420880390021,56.90896605571224,21.97067770096081,790.2015062008094,0.37592229074442424,0
36.09689197208519,25.22446284831623,197.96633680539279,68.06608113251956,1607.5274082696862,7.198626065614334,1
55.3875835949524,15.0,113.40661930674237,76.21666194228894,1662.9711550330517,18.64399487531446,1
11.808344932787897,9.374310528251282,29.862630797202304,11.228160036576304,1130.8431822988,1.5810962808119828,0
40.72545212842039,31.292785947126276,81.53982265532024,76.48770328821422,1102.1430199857264,35.27693515030404,1
51.026141825294836,15.352147968231804,45.352147968231804,74.15856541358613,839.5335836584915,22.926588687524475,1
28.43344039541633,6.269906267051282,33.49834008738454,37.20205425840845,742.9874706839421,3.8473168922966425,0
53.705749985875386,41.9030616930934,145.43746596371219,80.19599016852034,1679.7173850491133,17.023985701408822,1
27.878585818106547,5.177427197036591,70.57198863997255,21.867216738130775,698.5749830380548,6.0,0
58.005723699014055,26.078743470156454,56.078743470156454,79.67436901549799,1186.760790355738,26.65053446869565,1
28.710879007050877,10.652701234039354,36.03122679369775,13.975301806605604,1208.7314653168587,2.527774638149712,0
36.65282403146873,37.63705935061869,51.469737584645806,71.4868612514532,1168.9286330154976,0.2927384684860586,0
16.153826355319598,12.93519141597207,14.054751525254504,28.43576488110397,1043.4019918933575,0.1843479534220454,0
18.11437893493415,30.938043240319843,32.0307562585309,39.11551123962956,381.7652501436595,0.8784846639583896,0
28.10523324038697,19.162885109855104,54.47210798864796,29.07973930206819,604.5528103543896,0.04943142353952588,0
29.285067787903294,22.663248711723643,40.59933444358087,16.899031557839773,723.7684292593896,4.791130322966971,0
21.380477500030082,11.452042295836867,28.271586956676366,44.337770215777326,1418.3396789447665,6.0,0
44.09230891444835,71.13956305298362,318.7643568198205,69.69518050246363,1016.4914211051283,2.8592000812757545,1
52.15242045103473,15.0,127.7960022785053,77.71771264008888,1554.8226283807921,20.336252219269397,1
42.83887040331379,76.21775060297205,260.7651835244258,62.20610293024297,891.6854823032918,23.37765898255203,1
15.741169378848511,12.21475732766343,15.570624509697694,52.567844175671716,253.161300175174,0.6047869208738607,0
42.87654535131794,53.77630485911703,366.9408987667842,86.35363523534132,1188.7582797520633,11.95691615824013,1
16.98919254114577,4.294634777898897,15.520967176806206,40.79745204123657,469.95174883160934,1.2403245438622355,0
17.361407093649813,14.040649491502782,118.78747104463947,23.585597622196218,1243.537410004668,3.3797393820043347,0
39.59299197531575,67.09259590720679,97.09259590720679,88.18176955538463,1352.8236704076946,7.870413620964297,1
17.324746000669016,9.948895733739514,31.847659012570013,14.600320827030632,200.0,3.289590548493686,0
22.068113709139173,14.140565742349516,89.11504280194063,58.964166129773346,729.552374416437,3.3573863964693946,0
49.02872699356389,79.7357789551033,176.58604923666712,85.62965110185047,1403.17511078533,12.345877951852,1
23.69334254985598,20.39913918135229,105.89191515308562,47.6240663702086,200.0,1.5354285836182944,0
24.423450778713455,6.65590823914473,85.74505412663828,37.177525826177614,200.0,1.8539330595153438,0
42.04511183354906,17.336853944475543,47.33685394447554,83.01323285809289,1362.4978040258982,12.138971184491822,1
24.814506800750863,32.85003821889875,40.61423240034991,31.750686653158876,1433.679668636287,0.32174270942258776,0
19.493680730725686,11.759060919565654,52.91122766780956,56.055380127016186,650.4653938188867,0.08160381525317716,0
15.55295106796033,10.344499525508748,25.531327544946368,47.27721412335414,200.0,3.029796163941943,0
15.679027215236651,19.02527082821892,25.538194950158292,59.44221125998362,1429.8288910960757,1.0424014344592818,0
43.79961381852367,15.0,45.0,76.23573865855438,2101.979558942672,5.131792953596098,1
14.271668817990816,14.898183174818504,18.704042125688183,39.27580817103377,564.5372981688761,2.808426467857049,0
12.313730481562656,13.715861139438788,48.16900453414864,11.341367614753457,278.50216884140013,0.10561359819668903,0
42.10918470352296,149.56486246903793,347.8050494497834,95.00196680278654,1367.947516180686,3.5590404306104855,1
53.71809942790772,19.151278329897906,49.151278329897906,74.32947507826299,1421.1985018547032,5.495612051177643,1
33.394717710773506,5.484127825427593,49.92894090048077,49.75637944451282,551.4793559797845,4.594363714268568,0
50.3336049991791,51.10236872785336,81.10236872785336,67.24880475887947,1487.6037044053119,2.0,1
43.590377090060905,23.576615066900093,263.05443646752354,81.53508311263931,1112.414423152625,6.2453760556022,1
6.532943548535819,12.312253514391081,21.104109800294786,29.33041108812271,848.2397900408437,0.4173571065560249,0
55.718184553369916,81.07291225669366,119.71210593495958,84.83891630385348,1321.399384930805,4.327082557553884,1
21.258435717545794,19.282409385577818,34.23805580183689,65.8867610431726,708.1391262761786,0.27332452115561356,0
28.895645617882806,3.861206424999391,153.86120642499938,14.523612986605619,990.4972096660794,1.8389210854821876,0
14.483102905280319,4.137569729991775,32.69001784259354,30.229518790504855,709.5052099609408,0.17949940373987963,0
15.265452816372242,18.881779714051994,86.89439287623196,51.15741321779067,1246.6640198791968,0.8967853253290632,0
42.13540931767842,21.685910213577454,172.33720091948533,92.09959775114133,1557.674854138215,11.168376302536497,1
9.435818989298411,40.94919808135958,121.03761462936473,31.33252681295091,568.8008422961052,4.771348785886223,0
22.746584082690664,21.511005196317658,29.585034728690907,5.8976562260719865,882.4871487226839,1.9365155425822183,0
7.606189564514358,6.292293711220869,10.06799366623767,59.82786262885772,628.8510922661761,0.1604569880216345,0
45.905015670152146,61.4803242584882,191.29060692033298,85.66911173332082,1005.8227303764116,23.31358323747482,1
22.835514713034613,15.116431057482618,140.10804185875043,22.73044602998602,1594.7998945039342,9.5701037488492e-05,0
26.2975394279536,3.1738816711504843,79.86020845368274,59.16565237225677,769.8459477359931,0.9458372818490071,0
5.0,10.334764000777959,69.90987398655616,74.00915093850938,437.91454392536,5.104432635613312,0
27.224839644520397,2.7288569423446973,26.35607315420529,38.437307269710494,876.8212294090024,1.3554199045538973,0
22.079158097798615,4.4791944984147225,40.52119143539548,29.13671532947172,1231.7470813531224,1.8663270116903576,0
22.48516338627413,5.434383399885664,151.03805418124836,53.11895010697448,229.20527184349248,1.296868213389879,0
23.726012826455534,25.143691839756432,81.93424241436551,28.36384741702481,851.8187387207377,2.117237765994707,0
20.971842429614515,4.023218187373631,18.30109848839697,26.215275802868693,1700.365071618138,0.513576927228525,0
37.85365783948965,46.57980755978904,100.69360948297478,85.57417552933316,1630.7920274311489,21.627700577229238,1
19.763427943331514,19.635347118568063,43.604370242767175,84.44689911127418,832.0881003952398,0.03797104689136109,0
51.168743189559656,15.0,45.0,60.260160359638235,1215.5400034814547,5.671977649380652,1
20.59001722894517,3.424611630700679,49.96589182044613,56.909125566780716,525.3176062070795,1.2780994107135486,0
46.40228003200297,41.125581362400105,71.12558136240011,74.37603200453783,1392.4234434821262,23.320914947151962,1
19.523393449623253,1.485694464898764,12.446737863197928,41.03361544129124,1295.3068467611024,2.3962263706571125,0
41.39914540250818,14.36363452800062,90.58258437564812,60.772927931336426,200.0,1.9806777898791545,0
47.61656152958557,21.250042139670136,51.250042139670136,69.53202317788761,864.3058104254338,15.17048475169196,1
40.72672169312345,38.17781716821321,76.51487703924656,76.20268715952608,1668.16360647219,14.549065603754055,1
13.041717181908492,8.02624480863641,33.28124262081751,58.31915538418507,295.52992617622635,3.4581458464248196,0
11.68556661009338,25.42511218454288,79.15844823908957,29.25904079731665,200.0,0.3468826724321468,0
17.55787855193373,25.599073889644597,85.68124994810628,28.52612096816761,1103.5681531751966,0.11609026093492582,0
11.461091752754616,15.409278715019198,49.904272491748735,26.62605749323247,1296.2998600204803,0.8438054857265086,0
53.78765784076319,19.413318746427493,49.41331874642749,64.61736546560454,2270.2553924318518,10.008423126938808,1
43.60382279176097,112.92706977615173,487.53037978065026,73.08836274211482,988.6319645914716,14.161844216262635,1
5.0,30.81920211123607,43.610131601422545,29.090487395206566,899.4027215523292,6.0,0
30.73933912722603,16.08167414339031,37.81320838128454,20.95261574607859,706.3988769732708,4.0839113691782805,0
53.21040588300914,27.745690934117437,128.86839275746524,82.63018855343105,606.9129596451967,10.38262779419305,1
13.686046787239825,12.40423824425677,154.6967633325713,52.01123580081178,861.9892666632396,1.3244901316824658,0
26.86463446696787,4.8903689800882075,46.5887124348428,21.650661632880336,977.0653311802315,1.36138266407152,0
34.44240536154583,67.8017763340867,97.8017763340867,76.93909745945669,1187.0149936110818,20.50741686721399,1
32.75604004450399,3.294519687154478,67.1595777635414,41.19302234389766,804.7801306973765,0.357538456556815,0
24.63330621496824,20.378525810535685,22.49493280742709,25.288058384117086,1627.421456057911,4.757367576764426,0
25.08332152331606,1.0119516245158302,48.02618950603571,24.06791830761543,1508.6334152182694,0.4056079770767947,0
60.68092719847765,132.45986103881003,162.45986103881003,66.93994545852263,1757.7623243828364,2.0,1
14.112627382715136,61.38095584504316,116.00529192648273,45.468975629794386,1374.3405194340457,0.11732700858932069,0
28.38550547189316,5.544308390352786,88.80701621221208,29.4346435960832,1158.8406554147605,1.3400571728558999,0
45.0,39.68439865189727,96.49587416684574,53.78290430575012,758.6283562716549,1.0662425799428623,0
16.10215204604925,0.7551371222779898,11.205146297769186,6.050954506260258,1186.7025957371902,0.03962590858370323,0
43.7473668487351,15.0,63.33505670531911,77.36886578203979,1687.5467965402436,25.865520973946023,1
39.86220999650992,10.826262273568965,16.88611843479848,41.671384383984986,1112.8194942194523,1.7819537637936096,0
25.07562710435666,10.698193277994315,160.6981932779943,27.617877614430796,272.16043552790404,1.353075169724835,0
21.05909028223403,11.422886648903797,17.349979716282753,20.840761861321692,819.6878875418249,2.0553444595991577,0
15.529802818806445,13.294973146040363,37.41128545857882,28.412670123884592,1436.7721551995169,0.8393481002025484,0
24.836397915640244,20.80575717945152,21.355502784207626,45.724577460240845,491.6200765046257,1.846732799622709,0
16.947103067856304,5.693203382873588,16.699905235646714,58.241387067149866,882.3544690608854,2.87233216422221,0
17.04918233429553,23.115257478344173,24.83437940261013,57.06859287919932,1694.6772416662757,2.186511441339967,0
37.187089501935034,41.94748022596567,91.26423377662249,42.211246426501084,839.1132665889338,2.664093397026127,0
17.928802220858667,1.2546171394137322,14.442865710356395,44.024037034221905,992.7432549535785,3.807878963679033,0
50.37113100820508,93.26273641709957,145.9754097023047,78.95635991981709,1383.5165353624577,34.5825457450769,1
26.460827972887387,11.44839218058112,34.88524925557694,45.261625466931115,345.86162554196187,0.4434661659312294,0
32.397268693362506,57.21451567593793,87.21451567593793,93.91545020071406,1281.5910316583902,14.499649033368627,1
25.691625023299768,17.467379972544194,72.31037512389457,21.81731151671302,1136.699246456459,0.5988307959424429,0
20.585362729546897,4.458625929751737,5.614099546345531,60.42272802820252,1335.6026950133682,0.22371568090081698,0
11.376296917818498,27.191471012896994,51.37151846489935,45.1675939422978,1222.4451833930195,6.0,0
33.749437651645444,36.14531830554846,158.04291215170338,89.68713071251413,1582.1279882184779,25.176944537358054,1
47.3006412914324,109.40694458393327,285.90036300586723,78.1216092608059,1661.5892784915186,7.165048678257467,1
7.473038049512121,19.629832321112772,81.12540873631323,17.795002965556968,1154.5251201498463,2.326331135873049,0
47.89203395518351,25.73836432270346,55.73836432270346,69.61244452249782,1157.1498590338042,2.098458364041701,1
32.17712014332702,3.1646050488065147,4.981977702132832,31.04829099789975,1341.6486870148015,2.189579635901973,0
21.34111896243188,9.386227252657136,144.02618630319736,58.84456132073302,850.8369860373397,6.0,0
5.0,15.109067507894302,89.67133490774009,32.70862630155384,1114.6251460969138,0.3900895767385727,0
26.657265075060813,19.365306700102888,37.9212805663003,35.241409174738536,1527.4680216666866,3.3232046836169027,0
27.44930914450595,51.953777559778736,350.2543392323521,68.43031160994076,1608.7990049210189,3.847116420825211,1
26.135888365678063,6.67990816476943,17.44076372615779,26.687596097401507,529.6939121057894,1.5828862772056633,0
6.87189394634782,70.76796395041157,78.216886230635,39.98190806243701,323.60111647565986,2.359730559237691,0
24.088069411376196,12.785784406364574,19.521003110236208,34.02301838831363,1212.4546747040213,4.982240158344553,0
29.669289853409158,14.739918357972913,29.264248667487365,22.358478562654433,956.3705982249633,1.6602111669011064,0
26.691138652907895,2.9168827119387086,18.826914570691084,36.956490926328414,1040.4835220096784,4.4104465174336625,0
57.95629684613637,31.396457662450107,353.8281216357375,77.72604040871151,2217.3955732937266,18.69264909558136,1
5.0,14.08265288374061,27.277226407947836,38.73311141660735,855.790850102139,0.2668812118399528,0
21.216978634746688,7.9865204763564455,9.899996821293493,24.1290452279049,720.8070836583903,0.8417724560420187,0
55.64848382134533,24.32588501349818,54.47764294315256,92.42805197314694,1513.2187353345137,4.977348632087028,1
57.94781557698165,155.42189762367892,185.42189762367892,92.36020301246364,1969.474872563269,46.618018549877306,1
14.018372835096233,16.2572231161604,32.40254782583156,44.95433029920001,684.8430045235225,0.3916840339066698,0
7.128494028677803,4.1477499773987105,74.7152572815761,34.42642514617044,1994.0421915048848,2.1430527808308275,0
7.134634751380672,11.307848939737099,108.87631750755456,86.21771075766024,1252.1802196431358,0.42335266265310645,0
26.27692354454838,15.071258057529901,60.2235198947051,44.6998099107055,807.644897808797,0.8934847936433654,0
22.519297233613088,16.175365429625618,91.24644364824054,41.16536405420946,845.7193418190474,1.5068736479741198,0
25.13637844403545,5.686413389708285,8.885019377915361,16.601414440750325,447.00253136676224,0.8471131652199098,0
15.261936808645194,9.210751223017386,35.64187191440983,14.409105053338553,1411.2416517253382,4.952346975885489,0
61.03215161627395,41.35218775413107,401.1101376844472,81.03963109332665,1746.5934546235235,3.9595185044693393,1
47.088242496908414,47.10509908901637,77.10509908901636,90.83643648719828,1939.7160630502997,8.232413593523855,1
34.532108734991546,23.535121170374364,203.43993252627723,72.10070010697349,1091.131486841891,2.0,1
6.55534407659426,15.208811232552497,109.19926578497785,48.15695594737638,1471.2985196254726,0.8074686448158859,0
29.720855968742484,34.95243092290055,89.7954169353176,27.963787354589936,701.4853999239259,2.4702561760320276,0
22.901565532809276,28.156783879632485,178.15678387963248,60.48946356876657,503.92552346704434,1.4509737891892425,0
35.242856989115445,88.6443246901149,118.6443246901149,52.31816387055782,1324.7466846861726,32.75880507653824,1
50.637658038690624,15.0,53.42921672729633,75.59566946440408,889.1410160317405,56.44729662930712,1
48.22549387561758,16.639098726228454,80.23219237208292,90.25679005686071,943.2191997119223,21.940893047205357,1
46.342645617924894,40.08496354920217,98.1326383435215,73.94293416555685,1599.1396039595725,4.894424490522139,1
17.998017534538565,48.366313756523574,69.61659665670857,39.32413682677123,585.2860566979407,0.9382392881689031,0
15.830591447478668,1.7170448939489862,96.31615440757433,42.00461721769123,1198.5239270947213,4.109067106746202,0
36.47582836620125,234.84921647892173,533.489338400764,80.65324019854465,890.6246941522868,3.139661812039156,1
58.57190626280109,15.0,240.0944165730248,83.01768551712368,1064.2492714162497,2.0,1
54.029658108900335,225.73394575646577,463.8171995117916,65.03855125762566,1261.4235458217497,2.0,1
18.802329726633438,8.522025112189326,60.05392387600242,12.88516187090811,697.7898490156942,1.899137629421102,0
19.446407911549848,14.423502774254601,19.178837461085447,48.398916849893766,730.1690489170429,2.7815194480961876,0
25.73480472316092,11.299824916852849,118.96233446048424,12.81671261714811,508.2369156724829,0.7147285908567653,0
34.12733480378543,5.912992996152629,30.022788293503485,55.86173299303056,1217.0918790619507,5.486682713976511,0
24.753492618458775,16.49414596077492,52.39336018167438,60.34862981664995,1335.9965943707907,2.827739645049443,0
19.51251385779397,22.94865997327219,57.39694731437888,36.827466433232026,1493.2767592404273,1.5293319304151256,0
37.972490438598165,122.66739084755555,152.66739084755557,86.27668443734946,1184.8308134993513,2.0,1
18.519523531529597,5.060795673771,11.155999602166926,50.238829362545204,1559.9484398325862,2.9920388557841595,0
23.86670459654855,4.721998204080377,17.525159901092756,53.50877411884834,922.5016228798863,6.0,0
42.35366161379997,15.0,45.0,77.72598245330957,1439.878824123713,11.32873373825883,1
50.569913503654014,51.71865370250478,124.70030863154163,63.55464911324308,1686.8680722590907,2.3130510696440987,1
39.180066477670756,15.0,158.20126960661656,74.38037306984887,1074.5175969291374,13.996365462848498,1
19.990564020470455,3.419083573272096,19.886146534183474,14.176185596121385,478.6449323803232,4.230924418750414,0
22.569985770816096,33.086447913561386,33.934630588756434,34.57708687204226,1023.8780666007709,2.495195036108842,0
36.13779202454372,15.0,52.172463276181716,85.79373818050131,1483.65507129418,60.0,1
28.861749603241382,2.965433056425843,39.871858148928034,42.128025257679624,851.4398745408248,1.0520622652857814,0
28.867908043832138,19.74222962377691,30.286014896693686,46.61313873688628,1047.5967350868825,1.4057310757662111,0
9.430943869480767,22.861168039873153,70.21461781278585,27.839412538377605,1388.4543484470569,6.0,0
19.113700240464944,6.886871681108954,38.05042003027687,49.97138724362519,1311.1304358854677,0.5497367089885407,0
32.878151541802886,28.776823950731306,93.50401723439262,46.90866787035262,1954.6520980308876,0.724261918034711,0
30.086896473571688,0.47124281117022443,150.4712428111702,17.601091293693496,1236.978519354097,0.04647841551978612,0
29.995216702542066,22.135672288373986,27.304853029147722,17.280989672831243,393.08674910479994,1.493066350288126,0
55.18573992360669,21.429701454884917,521.4297014548849,49.566052766742914,1798.65987403027,9.038407074324354,1
27.341310856461345,20.009679285678256,40.665173582247206,19.869359707645852,200.0,5.485586042010156,0
5.0,4.080864415285287,9.785719095150736,39.139012456075335,1065.3502483969028,0.8766643384025151,0
24.42829776276967,71.22504366514246,89.72144353579391,38.13768203069075,751.6460631115161,2.161621953378623,0
29.196190437174646,4.046345497882922,6.358999736714806,30.439805792003344,1452.7258394343767,0.8646409777067972,0
23.522152049423898,1.9868500147956456,52.97278312150177,32.9659249556987,433.1652513111825,4.752149363709374,0
29.873808659187848,12.307854010964606,15.858802016880729,31.22893278526877,200.0,0.03335952762276559,0
29.339576535868122,15.04771043140973,56.367101012355505,20.448010470429722,1173.7273747247796,1.0392883392719021,0
23.06671422699649,11.571570142990414,127.56688417917069,35.73052155767867,803.473402134061,0.9552996470627463,0
23.66307783673769,22.629325188000504,32.906218066544724,55.19228026999252,1279.6206152128073,6.0,0
37.30018755344695,42.6258748364341,182.72716859778805,89.54100198565914,1252.2996080425703,12.911357312119033,1
11.908304025706366,8.179115580099344,46.64151409875757,30.026338363695622,517.1522301289363,1.605501568596107,0
64.95734098871989,41.341201702270354,216.64540206280734,89.242050023353,867.3732305238061,24.380134622750568,1
21.003406797778087,15.33012229783209,18.39281233907337,14.482653541579268,1004.1083174791647,0.33243790133108,0
48.295718544928846,88.59549273317475,118.59549273317475,88.46273174005475,898.1107535218958,32.57418111660045,1
32.63497426422,9.42218962749961,16.260623334916815,63.03172763909293,623.4845228470455,4.786950943234342,0
24.08850991106835,2.5379957108704825,32.37541003492541,32.58788063847094,1848.200720985951,0.3360335991514563,0
15.975801090507954,14.242750543211136,26.785313910092274,20.62605300398081,881.798207211107,3.9625069567727143,0
38.90714120281528,47.16528256158949,213.27165788988071,79.14693514262758,701.8799485891052,38.00540807550643,1
6.7996651680058555,6.782644937503581,26.582738179107505,71.93674498581994,848.6196949829122,2.7231487688226528,0
42.09758346559565,34.930887630801664,48.27010351232339,54.70405037862491,1500.0105337420741,1.7048593586476743,0
40.785934198722124,31.613584534189975,63.34614986518659,80.46770576091386,939.021429486379,2.0,1
8.33882994512215,0.5947638274003477,13.40859913657982,21.325692515019632,676.1509223618314,1.7903848890127987,0
16.845058820729385,4.287621529806262,52.360905330935196,56.38943612547877,946.0248707358039,0.5169550669032742,0
23.59662917219451,27.251142388543347,50.23088365844612,27.516166815221275,294.87639773765113,0.3805198492581764,0
11.334971265934925,18.60422117855644,22.205472040123375,62.41808296421267,1045.5651093805686,0.270432983021059,0
36.05389200021307,15.0,45.0,85.38423471389966,1712.5943734673915,6.290848859755366,1
26.891292548812594,13.784996084869649,50.42173263748727,35.479684476969396,970.161637472027,3.343943952728659,0
48.394196133660145,39.11449039553051,268.0474920913622,92.86479426112176,1371.4230515729591,4.827631761418776,1
17.568032256362933,0.25332100593557194,15.727451044338526,22.91261684800868,1113.923864592564,0.6983239136830302,0
43.73751252052453,52.32321359949197,285.84586535521464,74.68424347924893,1734.913816870531,31.182404284925862,1
51.69166524873469,41.29647639764855,170.14738454028097,62.63667532181658,470.2742391705824,12.980133707609056,1
9.241650223767449,17.53805478534736,26.974063955434204,17.718004942883493,1152.9955717358732,6.0,0
9.57633958443052,8.46923999836832,16.428851479304658,62.83026098260341,843.4520741377708,3.0931321719812184,0
28.00943949094406,3.448835219701481,3.6662711488104436,53.790100428922706,850.450908074487,0.8001592248172386,0
29.850494253177956,1.7478967564839367,34.46674105425906,19.458979603231324,1410.4180433267982,1.3430702859219215,0
52.542796579197415,17.3212386174486,82.27026852705337,80.19560669011304,1798.120704792855,29.793838563142234,1
35.79600648003396,79.70137184299587,188.16603546761579,90.51817013700611,1503.2695724768987,18.734622036447405,1
37.253118182397685,27.057190427245004,57.057190427245004,73.77785234891581,1720.1229710843,31.73607306648598,1
35.64854334392161,17.609857009048053,64.57139934258271,44.58628655793373,807.0736315516928,3.6874359657952573,0
49.49019087247312,195.0857635931468,352.50550312593055,84.36842733334157,1976.8985310553971,12.325451354780014,1
22.438956778996648,45.477043312979305,50.391558858002,43.89787057367903,200.0,4.801188697741462,0
16.334446486616777,2.0719852551417706,48.856312826970886,35.96166106233233,552.7491226810157,6.0,0
32.03782760730672,18.721660145781467,154.6833988510289,65.6422905446607,1438.1695412675547,3.3812366525681963,1
42.944750905729705,15.0,170.909100890739,91.5920295627958,579.2868417198987,14.218791892713778,1
14.529715820310964,1.481559642576588,151.4815596425766,71.3571108320184,1039.7446221285552,4.7940474313802515,0
28.32435106205669,26.12760788711357,141.28169620747974,34.735660670449086,200.0,0.9045306205075444,0
30.591691438150967,29.85261564029414,107.61728692557006,20.950202370985018,963.9609098709584,5.535586818908511,0
22.171532645364362,1.0132075835991754,6.189235311863607,32.13428474557469,200.0,1.6993108704900906,0
28.467314354261276,41.37649621236736,41.891479520231265,30.130818318466435,200.0,0.41504760196561,0
39.60806272840466,0.43170608487850903,56.58779786338585,14.731974148336707,616.0612521821893,2.890722223076185,0
33.8217309782558,19.210137328082975,30.594429719362456,25.791316221123385,827.9482730806782,1.7978762769412695,0
6.7569965829911816,31.33946902173826,64.7130889607648,29.44775797663901,1014.7477444884726,0.3630927389564726,0
18.01852417686468,10.005637510466803,54.8146320470627,7.229585848445219,1303.5574637031436,1.2991378453940843,0
27.467729484760834,6.982372653339464,83.82512115822348,54.32089888783619,896.2275969012619,3.035247215131739,0
44.6989182983742,164.79420947556875,276.8691554313533,39.98176484071257,2394.8233510308933,5.433046990556874,1
15.335050395412736,23.004143536490663,28.50353827583487,21.49629190077101,998.4830644440854,0.5411576926908569,0
19.631908811830648,6.106066866273954,15.306445800395334,46.09217428345797,1469.6156930032573,6.0,0
15.908493306943399,12.313911275525466,18.602309165211086,48.1147917953325,613.6563758940556,0.5982357849985293,0
20.631388003851345,36.08666707631465,50.33663444957839,20.079256326646462,1213.8708165118696,0.2932521238319249,0
53.05682953578292,26.320314798990253,56.32031479899025,74.93267921327427,1689.1742164411376,4.155264763917689,1
25.70328708393008,4.926292846070825,90.02471777526212,39.011187782756316,1275.7592462720322,0.9992886905488046,0
32.77377389368593,4.489865058706369,19.04365189800035,12.942877995786391,1697.412988719721,0.20236857255598095,0
35.372796360647925,11.810969270677962,17.493615732481445,34.72043479673092,1465.334689280725,6.0,0
26.45994719213239,22.007300053514186,32.1368274062981,25.995061038357893,464.53556616236017,0.25849984090701567,0
29.051227819978372,3.021547720518651,8.309818607361258,12.837215154106572,200.0,6.0,0
23.501328184893644,6.34485590361933,38.28791778965095,14.024040945039943,823.122801998081,6.0,0
28.628105912332522,7.44805693042194,9.19539640279879,43.25157304176568,1020.3459055884231,0.13733113069779349,0
46.878016558071664,72.80223975614557,125.67854983261144,79.27231673687973,1456.5563479080445,3.870403501945458,1
21.339706353604072,0.6385345860807694,58.94656107447039,46.71534115635713,1117.3013472002442,3.480240672660503,0
18.89499134869715,2.1056519438210297,25.183936238997205,55.6239037328224,455.6201127737555,1.8091207841457682,0
38.382891885492015,61.68558306592457,227.294785446679,92.73993558211684,2169.9013975303333,15.854318399247468,1
13.053788176337603,17.08899306378605,60.691681369847274,50.11598943337051,1126.9679628821198,1.9829226048898687,0
21.771550573873924,28.25265360173585,143.41153890665151,51.87822049571339,1620.9613335723252,2.817161762901684,0
20.564398860909492,47.0314489747831,83.40368277908973,25.19102265581094,1238.1973753518719,6.0,0
34.209004346106255,8.003721880984774,42.31190438244471,55.3356924419744,201.21427321656222,0.7946479094345592,0
14.383210947364518,14.07293515929405,86.58140924340921,45.58944962295256,200.0,0.10068198260712379,0
31.550771111084966,5.7169895599514975,32.921857834428494,37.27419834474084,809.5570404440907,0.5566818771776417,0
29.07308685843455,5.987281285587025,44.401078234526025,42.72843419096797,498.5502259911681,4.518780930558308,0
46.79447024341437,133.4489124814154,176.39728943946133,71.14050013205386,1405.3188820254638,16.90770397945212,1
40.46101113735859,17.46184468341178,47.46184468341178,80.91611050508021,1466.965424866754,4.8022767030364975,1
12.094672646404186,0.8713531696146684,150.87135316961468,62.7659943485742,849.4775912449745,3.996810506246901,0
45.07987007158815,78.80125672905737,108.80125672905737,67.39081290574192,1562.1464631292254,44.3467218095937,1
22.67731756884429,1.6824009379670304,46.43612573125567,37.988341833458946,773.7010644728094,6.0,0
33.787690385651544,176.69427108143734,261.69402072819764,83.67025019039325,1160.1708886620017,2.0,1
18.164192667800734,4.7922425311693235,29.398996876348306,13.992344505644366,629.0711003590278,0.4966455272247515,0
5.0,29.87491910305404,90.10686313664914,49.88034168178629,685.9721180971362,2.133922572959417,0
12.5648805281524,46.23816828786778,102.40074940215418,49.079934523478094,200.0,3.9705912014514144,0
8.584060448519164,15.162862100143169,45.730115293569355,33.92595827844212,652.7984909151396,1.5932987542053043,0
44.49430971582292,69.4192718680001,569.4192718680001,67.29811718839308,1654.099824842351,11.219723974592,1
39.17734034719331,15.0,49.47203863982296,72.40886157943928,1049.996383860597,16.10533739302998,1
25.048168535263333,0.7120688960155662,1.7385147351834584,53.419454575922444,1390.0245282930052,1.9217675595410386,0
54.51337796040257,120.3390314828779,441.89969052746926,91.11239278578186,1194.6037580254733,2.0,1
49.46569001443705,66.95341298802887,160.8545156396366,90.48484208261692,746.2532137818434,49.76157894373765,1
19.98278206786654,6.725754226018498,33.20182649596583,55.27802332050802,669.0451400122793,3.0415597409774042,0
22.541560374022513,9.815847486589023,80.15216589635104,25.480551862868854,2017.183475958382,0.6059861441733422,0
40.95917198358912,15.0,45.0,76.85635025179852,1630.561375378486,3.8707479605793127,1
13.925870708312281,6.132522592539512,17.473062337487036,17.035400085059976,1697.3074157705698,1.2306967125266897,0
21.30211217044208,18.605333507625335,61.016416496217275,33.70556649072795,421.5702673896398,0.44407498386872374,0
23.175406806858668,13.658858552104803,117.08543437390964,35.19525322554701,200.0,5.548968747141472,0
16.186794251694486,21.64301964261404,30.95590718891562,42.397229290216806,1548.5499032341354,3.896131976466429,0
19.8856225782408,4.056492658539766,61.73548326021685,48.40364555941768,860.1512508682582,0.4203339749450348,0
54.997729715813094,24.767851385351257,118.25554069062738,94.71119831597498,1506.7312383694236,13.467679740013143,1
33.1774478648284,19.377138700384606,51.46448346253302,37.52394465337476,459.2324986334506,4.811549077796799,0
21.824464578190167,11.157991185025551,21.256443755525005,27.4507028491536,1158.6330266669727,1.8058521603633382,0
29.159858109154356,5.76625556424852,84.999672345947,68.79527572200391,875.4932170697624,3.019460856910274,0
35.16546572047953,1.9504845459573015,2.536716083930452,87.2705757016327,528.5091011797324,1.6960343318029185,0
23.1396212013677,2.6443965077407534,12.916680716499943,50.65776522580436,988.4232815141193,1.4703120783566048,0
29.147135684341333,22.784628660728583,39.393656257783036,31.479856302675813,200.0,0.918904413624221,0
24.106383572834293,9.34083026958345,89.69119369971337,34.79947729593186,1282.0385630347541,1.2619839035959228,0
37.431123392653404,44.98462868868038,98.91301414766721,93.78921128171686,1891.6830914521304,8.314379168893984,1
26.411693049919492,20.721185894477095,50.29082250126342,36.46698024806441,221.98960703069486,6.0,0
31.810199447807715,15.0,69.01711970559634,73.50231484317437,347.6724135979482,60.0,1
38.98942902857989,9.488403627240098,62.31545124022498,42.01296881456283,200.0,0.7304561821041762,0
29.53212213844083,18.828581116778455,40.743747015339096,55.33642472450468,1526.7662556694645,1.8014329136102158,0
33.16791073914305,0.41432680034390623,22.42412403432858,34.535223878793545,683.348544391426,1.6925575917074636,0
52.32037521565425,18.02290068484742,281.4526105743729,82.60286815255527,1259.1262615145838,2.0,1
23.44854705605191,13.354226164026375,21.913591622629788,24.4999290768362,1714.331043525142,0.5054344745263148,0
35.17030059191369,48.699611758654086,60.7843067278973,45.008142929990875,781.2076296544229,2.094622061510054,0
16.96239912272156,4.312728643756795,5.9956169368795775,36.228961446267846,1176.21642038062,3.33049877877021,0
10.863915095281364,12.972272603622994,31.165136843239313,71.81671034370028,774.3424231553767,1.8021711060732182,0
48.47015525154454,80.62802987025728,113.70545413916003,79.82918853194232,1922.2129355891823,32.85074562350662,1
18.369105513662586,1.954370910782813,58.90131916483068,63.61478663129522,1068.7688471747126,5.637343986642659,0
32.58379534300417,5.737455096328155,37.63973867755167,13.165969071176843,820.8969045135258,2.6617368222278817,0
26.88224751111201,109.21196328196642,167.7311948988121,74.00870547579893,1101.96717636944,6.054736225355159,1
34.89252501954738,18.647697912982075,109.81706479954735,91.09516509351283,1914.299280410161,18.411481108787275,1
23.478833581508628,34.40422787531045,47.45282499196629,46.51437174864324,200.0,1.2896630575484613,0
28.00111083385507,31.409497992543486,58.26101152165706,31.74182795271116,293.6773860076537,3.122904166486914,0
17.377735202140514,44.26099698535484,63.94380138227049,19.327562562942187,319.4455439342406,4.011373624957848,0
7.621824754365052,7.415792339926736,39.97124850921962,10.10046744632648,555.685210820589,1.8706486534544933,0
17.013303155206025,28.868219691997915,44.721292933854194,37.68921019119883,869.6054512514958,0.9212825776051217,0
19.614866316184976,10.880696084608367,129.33604460985165,47.235374224258294,1652.011794349491,2.3716438180052553,0
37.409653489534726,15.0,45.0,91.2315619050921,1670.7434871621974,53.16372642435821,1
18.193358176511047,4.548376333321868,35.46390208468015,46.713170955103486,1123.3294949627118,2.113931222537815,0
14.533123438736602,11.030796413825602,18.33740341065203,32.10993694000507,691.3611046748867,6.0,0
51.65206130311946,28.821689006082487,58.82168900608249,67.08269234056705,1878.1055597439508,22.506847980857923,1
31.611166942111126,6.685037294118164,35.0954771341104,56.274504347418485,720.1813800893127,2.4601641381341284,0
11.439874961975201,0.7050587398025236,35.6115998082016,29.171752033100567,1063.6238617660047,2.132144069070504,0
16.828721244116835,20.496161220402534,27.952684516526794,64.99131623147562,1005.0430200567168,1.1561549498661687,0
45.0,9.509849071586126,23.064299701362593,60.542557283922996,828.8836423602779,0.3725121700214407,0
20.67759730502488,3.6838755296918864,17.448732771391196,47.63558447266753,1177.5185305822927,1.6225794217537646,0
40.222861367994575,18.68550903920944,201.64459786205364,72.91074154064499,750.3425819774433,17.287817602016187,1
18.822895087814434,20.973075377275983,49.00139522585255,24.160738725523434,1007.392676825556,2.1315668053232835,0
25.59288604659265,5.122578071104877,22.007426045956485,35.23655632000977,1612.9453379470433,0.9827470786782592,0
57.727601330820654,15.0,51.656020598031034,73.4562936551859,1796.187078033886,37.637717967283656,1
19.48467845903116,1.497353862641375,61.87549174732009,36.36700846445668,908.546052022639,2.5532652085572294,0
23.356100339724012,29.93927039808853,38.73745631674088,11.509832657322198,1173.2315949003912,3.815294813027634,0
39.57328451086053,8.487472464007926,73.06098081086728,20.211810033270353,683.0305799319212,0.8699525252468349,0
40.231673779014585,15.0,45.0,82.37904866205184,2125.2465235418213,15.963575729929302,1
19.54392029533405,5.385518196413771,22.3755671664852,43.95344434745511,894.9852082908194,2.7716608713480158,0
47.692014406217055,15.0,308.7005966078695,81.24901675792196,1225.0056227697487,17.00973266190539,1
31.286333235866095,7.204688230239077,115.54485215630196,37.38687487853092,725.3360638821853,1.0697181312264754,0
52.21156136897847,60.975334211528974,169.90847089956247,74.10367650280797,1140.200473559794,2.0,1
20.0,37.16799749368934,80.83181515626904,61.630722825318486,1363.1874915675653,60.0,1
18.59999466123688,0.5111002166274868,13.594828855163058,36.95812547724854,1043.2834423392064,1.4887575160999191,0
44.17690489794634,98.23789336297098,278.08511572835494,89.30706881395378,1326.8531865073705,2.0,1
40.654370383112976,15.0,137.11737528181632,84.60414838219295,1145.786392868669,5.280656338400708,1
27.837620779689498,18.297987759058884,26.86282057725242,75.48937803388071,971.5243042957298,0.9231377573042695,0
53.45672687586712,15.0,318.06730615787075,70.50531755018542,1795.723107544974,7.248129511532101,1
5.0,76.01683044597894,104.98596737885242,14.354550780504468,1227.2576541556152,5.863290592150054,0
39.96585936219083,13.53434641495752,53.26404562232881,23.013011674894372,651.3309555063872,6.0,0
16.37814511258461,35.480749796963195,138.893198603464,48.74714902645305,636.2777119514192,0.47563244690406403,0
51.193662536221495,18.860912100300766,58.86266766544407,92.11055923255674,1384.4025973984365,24.749910367941702,1
7.64628193221588,23.206820074523108,63.36569404882129,36.66616803839917,692.5120765128042,3.113245070549387,0
41.61890329762139,136.7239991674302,177.23089239231578,74.13879092369565,841.8892453937553,9.478074855692565,1
18.236339888513296,16.788603443113416,18.287389934710436,38.51344354986123,1119.6675875873802,0.21462127847774956,0
26.298021038454724,7.23412065626315,14.999394479511032,50.778149370587286,1000.6170090477408,3.37678423915215,0
46.15908782847802,15.0,90.99236045064049,77.83056461283631,2106.413415345756,5.903666305238289,1
18.949412799216223,7.252402556943693,22.735842720220624,71.97966254705929,1094.376009249426,0.5024631144788306,0
28.318911574930386,31.79183327671194,48.70902969649727,52.1117931546987,1014.8815779700965,0.5947902764955634,0
45.0,2.705226024504917,65.57558443173804,12.997139502466473,570.8774976814123,2.0900380498875886,0
40.28457221743327,119.42303413166952,426.2141424416334,71.26377658148971,946.290911939132,33.67136897649816,1
25.589829261894288,0.5198826817825525,142.39564091158823,26.13582627904049,733.9191445008067,3.0103231291977277,0
16.66486585627621,4.060535386989906,140.9444990612877,45.25773210703358,200.0,1.776129136420725,0
36.67684108531917,26.12841878188995,135.03742486270392,90.29004103787587,834.6496811923116,2.7936206021190175,1
17.24187523490974,20.00780897089591,55.96671052645243,21.28006041300555,596.6772707273583,0.25432810264236266,0
19.340479604082674,5.587506007786709,13.143689447602428,54.92233297171889,589.999081468377,0.8595047808609859,0
18.06804370179996,44.70361750147994,79.91564663584694,36.83607957962741,1029.7472310668866,0.6223440594191201,0
27.431847285607155,4.207530495348086,120.90219336872507,48.3720406538522,200.0,0.014113552924034382,0
25.438594023848264,10.963247780713449,14.458030504062844,44.127860486487144,953.1874700409049,3.4701686567469134,0
29.401636903132005,2.044301498406949,39.5909927028194,30.697343849008007,771.5153689097862,2.2041986168611594,0
14.760171760261155,14.748214803552266,16.60747207972613,8.566086022449669,389.86627366544866,0.4296207756196895,0
6.624916423832131,13.947713189762101,34.1559850948786,66.63970897531806,1434.2338167363487,2.5250062396248976,0
22.325246635262275,4.247019175561026,44.57775360067501,49.07960438799538,1036.5488256192243,0.046983947026707044,0
19.109373520135065,2.010002391006924,38.327985335930364,40.93197992571867,445.79381158708554,6.0,0
47.741171161223924,16.631038350914924,56.468645848146494,48.604992732339355,1674.8437638394048,2.499503095527706,1
14.254413815931805,5.578954807306244,54.65427311622877,14.491671929636393,1810.4642481890803,0.7931702062093141,0
10.279896030448825,6.046995598989658,20.468012830367027,83.71911810828841,837.1550862385409,0.8934659534976063,0
8.64760181864337,5.9803193352846735,15.693633740165541,57.968589093084546,1135.4869043013834,0.3152292635440684,0
30.658774160942478,13.943528066689524,32.6342715358803,29.982499021143717,557.368432168111,0.9823741301814988,0
31.76687387737293,8.337458880973339,81.26574539069283,48.93513608061366,1697.2749537789418,0.18349401312110075,0
25.72713754183696,9.990365487043698,61.173671341328024,32.92304248546171,731.1469222761755,1.0405902465467296,0
23.73168096713014,31.53584681257857,76.94508534741121,50.87571229546648,987.0783555806574,0.018651641736434528,0
18.91158963990945,7.69283664236403,55.12740857164518,20.40112795171607,1016.0742008105824,3.727652756231209,0
27.713760688079756,3.8928230208599937,43.10172655566875,37.04903824920445,717.9611939305647,3.3675597901216743,0
18.533522743328284,6.644557467061673,12.111029609015016,29.60365773732803,1089.137727765234,6.0,0
15.977579321861736,0.3531204810651418,68.87306332640601,32.56769146195854,695.5882596522276,3.738478588076236,0
6.4756344652227575,14.934178683205571,20.878597396529088,33.65711863706066,944.1678202869977,0.6118822809717072,0
38.314663998587974,15.403690952572967,214.3846330620086,87.08921354147475,1418.9908605850517,6.794283350113852,1
7.656218901041266,2.086005671322318,78.18980564025406,20.480355596339233,1701.5046186176805,5.953542871599063,0
29.69085648636574,3.5818068784586403,28.10201728918018,36.60731752750429,772.9425368090789,6.0,0
59.36167343343638,19.408702668126505,155.64546139023898,71.4474773356067,1499.563211625018,11.050892626197419,1
19.28909662717195,5.2942165251950986,25.79146985694129,23.098377763501112,1228.2200584990499,4.773533337056614,0
23.34575645671123,55.97058281131055,155.00200696389453,34.393852305322895,740.4114759989415,0.8087278987879296,0
21.87307060116495,0.09482193766645844,53.51894193547185,38.966993591948054,1610.3638791097947,0.3496466337033078,0
21.872776156070262,11.807452182765577,33.234417850063345,50.606557172404735,1220.162822835175,1.2329677779936008,0
52.50168332912859,15.0,265.4198124663369,76.80706133085752,838.4891649636621,8.90852636405882,1
37.69945370643464,15.0,296.7431129352023,68.51021507681665,1583.0813398370597,26.421398172336442,1
26.992761967336282,1.2974757360292741,23.93485253449862,51.57913309401496,1106.5739918091022,6.0,0
23.415848540771215,1.741633505697015,1.9340635788185023,17.115271441060976,575.3483027112937,0.0835139034892952,0
27.416800236580823,0.8744784526146432,20.144001862726366,55.86036402885568,830.184037566425,0.3448318640592554,0
21.940449084414453,4.314902336314825,7.499621469182495,26.217038875608363,584.1657411617978,4.079233712967178,0
41.1291873806434,57.49391169519977,57.62801689964929,58.85187356479179,860.5339970827163,0.7294282037918978,0
20.80613286888355,25.023288409255844,30.755321386615904,36.62840410320257,791.891259753678,6.0,0
26.26732630128978,43.63530197989224,112.70599515902458,64.2041090334927,1261.6695548965047,9.39495264718802,1
6.786410998399461,7.244796339475134,52.97759752763694,60.56755064569928,605.0841746735591,2.5984947976354666,0
29.25641677208867,26.041734511385116,152.11435005269485,30.535174855644076,682.4721156112915,3.0878303166747836,0
27.784334970864215,16.616451291208513,17.741106096529634,43.16289022265107,880.8439595755221,6.0,0
49.53711855478915,52.3071988754618,127.42299193308304,79.44798635187456,1473.673615015865,30.341313870404193,1
42.50406028478766,42.819743388152624,220.71261744662146,43.22165239832848,302.21754273196416,7.067916647150833,1
30.90755620616006,27.661805290056673,39.569981131228616,16.291377042689316,1367.3200833202802,3.8921166737086095,0
26.997337009188616,41.161019238665666,55.55525435626629,45.78061719925046,200.0,3.1035011431316173,0
36.7885703630717,9.046725174739995,14.927773109338357,47.360125737922225,1058.3677609650458,0.8188589682314051,0
19.980725283122,0.6291462714645653,8.019153276038368,51.704237795951954,1340.8603382850881,1.738996814605865,0
43.47495178116845,22.189571631788013,99.25137197050033,72.96299352102609,1313.3912323350148,10.207807047876573,1
24.07611479774173,3.360863392679582,16.90980387740173,44.89244922761404,200.0,3.2855165780783926,0
14.611691315862508,15.03523282751238,56.01886959845575,20.289845021638236,1965.7048503495307,0.05619476342929827,0
19.70699710489209,0.9514247939263327,29.81376933596794,24.390901842371466,1146.2642910141483,0.21374497166521375,0
8.921708961038428,12.762719474300669,38.81099231037204,33.48472103274933,1201.3292385219127,0.18235474703931756,0
33.79083128897089,16.521026779078618,56.79068158111314,48.50005662140835,1116.2517602736175,0.3762454031986675,0
26.702590785144043,5.268407918084259,15.612522148592552,23.246468010082022,263.42320735895487,4.40355980352834,0
18.927017071300035,2.463298656997598,7.430399323913843,10.758186824175278,654.7443341677084,1.1373896283369425,0
12.109969111989518,3.3878611216878354,35.24297434398135,54.184606491190365,545.2435491305957,0.9263475858026053,0
29.360388258782763,2.0754592055818173,6.11875018686303,52.91865846061267,750.5712318453814,3.195637152415252,0
47.46219765740143,62.57703792311425,125.1246951348774,79.97764616415553,1854.1673697175356,37.714415803133676,1
18.616499894564242,25.508227110749424,40.1701313640714,59.1131853788178,2130.4352980268204,0.3002820864503025,0
8.893100497375766,1.9873206054021904,16.348372976775767,30.25977100731866,200.0,2.535262328143106,0
39.74023579582001,15.0,319.8047067514262,76.42260617624544,1707.8977773882912,10.724988584710177,1
5.0,7.838432607928793,8.545857712192895,45.31029266757777,949.2806585975807,1.4096616426604696,0
34.121521003644844,10.291616675940437,52.41734061628068,14.296145705310215,1704.9674590845448,6.0,0
29.12939175552337,37.94051531688192,52.58511664209093,50.625528966185755,724.0085530915849,1.5437021552997163,0
15.310919407812232,6.143768781355286,56.710894616364676,50.70177198017879,247.03309238408815,1.1622629810601979,0
26.257612494032827,2.788457836929996,67.11670075964929,41.64722388052105,1113.7967266462829,1.0416553660273058,0
17.49965679728138,1.0188448851861336,39.276561093302945,29.596760226004733,1142.954216839221,3.0327672265726138,0
36.12878545724885,2.499753742897105,17.260521934427306,73.51422543615715,1068.87122774457,1.4793118455104617,0
50.73779128899796,21.92787548025771,51.92787548025771,77.76952925734223,2019.9697555723274,2.576635087524568,1
41.08080479992047,75.5457460328591,431.83616045485957,64.06877930722888,1325.1864484025007,2.0,1
53.522218956705835,64.27168753786314,259.99178721074924,68.00742969774987,1220.8835400977464,9.282818183292838,1
23.583542132320048,4.844513776192372,36.68780988393778,37.35542884502136,1131.3628150845057,1.8027422856926445,0
30.59306862047287,5.622597165956817,53.512593047159555,58.50790732900693,557.4846492258498,0.435188244209025,0
55.727337834819245,15.0,45.0,83.793049859181,1283.9640239494724,4.47919838032552,1
22.737407346641557,37.00479763820086,67.12996053830778,17.697302399382796,1673.7455289418313,1.955274381364494,0
55.158696081290216,75.40839474289118,143.4130882521908,84.0053263795728,1791.0213075893316,2.0,1
37.350705947296134,32.45798964989808,259.14343055616416,91.01644631704383,731.2570340538767,42.49448235374901,1
36.483596087097084,144.75097462396516,426.0209422474196,78.1372882117609,2121.6530898602073,9.905505738973897,1
48.23941544776167,37.84424636932667,95.9511091611607,86.34395575782,1104.1730544505012,3.5472802665840195,1
52.328445993999225,169.9156744828495,212.52214411101266,89.76017148602038,2096.6737086870166,4.562139030190404,1
17.566969468319467,45.32990149721387,108.87018317231895,56.325252152143214,200.0,0.7357377029107242,0
16.172139521506818,10.721598277906766,63.88150106772092,54.29523228219233,1196.7704668294734,3.5387470352641195,0
28.399337044148655,29.246130184574206,29.313594658417287,37.807008012397986,273.3618783826553,0.26476165495941034,0
18.601060017039277,8.739547694236034,96.92190270364222,56.54072614702267,864.7614173933789,3.0088581038417126,0
22.356027346170695,5.395521962074125,30.52248540640466,33.26455616364087,582.7839592328783,0.8052292289773869,0
5.0,18.165289110643123,35.49719383659605,52.389709384083126,425.36857655945806,0.18792174454899263,0
20.81843053848617,13.235303772160254,89.62157090813774,21.793081612773456,692.5758350515597,0.04836274094230639,0
45.0,9.411797775009532,44.45039733070218,38.39865553648045,1076.0236829000717,0.3491623676116814,0
19.860047064212637,9.97474597325937,22.165481634136512,7.395104422288387,1185.1208791013958,0.04812178320331506,0
54.31622835729707,15.846681814479927,49.78958797210686,90.2043855004821,1198.5880610605623,49.31484354705885,1
38.43506583943878,15.0,442.7116948465797,85.77483116588328,1109.0202433569752,21.921828993352563,1
31.83770555421438,89.09996877157313,119.09996877157313,54.89088415812288,1294.8819413662413,5.9133529271289165,1
38.39170169320201,6.631174070033082,90.50470095766113,58.35100210060179,838.1902869354319,1.4339041055317656,0
35.320294361555,5.258441620095961,26.73215736495039,28.176861663966257,1333.7508981001915,1.977431180237275,0
40.870746982512934,51.563663421370386,173.34038150039092,89.65317084931941,1623.7898751531395,28.609377835095156,1
24.714359432414064,9.296986908395471,108.98305552459132,43.09984949269536,1125.836669308351,0.7216396815695973,0
28.166184260063424,0.27298046018484445,23.951870182060514,54.30119072975995,1464.6925708669835,2.1689759749290367,0
10.34584034621741,4.202187469334026,24.00375845432329,22.06323296450758,581.3401885657543,1.9496093603506175,0
35.26570072301749,15.0,60.94929952667754,96.7437613531046,1275.0142168362531,3.095292136708092,1
17.0394809605273,14.94556589534516,46.001399862405464,47.73007752881179,639.2601975422172,1.2383931401853858,0
35.255245225313566,10.699921465915011,29.614651196445433,46.12787937691412,993.9460214771133,0.12720859285618027,0
22.117848088786314,19.012643653316776,30.192988507910684,39.81322217770234,590.4621956675142,0.036523954771286025,0
30.475644973604474,26.48492076928562,52.63744346642909,23.131796245459483,500.7140514705896,0.7398301871600512,0
27.09272366858688,17.567184572121057,44.29179923979171,45.64015422417449,810.1302464806839,2.467682406835882,0
34.554504726695214,3.8720186839995825,21.567286612542443,20.347605663553995,1031.2070124930663,2.003696124474193,0
20.09410342028366,1.0567068822396883,43.029597847894614,51.75099997900136,716.220182508079,1.9384491968363655,0
20.22399934047897,23.09951066170734,167.95954287566886,24.873519891671606,1668.6686221349833,0.5462367822477964,0
20.456645655333766,39.82354394986888,76.3066342169482,44.1205210455475,308.6387985486218,1.226162624139306,0
7.171404638791374,10.208692606118236,147.07286997562784,48.74777130222743,658.3804778057088,0.7715417167480587,0
24.96857415716785,6.518537103792615,93.17748679534304,36.18723607413876,1003.9565183465585,1.3884582388080824,0
41.02942324129043,130.4041521720302,168.87870387477838,84.36041595732843,1897.0430053951873,2.0,1
15.737130409003768,36.51445557735241,36.70280440116261,51.46097640520796,656.282065145861,0.7653133602235078,0
19.972518142837142,2.4298863403334585,19.330761501863204,30.30639761934313,739.9138498186514,0.5082001946076043,0
33.29887459629185,15.0,161.47787756148568,70.19676307529427,1372.585400491514,13.444245441069732,1
31.116218325481917,13.351460841584775,34.976117624641056,27.113816343715968,684.0724125816007,0.7144098085702503,0
47.85160723465059,18.153882403043493,122.87665779711428,62.27852254721926,1429.8444506218696,4.968764462630707,1
39.78351441918505,30.32367395971682,59.55315507821958,17.528470799406794,1698.6681308738343,0.42352736773307953,0
37.352058416018224,30.89225845468455,161.47459282932135,87.51769293900249,1326.0319863446482,9.629854713399723,1
44.68483622771246,15.0,56.431870155817556,83.03729744894468,2170.42942090006,22.01856814859029,1
16.853083044330432,32.186088300381186,44.85126680762093,23.317396750654492,200.0,2.21297158209609,0
58.92652289066827,43.528781194631286,73.52878119463128,86.97068566123039,2145.5482988989097,2.0,1
14.41745771118298,30.2161146918754,114.92990312362913,48.32091321759183,980.4154527369673,0.2976121324055201,0
47.595185921715846,39.186147807421925,71.09177972844826,78.20361538069727,1417.9627772402027,24.505990735477376,1
54.00762615647842,15.0,69.71993766208101,70.4369424352376,1805.2492115560688,60.0,1
47.79905451351216,34.54593438252099,132.86370116848707,76.58233894385883,1098.9299225712552,25.53310989300292,1
30.217321221480475,15.0,376.26674920598185,88.6580752202401,1265.2850085533455,25.416752572191005,1
49.01017986417025,15.0,65.26794757124537,83.68636580164012,1867.0477424698088,4.089683597470794,1
41.814735654503764,36.02987009995011,165.13869620823485,67.90648645510426,1342.461583535844,6.210905225187203,1
30.987493300726555,73.13809625757024,111.40906227566776,44.75587510700635,1119.454343703238,0.7093550102611524,0
23.53455463408698,24.077681202725817,66.15401338884233,58.146785511203746,1465.3544775340256,0.6402374839718946,0
28.20528636940491,8.513809916227068,18.698015001223453,29.93891592224567,200.0,6.0,0
31.883132299926707,7.053389747472027,41.14620048049892,27.44149361515305,413.9841778370061,1.8221462900500904,0
43.65706134653783,57.57739506147099,125.76127934434368,90.19333858432944,2035.9939109180477,14.847806796435725,1
5.0,2.4240390413396917,16.014019119160043,36.133278485153625,1552.5542802373775,1.251253825687606,0
14.101619819139497,7.134533905307662,91.25377818819454,15.067135446977623,648.3334469170501,1.7810286747746684,0
19.204322755016435,5.0213960915178735,13.590316973227393,33.6307686336341,383.80324336265153,0.16845911659474105,0
41.06662381266478,17.584145161463375,64.31368225563907,60.02217421647672,1102.0359272313926,11.890717018568361,1
26.00751610949193,16.84883654533916,19.07489928518282,52.47211049166426,408.5102663349134,2.634917817792224,0
17.736979037068622,5.47382176341086,57.88931561806655,64.38471761314278,846.0417638703534,2.0447461721076166,0
23.98368417362408,49.51420458641391,216.67799578421997,95.43387808061257,820.3255531637648,23.69397733304461,1
25.11447070181404,16.26149203021103,19.86045534913449,61.5739988676004,200.0,0.3939345540170059,0
25.339128400629736,6.654064750839004,8.368378724566702,50.083185260022326,1552.5382635325407,0.3116168579721579,0
44.35150138660759,26.226099405800973,494.5538480936885,95.9942838257347,844.624178303832,5.513664761761662,1
20.477296359198146,26.097970279734916,52.67915826119806,36.65639583632856,1644.7787510247404,0.13711434056637214,0
14.561211869668071,17.48209540166017,54.54576071721405,71.3089237771176,346.6154914755515,0.8060686600918157,0
18.28080210537647,4.470784606452845,23.246371616879067,45.255787873999694,474.1016126390334,0.7693250462502647,0
41.769521751078024,138.0479928956006,193.66718175213492,85.4968907163806,1611.5123467120711,52.52096699215138,1
40.52773013207701,51.1464982416823,229.4481393171271,76.70302946891044,1239.2280520354616,2.0,1
18.375754904416006,14.526585525778698,84.26375695195311,46.80487919885805,859.7488546909099,6.0,0
45.02201439080335,24.21454441459514,54.21454441459514,91.94046629385159,1274.67054937025,13.556972354847439,1
40.33973436764199,37.925299616084295,96.56512316800288,76.33450190526845,2029.6200953231114,6.576615149074377,1
19.16922818080384,3.5886611091221865,14.04633976996828,41.80416178005983,710.1758142012931,3.1010785667956418,0
19.535513694836634,20.100083976953595,31.665399650734862,6.4894736867853355,1323.9231309835902,0.18618734514376606,0
13.09210536405486,7.972347142466699,36.15690313338163,24.130020208688688,1084.905932047652,2.815293833314833,0
12.423156455770975,11.985801985094596,16.513735634535703,27.407143766146667,585.0508083039092,1.6263132305070762,0
5.0,1.8118048463684602,16.147579540599985,50.66691628224373,798.4680124350974,0.6439212607231094,0
19.893605620805367,0.8075489628969303,53.65661691758969,50.56422742463631,200.0,0.15457205892088896,0
41.39378038361037,23.73416378246653,85.54711887968854,69.08542797353437,1839.6158909691121,27.27644959432967,1
45.58742892127502,36.73069571088749,84.5803728630953,87.62102056858346,1698.1896309183487,22.430952632649067,1
34.043934236429635,15.0,61.34466626722248,85.63119887043688,1369.435968974828,12.236619656714632,1
42.35837798391845,15.0,211.03637357885,45.51981789604578,1162.2555675715607,11.766629432801441,1
59.829752530733074,88.82233208112252,130.97683668588706,85.0284029732389,1640.414329000473,2.9300837693517936,1
43.04825702681611,33.6301577057979,202.08128801348127,85.24962625281184,1608.9278033360715,9.839930084332318,1
27.938396463368186,12.222396800978725,18.096326440459933,35.790103256945635,978.6022617816886,1.4062719341793073,0
30.304170467811726,15.810025313582797,17.843908396783917,37.32711569072708,1829.3976691283551,3.968903396854134,0
11.317726088235972,11.967170830588644,15.620899678685438,20.017926053308713,489.8255305719665,0.19790099592684932,0
15.213400703879831,24.55409395816063,35.343082267243474,54.370258931035096,573.3991764921141,0.48700507385447495,0
53.53792509820389,178.6172572631409,286.48893133228626,95.31268109071843,1051.0850868239881,15.150542270298926,1
16.87793966176241,8.659091224219425,19.13335007587156,38.52872069679844,290.511665292977,6.0,0
17.73394239318134,0.5998745413663319,56.137818827895686,26.429457456278914,966.2995317141665,1.781661776903034,0
35.970758655780216,14.499311449094986,27.939388641774855,26.418873487535947,1748.2187984276695,2.558771332673342,0
44.28860986703534,147.95294117482686,177.95294117482686,71.93986933602771,1079.1823064106943,21.501514784461026,1
18.37306229385612,26.861632859998732,28.63407976529122,43.933890844585285,1463.7571908198556,0.10346204135452519,0
5.0,44.38596885677211,102.68346753137706,61.667556945259896,251.5182947230378,0.4349065246954817,0
35.802486223007406,95.63658028300078,162.54604141267566,78.83092010166511,1020.347192249915,24.350330457834755,1
17.574819621166554,37.86919594168947,40.71779317168761,26.66329931792932,291.5117899965818,1.9858750363960098,0
22.304208649569418,1.4617109573420384,25.535202073822166,55.94291392160721,1595.8405918244766,0.36621771378864904,0
12.39087914155622,0.18128464159128255,39.85625727715548,73.08657262777535,200.0,0.04698903170624573,0
25.584334647446425,3.792525918909898,12.224221261659444,43.90251057923365,865.6822904274468,1.4849936363765974,0
14.964908671617923,28.820804091289773,33.770781832355816,70.0041187246343,1210.6918707118425,3.326181245065873,0
31.354477811583408,15.022849094156722,21.811991165128223,16.9680521645032,1017.5590124592874,1.165049539052389,0
25.190822284843815,25.831604418591354,44.630826202567604,42.322480065874466,756.0300676979577,1.9278393730369066,0
27.776652610075534,7.3642903199508725,62.87390063971529,31.314000106978984,1168.0553552350466,0.9352275728856445,0
23.449769005369596,6.155466373038431,77.76350904677791,23.46603572849158,1214.1304237815639,0.246286297301853,0
5.0,5.844310085904621,28.979813538123203,38.176851351075285,767.0271605059927,1.7235472053594323,0
22.149616704249837,2.0811877756930146,27.96023787098115,70.60595604401017,788.2257328793124,0.2805387768579061,0
29.527392932273447,5.526277863336602,49.608332199283325,41.806123124047964,1550.3776823671612,0.9255962816998597,0
51.849355533972386,38.47377972319571,83.69645559319859,71.08434539457241,1063.8449918739334,13.443116609896133,1
40.26821048906407,22.364995000415117,52.36499500041512,86.1534776222231,1733.2763728613022,26.199584748167776,1
31.218138247861923,11.324954395706753,30.4374029749803,20.15206215555398,1307.7383964278029,0.49504491987358973,0
30.65505782401852,9.913480125247945,14.01607193831671,29.572269115633233,200.0,0.5228482380910244,0
5.0,7.787938887475255,117.03548946419234,47.19720992747169,1008.9657331702581,1.0803458649562436,0
25.032691598690285,3.9259782075999397,22.806989083771782,49.0425602409834,1083.0784794952776,2.222840943325957,0
37.48963157033018,101.15455473519357,152.93570069894616,78.41651544430142,1428.8966075125957,16.70376659791723,1
50.81674171116588,129.56437216016354,204.8293118737937,69.01294955007413,1085.1490010685668,13.18002388104405,1
29.197056948437677,16.230029819350285,37.22401132946657,45.44184662980707,1195.2011548379191,4.250370988446646,0
16.016556028016623,12.486472494972215,32.81892078846316,14.942822813355331,1074.5796162991642,5.841742534735924,0
13.96314015068483,1.3877822826058939,78.91215764797337,61.2795122985838,514.3406543261374,3.04942009200963,0
27.277157732018598,0.8938621403893077,31.530956722851393,58.37451083787384,582.2990396313855,5.1287807209686065,0
23.444388085600636,12.324033910035242,20.1519577640939,19.315459574180288,663.0079042818267,1.7202025832627723,0
31.788638615239858,77.29070081105853,175.78922059205468,76.76584598340183,972.934572664934,41.85674209682918,1
17.225848709722413,22.71887711277533,37.271170694646905,48.09186659253571,1332.8990609909083,0.3790487117913857,0
8.208321081695324,30.64424557126146,76.71924752960446,34.00314457690968,538.0713399229192,1.9437516470323462,0
43.37633151485986,177.62725172212765,207.62725172212765,87.16201551153404,1667.652032513074,3.8806284087135543,1
21.719764379214098,9.050123738222542,89.61313264390051,65.44252100101494,694.433602256435,6.0,0
36.72782821613605,30.675572539024945,268.35111832849765,55.09210401263951,1701.620840556941,2.0,1
42.54477048250779,33.215228082707206,118.33990434251805,64.67710785751547,1252.4090347583822,13.291007326384452,1
45.26330386674227,15.0,45.0,75.99582157983902,1208.5010009013076,33.40254528736369,1
9.193810701629609,5.01101736243325,65.44870538834996,34.010364992589935,638.2435019795143,1.3616299191059258,0
10.71004431683334,23.818919120184336,29.862481942529804,35.727937514783534,872.0458418447031,0.830736276221904,0
43.58920727426549,197.2374113504187,277.2330918142211,65.13412875702454,1042.6399314005473,34.02553828493481,1
61.09353407244518,73.0342103683601,310.66931624562835,71.99656829838194,1015.4662185712089,7.053621306701827,1
40.63573155283842,77.73314466558264,173.01371496475048,85.56791167440137,978.0675238189087,25.139688657628653,1
37.37873553964196,12.613377853615031,28.643422704698054,37.1355172701389,1113.3577032006262,2.250490120460009,0
38.16426930446196,15.0,101.99405731930446,86.83202855460252,1751.9648809279342,43.03539041996722,1
6.455986714401012,80.0,108.4206200103044,25.928301064414512,720.6438945553763,2.613267514095061,0
34.065351779108425,15.0,97.43602062121141,79.13541068492805,1080.8709284116321,6.595368317937808,1
32.20014465982045,0.22445896218304534,17.354897182266978,52.75293579297343,1225.022351882694,0.33219846595992863,0
32.239896307098775,63.72887112998967,518.6738253483552,85.86834028095886,1446.9253080791314,31.007115269526043,1
11.517162037174288,29.464107716183026,79.41799262673955,81.24287791560492,984.1576164059547,0.35868615085255146,0
48.84691322081772,113.40285023615102,221.19606333244263,83.69555694692464,953.1035436534105,11.328433108377553,1
14.331409555732481,5.015576568815708,12.965789422374893,37.562088509936174,1738.2747342373532,3.1558450378964307,0
48.190690408155994,15.0,82.56208520441294,92.67003681894326,759.3294905503669,2.0,1
53.11800174968832,18.081748158728708,48.08174815872871,74.9836056041833,1326.2243991737582,3.4921258230884105,1
45.29140529409516,83.29759052418149,137.4287881882468,61.54020158442158,1240.466994549996,19.12675246474243,1
12.468731706498492,22.638544546192517,69.71830499972339,18.762217755902707,1468.355278021615,1.8386112309634588,0
28.833200274647933,71.84015523341922,81.9965567790994,21.483549174349655,414.9381016010505,0.5751204780708024,0
23.93270468112653,43.09223150633491,68.37898944310294,8.720745818745451,992.2538879709925,1.223131613368617,0
25.63955486490263,11.462695965899139,38.96624492946222,42.16758412151579,2126.3833256860516,2.16758538359466,0
24.729373315484846,5.134199127264812,155.13419912726482,27.45457408822267,677.6153213526413,1.374542115053154,0
20.237223058276314,1.1500289658937937,46.61324829755753,6.9388463963101525,1241.929960385322,0.04651303409497017,0
10.126354662966493,11.646749398817882,46.910374180526475,37.72503296545274,1693.84377450213,0.008458013612101708,0
22.928337125714894,4.258949226942544,20.98290303019516,59.35224854568736,303.5345805148686,3.1421320753287447,0
50.90876481649358,64.70926842268297,247.60833252830992,86.11501526216993,1440.1310445621707,15.38530053324159,1
61.943068927757615,25.50147490556357,220.16257346372703,82.00506819791622,1129.2711319571208,34.15973525021082,1
23.46862424072291,80.0,96.50886570719783,38.422601965595675,802.6532373258859,0.13615992059200982,0
45.493376030374996,161.4613904811799,243.81690634495993,85.10689273726607,1592.9373755345157,2.0,1
45.0,15.205355143097744,112.51544778392719,20.29710934481291,1585.7502264949574,3.662397506762572,0
28.301260153158044,23.216281959971308,43.41844848845122,47.213937473277994,1547.0467563566508,0.19384393165307812,0
25.591448565345388,18.2038298390101,110.80593240630016,45.14861113340297,275.1747127195665,0.2128476506365947,0
17.6625356617831,19.344558412549066,96.4665729846302,15.540800898861939,1603.3457081283825,1.7413512852970319,0
27.537601298484372,0.0012411377502127236,10.898398903885973,60.62015675898967,988.9997180623333,0.5358507419249358,0
31.780612593718054,1.21875885580352,29.671639283334,45.77608445487116,200.0,2.3265455701018585,0
39.16010683153506,17.961319447737015,205.68455828139335,94.68102508369853,873.7465973500006,30.940718782950352,1
13.199614811256929,9.600210180311604,51.416009849266345,59.43329598479639,841.023568098094,2.77019564545997,0
11.250648090219732,2.895893412650603,20.28712277105234,10.980115399769828,682.4226665798506,0.3406067894115332,0
32.655478228740044,2.4866471495650937,5.356329336508462,15.383150056635625,1221.6172213150085,0.40095954248527876,0
17.616999743344593,6.104354198918649,69.78542215540963,47.68146163356064,836.6969907194737,1.6650550432946065,0
23.945599363587846,1.4777398359393858,16.064857478211835,32.78398569441112,349.72272354916186,2.282111057745391,0
23.654973048912765,29.25200485706488,41.77153763227741,25.973498646163822,796.9013930186036,1.7898998921144824,0
5.0,6.782554370995438,30.795001718949187,26.31939608720637,1325.260993571273,5.685506835688553,0
40.89409040055869,15.0,45.0,85.38072856895931,869.7607914532337,3.4913059540930815,1
50.06558590023853,15.0,158.73781034717686,84.24014337347009,1339.216695058113,5.571309271187191,1
36.42976625852886,14.657344589074121,52.9222495283309,41.72163426868771,872.2715247149322,0.6229093663685946,0
48.03060603057915,15.0,174.95779209434025,90.84614837254085,1090.8369878137228,6.6539346774537345,1
39.44237737806401,19.862413098715002,40.69013420902367,24.027980943757903,1181.7089187848337,0.9273391836448367,0
22.16189111314706,1.1111081670858263,17.269945340954767,35.21528168251473,640.4872448116632,1.3843269630059816,0
33.86675632507786,76.35125281279642,145.57111558094448,87.14218162452708,1716.5418214681847,7.98652526940761,1
41.445455643255734,101.278459041346,145.06998384534296,71.77656049018505,1691.6197221444177,2.470163046427591,1
17.90971506892336,3.2097024727294925,108.64809727476727,27.517619259857,1348.0659229962325,1.5659577029599518,0
53.360992758299986,29.252639474001775,113.0726745786576,80.29174057658676,1246.2673815642352,2.0,1
34.29452972361489,6.831100598799093,44.89099326309824,29.792324952616696,421.11909756925354,0.2507313422537888,0
20.843130536193236,5.3351923792659,30.64401618223235,30.498635586970213,596.3125826218408,0.8827286551120197,0
57.5317650045939,15.0,144.37704290574317,85.12711368396583,690.9716170767107,12.572381301072147,1
8.16319006638858,10.419554374429552,68.74163176648048,19.666939734126625,937.3296286830085,3.94982748740747,0
56.68649915212848,15.0,52.98226179240004,82.50421893632345,1781.955970759811,7.608703784734331,1
29.28414863883534,5.201690892197738,90.38947821850171,51.97372704218425,671.3241941448384,0.023992878614213224,0
51.02436086744986,30.099848061582406,60.099848061582406,58.8446212007666,1321.4198852140405,14.341586535425346,1
25.672944558154384,6.9802295475003335,39.03166367912103,27.87114670852306,200.0,3.36394563323241,0
17.492490455968948,2.0311521631893554,35.065263289476505,41.16724568228584,1334.1288061792932,0.7934939024280661,0
22.470113772068697,18.80276647340669,42.575093777064744,37.21843909469474,895.6530079758386,1.9134464210908988,0
40.48508217007712,43.24858948170721,73.2485894817072,94.25661091239952,2046.8557254448501,5.553907034847552,1
19.66811589628218,12.360534220851255,51.50520378208282,56.30524174640803,913.2812725087825,0.24261709022045214,0
24.066373647472048,33.903815093411296,100.66993321303069,34.96180875455984,773.8671408242607,0.40143356935666397,0
13.735296967175978,9.719272718285396,13.054776714121788,38.56603479618642,1786.0688091790332,0.2643368089843085,0
33.12390549945208,16.902530088431956,57.7743093277159,36.57608032701031,248.33505699086618,0.18800937071829008,0
40.32358354683924,15.0,46.84731095088917,86.1817792320599,1467.4499438041487,41.05686966858896,1
16.901519561184607,24.865983544057116,37.305337885699494,65.15484032031166,1164.3814808788904,0.6409123962104644,0
38.35460080112307,103.46148099746058,189.35673551750634,46.91090010047117,1665.3043965235645,7.933622534452931,1
26.571936364281658,4.641301190033536,5.810043247336569,57.20521837179676,783.3477886207723,0.40690656819218485,0
24.60135238261758,6.706923782157073,8.521217588929712,56.61546891817092,479.26673410075506,6.0,0
30.76302704752569,50.162282775731036,160.09859907024133,61.3415981813549,1753.6197824305227,20.557394659685574,1
28.576833066646188,0.5492805911844574,6.37037579721071,27.849931524060484,1015.2197934122138,0.60927993718733,0
18.9215600052111,1.7097947356539425,23.352193329863013,51.2866186425042,1024.3282000119389,0.042029119727549594,0
25.277008179784147,4.505227313517171,13.10453813432402,22.272553283357233,829.5280128673611,0.5305702565313895,0
21.171799186235283,10.984644934909484,32.38025586051091,37.82151400805,634.8509693227213,1.265063691303005,0
45.00993123311704,15.0,45.0,72.78905788834969,1132.1134350343623,2.0,1
42.84575399594537,84.84716684253394,114.84716684253394,77.36544196142212,1783.3639926568258,33.747730109283886,1
38.36287641981703,7.71488161081024,8.48455161606541,23.727503398203297,769.9947149869441,0.23907833178622048,0
40.218384201931464,42.00669575246463,96.79535378175083,87.48756735399537,1470.87983130808,19.631691244524113,1
7.079623815636811,33.67139965084894,96.16866294786206,26.544097759910095,533.6945950738242,2.2208368483653613,0
40.50936042260736,5.5452996482405075,11.916070278338243,24.319102250844026,830.198737605093,3.5040386355842195,0
22.05605504600493,12.213141934302664,48.32998599192436,13.300834344473245,1075.4379272390363,1.0495205983533753,0
22.55569684332038,4.230828247252415,25.434196468199726,53.07375103358126,244.95451743581657,0.34937175503415685,0
29.019628891780854,18.800380312034353,195.0846882202661,87.41925387513922,1828.0577099566617,45.222707407385556,1
27.36189852322411,15.780884291465947,78.385194301477,34.03950235491951,547.5025114857182,0.7893539413776185,0
24.492376191553916,3.6213415483052094,9.44421611231588,31.165152564278937,278.14045407590925,6.0,0
11.195283344167164,67.34580356325591,106.28337061427777,25.293089087329573,771.7542538457556,3.2564078948635653,0
46.21353698429518,25.845783163849358,113.09758192447467,91.1072721392831,1179.1843387372453,60.0,1
24.734156704126725,1.5508648495466342,11.183391183358053,33.242671473082396,416.95459765225115,1.4446957524580002,0
25.59052417917438,9.836491489572248,31.95348748941523,69.81080680177357,1095.2175152999373,6.0,0
52.51999502869131,15.0,151.1034558192774,79.79424931287107,1190.7236251505167,10.130272919848158,1
44.70338955736588,15.0,45.0,83.52622445106267,1260.626563556421,2.0194272138729783,1
26.97019747667408,8.218612392098056,21.30624972554125,40.67426725050878,930.3090629904555,0.38363505582024204,0
37.1611207894752,300.0,349.6027319607368,87.30821857124951,1873.0306600910267,32.385666929598045,1
43.750716148055204,21.19654164705391,52.07153495291577,70.84025556825152,1300.4486126103425,10.171997487591934,1
51.66122297562153,15.0,170.68589429503476,80.12322694046765,1758.2679383436773,6.684854437249297,1
7.720464276437571,0.9363480999459604,8.190528361016586,41.52312264529235,1546.1142479416312,0.5880618408560179,0
27.32652080310057,19.414023731776048,64.17226127270379,68.96712605984952,1581.2002044144974,0.04899685263026404,0
18.244351955880227,0.4226010032000924,62.708187966717766,23.16821955179887,567.7267149139565,1.311060554902742,0
32.338423220942786,2.1105339503385476,6.359716635001309,23.013911393826533,987.7900533657593,0.8651609767864997,0
20.23882042705587,3.579526051797455,8.951586245001122,12.885101121986708,1086.316132063395,4.49342690865503,0
46.67178480945101,20.013473182457837,56.01502006637389,75.08100159669019,1262.960791713286,31.52195550556951,1
28.66077092557988,77.87080937368681,143.70529675071197,44.17097889266516,980.3743587681354,6.0,0
9.287131732829822,13.519260694669857,47.53052731356192,45.653958125268176,801.4394045517862,1.6997527429099317,0
31.578947496166776,15.0,45.0,69.03001492696026,1017.8513854883824,3.0239915831669926,1
36.68779570215092,53.27816297373738,131.98579144545155,92.95349296941237,1501.7030462914506,6.184241474362968,1
12.611964433604223,6.133921172563527,16.23790817039696,55.054976126022204,1303.5741503381657,1.1202229424055048,0
13.900832911477641,39.639266837730446,189.63926683773045,15.607362094844488,200.0,1.5553492573424332,0
37.101672286890384,96.5710773781905,262.7471528489594,97.97815890834192,2174.383248750084,14.907978084812935,1
21.65186939028284,3.428726105204577,52.30675970852886,59.35068760811576,1261.7436020973787,1.0352790875812792,0
29.806011315026183,8.478407571918108,63.43229603559324,28.763624181663435,780.0608726298174,5.396390973568643,0
20.9190572231607,16.750937542677143,48.59797442002778,47.85370205915462,835.449023813931,0.4272103994774777,0
33.743060803430375,9.640362022649647,72.16953065375048,28.484051119486036,1148.6984400566903,2.4234976175285317,0
41.25343121381967,31.524618061828715,65.08876835176414,12.500176535766622,1345.7071643793581,3.758954232070858,0
16.682020407496644,9.04207614027103,60.35211392253502,37.48247814549507,483.29313304747694,3.209962540493586,0
21.48320585250821,4.011520408651456,21.61622708778082,26.018908699614247,200.0,0.14998858000007426,0
21.735927790226874,16.48616483091345,21.940549022647097,10.653050875373145,935.037818054531,2.2960962361098116,0
21.987050142944604,19.361546291588105,30.123994369658977,8.507706185373795,1393.229881519752,0.28934870419380593,0
45.90463551640391,43.15878302308659,100.62535958187786,87.2631024739295,1470.0088612422321,12.344518861053833,1
37.696587274682244,48.07849405499057,78.07849405499057,85.93232892186413,2130.1003179752015,38.95145705888503,1
21.91900243555529,2.8509896444897236,38.74226023639617,62.03160890425903,1569.9880106589476,6.0,0
17.754316797762456,0.05835059413642083,99.14776656203092,56.498027955386284,1212.8562192710774,1.8447622296057127,0
11.737280412311376,25.890062898888576,51.86901567730811,44.47110786566037,430.31993984111597,0.4612020317799288,0
5.0,33.484184795275716,63.432724768756415,30.010976964705666,1758.8574655162824,2.4414700819819153,0
22.814389892791958,22.265804481019714,25.56354654757109,20.571901948504205,200.0,0.2177836727228115,0
48.42235453583279,22.891824069546228,52.89182406954623,87.0379122984923,696.0729132423306,15.549208067595385,1
25.10724649838733,7.392161599430267,31.26662369050149,36.923817487551844,940.1681256960716,3.1251752065639327,0
55.23585135178045,29.855550291891767,369.53164177844013,69.82178232483959,1328.4253849094955,24.989372261335685,1
24.378961683890967,1.3305448486693716,59.68354414612,19.463744748534324,1258.4147748308203,6.0,0
31.329971696694912,4.4013303022368495,57.20133029322403,33.999449824250625,1025.569776644666,0.3267390538633774,0
43.00143198566611,144.23048086507495,308.8407946587198,82.18174577243413,993.3201462897637,31.23763097894181,1
10.512582703673095,5.898403646262571,19.42337470045369,52.81272943508568,864.7665522922292,2.8155106205618683,0
52.19848222669773,16.783455509339976,46.78345550933997,84.86368479861933,1084.220664654935,2.0,1
38.923989321743704,23.082283178465545,54.50202772090335,69.48805086768942,877.1790521956966,18.26028951656693,1
52.05859305741291,59.73505328953448,188.21084670980866,63.51447502943719,1196.773820450504,8.70410379729231,1
27.42029865569048,34.57765391452395,116.31566072933924,25.873437514864904,729.148126810487,0.11050960964863653,0
13.212024480746356,1.7721020195619765,48.44136001610974,67.06954180431612,769.7515446619104,1.1732111052400955,0
55.78218093364343,141.25034110597116,171.25034110597116,94.6630662669099,413.9337825228573,7.165198590011707,1
12.655015546288311,24.69993929625432,103.1569667527269,91.61022429821348,1008.0104524728073,0.27366256042446185,0
28.132316891982388,10.416382281623921,13.280987844782564,29.59160930688563,200.0,2.1595495702476986,0
41.20184325992811,16.678141206769265,66.09815330198576,86.29413652496474,1964.9507867339958,6.465840644587068,1
27.36616687630056,0.826111877286878,58.188285916045395,8.31610558322298,1324.0827253870525,3.1952656601575837,0
15.236882574666362,13.598548664471927,33.360202590347185,28.80373531305346,1090.381567776379,0.007976993762306723,0
5.0,13.525303660702084,20.19785285962114,38.36559250820679,1701.0911312293847,1.9485240542358135,0
19.747293863508787,27.738532708719383,54.49174011109764,35.433714751955364,804.9494301301665,1.3393730728767557,0
22.833821819393187,0.41887958612793763,7.2913114694487176,43.49128152620022,981.1961112777242,0.3935411411881758,0
21.610555813335495,5.915157384862601,25.603374864395917,54.474352894174224,764.0704267975527,2.243080200844781,0
30.723714549842413,8.757911576519579,15.006165894523859,57.24205003060132,983.2833234898831,0.18013888878767398,0
18.146482538287515,19.176385681408924,23.97129894099441,17.230014004001752,932.8789867778894,1.4923507669804295,0
49.865368809132605,64.81616673952276,94.81616673952276,93.28166678073494,1361.02886323201,3.876863072621332,1
36.06828268636291,127.55737855311078,176.70660470481585,81.73250275315924,811.75123995845,12.881241611719343,1
27.85270396287547,22.553290107772234,32.974157492112326,40.868050900723624,1246.180746255715,0.3585230490954284,0
26.435726922914867,5.355267295945592,7.788097297453922,48.38334082417472,820.0438844646857,2.474574329583314,0
47.8133973080841,143.4666890232788,320.56019724115765,72.89284880851208,2077.870208695693,33.78475145665799,1
16.246085500828784,3.304549583552744,10.078615000069824,37.13119782552684,617.925122850953,0.9494285301574774,0
56.322091594980165,15.0,173.35201181169236,89.29110997726738,662.0004437739437,26.96226812715705,1
27.095658655818035,3.913743631815722,18.154172356016836,23.848485194098572,1477.6673415380255,0.2366467872069553,0
57.28680365736649,73.6148042700779,103.6148042700779,61.47768947077813,1558.2428848040056,4.623599962876918,1
5.0,6.892438151194832,8.354885023356537,11.74633353133145,1299.5098120672292,0.02654162232047992,0
14.828827749262754,20.278370471057055,99.99145316856959,46.79920097406804,1581.3985440861836,4.983062323497415,0
48.782216236962476,15.0,134.64298290619928,68.3706010862034,2115.912185126438,25.89239234580586,1
60.16495734636749,27.500992674588357,99.33792534718492,46.445370920903045,1512.728251338457,2.373166659671956,1
5.283188481823601,71.0553586227576,138.5850541362919,67.94928028041727,736.2322893755329,3.200501676735946,0
34.68415368102911,3.708384425518442,65.3063109625987,35.16179463773907,305.44970206947096,3.5869458473868217,0
18.405357909657273,11.067001215533422,59.03382336246826,38.006170322687474,1036.9293251404683,0.3934665163336507,0
23.783551461402393,0.26829771909264766,18.482390948241797,34.534605186740755,305.4649042953812,6.0,0
28.603765354272507,1.729542665510637,27.533311868433717,50.17121829569714,543.5399034840308,6.0,0
17.972232468256017,21.52181161875188,53.81920149209853,24.518818456016238,335.8884146491264,1.5166967942160798,0
9.054748320815854,20.179772433600593,87.30996838462445,43.82687216455016,1913.1795534637465,0.06148577380271159,0
14.9625774622465,0.7366085430796091,100.03482501698493,19.612009438445554,608.6359858953025,1.3584006827763075,0
22.4021259019359,1.3474666788094267,73.06660398936646,11.668808556391552,529.2761985132998,3.2073278217496233,0
57.8813703733794,16.24243908061578,58.46796854130842,95.42578734772678,1487.4229105150043,10.925237459258776,1
42.48676063306854,50.47722854073034,134.77570435962997,69.14684986011162,1523.6974349313696,4.474849680166097,1
29.64930595615875,45.03492477727642,53.56021367202568,31.874864595159575,991.8426733199757,0.46252793794402813,0
47.093471186607445,59.27756198346714,313.13387941237977,86.44181596880442,1102.982069816032,7.439342290397841,1
23.54393619782678,26.948101123771877,86.38581773683995,32.70973143342414,1074.2135264889062,1.0653794636518252,0
52.80413854922653,17.086833695712066,146.96208702867762,75.13064332220821,1435.079191775108,24.796628395443346,1
26.97672686815854,3.6946161565581495,32.68257293817884,54.297369867398714,713.5707807220662,3.0573879089929763,0
35.30051288194994,17.144069330331885,180.7534799764045,65.7860525510395,1568.3197102457357,2.248398386227304,1
54.18677171324301,19.272044528506473,132.01848107097,88.87719666219304,1528.1501249968894,5.665156484689479,1
14.150889732029047,3.776397897796515,22.126313254511214,40.97489578602217,538.2992556783636,0.5794716624445607,0
16.579248896863554,67.92852320797222,96.58992997741352,20.01035368335256,611.8612597563383,3.060901784300362,0
49.48571328603639,27.515091486616967,204.03181144388097,66.79704333352558,675.5577167716777,7.803969127179091,1
25.76010036772308,5.253719420106055,18.231267196434185,13.715429997392725,559.6193734715123,0.4971624892314475,0
5.695065931073344,6.501103522283153,43.23606089241266,50.1668003520092,591.1551649040573,0.9130244238537224,0
36.306626670179895,30.110127775566255,44.94359833637344,71.2454356696403,1131.19769000225,2.2372317743783254,0
33.09812802068669,1.825692148472884,15.99144498267205,41.41994238002905,541.9217774544695,3.700821061449385,0
41.161404384673794,15.0,63.424895814728394,64.13982130785794,1156.3451810777262,28.335162909560328,1
13.860542900581798,6.80443370869763,58.77399382494681,18.28789793709695,385.2946341979399,0.5579439459040165,0
43.263553896723074,170.92185782406472,276.553532363973,86.33044564400784,1692.8180929075843,2.0,1
19.89100443846783,69.26293355367517,110.68019043277667,37.986207124883734,1078.2483732165456,2.6285630491041228,0
28.775347853371763,10.470306030181455,11.77712143009854,36.493789471073626,200.0,4.873624545405234,0
14.080731899017767,2.995341146829414,36.31595794886853,65.53240389532952,463.93210473012203,3.532395109242735,0
14.698621280390688,7.830181880783341,20.716066021707764,24.832204016206216,1437.3252718762226,1.7080397980340836,0
18.55048980593906,3.9809814914646435,125.10273772505637,39.93102820433086,200.0,1.31329118939005,0
5.0,14.02873316867424,92.17004149068944,57.37865954195836,682.6976532516343,6.0,0
26.249464704485224,7.390947706299165,11.004075779460011,22.077513674774092,1058.7112003107895,1.0059233272900798,0
16.230251729103536,14.335165992167271,46.66359259428988,27.65660628467704,494.06405237981585,4.064556529595406,0
23.9272826341731,3.8710897958472428,42.85755188390642,23.83859981806769,1091.819472145643,0.6477599209126651,0
44.50735919452535,4.185148685570448,24.11243173426785,34.809123691877474,549.2889890604748,4.730919939236523,0
23.7484262204572,1.06568461770804,13.046813584032115,55.13945393296068,765.302837677897,1.811253970240696,0
24.39880403539936,1.1138990954537025,12.998350839734925,49.241063784938746,816.7290976059907,2.252761898762057,0
25.28101742064296,18.493107230589242,57.957688044969615,45.90747566110664,1068.9127292032538,0.5651052305266462,0
26.670073954701486,4.660122498569876,14.239585911883323,37.114028100905216,1328.2897765545902,0.10098638619654757,0
25.03114403269755,0.7098554388289899,16.8633026786251,37.366854908253146,1204.5783863674574,0.38680513382230713,0
7.335601621255304,0.5867124317882536,21.00669007475146,70.42321878405701,529.4175333194796,3.906065711881158,0
30.626624206286145,0.49153989237694345,51.45116782463369,21.19932312931862,1229.6992499768787,0.10927144047843872,0
39.37503793082155,184.85940057884017,240.13699975435011,77.49897052216723,1674.171196353886,18.29310239393574,1
20.73218893430574,19.294658444033168,26.662146044305725,42.37440885436302,1008.7872552158494,0.14533620571582948,0
49.42936619195822,15.0,92.4269950770681,87.79718530112231,701.3889366112987,4.432390339597801,1
38.01330980284565,165.58958013067434,195.58958013067434,80.5071017081225,1410.359426524287,21.627253685094583,1
17.95635585961136,16.49738726585897,105.89432669877255,37.54837626702133,704.2042456518536,2.9587719379678976,0
23.24921982708276,13.263911959196625,87.16253313087972,25.798669441039735,557.3353895486464,0.8749671900651941,0
17.977450937597546,4.877681308789537,6.485472248726351,41.15728819471101,200.0,1.5217814336333133,0
24.23411751480688,7.441112564569201,63.02516033755871,26.97114338358249,1317.7521862651715,2.38460526547517,0
31.308161897005903,49.216946421983494,56.23268268133327,70.80526900188742,764.073021976495,1.2254581953762744,0
25.583500869085746,0.32705977307600753,32.20886332473313,22.144026648455963,744.1937029846067,0.3534749598791987,0
24.18131896982676,24.42411727707783,32.4105948584846,31.553806419167095,478.03540646683757,5.383964888646983,0
49.4582372134627,30.479020531745263,150.1937024853728,90.52256649873222,1808.8265268948503,13.542968008041631,1
61.367698394895356,106.75955902278626,136.75955902278628,93.47770408673125,947.3345203464464,12.288354124716426,1
17.41431900620633,3.4504188753840777,44.11510403225572,45.433305088986835,1453.6815116349107,2.2010537126065395,0
42.2788354956236,39.397774701542446,69.39777470154245,69.30207540127363,2086.6259304374153,5.79169207469726,1
40.35877612367586,145.10949996180403,272.0988613699634,59.440777791826626,1816.182769135871,31.405629022464314,1
22.458938643488718,6.864903989505444,65.7094688093765,20.572568008849395,888.7955465101469,0.3063488880578491,0
37.81453222386432,224.35672908091396,332.82827056148795,75.31656428081388,1426.3479522720897,5.890627134624616,1
27.64669501478855,1.3755586440039356,18.177949356865273,65.30587890301204,1617.5862594092691,0.20426961796641868,0
45.13949027253098,60.360026304647306,191.55510902595762,95.72803308019724,1788.0453775945339,26.88360466800656,1
16.124690477142494,54.35282957612471,54.751774159695,30.720378677299042,603.2612059247454,0.3297645095311327,0
44.2376059387545,44.5330517208358,95.72985989773858,85.88548421549108,1543.0389807637816,15.540937260629658,1
27.72839525163915,12.918264650399124,43.01009940075442,34.320207867726836,453.671642302899,0.275157505821665,0
21.92693703152232,7.918817079174937,43.67155639488431,36.91047365582071,565.7129731349233,3.1377831197747286,0
27.627755652225925,123.30043012616487,174.78504122848395,72.57397804592355,1591.9284555913548,60.0,1
10.253050296335177,39.35331478009028,50.384016324949606,45.35589126969254,891.432248437863,6.0,0
31.76987160805875,4.834162569940023,20.266483810571145,33.61501340215883,890.0739725584074,4.078179066523793,0
22.937096415500587,12.045997744660523,93.45276931545368,15.32944977004538,200.0,2.781824886258447,0
18.882149961571876,24.567893786528785,51.26196272295141,55.70781101387144,527.0526441406276,0.664329874400109,0
21.825506979900105,28.87981776769869,34.954671355857315,29.616194053679212,605.7240852808434,0.3191861965539843,0
47.872694177622286,91.25589558484386,206.8509339503774,85.95498289524024,1021.7557024005637,7.182086274070223,1
12.76582562118521,6.37339043346555,16.10655996275108,38.475078718822814,1657.6097059074993,0.18163342203013225,0
24.966819592749523,20.618205235533903,29.690138263333317,50.28104872603127,392.3662159618228,0.38563619170582086,0
47.33929462820542,138.00463339684097,264.528963922697,70.62978676877478,1169.4267398764985,3.7291588964524816,1
36.047853662242716,66.06117387563516,175.71468881159194,81.29529762347757,1829.3112930520774,44.43141957008536,1
42.395592150765744,38.389340108754844,155.60326996537265,84.7943590101299,2022.4475440234842,7.757808621970051,1
40.2000626492288,18.552066187021705,48.55206618702171,90.46231091889908,969.590966939521,2.0,1
29.965528213629966,35.977287294451436,47.621508461727856,50.571890564169095,626.1483634496025,4.64677329888785,0
39.694149786521436,8.693242419188984,12.1692212059817,34.582753025472975,1363.7180023797944,0.2372768045225312,0
34.99760219155729,72.48076473397715,142.7263389511295,70.06533926157931,1792.5365315579181,2.0,1
47.33006686747356,15.0,114.11234890488402,69.9687226897547,1313.465811276554,12.307985678639717,1
29.26918090041065,15.482392049748166,35.42211605044594,36.39704793097868,985.601527495372,4.134666332593639,0
48.03224309103399,15.0,45.0,52.404728705916206,839.2394208731396,2.0,1
33.86207859341324,53.926902922746216,97.50320147992014,87.16415718402067,1600.1794142343222,5.498600848447978,1
15.923732341096237,2.1658321658707647,78.53002860434229,53.1622537592347,831.6313756523103,0.9502412685206846,0
46.81787738717257,66.95189705153838,404.59999499332554,84.98568306123224,396.40892594856507,5.3615128222093515,1
27.34909290205645,2.2983084998590657,106.27362473525383,19.92471660900505,1195.250536399023,0.1344252596889378,0
21.651946072402904,11.30065734573989,132.5940789678894,26.352215008187414,343.0031080428547,0.05194315671351201,0
44.391960843288416,26.408761842226536,56.40876184222654,88.83888007153374,1672.6893023891625,10.976032438749103,1
50.364869120604475,61.365481377813374,91.36548137781338,82.64456954377181,1111.983952651918,10.581330566877263,1
8.24916747036447,5.292538306093686,11.78394281976477,56.125494366717746,1035.9831477817654,0.22807333757349862,0
18.51668745132546,15.243715959318084,104.38303644637624,41.43036840606357,884.479161156971,1.183007226562545,0
32.30228289238416,29.94538852886877,102.01587302379562,40.942333589239624,1140.4515897059416,0.5249518435635538,0
14.430312294760714,25.6507550288498,28.138323510601552,41.33045614264161,820.9159707631843,0.38109669755416337,0
44.86588962145559,15.0,45.0,66.23161819821493,1640.6837857142689,31.982831491024314,1
24.9955956762026,44.23181494915735,69.61391812483993,31.061585050562435,991.7068302927183,1.953530410662328,0
23.12991752980036,7.242915585190964,89.73661521806468,70.70124788273677,667.5221559535782,0.6909479240338127,0
48.98158949806147,15.0,45.0,73.04928050093623,1523.1107967503358,2.8149056872238023,1
5.0,6.800345294790297,11.170734893626395,24.692551916850647,789.8018017205341,3.541385485748292,0
26.512014574597018,7.462901338404767,48.19860236109448,24.118406629471608,1631.5175243195254,2.010780438523743,0
15.693513713988455,23.180434601192456,89.45477359353985,7.965514534837519,1210.7318704424972,0.10856268577511301,0
43.69740227519223,24.33222603278693,31.72194553772131,21.215543042586766,200.0,0.8840269058344388,0
28.75831299747045,28.136727667074933,33.82520177753246,14.220288448939,410.4552305640115,1.5011183569099404,0
14.629739031220344,65.77276042012177,113.6394476578497,31.792731486381793,1177.099387492632,0.07119895389387565,0
45.811093601718994,67.23609752255982,122.47506915061365,78.9553118490176,1502.7366982546096,11.588903313937891,1
26.44377352243034,4.015543250649667,13.841902217652319,16.401263306267964,1370.296883840354,0.6773782307991685,0
49.504358226113375,22.568189124556863,138.83516808053798,94.15547197651085,1323.5282285620262,45.31831386668746,1
14.313924783907737,2.1513657075584605,34.69649381655287,45.1395800747992,1083.8865634323524,3.0658947607577347,0
31.86639333887711,37.133402854252736,153.2252538907262,72.18654476426958,1837.7653390951687,17.583950459302017,1
25.995453317008018,14.511300669102859,17.60551883564007,42.13941922716486,770.721785310931,0.29057678122230035,0
30.82018961870824,4.418911535072917,6.650146858992089,31.10276955209889,440.01547838558275,0.04877468518003029,0
34.12753989162559,47.771045600082736,77.77104560008274,78.05961736670433,1542.5341999424788,35.72563587252815,1
42.91349992734644,15.0,61.80354205255883,92.79013547532614,1629.3562111192193,29.279812168971965,1
14.637856931778533,3.3633608328165803,4.949705554680902,40.060020225192986,796.648253494184,1.9274966780911758,0
43.99376530672272,23.149074145740595,78.94892017756027,89.90261587411666,2434.954276845939,16.241402431346007,1
45.80514211781135,52.11574343665068,156.06957807468208,85.63012214989399,1045.9215240736467,16.694397526024552,1
27.201750856963898,30.25032647025728,34.004654272875165,50.56263168831073,880.8972540574683,1.3059470469459136,0
5.0,2.93497898137777,11.919343555476383,31.41169639369803,1787.1383401371406,6.0,0
19.81522226029712,18.881528112843966,112.92714773923404,55.53543508653577,1250.8073238272768,4.715767344306871,0
31.585989722062898,14.251869452550114,45.070680759900014,30.712868357148572,775.6056845003856,1.1703682800615398,0
31.532586470875145,38.594659799712616,52.58093368408275,26.965086610113627,706.7196126617971,0.332462094391838,0
20.214545269724248,2.122924037871435,29.685049679789167,36.186361825975524,1276.904046694233,1.437592147376315,0
33.72501893599363,18.2063137836766,28.170039445191716,39.60578100749596,797.9335359076972,0.33395691971448427,0
14.900475761558205,9.063461270956852,12.89819759245541,16.2326329822876,770.5962469837822,2.624061667032203,0
33.859819183691705,18.682396163147438,27.361969661189967,47.65309489853301,845.5515606614002,0.6471952705466308,0
38.524435852452626,27.860385962324926,63.992331844058796,31.165911307968457,825.3761679489335,0.12208764783510233,0
29.285913093274168,143.935705757761,173.935705757761,53.53487169380232,1084.5374974327042,36.43630057832044,1
39.28657367711051,15.402676173880696,82.68872363051679,88.60624297002646,1191.918717466268,60.0,1
37.15093862758198,1.0088333345322402,13.524592568648892,28.61028121285744,1488.2495442947811,0.07648386012051653,0
25.291751346746487,45.076051763415904,90.49452767461054,43.18692711939217,200.0,2.9745591196987533,0
36.68516162926721,67.29187459854954,140.99974394955888,95.01894618905627,1475.314203303822,39.351029374704304,1
12.894512783437069,23.447934407547177,55.76707803649181,55.30808908133962,200.0,4.484744583929044,0
5.0,14.888857686663426,29.278714015329804,14.878718485271152,647.4980453516522,1.2562035722523466,0
22.687375786288616,10.00021702363377,129.695811460959,57.14388753143521,576.4070555924023,1.9624821200368041,0
42.0655104894612,15.0,45.0,88.02507389612138,1910.8712563350132,12.52357426687254,1
24.21109402148092,14.237956028524424,23.109006858582514,26.790646320288246,811.2092026390357,4.088668778304232,0
49.920976456448855,77.30532982384926,218.32160941864802,63.85936174708865,902.0804985287664,16.997146319083644,1
10.65080146920684,41.048389620985006,134.1884399995648,75.98381710118093,1469.3806329190252,0.28260619473148474,0
53.89507208724203,36.86076428353985,66.86076428353985,69.51327009997465,1458.1736399114545,11.854368325192532,1
53.68870267458368,17.445629936469143,140.19732210554486,78.27487147535092,2005.878307994711,22.007751298876606,1
32.51856332005661,5.397911819443543,5.441867626350316,54.37134534229619,996.7294022822136,2.077267849154627,0
54.877695820373376,53.517105357123505,209.2661002272934,94.82300746900373,2155.719843531551,18.242154330436826,1
13.397408501404174,15.92374064648418,57.25792015015058,13.871787053614664,454.49334954078785,1.8628898070738742,0
34.024624394012974,2.460472340419164,22.96396553862902,46.05468718416356,966.6360501231035,0.7380130491581495,0
27.640826606484083,0.6688367585201547,51.81174908920751,54.822991099414196,1705.9891892174733,0.9573979658594276,0
37.262066213129785,23.847883260767585,120.43643967516967,86.90496347711816,1421.994247959873,29.138322627819225,1
15.2829778982437,4.542790694397441,132.23974634571925,48.84064695387459,906.5746729172707,2.726043440162836,0
37.681406017760715,37.65478510423232,537.6547851042324,85.02686300840742,826.8878254673548,6.1304117233204956,1
17.899405985464114,31.57108860170726,41.59126017245244,32.3128529310205,299.9742953385786,1.5741190941078973,0
17.446237120050313,2.985977226288065,3.2979742422227063,14.328824425926568,200.0,0.19681916445236605,0
26.940580031767787,3.5026488142173333,24.10975102140373,45.82068645806013,1168.4554344618473,1.0212501570846924,0
16.411055155053702,44.14768645180116,48.13288298652116,52.085808597621764,1048.939864366599,0.3210075275290989,0
7.017865828909164,8.562149599883497,56.016635645260905,40.67309686897951,871.0126582395629,0.8693164234123678,0
25.063102227969953,11.23888296157868,30.712999993486463,62.54989796321635,1534.8324536600503,0.13760862103790625,0
23.821880857356845,0.29123138309371177,14.240338487199685,16.456311381464978,1531.040699734675,0.019177658667047078,0
21.400733927655235,1.5111451147904162,13.059382264624029,54.6522468526785,1573.2423314356065,0.32815150895163125,0
15.670895448846927,25.36074903900222,47.249375871577485,13.019537452450896,973.8560556397877,0.5367452365249966,0
35.69327253343135,4.449295912065158,52.97076838684034,11.608898281266727,965.8239126633825,6.0,0
24.705953868779712,21.462240255410496,78.1297721821988,58.963387720881755,1737.5568595023947,0.418830419654121,0
36.87349121892289,108.01832818970959,138.0183281897096,92.62253726731628,1438.8314974799657,6.031665982641691,1
21.50269568944987,4.627214813903874,119.66203891984554,26.294935357187487,1064.244570040815,1.95189786230735,0
11.44860266718639,8.65813501098083,23.314045893488643,40.0235044474991,1429.7083209757438,1.1790857417688734,0
26.572230777156896,20.27387394799692,36.22552266359057,30.466711314859246,297.37190538783784,1.1245894728184023,0
32.269855282452795,35.48367515101727,35.81391681125677,41.85936251012299,644.9007167384018,0.3467161061139543,0
45.77957235634115,94.71172879056476,205.3983638639031,87.12008141678987,1084.9545508154524,10.42984226565522,1
7.91250378007399,32.32673548160857,113.78339127338407,60.37274840602963,1157.0001210287296,1.36018820472921,0
10.795203707838978,11.401224225229072,24.12736595861904,42.30017727420157,594.5437678825061,1.669364179998366,0
50.47642700522793,88.94295372805155,271.92701337112817,75.45035177314125,943.7891376159083,2.0,1
19.042990971475984,9.349981504894997,42.141922253092304,38.76775621363615,1091.5550386256418,1.3769986074033833,0
33.49717068929628,105.65522178048231,135.6552217804823,89.57483865176337,1654.6290771809786,2.2885282640738005,1
19.533369587004223,1.1010605885762281,25.288284224265272,17.39522897577031,1434.9420859616125,4.250766009536602,0
31.849510567245037,20.064859225903724,29.822763101739355,40.506487827574105,1123.1487965862593,2.2638935125682096,0
24.407831017682547,4.310483130984342,9.636897828831911,16.264558893296556,929.058815768359,5.05402816562252,0
51.22999824826381,15.0,72.25971281769426,83.11493182489288,1350.6378177131949,7.806592739372489,1
17.744670031083274,0.4593900729919444,4.196480986199,23.344195509174316,1444.1679817958723,3.0367389945287133,0
32.91221557885836,186.6415185120068,410.82589806725184,60.03926571818481,769.8975810663534,17.815937480923267,1
36.597899302232626,34.853872591694596,44.78685115253432,50.42814851615104,1067.3215537683984,0.3868585780089959,0
5.0,6.349246434044692,8.13800396875997,12.8494997538839,567.4979276060121,1.5532485447386868,0
15.98886735147719,37.98888389147761,47.30788445133149,11.712782334580398,933.0816290962009,6.0,0
43.21716824259439,50.95280702007146,102.75575524511846,85.6645778227085,1793.7116111360704,28.119935827547042,1
5.0,29.06056180799905,119.73810041021417,20.13497668346778,1421.5720668799263,0.3554161322143977,0
29.19685494080341,1.482866262995447,15.188914522270974,45.9890784420344,1160.675832293988,0.038078776149345614,0
29.839941215654346,2.7174459907535904,70.37239178568494,22.421138317017064,669.0815715704157,1.9503539424112102,0
34.906590914157945,19.98605779940594,28.229411333166755,46.47157440286015,1150.7891560498379,1.5118350146882376,0
8.182860801255238,27.014571259410317,40.90991384318912,29.36451522156339,1064.4326457642399,1.7934075335138953,0
37.32559673214299,80.72098345797025,171.06257486210635,88.85003905789243,1301.328574261399,2.0,1
17.959069043826453,1.6847626459293734,40.43538597581916,66.37400125198674,1256.9286240656484,2.9508166294933034,0
17.59619898246884,0.3861221769123217,5.902429008478978,15.128496853359962,1794.4007960487313,6.0,0
37.65489491452917,3.497150658585131,6.114628943318511,45.99415582957398,1240.9278607007345,2.000922158420569,0
12.397406484410965,5.094592737473978,49.02910301489207,15.705298331135504,1315.8358861810907,2.7928032350558993,0
45.9939255996889,73.13678838893351,144.79384743236497,91.95254182531475,1548.3514013721365,27.843254189699397,1
21.641145479125253,39.133980783989855,49.49155241224957,54.18700143061939,347.43485528274425,1.771955885380665,0
26.121432362195925,2.3577346849989693,22.536409213011083,24.18374940831061,541.2846719812742,0.8249141560351104,0
13.558686859650638,6.157131430452688,22.54038855856217,35.981644389214196,1046.2671214145407,2.326147965502215,0
45.0,4.477642324207758,9.110744228274541,22.332046469328144,1196.9195659495952,2.0720858476175756,0
36.88490911469548,4.688952953134268,20.474475136786435,42.634164740710226,442.81698541244936,1.91387695040125,0
28.555823343272614,1.5174968726527538,2.232812330849053,34.282752049394546,1135.088161489684,2.7381358792623587,0
14.800206076290074,12.68429824608451,17.439612816785772,36.7102873947016,606.9895128912738,1.450016886088927,0
27.202967363010522,21.48586225836625,22.400173482559428,3.9002148092373776,1180.8714922893844,0.3237499070219555,0
17.685216642819228,26.620214012827148,27.558159687794344,68.11363466122306,859.5119227947905,0.1809075868585981,0
33.637795144833305,112.70399978350049,238.63233003103375,70.57695133081369,975.6996772827717,24.299477400931806,1
23.292297977749286,30.26578933384006,71.49720576253738,28.079963107436072,1816.7322979629212,1.1736178936277146,0
15.625635561240193,2.993624445106938,15.477900167186245,74.91736234687292,549.336548899618,0.6268835718575487,0
18.47765871772871,20.918918982572343,122.13959043883037,19.951660562356636,1636.3472046369097,0.927220156480166,0
34.23223332881224,15.0,86.7009651867694,97.2615906165816,1610.8688472761771,2.0,1
45.94542091072394,76.35808983628431,162.44624434313542,79.82486887944405,1335.4129348115212,2.0,1
28.10949605887595,19.670219114564848,24.373786680456572,32.7912596333821,686.188769282588,0.43461659698220256,0
9.234950763301226,17.279016317200995,33.38801858528755,73.30403524627422,754.9844065151549,4.847357263739136,0
45.583152934916875,15.0,120.13438173038853,50.520558609582665,1471.7237352598488,20.156562227815442,1
43.928139480717874,15.0,148.7232507426627,86.28116988629505,1177.6058012982476,16.832307177280217,1
20.031956714467906,12.853370663888533,48.522815610230914,48.423958190239006,200.0,1.8264826110788888,0
49.47654873119984,77.18132872710403,107.18132872710403,95.94055131746772,1379.4100452613452,2.7902606526891667,1
52.57556394399721,40.87821529947408,98.49919896561704,73.92639464946924,915.2955601139572,11.344045656568836,1
54.16039530860455,40.13716559427355,122.56225160512463,65.19424314968958,1768.923938060278,51.09103891375556,1
24.32680456524068,9.270740611321806,30.298670750114386,55.97267262237931,849.7925859674208,1.256992409655195,0
12.741151996606467,16.02126273114981,118.7867957491051,61.51224795603645,787.0337851948277,1.4381808636560844,0
75.0,19.158761622062084,160.42336968429237,91.75591758519809,1327.542549896209,4.242320263085549,1
24.051575330091545,6.226990260003896,33.454252430110465,45.19142354988074,701.0857772436393,0.8158695278059774,0
17.727420535885756,7.580382727793362,21.835680194972937,36.825652116740294,893.0494200494077,1.5891569945116466,0
44.952695928911446,56.12922064749397,165.69272950589598,93.38169162829159,1345.0520240927704,2.0,1
42.370355506356425,15.0,45.0,77.86570598212388,1820.4130823049013,5.830774623326547,1
29.13808391602972,15.0,65.34827605272683,75.7670998009472,1706.7196371620726,2.0,1
28.993152708331866,6.577596268313367,21.40878181236158,31.066787760698272,507.22926429763316,0.8383675741280213,0
35.483414020653896,15.0,73.61526054791327,98.45560702046042,936.4993523628048,31.85516900797146,1
30.894418463135295,13.00678445533082,41.95179183402719,35.64424508427715,513.7257110415012,1.2728049422555163,0
26.263687154180424,12.632586315732432,39.986033019636295,26.174484017900095,803.6050601600535,3.813654732107391,0
24.356433124755082,18.43836466343007,36.32967183381737,47.77104128641189,200.0,2.0110062830412057,0
12.914617832570618,63.513096663466094,79.30351864886535,45.17896064895964,1235.7148316844534,1.57162995003478,0
16.33938808303878,34.46457890958368,37.22035206089541,39.32529443193496,1375.8321176388226,3.346560367444241,0
32.138426744634984,19.885904597830763,76.26050664365818,35.283082856139174,1660.4526906380593,1.5042561084034327,0
14.536501250422678,11.849488693366139,39.30843882747034,47.681387831385294,1055.4943961974286,2.000405563777208,0
33.64157168902379,1.2587872308241685,80.57678792726367,43.36669770323998,1284.9034112482295,0.34979349045892527,0
27.809506332630214,10.735853587914272,18.55490113125787,37.70472677189394,868.9035311906938,3.438035327105865,0
18.770065217384268,41.74781463077575,63.51049228773867,66.81376999973023,2195.196753976788,2.039428262711185,0
5.0,0.4874724069278869,150.48747240692788,25.529988350319034,589.947831106444,6.0,0
22.239573345261753,22.54644472353254,76.47165210531679,67.92349041931737,552.5790313664847,0.6349134562979534,0
44.24911320082112,84.57269386005704,161.91372476647246,93.88936161527535,1590.0283081188727,10.76635204143283,1
14.85533091248098,15.501351920586837,36.58748343646688,30.30137411795975,709.7228805816658,2.879891334839834,0
45.001098096069924,179.27808373119532,280.1345662240115,64.27106970418517,1663.606216264116,21.80621595509717,1
10.456615071220448,1.6177033608919782,151.61770336089197,46.65236250568222,1025.524247294243,0.5525004219115164,0
22.789702735070563,24.057199603068746,62.02704458833474,35.3272008466522,1560.9085254956813,0.43655621880173,0
22.300447192359844,8.149099448701957,32.276649064042495,53.820078635840574,643.4162861930841,6.0,0
56.95130779298331,95.61212602667271,213.28202233478706,78.96480312226086,1618.1053157329432,10.616584388606093,1
19.007320402346306,19.945054979785258,42.123475666826295,45.753717107956824,1359.2257722092322,0.6461144598534982,0
18.604678072993487,22.41162577787354,54.73747231423523,59.78965312566478,818.6876069381432,1.161758879177408,0
46.0446453153421,15.0,112.64912846415822,45.67565857923263,1788.9856826087012,2.0,1
55.34045114859391,167.06182236750473,370.055341568569,92.73008592987915,1997.7318491678757,9.716784830456875,1
41.42863581736158,25.687247244828377,64.41648162626888,98.66036592941134,1812.4089012314098,2.0,1
16.73930505236613,3.7038550854090517,96.22645351810421,55.415935380331725,1114.6437860670721,1.0210264515204026,0
46.87017506686328,22.435959094026963,52.43595909402696,89.80922455188399,1296.6074029607855,2.0,1
36.97710541460908,19.22801689284389,282.1070077972217,67.03915202169472,2023.567474893056,11.272982276853957,1
38.4171297299521,41.87981337424756,104.46876675039007,79.35176154381473,1492.9501816146624,7.709988278949122,1
37.72540294322863,9.46483455176993,24.91398119219464,21.89242326200284,503.42691910225443,0.3116834994738531,0
49.62165659306386,15.0,82.09831595541844,80.64511648062447,938.5595570525538,16.04559649502515,1
56.9185244823986,15.0,266.1382820173245,76.61620495815585,1077.33473551088,11.12925932249194,1
18.585858453508866,23.319784481426147,92.954946584006,27.954865202482505,977.3517763058296,0.08089387744063785,0
36.16312957443446,3.0485128558994425,7.455529528476692,41.26861061831721,805.2846945521675,5.289030186054264,0
53.12737968376498,58.87920981382481,213.34189143758712,49.97423457870807,1049.4340138465643,36.41010945653765,1
25.72044430771198,33.10202879180274,97.24809340218908,42.45141805576867,368.0200908452216,6.0,0
16.171944913290638,28.348874521044824,43.303003200555125,20.136335783098602,1350.0727716680562,0.7670184348371423,0
22.01197568298727,7.9137771031166,34.57015544566055,21.79617669560946,992.586223853643,1.6587273503781215,0
34.68883393677436,48.64198268344616,233.6564222810551,79.72471348590014,1880.8841190216813,26.30493075805219,1
36.818100439905464,20.836271025768337,50.83627102576834,85.20201289873428,1289.9431103158759,15.21477646344682,1
23.112185265239866,2.009543791982905,2.7927421217253596,43.85932895000804,838.1700968758399,0.2345576314618873,0
15.434662141397716,9.675226968452508,65.59572250945712,37.50645005339618,801.6624477415255,3.4731119735158367,0
24.179865860379945,4.042388803817161,12.011956484958741,58.079462332362766,996.6511783717796,1.9945942539059782,0
13.859685919622294,3.8330071341712895,16.138170359047464,28.001792859504636,880.2738826169243,3.9206726109713257,0
37.066570633799024,193.51156377255649,417.831758261767,74.7211668421879,1159.8337545942165,18.576651495226294,1
20.397829573587313,0.4381735364072193,1.9597515103822976,25.66880941450992,380.67255839787344,1.8872005089492652,0
18.476062538490517,0.84425534025447,11.567740683922215,41.7566022309823,515.3908382689848,1.0114229921807454,0
42.742808621697954,100.89242812737585,146.20101146094316,65.61579123227294,1009.5919654866186,20.27169450254832,1
22.39190214042949,5.164464515989442,61.24110989119663,40.96930976668601,574.1903273393773,2.7443764064387506,0
28.590824989507947,2.925716605665014,3.3822876519158758,35.16117845752763,801.2248982200433,1.540649947251811,0
16.01532159050278,8.348050458565412,15.609851538390949,33.831303637507446,588.232826869835,6.0,0
42.721062388334246,135.04615618455122,417.1477445154077,82.98346222196301,1330.9847397341791,34.37149995760915,1
7.446838051786706,9.395153300642102,47.439339180151634,32.98009274481206,817.1881968403131,1.8907387107386209,0
7.577483323788519,39.30424597816082,76.87958044233707,39.02889554558065,1018.9959268495543,0.3102830182946526,0
36.11850509645659,49.309450981856976,50.49203705258592,46.39494851169586,719.5229820538909,0.2590260013664847,0
29.786255386159674,80.38756126016887,148.419855720859,95.99161857443235,1883.8065948556873,43.4540665188352,1
8.181106339940225,64.63428080693039,65.68862208028223,46.654575926243695,1203.3259688067237,1.9768287454147129,0
51.74581517289557,46.62945015979593,122.72480887304769,98.24436492182558,1393.6038899988614,14.166668042316129,1
20.355322315514194,3.883617922744471,31.002839239690932,24.546697123782824,818.2064039991093,2.774624541375876,0
30.055735387506353,5.049496003114508,37.981182999251175,25.445061493884236,1411.4077855943397,1.8639511798603279,0
32.86272966553135,80.0,82.43032005654959,57.19732306291957,1013.703998586359,4.508669113781654,0
25.254321752771737,25.760710422759182,27.601486197616133,67.88999622016404,1239.469536681967,1.425950274455697,0
33.49670552905273,56.37556037513972,71.21829250638467,22.753721843309023,1607.4835195439487,0.025484562239899956,0
24.72426239488644,1.8294727864068028,32.376871983335384,44.297322695372245,449.94741590840624,0.7031879668110936,0
40.810496317795476,67.97266348499299,217.46110781231152,75.7118394830447,838.5647940451254,28.45543678828636,1
36.31980780072472,69.72495849663738,102.91243168324637,74.10364981870589,2115.9248333719142,3.059008310925329,1
7.883868743544982,45.20326131701335,98.82455095697621,43.04890024614841,957.3643566275239,4.481600773324602,0
36.73839044854747,132.86884936616875,257.1737414184265,75.40381189815264,1256.2410626101305,2.239718732047446,1
5.740241330052239,34.52535993207936,61.92721940754353,45.79687669623359,528.92671957012,2.139222649360967,0
32.73047545412972,11.34903012889259,11.464313935508322,59.80300985405474,1535.4798011450139,1.399733449790075,0
32.366335322518964,16.088430587383133,21.8815003362176,49.773174752985575,767.7841227287087,0.001383441043484482,0
5.10875559364171,2.1199066497950136,148.594763831225,60.749772583221976,585.09185999264,4.722924761487598,0
17.247570193901524,8.7529881548726,79.57910457695772,81.43651049708353,677.8009611972063,1.1431765984985538,0
19.0198242556757,5.32204328171225,17.1043391197878,35.92305743343133,947.8101140609742,1.7315050718158682,0
11.627198236236591,3.3784645829797952,25.949440106899473,74.33201008219103,1460.2908330852815,0.7735131725118906,0
50.24111772052879,41.86763169048581,74.69619579770516,47.895306822437874,1528.6786419113728,34.37017667394495,1
31.345863618809464,11.524246980593036,69.01740747320969,38.79893793545971,200.0,0.8172135204831156,0
30.190515266517977,15.356991907365318,47.47650686255049,13.488441652875593,404.89054363288705,0.1488724798278002,0
16.263928842421485,11.61446241696305,13.646242337530985,37.92946760075311,1267.8006213865342,3.286569267220632,0
5.0,53.11453614840858,203.11453614840858,55.14849866436796,849.0864919514729,2.0440611539410467,0
34.848903763545216,53.18705954472791,120.4092084628177,81.71050525060413,1567.3764544753049,11.816543366567098,1
20.0,15.0,100.91548128888536,50.235228106654226,1595.013330031378,40.31360356034076,1
18.74524926591081,22.566421050776476,46.959620988405256,43.124093592057186,1250.289444881894,1.534631972630658,0
27.86011939232553,19.438474560744595,33.57177620508519,76.12697501228158,267.80400083135567,1.4544291260000106,0
31.171201358685586,8.35538803637058,8.927064094034542,58.94188538775226,768.9245583214041,0.5177912161183232,0
29.756864521430973,3.3322816296061353,54.425229977571945,12.762731083789028,735.6647046454508,3.4514184214707155,0
44.57415977066593,15.0,92.59615145775085,67.1073638139144,912.9142186807344,17.42337585567461,1
38.8680094661148,3.478316328860025,20.291737138139826,26.70204104081298,506.1746215232225,5.0107197276822655,0
37.988160211959375,46.602301931906,80.05582990979022,13.310587043230592,1213.2048774170096,1.6981462415371635,0
28.31431435522836,13.883777213932202,25.15846534078107,22.00370290822238,904.1439282233623,1.3245380490397491,0
20.345699793308906,15.641962294496869,54.08019022549991,8.635840077232704,368.3005027394755,3.9180706754103185,0
25.319130662154034,141.73081420269742,271.6258570644501,91.60767466667991,1404.109092562745,16.97055310713086,1
15.276539743613768,4.4756932544716115,34.65303593564889,29.96843899299461,942.589671469559,4.141450762165873,0
25.411020130800207,15.826697648890443,40.533522223404034,8.723359795595947,721.5010136843676,0.8027487216311315,0
51.60394783254858,15.0,45.0,53.741583993378036,1989.7005125393978,5.900387550692346,1
34.43620773904048,8.559661130780093,53.53936324511452,36.30177517727292,1635.538048439345,1.2450293576536549,0
24.382069147950883,6.411750368868385,33.63911450414516,61.530335424361645,1152.3906953129492,2.0378406877303683,0
24.722035407650097,1.9615356830143147,59.743732022024325,13.36562861188138,663.1040339659371,0.7434083836632132,0
14.238545371462038,12.64225236578037,44.251561388988726,36.96027756804532,814.9808761627733,5.068564807041373,0
18.067060352883168,27.914408336718154,34.08135136347028,47.977518007354,1350.3048092770177,0.1935479978869313,0
16.08309218511304,10.328295482892045,20.41866277887172,24.66114034766399,1032.0260716200075,1.7736071147858394,0
18.622391814100787,49.01571092744137,70.79035118080813,29.817954639818755,1502.7981171168954,0.5260665781539983,0
43.47342260395731,15.0,60.89639485758416,96.29482484211005,901.294920378838,60.0,1
16.17597970107723,19.72096716741772,26.203165924318327,30.49825359222666,1151.1415972735886,1.1707537495768976,0
8.674390965076844,20.62300003408566,42.21795807519052,43.2323859510099,1679.4917676340942,6.0,0
16.53573522453226,5.92766886365766,31.70094666530914,55.48611009212144,1596.496193051646,0.48659392320281786,0
19.21676273897949,24.936937323013165,33.16744823362153,20.908558445872153,598.768553886526,3.482429505758464,0
7.481566304142888,13.206133417659117,134.7087838480503,35.82232370047583,1598.700391310083,2.505694948253472,0
7.985706459552604,35.68948477830699,77.02797441521369,68.5902100757519,353.21342259891287,2.790574123629907,0
18.698659666098646,47.38156770017951,58.49847808792714,40.05179892023269,200.0,0.8576731514405878,0
29.59218801803576,59.63816843118128,144.22709150955635,81.57773187912075,1597.2590270687344,4.009554221071616,1
40.1602954442733,23.199150772056278,44.199636650922386,47.592441966174725,844.5842465844164,0.09187939899418486,0
6.4136433610121415,1.4984878118721847,24.661461835407316,69.51996329692106,1217.5579068743377,0.4248307591218612,0
47.3811983434478,230.2505028882968,326.2468640011149,95.31665813536799,694.026394167511,3.1274727678047993,1
16.02405147874781,18.611410519123226,63.70220216321517,44.1794449796893,543.552849279803,1.3418569045178987,0
35.62390546657739,15.0,140.21284347303006,84.52436369201499,1405.8588215393877,12.12011068307788,1
32.79581003649281,23.217760096670638,44.903254913736106,61.639307858746776,200.0,2.2615749389400652,0
20.648969059809595,3.7447233439113945,24.318948144812634,31.699197293835972,828.7099426866681,3.750848929232296,0
17.681908696787946,4.901622223897513,15.443330791278829,12.85520380622792,594.5451739864699,0.6806996745471302,0
10.510744629246291,8.794109639934893,18.025501302313003,33.56241720161482,798.7219658409093,1.0266645174651552,0
31.895947206386168,13.803053534544546,49.08276026497336,40.08704898494569,852.1846822090132,5.539978460876516,0
22.147549698387003,5.150745452846877,6.22060553411577,32.735652218053616,384.40050514715574,0.605053844744452,0
35.392269071019456,15.0,45.0,68.38353704947706,1785.0690002039953,2.0,1
28.033188916000277,0.8017746565547599,44.226149978906086,16.4223256808742,200.0,2.419441302805256,0
30.49097584675354,2.976407532458083,13.01870264272854,51.881814639704075,529.6046710351432,1.7812700571177917,0
32.83770940986823,15.0,78.85565787496031,86.59013539418913,902.0180241491371,34.2498430101083,1
55.0927947731821,18.46632155601338,48.46632155601338,87.33438949297201,1555.9322742115255,3.595028858224977,1
12.493340835041087,31.436552354064922,79.48023101148448,27.228459210133316,646.7368235632206,0.9839099534062395,0
49.66924770917541,26.741580700287937,57.898053870748676,69.90410748862416,1687.2334060973033,29.075172007762863,1
18.15312878303877,2.4644895576134664,20.374761668010887,16.215887095872088,1371.2423962646383,1.8915791418547183,0
49.29926014732467,38.25560076345585,94.72724154299584,84.48670796118097,1882.6152572205133,24.35061418092343,1
22.345641022172572,6.430437044909397,11.230594243850982,56.38629075538274,1279.9467525958576,1.3008942614478478,0
20.510397112859263,42.31975485432672,70.9846919638931,41.752021695361854,1000.7652293181487,2.3657871574469547,0
39.53809907410527,31.999047260793503,299.6722692293848,90.94424404017028,989.109061997865,30.91354601617114,1
45.29424950592394,15.0,279.62285196216163,93.80052854060672,2095.0231293312854,2.0,1
41.32040227462234,26.348603232407367,111.99821850233937,97.12807886441577,1322.4216962722592,12.967929654054998,1
21.983081767248255,1.3422168303263093,25.54471501949596,27.555334638823915,1206.608496354487,0.9756040452686339,0
38.38653050351964,40.48553117669648,92.11359431457768,86.96569607187277,1706.5128657991493,19.035731255895854,1
36.79224983189375,31.951320438831555,74.56930314140625,25.31871646965989,1456.9206233319655,2.422591051538435,0
28.42787071287678,17.228695981728105,97.11196099544168,19.47579326023862,1340.0891538743342,2.974528080439107,0
14.7470600576947,15.63595482689519,31.866482380793613,25.489799719864386,493.7602290404736,2.968326175038058,0
22.84311804948337,24.847179882844742,54.02293842780338,25.51788644710249,590.4283376994691,0.7678738315813716,0
17.90242460221522,8.52169444695728,71.45584269202867,38.88634845663714,1035.3503757281337,3.1904272938371245,0
48.537006426039355,29.046771236897225,128.04294686119985,67.6459606214737,2051.918487528812,2.0,1
24.39780863569092,168.46108744208843,253.83382486034537,95.33539807403129,1687.9501683272997,50.04101310024974,1
23.514070336335305,3.217160433469108,52.03815882376171,41.228313784893146,491.42461805581314,0.9141372614462003,0
13.457548005740312,11.62067918981796,37.033530782455635,21.806938839010755,1677.2763080423742,6.0,0
12.100190758027955,38.45226142554246,56.21079953864686,12.845320780339398,1264.2243712577435,0.28628504254503245,0
15.969532196279507,30.792360945872183,68.8960970754075,33.73407686299571,775.6079137817005,1.9417325917206811,0
16.546317359208658,1.261097983545577,19.58139807015351,34.42781198380674,1114.3521416083327,1.233286179714518,0
49.55253780580866,63.886620254459004,122.15728798743532,79.45159128582053,1126.016045132918,31.382951539441855,1
17.185443381189916,12.840997555538138,14.861398368220666,40.008975652769685,727.6582088924034,1.1698999039574787,0
31.33570062433438,33.80873925869286,66.66752538521058,84.08715368379916,1642.3545523853254,29.410321674016885,1
15.858823276161049,4.2813064076687875,12.732841862796295,45.05598716794526,1027.587232117199,0.7150535663648582,0
24.926966318208926,13.57708914710304,41.72002767441635,12.241713843172613,200.0,0.1620379017185585,0
20.874373971153506,1.2355419363610087,2.4008281699525913,40.02276384255617,985.4513209355989,0.024457964603871254,0
26.188871968474068,33.826863073799565,47.94292029536602,21.94367963567282,866.3641040520972,0.21532131080574796,0
19.059884660307702,15.926621220595946,32.02412549342618,27.64073952493086,780.6693269336736,1.3947563046563747,0
15.842948092253454,7.356303023116581,32.26162038470622,59.400693960996,200.0,0.09514797686829995,0
21.874105258365304,29.564426549883162,64.40532928502796,35.28986215738242,1118.0327173721287,0.3438459755048424,0
14.69767067386509,24.509353913825194,31.510409558000255,37.36070983753983,1331.2753141987955,1.093124784383443,0
18.628255000779006,4.72951121284901,13.078954904207263,54.025958437238664,1336.6358566395515,6.0,0
48.52951413353232,27.335262620089885,141.63591629500846,76.64013324175201,1774.7070674934182,2.0,1
49.819194939746474,31.4591120208128,97.90044697381737,87.65674232998157,1409.0794608382607,30.54430108320996,1
33.603864326150884,8.499287059422967,52.31542430831077,41.59119480622216,565.6511983386534,1.5128687681599027,0
16.361598961543518,3.000338814687215,19.405885568529875,55.228668240641014,1017.866243208857,0.5284411834822367,0
18.963563014010113,3.623429615714843,35.00956997216605,28.937892052721665,200.0,1.6551408063648831,0
44.98209706656453,75.10055465842329,244.62671201612477,72.38834182802006,1495.4708974565506,40.55339082542552,1
36.751241092707915,99.50798316326335,283.41632097227546,66.25274912576783,1102.9033282706391,47.25995189512797,1
21.50098126256606,6.609469033355891,19.249409402940316,18.1528030134807,200.0,0.8600430023415926,0
12.438696235838645,3.3580047974207936,31.559278708823662,61.00896915345492,961.9753524419934,1.038853643438266,0
34.524336908749525,81.28925324987722,527.1977926612906,92.74454176868282,1091.3248240362052,2.333300521616123,1
5.8330287748270955,23.133795167562702,173.1337951675627,16.959533528426572,1220.4105942560518,2.8119209289267637,0
17.10617689911608,21.68306202591928,27.71541296752717,30.94663352328023,1674.0830247357924,2.090579121697041,0
11.743944615158481,5.003778352346574,12.820611350286256,36.36265277352245,1576.5944188220233,3.6058235801135616,0
49.586365871019055,15.0,45.0,57.787928566050375,1248.0714144931537,12.577014036684169,1
25.676585631940878,11.864326655008547,60.16205900991471,39.122905837925536,852.2150333255051,2.75988958872285,0
15.699953947901742,16.64933494824552,20.324762060209345,36.95546251256045,568.1443363501551,1.3690263744956832,0
23.362778752477904,8.379799577531237,11.596444483887481,38.715517890101644,586.5825670010033,2.38750790216445,0
49.0936228173518,16.28197767181889,102.47998788187859,80.91005124040717,726.2566496116009,9.444176877554703,1
39.68624592792517,37.27560295263199,87.72192429803134,82.17111014737915,1249.3411535846997,33.3225613056907,1
38.430012720543694,8.289465692182086,31.368245904965633,25.77214755454274,967.510236963637,2.2599895651841386,0
42.22201879881626,166.09467667695674,196.09467667695674,81.40914273464675,1089.2486800880101,3.672776912264859,1
45.12371387958474,15.0,55.68318401641376,57.55346663422883,1911.7829496986685,18.187869017957834,1
11.056636142064587,16.101450104258763,32.97899175108809,38.89728692160467,480.4277694781779,1.9683219182149945,0
25.958594496260467,1.7937488948715377,43.01266430266543,23.55624798078156,951.4288617264285,4.908916207134451,0
45.0,11.617029849255063,37.141125182879556,12.919545643062644,1265.3715149893353,3.4006145286717646,0
22.720457344429427,2.577499160925059,2.6880428246104673,27.315266236920266,498.58363117429894,0.5228226349290468,0
22.55843804807446,59.64077474281703,148.9412502046486,27.70645262017395,958.2260625688823,0.35448496623674686,0
35.05692965091386,17.52638705655815,53.344520376614724,37.23783646322649,765.7110095449957,0.4765872378181884,0
40.79294690271408,15.0,122.26509017663388,91.31880630037729,781.5869872262695,6.139722939335291,1
33.92604703429964,20.499035515956418,72.3832079624875,48.58981989626349,1243.042301908868,3.352355878387673,0
27.695770687332534,13.179938428009168,163.17993842800917,64.92062923021915,914.5600281233238,2.9723684338594585,0
18.879900183251415,37.37166163424354,72.37088702168788,14.168724400302624,1343.9918274643237,0.034087351221181526,0
53.56624699030414,15.0,94.2753262135496,71.24352059652847,1482.211660997149,2.0,1
30.993749223782395,53.816324239809546,117.39771420257011,19.9121043533818,1233.8614394662113,0.32408877410491715,0
17.08521327044238,4.908834420670089,19.92052018903364,67.79621754948577,457.91613931590814,0.9158903083995413,0
40.955877438792015,24.323900931953798,113.41191999333856,81.9695075325835,440.0967137390028,40.087957315703484,1
33.632085608391804,8.933254537867967,101.69843844821233,16.308439713850078,200.0,0.1962744381580738,0
40.495419157123806,37.81630055837352,67.81630055837351,57.046824273335496,1627.271554416341,6.446884644980258,1
16.354291765727773,2.2368235000899803,81.42367503376462,45.588158792957294,510.05821331472856,4.290072199082252,0
13.220035368668665,0.46679978682657897,7.760965452040546,56.59472952439626,1106.3614092158684,4.853061694740416,0
27.479867880660375,6.109107251748716,30.707889656236723,12.894768065945486,1761.5309164692785,1.159295537056436,0
12.431076761442583,4.452247773666336,18.568601537314883,4.934101552664499,1581.215325299892,0.6400929696078869,0
32.53041930126991,8.336800217484363,37.062986277185644,60.50159880317176,993.7333084168381,6.0,0
24.49409813334755,5.664630113640427,27.68900754335321,40.61644762578517,537.3834628519976,0.5052182536652019,0
33.07258414062977,37.23169684445812,67.23169684445813,87.51962820285118,1875.1444852934294,11.057259928947701,1
23.374264690273233,17.23684565250357,48.92361224114458,15.049425600098832,829.3757241338201,0.07825674652244219,0
19.9323534040511,15.191448118904356,59.91641357646887,38.66938135028292,1588.2253334271836,2.6439483172970686,0
22.162262945963164,22.238110955925716,47.63648621212852,43.85669304638765,609.9658459012933,0.017231724804812255,0
19.631567943146308,12.678524449402007,17.189848770354164,29.298289155114883,798.337991976288,3.971984362598075,0
12.941400314745783,6.5645525578557535,39.40639330335199,20.07899545668649,657.6359492219058,1.2278740602345357,0
5.870838087538495,0.13693442976508324,12.982239756596702,29.920593194058153,787.3986767903398,2.7748767504656104,0
15.726861632188063,5.777739153450179,14.568956563780516,28.20885064723383,682.1449399590767,0.18557789557941595,0
38.752314893273066,33.85143429762751,59.622846266119346,23.220000065136652,1230.5585101157853,0.7844506330242126,0
28.473156023169505,16.207424108356072,76.20717241300792,38.03540329340508,1359.0280136151314,3.6097300153692764,0
28.91686512352121,36.33907123657397,66.33907123657397,35.10544219941683,1370.6639316761468,60.0,1
30.674714379213455,34.46040627804694,184.46040627804695,17.476691773981397,1000.5358336157357,1.6176432554260536,0
18.8175328023566,21.73870646344771,26.235409512873442,33.19865574202843,1249.9567454211012,0.8341636538124623,0
38.84088125301714,15.0,195.96969942178535,65.65424594218604,1348.2986405535075,4.705473958662055,1
56.73139473091523,300.0,330.0,81.0107405463664,1135.599404069631,2.0,1
41.512676279122374,46.37614560728833,76.37614560728832,51.41318955266636,1400.2240006861987,23.93315310721546,1
28.836676838362237,26.66131095638271,35.06135729569697,50.87966797507034,1078.9798867093184,1.0706069503543907,0
34.71306643865392,0.3139744057826285,12.003345800394245,82.09556598371995,1005.0256455910088,0.27213703970963943,0
19.98080249988569,8.086811210939615,42.336665027619716,23.326404183187655,1144.2948720058118,1.0950221948201375,0
16.782916790808823,51.95788734282921,84.20101911085118,13.474668030219524,503.99266982484926,2.2225681038036966,0
31.115650727895662,15.867457499296972,23.051298863117175,42.89357831955441,371.1501127828086,0.8834205428161225,0
6.663770541333667,4.89417749856356,50.136947221153285,35.01534150825929,344.21889617539296,1.5668691977843212,0
5.017593334297214,7.091663451234938,39.3045307407469,45.97263837187194,1150.1704624180004,0.3937201856087096,0
32.76624211560686,125.60011187138367,222.90736751748378,83.68125278989486,1089.9258953508559,37.045001519517676,1
23.11263216048813,25.4583260708839,51.25583108440951,18.55135629841478,918.6060712950017,0.1021331691967538,0
22.281692463899102,0.8010133079769683,116.28589810149529,26.381091446312748,669.1324418439406,1.624428888160899,0
20.680586563585283,7.070526132020324,20.273802853396113,25.38063997382186,871.2873454788667,0.17084908200366286,0
52.20510073630253,46.666486158564126,86.03976885678861,78.50826126506092,1717.611360251364,13.789057148812335,1
5.629187868562472,14.57738624894402,142.48702656107733,37.86133148877657,1065.518107308895,4.076890742171971,0
50.51367510689834,86.32890459827031,160.17468412848348,80.57514823326832,1308.6574071314515,51.65461418551163,1
50.484612831928466,83.91169996746393,234.90402820320483,87.77256971142128,1676.1143143213862,3.8895639533635653,1
54.437442057873156,37.55943862671636,67.55943862671636,68.49948388618508,1955.671144521837,7.2898805962096525,1
43.07263304860619,15.0,308.5144242693732,82.3662858104128,1281.8025936087256,4.183876530810445,1
45.18581987135214,20.466782457196413,50.86646937295941,91.85638025201202,1587.5594391089296,30.804689923566425,1
20.64653911502434,0.7994804937670233,33.230412145167726,12.227886679966756,513.9688468505817,1.3082019145142265,0
26.82213656313743,10.824999343602334,21.82054006148684,11.91769231433531,653.8515302992317,3.257061677515802,0
51.805757442749474,264.10624829843107,304.0142220758141,81.1493811749157,1213.1404157063735,50.92005378421993,1
50.55052850190631,293.01321493568094,323.01321493568094,83.83358089812374,1778.9919304057937,2.9096604732746467,1
24.377664093739465,15.355631579688945,34.921417082699634,22.872176486368403,599.6430755674434,0.8784829060074729,0
23.32176005479191,39.57864819747751,47.86042914433835,33.59931827126075,756.8807068129905,1.3569608256955072,0
26.30569286667215,16.680745847455636,71.21891159065326,57.036780775860684,985.799399973503,0.20109255993528127,0
13.37774031110966,0.9434326517083154,33.18609795334534,45.7319182943732,546.6875987759936,4.815411196926618,0
25.6229918263164,5.754852472374795,7.616653567710653,38.39166765536221,892.1883448473536,6.0,0
30.088826578567122,21.0344029796705,266.455177501683,93.61545543260546,2981.089961755371,34.39774374418919,1
38.32837009857126,15.0,46.4836790585414,77.18174990460253,836.0479159628588,11.376241665519332,1
15.2385189718148,9.261851301206093,42.878127132389565,37.49394833559027,1426.64734584272,1.3417001898005376,0
12.642024061947733,2.9037021452246403,75.16351572862422,25.731159542322885,1997.8172887812,1.44929444583892,0
22.780119082864744,3.9917267342957437,51.86611811103672,27.240752383729266,1372.0622837002502,0.1383315550217057,0
21.476343172807127,5.641736906846827,45.01795964650128,21.91563211085376,1627.5964999083344,0.26618397138846345,0
49.347537875537924,15.0,99.00683277616513,76.59630083069445,1533.8232696173518,11.078820819412211,1
13.863338007765185,0.9968387475205347,3.655268648509918,38.95935908984988,1274.8291738069925,0.13362458039785907,0
27.490032374321537,43.56757738219649,55.54700539277961,16.933783898066864,1084.1292420074526,2.1131916825102084,0
13.390410079946145,4.850431931387883,42.551824244484365,52.7266524541513,524.4676626820608,0.12474663722216191,0
23.105948970166523,0.38508227296594144,62.38636833525985,32.26397756440081,1180.064519943998,0.7463665013632645,0
18.90635504431454,43.580680119905175,61.29433865250858,40.76774684014574,1133.2008287553572,1.006703494618531,0
49.78131732357887,134.09867606155652,202.38759179040966,98.79688964265742,873.0429339409297,33.791434879868035,1
49.47786589862354,15.0,45.0,79.41923702825791,1202.4398131643347,11.868894465723617,1
19.85859635886038,4.269370870780582,65.2532499652859,71.88281659116082,564.6962830429904,0.6999914287871039,0
34.156135741477236,5.563657315113793,11.57954894451467,50.01204422428957,478.5706776938901,0.6028865098590211,0
36.351101387785846,1.242728715439376,29.804060183469954,42.85216945166431,675.9128041554536,1.3943938933638533,0
49.20894358354615,15.0,515.0,67.93173008990868,931.6734351619259,17.548470773553944,1
25.4006066188077,60.477955349798066,177.5495316475509,41.91391756491903,765.9169740575635,0.8812192472023024,0
17.887054251187003,1.427896635070272,17.178822557492722,62.77039580880174,1531.268060197936,0.8039321475950527,0
31.462327278622784,0.46137556486833814,1.5776388012925386,49.43543995390214,1342.1643750883593,1.1343856200856028,0
16.08004845987502,5.288357148404648,8.941282508768847,48.886691987013464,237.59258467649363,4.248463406404934,0
30.342029962435124,4.363585183719347,9.388854569453194,29.93711725630571,336.5513339833451,3.345576083354578,0
39.29439662549654,39.984501936336166,192.99578671125806,94.23434484353889,1276.9352008754868,57.74088453057229,1
12.299877552227239,9.71964215310506,12.869761496679157,47.607125144503826,1541.367929098406,0.8139972527422162,0
17.856563606440655,3.4737048196992424,50.05273864512609,29.9736668340446,1237.3024337265288,5.844557954247277,0
23.88529423946127,43.626144728998995,44.33885134167518,30.48385252995284,1108.5881627423685,5.991126861073708,0
30.50188195425799,50.530763354476335,181.18168825867647,28.648835277473207,1154.1417822754788,0.08759186222521056,0
38.218974447845675,20.058311352791613,310.02355265613284,91.27904967246782,1262.349345642174,10.863918392628753,1
22.42417013504219,3.1593632178744655,34.25926052113464,31.74538464381807,1580.7943031933055,0.5922030273737268,0
17.353513991159016,3.8662468306111633,48.218699000498674,25.112764062660414,488.5022467843391,0.38951888235430177,0
35.971324176827686,30.77848110081025,37.131426822983904,64.9852493128165,1283.8913669270194,3.4387168752979806,0
17.398046221230864,8.370553098636638,18.698755250684528,40.28852835285191,346.22903022681703,0.3781060669662667,0
39.05413264195001,16.32794562768686,61.3110149316145,76.75436740888063,566.4333042777404,22.551298036512527,1
26.263654387224253,13.292087938540938,97.20255443974364,56.622967314703764,519.3587036116575,2.460562501486392,0
58.16107678675479,133.46375171826634,260.7516862700274,63.274196414350136,1414.249992895689,10.222569786535828,1
28.589481309434397,28.042000723429872,28.184035545982354,34.96682598296801,1348.523361429384,2.99416790784528,0
20.867627081310335,14.179506824892398,103.7946371796334,45.74844651680239,593.3484120771029,2.2078312737505,0
22.01245987127883,17.999419775673033,45.73169368784011,30.805251464329196,329.66566070021815,2.473533367751774,0
51.267168410712934,15.0,130.32604717598633,84.61742796354562,858.7749707523222,2.0,1
42.066183900025116,65.87167642921682,103.430714275892,81.20881202134616,1513.7952230596713,17.329730542332985,1
19.06272477204589,17.79135015381592,71.17670611505451,31.116209077472927,760.9798502013919,3.1569556610424008,0
32.29435842320137,19.110448628897252,36.592127585980855,28.67729758507613,1386.0145357833778,0.3084244949897492,0
27.948709921603687,5.371707253869749,8.08299526178346,46.665060715459106,271.0173638539254,3.590137459681463,0
27.40684364967518,7.659242497724726,23.43805340769638,46.462991219441875,824.2613988893683,0.19687443343617075,0
50.96389334592867,15.0,69.13009488252538,65.7109794766438,1414.9319036609907,5.607796967964964,1
33.67629715231711,0.1766202006813159,53.84199578879216,26.727750648106646,581.8471611322412,0.2969941738500077,0
22.044898631657297,30.297209039555074,121.14651103671893,12.236059364765648,1083.7647273344653,1.9662630961299943,0
46.26542587440623,49.190800734223664,135.351509058712,72.42473415154903,1569.1649870650272,10.338213648127931,1
16.328312742580962,16.880908118501225,23.759249230387592,24.300118999352705,1179.992504603044,2.1726541891878854,0
13.684391352407019,44.87390792474016,51.46867125953032,26.789172373884483,303.1309401886231,0.18077782762730646,0
16.45084278231936,33.02842666779025,47.44237286676895,56.185969883921736,1556.353450596845,0.3848406101873183,0
30.53799848605469,4.692626961197069,19.092087077388996,19.41019658633514,865.6158064511424,2.9255928113756577,0
42.13232801122886,53.108592681042914,553.1085926810429,97.89911437596619,1477.3334305745414,60.0,1
23.769264157552843,3.602477863227789,9.192202483065032,43.435303843132864,967.2131564395563,0.6139807174703394,0
18.565521863352387,4.960473139150414,27.558315375051002,14.870767342942562,1242.8712164321091,2.433412016060116,0
44.38300794946261,19.315516548386313,68.09091022944702,45.17872776000868,848.3479837554166,5.938067745432829,0
29.70711040150202,0.3200334661183417,51.64861081007167,42.09333368516601,1454.458305344657,3.763607594789143,0
19.890174035898255,6.093491427387686,8.165161468195311,28.96897751124507,319.86386071905883,1.307982882338229,0
16.23165188910904,0.21026786762771782,12.643848850622911,36.33554121205441,614.7004936790527,0.014965471950099766,0
44.269346786961435,36.722531371772014,536.722531371772,89.15977913694866,1077.696025441868,5.277788534845609,1
46.280619001335744,66.08796972266865,123.45024101877885,84.63066056718162,1194.138507343056,15.68403282256101,1
30.594348919482727,8.704338685221014,27.768672237624198,57.57586387129088,721.2540790246653,2.2581711161377145,0
42.41727793814917,97.78290811323451,193.3282390697628,91.62997504104871,1702.8068821042605,20.5260547699175,1
18.476050567974113,6.416636951713303,81.31605232968478,34.15940494343949,1046.0779158995967,0.31253796686491825,0
57.89765261782893,59.54311336769619,464.0913075429484,53.85740545349363,1540.7076130153348,2.0,1
12.334714812623076,3.7901843221293054,5.712143327257665,55.97364551777463,536.107410405558,3.228746453830919,0
10.548366979234565,11.396369882860204,29.442097836992943,20.316283574611823,1592.8905075065143,0.213023473480649,0
11.711465361415685,5.564150050493555,7.945873332193919,38.60628686707862,1582.0005539902209,2.843068870954931,0
15.180237100642348,16.160064639245164,82.37002067594224,51.46857757607304,1213.114591449773,2.919480578457248,0
32.4655636992485,16.860952219089995,39.84069692799756,18.157762217754843,1561.1584276887857,1.624915017859626,0
44.25809665844068,15.0,59.29914900112364,66.80087970251425,1542.081461096251,18.087658069085734,1
35.25222879918269,2.643558762959853,52.238110518001136,20.467995660573244,992.1424831522073,1.3927783955176063,0
48.05240289606961,15.759998166759335,79.61590897895637,69.36452710363457,1045.7265435663162,12.790817911367949,1
20.49077636171925,33.30042562291424,36.770662259213395,58.037837917225524,941.0882665733805,3.210665559182688,0
47.147686081242625,121.75049920298758,228.9274819725269,72.96421838320325,1584.2278535016437,60.0,1
23.40703312789355,8.362216279824167,68.58609556186883,33.85836283684209,838.792857308412,2.3728032486376684,0
50.982097317232615,15.733499655826387,66.10308496433471,47.1272389025796,1556.2425334354048,60.0,1
26.215252822553257,28.121103370907033,107.29851833023469,24.251947837170256,1341.7453024960394,1.5123913607132897,0
29.172906590492666,1.3158301263288814,14.837915773763562,25.354985789954455,1611.7715549712493,0.34326804198967453,0
17.544047248115106,19.89594652801719,42.49149507572004,17.45683373868662,709.13696576205,2.68387512998386,0
7.791365925711952,10.76955246545256,33.806348185350544,25.69703546288517,1191.1940817375437,0.6004796557827713,0
15.678680633183657,2.565704324720289,31.019577881275865,78.2933926620324,976.5357501199262,0.8427235624646466,0
30.956635198952092,15.0,449.21575240539096,93.95805861699239,1657.8906706993635,45.14750412517776,1
18.638316205750066,18.7801255864092,42.48689943533343,32.343194395262906,1018.46499391506,2.2305987377157583,0
48.98644522733799,15.0,95.33427003601047,89.92352257566377,1636.3399743597163,2.8327312175530492,1
29.827218215781766,11.415624654817387,25.965024652484303,24.51662248095906,822.5815890900519,5.330844554482069,0
24.94906749825032,17.234194056997634,31.76423492497088,45.03674268875088,1340.8346345905256,1.2936076932620746,0
36.74565542028894,230.83933717599055,390.2211309253819,54.51477516968048,1609.4985634281416,2.0,1
38.53997692004441,28.727935727093566,159.6863570238326,72.84787267763093,1751.3650804802965,7.033153097888438,1
60.94181905618176,187.28455642416222,217.28455642416222,93.89460827404366,1443.1847464715534,30.427924410070585,1
30.15332342956183,13.616794093891505,139.25687523575291,19.438545495713182,1952.2688066730925,6.0,0
34.34244828675588,0.3924098522787619,22.37887841567322,48.5907530174676,564.0755423456519,0.7205579002492773,0
9.149765202209899,6.384523855037912,33.71018103455984,36.22953350707952,361.35726782258837,3.501975694239039,0
29.654480954321908,39.80345591227551,96.19681555950989,20.70244406220148,468.2064911902457,0.345459711459749,0
13.747015792294711,7.180428198382559,74.9356172817484,52.320725403710746,1154.2059464658948,0.8504023903960247,0
35.47773333000855,18.315332282240924,187.35384324427707,81.69685433897764,942.0459900111416,16.971506788423113,1
37.94176347169434,15.0,135.16512858425872,50.8464262967472,942.6464176063822,39.11898640350678,1
34.11508590826725,17.873892525483615,49.33151221125827,57.9145959205846,727.7926690155668,4.503081586061486,1
45.37648936010105,68.67922772503914,101.27664605811741,32.34861812917045,1400.4677175743439,39.49138065727076,1
31.026171487580907,0.4203266942993407,12.329544176811892,31.713087899054678,1516.7060389897924,0.34557022181250935,0
66.91579875809006,15.0,45.0,90.0832770439252,1680.5926532483113,2.0,1
21.086221973848037,3.1323635868110062,10.874528474262387,19.592748436865506,1479.0129603018427,6.0,0
51.33532634868663,99.56227869072058,154.3763814033654,74.22718957731608,1417.2070337973994,5.542562275216979,1
24.561122053870534,11.807869089912245,38.39603194010846,38.394355566274946,689.6325321935907,3.700478149896126,0
46.57327668183121,25.2064709041985,119.36220283129376,81.82491277832371,434.6345934694506,14.823164916916584,1
5.0,0.008160721779410742,19.749821904415565,22.642973663556866,200.0,0.6874494774128884,0
12.497377062127711,7.411517473765258,15.865999121939293,36.13403008505275,413.69137582614286,3.483063055581083,0
30.260087163486183,5.662463113783798,10.046554754824005,29.04724506264728,1702.258178108235,3.0406704083096154,0
52.64641107173783,15.0,116.55331754225676,78.52638401236739,1339.1151304235325,2.0,1
23.95298436952487,17.240793342085645,17.942617038480222,30.776730668826502,662.1142299377393,1.1037551177544804,0
9.655047627700808,13.873741502647112,80.79068658102437,23.250855634867694,850.581662972949,0.037578889349108156,0
19.66322110494582,12.105309886908874,128.3568717234526,26.473341195988077,760.5324420211377,0.9296835593148115,0
6.913685589766104,18.7734928722448,48.04625028027017,34.219459863748504,1368.6195127918604,3.8987071472473525,0
29.754502782235136,16.74563293914924,46.74563293914924,76.9857070299866,2073.690710638028,59.238268984144604,1
20.48402802422906,13.4969388439272,25.82019492290803,27.332172386268887,778.0544822401259,0.6391890357514398,0
47.90238755595048,155.49839970045215,424.7551375050198,73.02979206631821,732.070797814478,16.085094753676582,1
43.83765760582494,46.74999432842339,76.74999432842338,86.32231686221702,1083.5220376615712,31.895541509974503,1
45.526354578973724,258.5121796195093,294.4202453596328,81.84129549949456,2198.1648322875367,20.076679834133827,1
18.189178659921357,13.06783662726797,31.48376870085214,37.87079012564756,836.9535972417485,5.180857953553644,0
28.180640414430606,2.3413975623894157,25.998172593661707,17.01238280320685,1647.3607310256234,3.733120299424008,0
20.319319869914388,40.714077943466194,84.66141564916174,76.9921140037704,1063.877983185232,2.490740522979585,0
5.0,12.02898369297651,17.822199979479542,48.52249173485009,785.4335145073146,0.6875106910909254,0
49.03389232757919,95.37812355960284,221.13004454920295,77.54706180929658,1537.0475459783484,50.49338570758647,1
20.984286994674555,23.75262853829126,35.302351261582444,36.77401764278019,295.94931053588914,0.6664322647543492,0
17.742920695940875,59.71820734276091,94.53162904732395,45.75689993570849,1635.8863784759637,3.13678338206447,0
17.800674312469365,4.181924633926829,12.244087489041114,30.958779719773617,1628.7059167380787,0.9348548894824996,0
66.22224593722815,67.65270938907253,158.9997786875477,76.18646996146899,1843.6712040114526,20.515157898151003,1
15.534747759808328,22.855063648863478,138.1968636449115,16.353955087397836,890.6931121817854,0.6021726158682493,0
24.82911052430006,35.44949238779246,86.24213675258105,43.05775562081123,1150.148457060612,0.30034662384386285,0
20.916673363713883,29.937963102396758,37.0883628432708,36.81745573128379,1062.601381083606,3.9931757976023796,0
35.38727596435723,114.53195904969947,235.18943490661815,94.46025726280632,789.7097412667341,2.0,1
26.03963374761072,12.231359651186173,80.06924713152294,46.44591161817323,918.1360270641514,1.0384417308886615,0
24.32298171717923,8.189527293578626,67.82885151530347,43.58726194428406,666.6461623416991,1.88902955708576,0
19.36152941693661,2.0477448154664506,9.308102797156899,69.1423443696079,1479.680050496651,3.705940972109896,0
59.25991929990766,126.6735728772638,171.96906727720292,96.79800854464705,1802.1857051889533,2.0,1
45.03977330445429,15.0,52.26734668252937,70.47721506540985,1947.674455459568,12.941806789702252,1
16.275357540464153,25.64113112592362,40.946541066493594,22.25101513096651,1555.0466134943872,1.1895084273251402,0
19.523763639979858,9.199020933576366,79.28528619302952,30.219756414916667,1122.2593334650512,0.046516446793210625,0
29.494773901301695,5.700418641850095,65.5128330296747,31.68259210070099,649.8704651410712,0.7192500305409544,0
35.82578591323251,300.0,330.0,72.95101454183812,1937.8164659071222,13.075430660541745,1
35.72176567535817,2.9981563435364746,4.12720925504832,51.20569372037459,709.1509359169238,2.420046244344176,0
50.64238397219174,15.0,45.0,74.83633463322086,910.3483847740544,2.868594541349669,1
18.000553702357557,38.74831046834857,44.668509020855204,30.04570121215822,2067.4613408631294,6.0,0
15.15581431693621,21.359220820405902,124.21409849367669,68.49491113797652,1106.1171976396572,0.19310058511120481,0
57.82296918333636,71.5891155372459,121.27462920992119,90.85662561111178,1228.9179841046016,2.4360870838715822,1
20.232935936606317,12.894886142889325,23.239595941933487,22.492443356101894,345.65936969361996,1.5993077555810897,0
37.9341781512823,2.900794862671126,39.83507894256107,55.92724472519542,1514.1904914512595,0.33042548345791983,0
32.73162426053434,11.721972200112475,42.42780885918222,53.268620443464506,1185.9877661128505,0.764099434314564,0
5.0,26.99928700975442,39.85866648327942,43.78659376175798,839.9821230838602,1.1761876700331872,0
29.439229216724115,8.174814305475818,75.8088322687156,53.30194167059954,739.4430277990259,0.7067204752070181,0
38.79709431555803,146.0658379119704,254.4290566517767,48.281123665982285,1766.828377991685,10.349978071057906,1
36.81402915590309,2.4394877517466482,8.83696957446203,36.18564190270103,1165.565667506194,3.1869425904853483,0
21.839569282236425,8.671794273974896,47.489600356181604,51.14058780017694,563.2734410907195,1.517374698587563,0
13.177624022163052,18.816521393711206,161.4983335814095,34.51397508533216,1003.7150269607585,0.0434762377251928,0
31.6455849787518,79.28006411760201,200.9313288392333,74.81458247155788,998.04565493105,2.0,1
16.303724114049864,2.428872224231716,9.018324723245302,27.13555077720327,1168.4422891786244,6.0,0
15.686138735481748,25.62793471443691,71.92324251969504,18.45850887444938,1003.4809729781041,1.0288004736315062,0
24.90113076414511,155.94579381371318,185.94579381371318,73.74083206231316,2114.621047243532,9.64263553256127,1
30.85482061236533,7.309869404703383,25.29123123153167,9.338080675932954,1753.9660916312334,1.3483500939527286,0
30.30189821248276,3.690909253301152,20.534202777489313,19.251411271757725,525.4162149356903,0.4423213889639435,0
12.282609824406808,37.89494909543832,57.177364296297796,39.848945303504046,1050.0931804989746,2.013315548186954,0
44.74902387784607,15.0,131.32676903815928,65.03465040727752,1339.0898792742842,28.084896774178127,1
24.97991098590583,3.8504091588428566,8.079106474361478,40.944883511683365,1000.2019858053889,2.966744553964843,0
13.011596195999978,7.661428790191479,32.4564779854136,30.99185981162687,1112.8621000739772,0.4052117974006736,0
47.30975314432781,35.946794009145,178.77429347022215,98.38446854447773,1165.5104200722183,4.212570896565319,1
16.60463638719258,12.07217720449686,44.61393302915369,69.7357645503383,898.0857651837167,6.0,0
13.604698185781528,11.465245112342236,41.45128239815651,68.08857116972973,1443.0315369630225,0.3888111900529934,0
15.25437994416917,0.9779883003700633,22.14793224862975,34.83840210290097,1686.0355365527953,4.06049982581071,0
26.95452664869278,61.574820001505884,75.15707230920059,66.77926739037389,1128.7165633037266,2.1501059652230907,0
13.560999140464277,0.49787353781808896,9.982484016626419,67.7768838636157,767.9847787530965,4.507296555230347,0
27.545454879296646,16.097170141789583,75.62738385758362,58.18459427642713,950.2435013233321,0.5498478935733462,0
11.421386149773857,51.594228327773614,127.13377502324323,26.366596335359034,611.4601924067093,6.0,0
20.56049781886535,0.3925113040240449,49.77457814971682,41.28306275978145,767.5293483256742,1.2357726492990602,0
12.233128305177411,9.905124843657635,23.23021800554133,67.65541034024872,592.9459542127561,1.3034927354263965,0
54.24926804353808,47.90830781611193,94.45403571335129,91.14197082820215,1328.3590820289412,9.995380097540938,1
49.7663007900697,61.986060113304006,91.986060113304,75.35945166767134,1223.6850352283445,34.95355144785015,1
23.69412455982268,1.1130602496625848,121.23190894796072,44.64878307224732,619.6414832291466,0.1137557926435703,0
21.5666525986177,58.12251840471954,71.6226434006602,17.760707024047225,633.9355775458309,2.157774899592805,0
16.08933059365493,7.44835023082781,103.64261508849923,53.92267908086347,200.0,0.5929768099337627,0
54.57372277273658,21.206953631596356,148.7666209324335,95.06984299776097,1311.3973192655549,7.066887160324821,1
17.76950683573014,5.764645485424898,35.257965007255876,41.430328531377526,956.8069883472738,0.3931227334366645,0
22.491917530676496,7.218377149374505,45.05693871135587,30.774409705959872,410.2174851994372,2.221267995620319,0
58.94437645170843,57.62870209282673,87.62870209282673,93.56011790434735,1526.4227233598012,34.339560085323974,1
33.95273862893248,6.32882290945538,58.77483628279328,16.635430166357743,1405.7323850903117,2.0748223513015662,0
37.90265446657631,62.6074143398747,96.42620628777217,75.62931905924717,1644.372306039532,3.8185788556189504,1
20.220486333339167,43.03149791085062,149.03727574355958,36.1106813022023,316.68751588687087,0.9443588682626761,0
20.689951694934585,6.6683017116707495,12.829907601004486,54.117002095573184,1778.2974407564318,2.3365417327875937,0
24.072470001405144,3.65142846125366,59.10890341449942,31.778503754665472,924.1603545474303,2.7760432156566837,0
38.47046011668713,53.5569022411928,98.98114924921424,83.28448517452493,1599.1853132750766,8.09107853238583,1
21.233113286415563,8.906648826187444,37.99341976364197,42.823400110958225,932.8854392765444,2.1029691679689604,0
13.113241012288015,14.68110604451661,72.0163344016399,54.230206444973085,1382.0687271230863,5.641609387731163,0
24.75069398102378,11.914676841343873,105.30454494702501,28.2121855551247,1236.9424046023107,1.584299779096013,0
16.235207558173713,6.695008307552491,20.846693812138355,17.753995419303422,494.24468148709923,1.8720650627568054,0
39.71823521906143,106.75323664596593,156.67022164659127,83.40295269192839,1182.0094123337026,16.799090656234004,1
30.17465897147862,26.33883701073156,56.33883701073156,73.777817793307,1404.759804524722,5.424603004748546,1
36.79495266002428,25.993059806633724,33.528375523048126,18.992741781096314,556.5177770082927,2.644291143725244,0
53.11126699640818,26.84503064157589,347.10203905295833,70.72416903552663,1356.1116870497647,2.0,1
24.92227364866404,30.477073746575368,42.171403085516644,33.8755280521464,947.6868427109362,4.0515725721061155,0
50.301376183496096,15.0,207.49906410500225,83.22082247372269,998.3659707608556,9.90624937629992,1
21.98641522522334,8.944060529644117,25.01373571779928,39.15854971349202,318.16078797395653,3.6477992093900604,0
20.49430408154121,1.7798456603469925,11.14601550844733,38.357478267846844,1440.3889946979396,0.9581674097860345,0
20.945144030909226,10.697186981857739,12.926292048030351,31.977999813619345,812.2821877500156,1.3775793611884453,0
15.470444894864105,6.3999512667792295,8.784353027605565,38.43453673883053,1274.125046765159,2.6799546694319454,0
21.00144275594738,0.4430977795670192,139.77342743404424,22.731237655988735,1071.0744896466833,3.787863180103229,0
37.10071984566551,2.3759887157048323,35.686580546862245,24.593806098206848,1199.1598182109665,0.7159175043799572,0
30.87729274264059,27.781913729915686,49.342555970579724,11.129268397018057,200.0,4.598199729475229,0
27.74768408135065,20.0394912248503,103.32468745139155,49.80933505920889,785.0931358616481,0.43043964878360164,0
16.65491619906493,4.16906930914024,22.736359154762987,39.86644745025545,1302.7827988701447,0.26655708656467675,0
48.140392092407765,58.81170029757987,228.0715284274566,61.03673800164311,1585.066420213863,28.264337128882275,1
30.706341941979407,46.46222996666001,98.48214375950911,23.573269729493234,883.7937164726627,2.4401465045950363,0
8.556152202977321,28.68434734553938,40.35592620504711,35.66990614681069,1238.391097757511,4.310186271031341,0
43.40810332206368,2.5715759566994723,32.13101831971277,54.158778943171356,1604.97219040669,0.7562812891537409,0
40.744688502954375,51.07212993173144,148.1658250304854,77.27390903004081,606.3029022935293,30.72846699994022,1
40.06526289864732,39.62588995936812,146.24142046496644,22.827578813237622,1337.8510858921322,1.3986755888676283,0
17.2160555952364,66.52965171604335,216.52965171604336,34.11781248942859,512.0075133735511,3.578875076613202,0
26.946545315827706,6.21713882125934,13.272281557759989,12.684720028484126,1403.3031349573785,0.05164372167106952,0
41.71794586860031,152.9414384652575,329.46597564549586,73.63101638949007,1585.7199652656566,42.570785108381756,1
30.899380900945193,19.504548790518648,57.94205661181536,52.16097297973082,475.57301370683865,0.2641056711669414,0
21.29076075324889,67.31129678063158,75.4717043706661,26.167809248445806,367.56796221483785,0.48681056745034146,0
24.19020907608372,4.187545169544774,16.343773614473456,24.667376388203813,1068.1877637787118,5.366305970178523,0
36.0555624143173,28.941130199838874,40.446648537019854,42.19267398175932,952.4768798634998,4.464749995843706,0
13.344617109041009,9.083567870359781,59.756867231463644,38.11940118745378,804.4688752463826,6.0,0
24.951462257074557,5.85135112301402,15.40101118411502,23.052460599443837,1456.459275314292,0.8021563247066708,0
33.177021239036584,2.566399347075942,5.544186462330959,38.107057739632424,403.1364441810398,1.5630600732727304,0
69.92558409327009,64.1539736099851,352.7116026864147,90.46533472370136,1325.1169205251701,24.095257324427845,1
28.31514071662284,14.226443488249755,99.11877202473144,37.86005468022178,1795.3074815866662,0.9868748122597003,0
5.0,28.08699712565627,29.294844274657258,12.03487180633215,940.3605247987668,4.312747808534761,0
46.20932954824475,300.0,388.6935644929159,73.10844114573067,1780.1217172389995,2.3824840930041242,1
21.594047503138356,5.355909433165209,112.02752568458233,24.11115285782359,1932.6466293307592,0.6489286641204902,0
22.490929098426587,1.393645626155733,44.68763922277887,41.880968270267786,2036.9925779737762,0.3693952712463356,0
42.556052939590145,75.02263287540723,402.91137858246736,92.77286773448351,1949.3795331363362,3.8562778009775647,1
15.68460678675626,9.317393011569234,55.454828554523814,56.79736877185786,1408.472754643937,1.6154911639817418,0
42.490532408362576,17.317777188935814,67.96049436052127,89.56127833228638,1386.4026664951236,9.719023854248869,1
33.58877417146512,53.895594333007914,83.89559433300792,82.28643852203572,545.8447767341131,9.356083190097149,1
49.94179491895733,120.5446866111453,333.56955046260293,67.39978609603257,510.01385719844507,2.0,1
28.993583007569626,1.269951917269838,18.795647991288565,43.502014619819576,200.0,3.3008606900623705,0
15.00014930685363,30.322980683974286,63.888644488001844,63.49008817657962,1951.930154541757,2.849389482503165,0
46.7483134924676,15.0,137.35328490400195,88.46066227648505,1448.914704566093,4.207027941233768,1
21.016121822357256,30.31962598142869,51.36218722354898,41.051229502245015,402.56818087743335,2.7654423051956987,0
53.9971467217528,137.64067960756353,308.7902976140572,75.1334273656034,1279.9924795440393,2.6021481080944846,1
45.51006947501603,71.98020935154186,101.98020935154186,51.3829583351595,1784.117279598885,40.53213805019992,1
21.383249352077257,9.34461924878458,36.63808493273865,43.27853847474322,394.7733374529358,6.0,0
21.564663673503688,4.571129215320223,8.150812144971468,38.57328266100058,907.2402582400167,1.2037796203771518,0
13.563267658042362,4.622516492531364,21.398575501840863,16.440076929521922,331.25951177389845,1.4251472746620093,0
13.425779057774719,0.611008890971329,12.151122854905234,26.21375279180473,1528.0878468602673,6.0,0
45.94449911719036,71.34475006634334,186.92135833849943,80.79388262372701,2315.2839145685653,12.557088298497622,1
40.450881769125246,15.0,166.70765947629928,99.27335632212737,1136.9668956598948,27.269948711751642,1
5.815934988034343,17.62650757240823,45.31565745842066,57.88638780035753,756.6183556298206,3.541075651819047,0
21.04727029726581,20.839662162215927,25.560193977566534,25.747348438809166,655.3974768896582,4.642630514530845,0
24.070337463782604,54.59237927658149,94.55078658083505,28.075582591292342,411.0487178905442,6.0,0
25.278343054535537,98.00462961924099,223.53363814233575,79.7244920466345,1659.7834413353885,26.828730388814837,1
9.106560960588428,5.213967302407206,29.23390208533312,23.660972485328948,995.2432850476146,6.0,0
54.106363149101476,78.79159999277873,225.56403200189777,87.0807838657086,1465.3273139967384,56.17071696168604,1
17.816923736893244,5.05858711877577,22.49114545289776,28.056800798379218,1484.2738370587658,1.5393637776967095,0
37.69304243446472,0.29324643132624495,21.13640408622056,67.01988472923132,1463.6409034864348,0.6538946067678594,0
27.44342841818755,7.660650956696755,44.855104344867655,39.99508012707833,1125.1951561390426,0.0719295243697464,0
47.20509037452085,161.72467711410462,229.95505813128415,84.21241191660462,793.3174741167743,2.0,1
26.47367692041456,25.33366264262436,91.4406890546311,23.294490787682193,619.6425476383208,3.1921347242279334,0
40.678471070915194,126.5380363363105,156.53803633631048,71.65103327895206,1187.6331891262653,29.34136144603883,1
26.57040564750279,12.427829101302047,54.69824191450995,41.301636696157715,595.6282485489003,0.9964385042146988,0
34.5669998089279,58.11899105632015,88.11899105632014,56.572215345579025,1673.2546642132193,20.43057603406156,1
15.524749136283456,49.01266787841813,111.06210850877773,19.43429456888236,606.1432977830874,0.8807660504769788,0
46.39531618332309,15.0,53.757935759872716,62.720806331793625,1562.8225363298957,5.616229457690588,1
29.64009509014413,13.512062450220196,79.34623792541329,47.09056590287704,200.0,0.8268457412292871,0
37.49348061767854,17.210595240766395,55.29329725404274,62.043495403351926,772.1217215499499,0.1050630263389664,0
19.78126194486617,15.4977384404279,31.385899913118468,34.50004818090103,1020.634992581281,0.10585698503296319,0
58.01611538140514,18.29092879302215,165.75779520926713,93.73572548563097,1313.4998368244387,3.418335635494085,1
12.75985170935594,0.47512292137981593,65.59247942009404,34.77324675548571,1197.385074127566,1.0837490672185723,0
36.892958488635976,1.489392170743232,36.44078264717185,59.63032267768603,1536.1678250823397,0.3875374885245663,0
15.333918469791104,51.93743070965212,63.04577986017702,68.42210664583442,1708.6361811825316,0.7381668860771757,0
19.350026894677516,1.2651000800774808,12.709187591001168,35.76376917691247,887.7525482019677,2.9488977201584237,0
38.0901136733408,15.0,49.42196796355872,85.15351866633814,1282.0848379243048,26.572728088422444,1
24.357246963734333,0.5389645905886076,6.431711138530802,50.664288322228735,1334.5162243366356,1.726957035882811,0
38.87696354218242,4.951608921826784,44.08704698677683,81.75247339964187,1255.56331625154,0.252431290089742,0
58.285588934336204,133.06385058294583,167.88051335141836,72.46989606766631,1528.650418489784,13.573582504444524,1
17.882250953850587,7.664690440388216,34.405619342204766,26.194366417294013,493.4537018188551,1.6997558296303295,0
39.24046833412696,3.920187829328119,30.991360409708538,18.643696084839224,1340.324453237021,5.341024483560911,0
27.92906487102189,30.531377341989938,51.792071168217845,49.362905476328805,1453.5846990833345,0.5173159685678562,0
30.04530791224845,7.030172760007352,11.289716058479982,32.38736490517569,798.8593574962338,0.20922713672017845,0
10.528831716059068,57.5929355830607,132.04073949396448,68.62098363096985,1540.8312262748982,2.218658253707974,0
17.78103274758736,5.215938566996561,49.37114521550165,23.938189301194424,1187.710256596185,0.39688640907218753,0
57.16336009011279,109.40514551108086,197.49122566874422,84.77097335238705,1237.8837053254529,9.526596827236837,1
19.516740015550724,53.530590212251525,134.2587435602984,37.96367683453142,523.6366925854703,0.28785722253464113,0
23.004350583216343,18.057922229185998,21.825585761383977,19.251084660558917,1159.976501667048,2.7961040720598467,0
16.140282165495574,52.381349756380445,97.13010615682501,37.65643695703564,907.6872212606285,2.4780942314195347,0
33.960509150752046,22.32197833226872,38.49790963568637,6.470199579554471,882.2361133942302,0.7251585435594576,0
38.094350577478565,134.12390063309482,534.255190559481,77.05441230026634,675.3815718456955,4.60311325936034,1
40.086915512836114,81.28816912009167,111.28816912009167,84.00880504548657,714.6851655808309,12.227461380359781,1
32.778072579783725,3.92352171987651,84.74409490448814,23.26451140317626,1520.6660102591318,0.5720359461742501,0
5.0,1.0370972031501928,35.32316303000799,27.1433194153383,1271.4824267114195,3.4964809438866995,0
27.86891329672263,1.7861357030971787,65.44080107499876,52.253203885883096,1430.6408500385426,5.260754583957896,0
31.74429221405331,66.40884983700904,96.40884983700904,73.18026650800384,1429.2109683373412,11.993682954474904,1
29.548109617190853,3.699942982887209,4.744678784561286,44.77224557556379,1144.671259191692,0.9940389669077361,0
32.66049139422461,8.077770276919697,59.21294394120274,11.88881161931935,1445.5118116078997,0.41385506513893583,0
41.32917927457331,15.0,97.12932607418327,96.8806166961429,1506.0886905514362,2.0,1
26.27707858897503,5.091862613387671,14.0830623693817,51.00173498156474,1525.0676632321079,2.8494766291714577,0
16.05331527507288,10.575920698136267,12.15973112768793,43.42389312190153,382.20635822108204,1.9191776424122462,0
20.914226945383888,9.820652649323238,11.842983035303803,4.443734817452506,1179.6314409082584,0.8616351114893782,0
43.91864372933261,69.45812251005107,99.45812251005107,85.64176327769637,1100.7605159191796,43.53911768474116,1
31.811009653091084,31.024568383019503,86.62695150221163,66.00154826846456,200.0,0.5227184422781711,0
24.586753582543622,3.5594028956640797,43.78558199900306,30.011793379419665,667.7728489663899,3.278981459510481,0
20.864621710090137,1.256525168382909,26.80663235006331,15.23510360458895,1537.789209296924,3.366360861082022,0
28.435816427779123,52.871609935845726,80.33542469489511,45.082237565624354,718.5813025265778,0.04442988785451109,0
5.0,46.198552563959105,102.40030658550123,62.62959350760558,1666.2749233012419,2.420472201619042,0
26.420179048361813,19.86880229073935,49.844387849248264,40.45821406366822,891.1091912605988,2.008941091329782,0
27.58260710439308,6.025323720185999,77.83018689409276,16.107717109106638,282.3152914132146,0.08062892698171818,0
54.3011678222799,208.98483529931292,455.2652737353717,61.99695896193751,1055.8567791297,2.9680064067587324,1
51.99247106140759,15.0,82.71190116689186,73.74707999913016,1136.91359191201,53.876607933431735,1
32.41394817517691,4.058955721913331,35.69496749509085,30.307925601747243,373.6271133167485,0.5094413995860986,0
26.90392367997452,1.2237507961239085,6.29783783793887,54.4413922783644,1402.1163838212321,0.9050303795603725,0
8.186722512846966,11.421940801745457,39.9157390639366,23.708475622359668,751.3400090408633,0.9241469868989481,0
24.415852912173758,19.52425032998622,46.11204849995626,13.075194030271032,882.3918773032098,0.19139300186942745,0
33.56174503845198,59.292257902052256,65.89318979907694,27.967502683179298,677.3480332086234,3.4554373106562366,0
11.955929614179741,31.955451261272913,104.21880475075412,47.90895892223561,1355.400289704711,0.9504477461571476,0
6.458912455451701,40.07329872007031,40.073823953189816,27.416417748317034,870.6447416028291,5.533783974204468,0
47.0134525931275,53.46109391034182,83.46109391034182,78.29884370875187,1477.9616377516654,20.886457930985493,1
40.53414312159877,52.88721181500293,82.88721181500293,84.93334992929795,1772.9370887515076,11.849885409891442,1
18.096908727848458,0.26998679139621834,12.427243200454082,25.650848329150943,1410.612464789508,1.0156575920339381,0
35.88406076773883,27.72748344856999,71.31330715012095,75.7278156634824,515.723370512334,1.782056350202261,0
21.079103470115907,20.313715339197504,48.55366264007991,21.919980001479527,612.6189609738437,0.07858683810298711,0
26.57694771009249,23.113583397308574,31.26077374767119,34.27058007501139,767.2548145054338,2.2167486475960834,0
12.267378945641463,10.17011754898896,35.8386921084058,44.75779291273788,536.5121731546981,0.16714688002167455,0
43.79432264410285,97.33962243247211,238.2524780879902,73.69083638121464,1449.1408561018118,48.164806630312356,1
20.811629321262405,22.69143620891797,31.204536650173736,3.825388740910076,1220.79191114355,0.28363657665798153,0
23.901050059945526,4.71883265672303,31.195576479063956,25.351965237814138,1032.9493483244978,0.10753523964794218,0
36.25815079274714,15.0,195.65530000740367,74.71683464281487,1258.9819955157523,13.505032379481994,1
29.439445422128554,15.002116792655457,16.518225655339076,21.404737271539048,799.8657131744335,2.3735059428352616,0
22.787592054743595,45.243923424320634,120.2350732758116,16.636137419883234,961.9689292291363,1.8652132918372766,0
48.50104587266928,15.0,45.0,81.45307137916586,1016.9560836555681,45.51601118097576,1
51.05255157094582,35.24999122505711,86.30253731936327,80.53544276811454,1000.0366416242945,8.909800113327075,1
28.52062444641068,48.782751529085665,162.0517007975006,95.34957219137273,1235.3316945191639,17.16951312422903,1
31.33276331658847,0.6766601743561712,7.701281082044381,18.65920637174447,1036.211471948525,4.528497569101368,0
21.672634361551342,15.026584639425096,33.66920852211108,24.21245476628411,561.7011973659357,2.0696137135963157,0
27.569469189451937,17.79053951288521,27.371682641508027,66.63862489114453,886.244904716538,0.9719509247449896,0
35.56749203625912,17.097043723404706,58.60830980067348,36.29357432046142,1081.067590058012,2.643751305949166,0
32.19650855504005,25.347012272503292,171.4473346757114,16.754356722079372,1644.2651093177265,1.268008201337998,0
22.70022347737494,4.2807086237556495,40.882940301462654,43.83843532932875,809.1788597695343,4.05053202600384,0
32.436330185861664,13.673438394909883,25.25937820000611,34.75531405944577,1376.5229433919621,2.0298892599486362,0
23.603481978915312,32.529409865343126,50.716145091465535,63.40723862974331,1280.1744482301183,1.0565350532921292,0
26.62826011634357,51.24204182797927,100.48366928412553,46.1778492155205,617.7812911480551,0.37456743617673566,0
43.3222619440247,118.90146710626713,217.90529172667127,65.01172265776736,1078.1238383088476,12.33231641903666,1
26.2130890051666,6.546553937666964,78.85381132281205,27.472822682463992,200.0,0.8375639110329328,0
15.23301512989389,29.20713509673485,57.7852106019969,16.39738841208724,1024.2246074329648,1.3392958598177058,0
5.0,2.2415412836924506,57.97540813042922,46.20748327045333,290.88593981423753,2.377607699334815,0
24.06277743203307,12.21896060689214,28.140809367485012,34.55238734518103,1262.2524794288063,0.7282801480878772,0
21.277930774814646,21.509858288470294,28.47563752989471,54.62571779648378,905.5512401281126,1.3633673990822224,0
16.706631755945516,23.52958941633027,25.431172259489017,36.6009005721928,1085.5051149505437,0.48717848190497637,0
43.616491373789806,18.600883192898007,217.32658215036298,83.93192129458134,1406.0245547769355,2.0,1
19.73214770065045,8.377979928854145,47.69505288721801,58.591456724833755,200.0,2.3070548014928867,0
22.731395946475143,46.43401468875965,133.77335887771858,20.922699757859828,367.54339305223357,0.7142021126486231,0
41.058760660446914,51.65375971448746,284.66269647204695,88.3999006608225,1923.6110345423,4.513172864825516,1
38.92128908822727,1.0750687635445402,6.814310800022433,47.96268167151834,762.2440238369003,0.19916481981908474,0
30.49666732473787,14.233637265191112,20.148988521771876,18.784564959090968,797.8476116482208,0.18609062365909268,0
47.9771577949624,15.0,66.6143764206634,90.06533898883536,1876.3443034994104,8.458639741674755,1
7.871874011824644,11.618804947198523,52.39836441990934,53.63735468978772,1481.1440253260732,0.7659191680105037,0
31.183610634383427,4.976451753637816,37.124870773287135,59.56431796775077,510.3594732838372,0.39956585435100106,0
26.72194457226211,12.791587740935089,21.207950976107963,56.02505260724588,292.04570433270897,5.038988669448039,0
36.94052517612114,122.7207385564973,337.73504508346855,56.346235778983875,1600.539014417754,6.899771400422579,1
29.21727463736266,12.82796108151202,75.90941393111623,43.38338974299888,1076.3523405812273,3.3738031102941584,0
27.49037106587484,1.3276354370318304,10.104952833766017,7.81457065981572,319.80848831118715,2.779621055082347,0
42.23863809288481,25.280305431105077,71.42534021443728,52.10413159564664,1323.8320353456822,4.717454911010237,0
47.54513525624258,15.0,45.0,83.0469733019175,1342.7078226268948,47.86606741374687,1
35.872886512961216,40.741519137995056,78.08616997116346,10.792770772871583,511.4535027492858,0.9310328956239275,0
50.39808971604701,100.67141805380996,130.67141805380996,88.90477076892226,1604.0639015798508,4.748737097463918,1
29.679992313186048,78.15434531165653,115.92730831267127,53.09254702285075,2132.4380982056373,7.435521864668095,1
24.32312733870892,11.216393404654152,37.341090309504764,53.82844181202685,1213.2090299476063,0.5116338219330051,0
20.481504647397628,18.08823507469998,78.58838219007218,67.64256293177107,1304.7671328978304,0.19895780460081744,0
21.030883540291676,1.1770312508233753,93.15345841330813,35.55481444473862,505.6782798642302,0.41685904308884464,0
37.87255940296003,15.0,188.62936497812257,69.78520967839363,845.9799960820462,3.32013851862075,1
20.079405443384903,1.9719201670340205,56.09752973033026,27.845331640835834,1651.719923511665,1.0486339450995164,0
22.373979229779714,32.63111402146913,68.39500679956816,56.95214396204573,1102.3839031176446,1.4149849939933414,0
50.34417607081296,15.0,45.0,74.40683988324062,1441.5783671444337,7.463284716019263,1
24.32409441227602,26.556457650992545,58.255620594171674,53.00100176848286,455.71649619343174,6.0,0
26.064907236184283,23.41188935936923,65.1942011641887,18.658380989003003,353.5964219394705,1.7965975856658212,0
41.342894714457536,15.0,56.6301169553435,96.18819194333904,2367.085309717685,9.485626610697006,1
57.00105953861913,15.0,45.0,89.55587925637046,842.9023478496185,30.1726570247851,1
29.994630086247838,12.968486792455987,75.52305845334435,56.27626027724345,200.0,2.776774200313338,0
17.172142781847608,3.786768575427497,30.573113048169773,30.014724930065007,1014.7745755141146,1.461277555208497,0
14.094924040426768,4.107926539974882,5.687897985312257,41.98441752283354,1039.4683677616752,3.2327387265856964,0
25.316304680466146,29.90842134308199,60.20245220247084,56.82034957860858,457.8116615196851,3.3842339295417396,0
24.462383539711354,18.7135176157712,29.06595778560434,42.11528947044013,310.7232526133213,2.1699939588993034,0
21.96089287216218,95.89580443390474,335.0085539528081,66.49222277099987,885.1238382926371,40.220016726932165,1
24.18007436613976,18.06378049716146,40.295942091047635,37.36629690207658,1315.6384832917533,1.2811118449564116,0
30.831992671125484,18.095499139850087,37.45750113567832,52.668667373211164,1301.291788816186,0.18945346893388865,0
7.205021352280639,34.78513355994491,35.22006248754674,53.409875540846926,1553.0703719348287,1.6718959039230767,0
32.390447988760265,1.4470743822818857,151.4470743822819,38.413847944793304,451.88139692879844,2.8188567750372737,0
45.87730990112739,166.73476233771376,196.73476233771376,86.76792496082032,845.5359873793752,7.365314773925897,1
22.536261925486198,21.96316393603952,76.81432475838004,36.193492225281865,604.9192491453039,0.941542208436843,0
32.246851434465846,10.762599410160155,12.360561287962962,34.95253557218048,1053.2626263843576,2.020045902480732,0
44.4289303050906,15.0,119.09553559248674,69.85817659875978,300.0,2.0,1
22.87569461621095,29.048279073334324,132.95969937316207,6.9516461088953445,1199.4116063282393,1.0920058975546536,0
11.369752343987567,33.18931420952435,48.52888925594955,18.664990472256655,200.0,1.1204848776231455,0
18.893611507558823,8.017696636534621,115.61547899925574,52.609133099328076,633.3952835954285,0.8907354673386044,0
27.221548520195288,0.22360325436349127,13.086592843496879,18.461073881026206,1627.5465388888451,3.3923394913071627,0
31.1379852393852,13.991042807722893,24.976794303712552,18.712022773923508,949.6357007036415,0.7088749699944717,0
23.571804629560052,15.603857704434336,32.29567443581473,41.697399958359284,200.0,4.866939341043208,0
41.76391828381133,15.0,45.0,87.7891117885456,1789.9454713814666,9.901562346505706,1
14.61226460788856,25.722543288207465,27.664316702155237,34.63715545490464,1180.7621049304428,1.792129058251645,0
22.82602835648304,1.012333652126767,7.156018800051151,49.421728619646416,690.863936438407,3.9529648311376615,0
18.075106061834674,8.908524691165255,9.995512756464258,37.118428052709376,1193.564363314644,1.1615360396843226,0
16.742998071634265,2.8492879532872126,18.197308418101468,63.385577838132654,849.232427978394,1.931488158489883,0
65.14276996725087,17.309323805590914,274.3764073450301,89.61617997401912,1153.523751806951,2.4514789185437147,1
30.385714009976837,0.9498529417890231,37.99865434676405,51.22307006273077,721.2075923767143,1.5711250041294178,0
30.972341958739072,16.905562403187403,35.85857855241969,6.094248107038366,1054.7649275242784,1.6481898454147936,0
35.66999947417477,15.317568646422671,26.07538468072599,55.86892848979742,926.5506774198554,0.18918034364560934,0
34.71489664881261,16.432418672150227,106.9521604098822,54.55654115025344,1175.402285699531,0.16351275699998108,0
19.525586242251105,12.657739999829328,35.502541759171656,42.318032777024214,872.6756528043027,1.0986684247819674,0
21.34091182939386,4.580133153132104,25.135249130806642,50.343792615748114,1130.3031260944033,0.4691628574136298,0
42.838149634336744,78.27059728735112,145.83597157562394,95.49709108567993,1066.1929002654401,2.5149223501753446,1
5.0,20.188747989745085,52.94831128847396,20.726952681669367,628.0910381027508,0.7694773835332893,0
34.59171357743586,6.07674875751128,11.248053206580149,51.10853092580862,757.2347767961768,1.5116927826772395,0
13.608497237094491,3.017004008119281,40.33181264966656,26.92688204522073,972.6852385632739,0.45742838388218404,0
12.832629716106599,35.43299382932703,96.17359708194718,29.388386615388207,845.8619434453054,4.512591300538317,0
50.437152913035476,100.22534129393213,130.22534129393213,83.18459343175444,1618.9036661925347,11.17629795556031,1
20.21526446098226,0.08738616153268713,85.83906132142299,38.022378728016676,938.6878593191162,6.0,0
44.63209614815096,300.0,354.66551341583283,96.60188373214216,1712.7258821700566,2.0,1
18.816210539886132,1.1248854152880636,120.71559456586449,25.37808923704712,854.7228703074406,1.0441699577082377,0
24.386540986550255,31.858465989153572,80.24324941954569,17.717739338369668,200.0,0.1816354814266239,0
21.13816991490536,14.403862002130001,46.95951422559851,66.78105059996581,873.9762147624731,0.2756718596396976,0
49.44967434069406,15.762431213714653,48.56103563434765,71.78859724153818,660.2551789510295,4.471593257183068,1
18.133979949799624,7.943903754614455,79.1266439565256,33.83918399114628,1967.217362558517,0.3958908629401253,0
50.094052859459936,105.32955176901697,303.47151415101644,87.50078141878103,1323.6641382784821,7.600079022868415,1
40.09404432593779,29.820445052095373,37.653918065200315,61.38430080548288,470.0159244993801,1.1990004372676555,0
15.078274640753353,2.5008677014682994,3.77787541473089,33.906726132337795,1574.7880722660616,0.09192754345535406,0
26.80071054215803,15.0,123.3067474955346,80.10559567390943,1524.505596651341,38.894846223422974,1
54.08380352986272,15.0,102.93645222009872,89.76996954091689,1582.0686496978847,33.24820001914797,1
30.192198176144394,3.5423293629548107,38.66273692999442,31.149251922882037,572.3005002425109,6.0,0
17.344203231167107,7.387370953330058,83.66374318794315,45.04329298307487,1193.8738565191354,0.04947750534059285,0
22.454572363967777,29.971463831159625,60.82083669964308,51.17412705370867,1320.3885297329975,5.379999194460961,0
23.974314261569198,5.403973564676378,81.16105890087628,28.524006182121525,489.4603239227364,6.0,0
38.14775694927694,15.407758631124478,18.21881092575544,65.03194966761339,408.9037466933458,0.8817115164625448,0
42.48794281502237,19.72435459035494,329.6372367075052,84.59776099585174,1883.2425620597364,16.814056587313654,1
58.99845243985589,28.506139908943066,272.31381405159095,80.00791413747078,1741.145791287542,17.994682011944615,1
35.613221318950565,88.14594599120062,341.56834722280706,77.45560082157374,2487.423744242868,17.779659934129985,1
24.929127322547487,16.4248007409906,28.07808846631374,32.623755319969554,457.9509913607538,1.5282422056180418,0
19.963547268170824,11.907856910150775,17.163095254979808,37.6316075411472,1002.7287749464409,0.11368876100605987,0
37.56284857890604,82.15918674688835,288.94793320230644,88.41567329082926,605.3839864868919,2.0,1
39.60454688198007,19.69660018414656,122.69808110480894,59.21616111573018,757.1446042284286,20.39227144147126,1
24.691729256342683,10.417233899151649,97.40413056083389,22.414948545037735,1116.2153226953808,4.636724885842944,0
21.81310489562748,18.629147181602768,20.917274892070754,23.934024517691256,949.7403416053891,3.474844438684456,0
5.663699275807488,19.603590362114687,31.79538229648297,33.33274371103279,860.5385997445254,0.9432135870642061,0
7.894609485396339,31.562484191841936,92.84251657745521,8.67575868589193,212.7567566529109,2.2350942997542202,0
23.008166203986747,24.846803142490963,51.791961873855705,10.73732489846758,1116.3134881832227,0.434715848572442,0
37.70475920521539,37.280304476572,202.85759473332945,93.76583742969353,1277.1243614706525,48.783553768471094,1
46.10331368925003,112.84466917062959,194.967179184354,91.43796511543559,1620.3052881166564,2.0,1
8.347518148699386,22.528534222537807,93.83823706157673,27.565718189079707,525.1980724552154,2.4602965311843294,0
53.92650090532163,36.71787741460113,76.85369799163013,73.28825558290958,878.8164784531962,15.527886743628763,1
23.474775963287545,2.3450432201701585,29.667279483642563,13.79736838233711,1117.8549407889523,0.3898444343079428,0
20.432027811704994,4.505079120634415,27.816241798202334,16.05368500689283,1549.5506381024004,1.629543003982398,0
11.468812667964926,41.62526703319244,53.47231894703147,27.26603953555024,478.4308150402434,0.8695911070381109,0
15.485034173513942,1.3102497358097456,12.723373981965599,32.59411250350969,1220.886529881369,0.08177643212833564,0
51.364816283877396,15.0,190.23971493009026,67.70188474888134,1383.2363309832826,2.0,1
24.459425343680138,28.07914031306637,76.67903608579698,58.88599390046966,200.0,4.379922466392624,0
6.235650920740602,18.239020634870197,145.2748970566795,26.228180822004592,892.105929965225,0.6226269311468642,0
33.54537091252054,55.19648228406542,114.89212235772428,37.32155709027863,691.771553873832,1.3284238734237297,0
18.083372785241732,7.221732655404662,34.532833230454536,51.80808795264539,896.5684125994298,0.015307005235481981,0
35.77464393354832,246.19235058053118,464.15693027670557,92.03768726662976,1047.249213777728,19.037008378694185,1
12.552156658296825,1.414852297443185,9.169159043131739,40.74598600545791,1126.987592089884,0.9251259870263501,0
27.260062296788032,4.929035515995307,63.26263661845697,17.6369624645648,400.28998480937724,0.5662746203988436,0
47.140710979844826,175.74415407282348,229.66832676025444,92.37620200355528,1422.731712114973,8.069535830398502,1
49.35868541867188,93.67227916035228,123.67227916035228,96.28552322149665,1312.7793424332945,8.011653286128741,1
32.259195858679064,5.130330761061179,155.13033076106117,33.162114392106034,693.5103250497458,0.7226161306159787,0
7.769860465855427,14.951212774765967,16.69658239169228,17.643465736750013,1577.7064755061547,1.0626999574637173,0
36.452748773984545,120.64860847224864,150.64860847224864,90.59152294126889,1930.7965068424132,12.287514212782044,1
34.56308409139335,19.361738868587654,41.804186653226026,38.842619525075655,1498.9986137441736,0.13794794460856608,0
49.6523472691789,56.462178330306195,317.6309772956879,93.99649003880046,730.3246608193541,8.549191062587948,1
34.084732571612,2.87200666557902,19.387613885842462,30.309469513619984,559.8810865971718,0.9735232202969287,0
38.04516814318062,20.618159412122623,338.42765685640063,60.784489940508394,1217.6827361220144,45.20077684834027,1
13.102882936580547,36.12061353120309,48.05485563766496,29.542744012510262,716.0976213130147,4.972174504690461,0
23.750523275983483,0.4751853752415043,8.638048763195354,35.23630130348903,793.0111797680955,1.4349305838484099,0
31.703972493328955,15.48219679994698,79.79385537808706,35.36264802334691,1077.9686317867197,0.1743693890668536,0
52.85517950959213,15.0,212.64268181448764,70.89503281456876,1782.0780545696564,13.46932457574791,1
25.657945036559678,12.534213687424375,48.06683252600107,44.11907281443239,719.1548150325183,3.039213425010734,0
18.267637306619747,32.09707393997414,56.21618021982327,31.877982271513712,571.2257403523256,0.605900926157795,0
31.040281068162187,18.654455767547944,28.62687890279297,50.822816537695736,1007.6180182861325,1.1101652268423405,0
47.79597470538315,18.708024109895888,49.953169791838285,67.49916509521638,1118.8688890964177,4.316346906121505,1
50.96725613443873,71.55500062079447,101.55500062079447,80.6566936245197,1705.888317043779,2.591977468503255,1
45.1534613050544,40.81315846181875,216.70991987310276,95.84895882487923,1507.9486612072649,16.195876689366592,1
46.646966440731255,48.190318957749135,78.19031895774913,88.6296632139463,1177.6765867626348,3.814090370697868,1
34.711575567159045,126.80396241892777,228.38103701337465,72.02187560395635,1281.7666031862145,10.823511345513026,1
51.185192697393205,26.90268777513339,413.8456820717163,79.83225689626151,798.3676234599368,44.62359437309193,1
21.58803104638267,12.56088080758711,72.30174503838744,28.306484474760623,200.0,5.017606426500975,0
37.94055074109579,12.025606020186167,44.48627833893593,25.042040640427608,694.826555397815,0.18895461377154862,0
10.45994534764707,3.218442795889542,89.60313537425485,7.979851057437449,1368.170493138848,1.3050510569857392,0
25.287135235180227,8.63781813719711,28.84979502825707,65.10962443884856,985.229696523215,2.5992644058221543,0
46.03162592173193,27.00419110313271,57.00419110313271,46.75554221476232,1226.3210858249704,30.02693560503093,1
23.29788280192304,14.78090721494154,49.75746691847999,57.53392885091897,1288.4162543754228,5.28434699709101,0
36.16534754154698,13.05098696660836,30.510530045025927,53.81974495059806,664.0003108833446,1.768158650088994,0
21.81667691984907,36.21312186473928,61.26656819971274,24.70002985532358,855.5844791612549,1.1671881128273092,0
36.18492902383198,270.8328154562878,426.54378218194836,78.63555731185399,1547.5338791432096,3.4107585350914613,1
12.61886757510148,13.988291926949973,15.412434243410605,61.07724755806966,820.3841619985096,0.24700511832896577,0
45.21255198153647,18.37171476604945,194.6430185746088,66.2227536476598,1226.3340832562778,60.0,1
50.778790764833666,43.924129268243675,113.01795264804632,98.64406183370741,1390.942467620119,18.653076429460985,1
21.296338219964312,5.498329712698615,45.30580781737796,40.27881829781339,711.7142476633423,2.7752768376788444,0
5.0,2.724252043238854,10.50790411092086,13.045694235792157,626.0669480143823,0.5971942023309851,0
18.119850042815884,19.16735119823675,35.28906686971659,37.89090808597525,884.1462960344147,6.0,0
13.000533591354031,32.55799027187734,66.37255816007973,44.43153402002253,559.6649143877114,1.2824324101534672,0
47.973815633077976,15.0,101.70135487526625,78.2885134623264,1820.7917527958148,7.463265996144195,1
42.011544973753836,26.732974656305057,56.73297465630506,70.17629730375047,913.4239180875165,50.92400479972377,1
48.55868522236093,102.70789617770232,187.96238139720145,59.30259456090781,842.3153038260882,19.874279459509616,1
23.591545837274705,7.914100915072325,30.53145751492471,30.895730345938,841.9550024665948,5.882517214898231,0
37.944311231631346,86.45182920266124,123.7715233237725,71.62741985596449,976.0638104125187,21.129739391670583,1
26.76559860100282,2.4278280607485763,3.2419286489455392,53.691822955076574,925.4912648694527,1.4871811386501055,0
42.94404728104338,15.0,115.30403008630154,69.07426673383095,1643.5411021778789,5.071571569735459,1
51.529958299862365,15.0,97.62355182143449,81.38385397048518,1903.6948654055543,10.312138685297317,1
13.98672873567978,2.292726224709748,28.827243386539266,34.52243884026276,583.3143353297128,0.21076968941846105,0
33.25464230532359,19.418267163879648,28.552295388785353,6.98632063361034,366.2287517358542,4.369254901950769,0
14.145221764912927,11.180663046556132,49.851373650046625,48.58484124769185,1439.22052122264,0.2230883983060138,0
30.033297641140628,2.0948883646045973,17.529485566118666,49.512489207148185,537.5880190278039,0.617797337357099,0
38.77158143219941,5.695111354640877,11.308758688470572,39.48284993175163,988.3475753755569,3.5100729407201223,0
15.159619963971222,6.732256217075486,21.804772996819366,33.82794254573961,683.8217730975132,3.733205635069267,0
40.570360306470576,113.04109830996214,143.04109830996214,92.95719847999167,1494.0821007631166,12.743890040188456,1
28.181616492429583,6.734797922857838,79.16923130990844,13.678030340579156,1162.1330451327703,0.6784232298924674,0
19.52734755975801,7.403546870299183,33.75152182694994,45.4218365233772,200.0,0.3807049949046367,0
17.61691719185165,21.110737112740587,103.81986927369587,23.33788124716025,1177.678131522039,0.4709633445479889,0
51.0240475814993,42.72258274708528,196.95831368252283,78.00754887792418,1385.6604758748829,37.672731757463296,1
10.862351415220063,32.41630964692843,50.59881548552006,29.198218767631534,843.6001321733672,6.0,0
11.696548474087693,8.895340827528912,11.10536345931384,14.456193662664296,200.0,0.5415589705281344,0
41.8294594944831,25.334051771259922,94.01423022682211,81.55787389486152,1451.4467605270684,7.739647730560121,1
47.02868046622108,106.37949501491262,146.57807154202692,89.53303644196005,1167.3363589620333,30.063264366839782,1
25.252521155135636,16.331288501176108,25.79357218406077,16.650897774397944,752.1613637148916,1.3978521465592415,0
57.68112126130733,31.698610364778943,140.73278374408324,82.23297009028691,1470.4909513191674,19.23155563135916,1
49.83218985708356,72.02977985183584,102.02977985183584,65.45428812346499,2070.516069558721,8.738090635547481,1
20.147523214494612,9.871626772944163,33.77535633310383,30.82947431992738,791.7814470623855,3.441837084345212,0
24.021875621549455,24.10111575378303,116.47258211793547,69.47585317184449,965.690792277274,0.5419427609638667,0
23.872824702061916,27.795104023686967,33.696555677041786,31.955151635545885,849.5394002649832,1.640570614377165,0
29.57516195994973,5.630156744526829,155.63015674452683,8.324493193687687,1765.6223367337557,1.4609163657657833,0
5.0,1.2083385308006576,38.17832513171783,26.964248180830868,1053.1154852110303,5.190713865056869,0
20.776427002373744,3.4057701803539113,106.24444684521247,37.53428794607523,925.8053113577822,2.602919260625474,0
10.773494775366137,11.133262534870802,144.2917542846601,28.214834782514313,486.40534639425937,6.0,0
28.73001946220566,47.817001445251,77.81700144525101,78.57603511517762,962.1598763641335,7.420647519994413,1
14.39833834003743,10.819757119897478,42.06338014663794,38.810161671064236,711.8359346727472,0.31568660801433773,0
12.636593109415399,15.058798515672791,35.853416385059575,45.15546487400973,1675.5128279345713,0.5533132402287553,0
14.990534011466552,4.634063710974132,15.875215780345387,27.656295683021447,200.0,0.17154396076157935,0
21.891493663915682,4.951758348214321,15.660367051167707,34.80658334568476,260.1006223681211,2.4275204306586664,0
22.66627098312875,3.417562984066419,43.46483345424198,35.3959116108953,1270.1374871284631,0.38091825849073324,0
8.740690834241086,37.38907229807422,103.60135308322825,19.699988420477137,489.2238938348283,3.376765858137933,0
29.29117663010549,8.593578332048773,52.69515347954884,54.446696796161284,1760.5376973002217,1.7370357410254018,0
46.91853904686484,15.0,315.2815048196642,79.54282748963942,1556.6191918821778,7.928627993132723,1
26.261854775918113,14.815510497213896,15.540387725893066,6.308088536066066,1056.4124439407196,1.2579775696915072,0
